# MagicaVoxel @ Ephtracy

# group
o 

# material
mtllib pinchos.mtl
usemtl palette

# normals
vn -1 0 0
vn 1 0 0
vn 0 0 1
vn 0 0 -1
vn 0 -1 0
vn 0 1 0

# texcoords
vt 0.958984 0.5
vt 0.962891 0.5
vt 0.966797 0.5

# verts
v -1.1 1.5 1.1
v -1.1 1.5 0.9
v -1.1 1.5 0.8
v -1.1 1.5 0.5
v -1.1 1.5 0.4
v -1.1 1.5 0.2
v -1.1 1.5 -0.2
v -1.1 1.5 -0.4
v -1.1 1.5 -0.5
v -1.1 1.5 -0.8
v -1.1 1.5 -0.9
v -1.1 1.5 -1.1
v -1.1 1.6 0.6
v -1.1 1.6 0.5
v -1.1 1.6 0.3
v -1.1 1.6 0.2
v -1.1 1.6 -0.2
v -1.1 1.6 -0.3
v -1.1 1.6 -0.5
v -1.1 1.6 -0.6
v -1.1 1.7 1.1
v -1.1 1.7 1
v -1.1 1.7 0.8
v -1.1 1.7 0.7
v -1.1 1.7 0.4
v -1.1 1.7 0.3
v -1.1 1.7 -0.3
v -1.1 1.7 -0.4
v -1.1 1.7 -0.7
v -1.1 1.7 -0.8
v -1.1 1.7 -1
v -1.1 1.7 -1.1
v -1.1 2 1
v -1.1 2 0.9
v -1.1 2 0.7
v -1.1 2 0.6
v -1.1 2 -0.6
v -1.1 2 -0.7
v -1.1 2 -0.9
v -1.1 2 -1
v -1 1.6 0.6
v -1 1.6 0.5
v -1 1.6 0.3
v -1 1.6 0.2
v -1 1.6 -0.2
v -1 1.6 -0.3
v -1 1.6 -0.5
v -1 1.6 -0.6
v -1 1.7 1.1
v -1 1.7 1
v -1 1.7 0.8
v -1 1.7 0.7
v -1 1.7 0.4
v -1 1.7 0.3
v -1 1.7 -0.3
v -1 1.7 -0.4
v -1 1.7 -0.7
v -1 1.7 -0.8
v -1 1.7 -1
v -1 1.7 -1.1
v -1 1.8 1.1
v -1 1.8 1
v -1 1.8 0.8
v -1 1.8 0.7
v -1 1.8 0.3
v -1 1.8 0.2
v -1 1.8 -0.2
v -1 1.8 -0.3
v -1 1.8 -0.7
v -1 1.8 -0.8
v -1 1.8 -1
v -1 1.8 -1.1
v -1 1.9 0.6
v -1 1.9 0.5
v -1 1.9 0.4
v -1 1.9 0.3
v -1 1.9 -0.3
v -1 1.9 -0.4
v -1 1.9 -0.5
v -1 1.9 -0.6
v -1 2 1
v -1 2 0.9
v -1 2 0.7
v -1 2 0.6
v -1 2 0.4
v -1 2 0.3
v -1 2 -0.3
v -1 2 -0.4
v -1 2 -0.6
v -1 2 -0.7
v -1 2 -0.9
v -1 2 -1
v -1 2.1 1
v -1 2.1 0.9
v -1 2.1 0.7
v -1 2.1 0.6
v -1 2.1 0.4
v -1 2.1 0.3
v -1 2.1 -0.3
v -1 2.1 -0.4
v -1 2.1 -0.6
v -1 2.1 -0.7
v -1 2.1 -0.9
v -1 2.1 -1
v -1 2.2 1
v -1 2.2 0.9
v -1 2.2 -0.9
v -1 2.2 -1
v -1 2.3 0.7
v -1 2.3 0.6
v -1 2.3 -0.6
v -1 2.3 -0.7
v -0.8 1.5 1.1
v -0.8 1.5 1
v -0.8 1.5 0.9
v -0.8 1.5 0.8
v -0.8 1.5 0.5
v -0.8 1.5 0.4
v -0.8 1.5 0.3
v -0.8 1.5 0.2
v -0.8 1.5 -0.2
v -0.8 1.5 -0.3
v -0.8 1.5 -0.4
v -0.8 1.5 -0.5
v -0.8 1.5 -0.8
v -0.8 1.5 -0.9
v -0.8 1.5 -1
v -0.8 1.5 -1.1
v -0.8 1.7 1.1
v -0.8 1.7 1
v -0.8 1.7 0.3
v -0.8 1.7 0.2
v -0.8 1.7 -0.2
v -0.8 1.7 -0.3
v -0.8 1.7 -1
v -0.8 1.7 -1.1
v -0.8 1.8 0.8
v -0.8 1.8 0.7
v -0.8 1.8 0.6
v -0.8 1.8 0.5
v -0.8 1.8 -0.5
v -0.8 1.8 -0.6
v -0.8 1.8 -0.7
v -0.8 1.8 -0.8
v -0.8 1.9 0.4
v -0.8 1.9 0.3
v -0.8 1.9 -0.3
v -0.8 1.9 -0.4
v -0.8 2 1
v -0.8 2 0.9
v -0.8 2 -0.9
v -0.8 2 -1
v -0.8 2.1 0.7
v -0.8 2.1 0.6
v -0.8 2.1 -0.6
v -0.8 2.1 -0.7
v -0.7 1.7 1.1
v -0.7 1.7 1
v -0.7 1.7 0.3
v -0.7 1.7 0.2
v -0.7 1.7 -0.2
v -0.7 1.7 -0.3
v -0.7 1.7 -1
v -0.7 1.7 -1.1
v -0.7 1.8 0.8
v -0.7 1.8 0.7
v -0.7 1.8 0.6
v -0.7 1.8 0.5
v -0.7 1.8 -0.5
v -0.7 1.8 -0.6
v -0.7 1.8 -0.7
v -0.7 1.8 -0.8
v -0.7 1.9 1.1
v -0.7 1.9 1
v -0.7 1.9 0.4
v -0.7 1.9 0.3
v -0.7 1.9 -0.3
v -0.7 1.9 -0.4
v -0.7 1.9 -1
v -0.7 1.9 -1.1
v -0.7 2 1
v -0.7 2 0.9
v -0.7 2 0.6
v -0.7 2 0.5
v -0.7 2 -0.5
v -0.7 2 -0.6
v -0.7 2 -0.9
v -0.7 2 -1
v -0.7 2.1 1
v -0.7 2.1 0.9
v -0.7 2.1 0.8
v -0.7 2.1 0.7
v -0.7 2.1 0.6
v -0.7 2.1 0.4
v -0.7 2.1 0.3
v -0.7 2.1 0.2
v -0.7 2.1 -0.2
v -0.7 2.1 -0.3
v -0.7 2.1 -0.4
v -0.7 2.1 -0.6
v -0.7 2.1 -0.7
v -0.7 2.1 -0.8
v -0.7 2.1 -0.9
v -0.7 2.1 -1
v -0.7 2.3 1
v -0.7 2.3 0.9
v -0.7 2.3 0.7
v -0.7 2.3 0.6
v -0.7 2.3 0.4
v -0.7 2.3 0.3
v -0.7 2.3 -0.3
v -0.7 2.3 -0.4
v -0.7 2.3 -0.6
v -0.7 2.3 -0.7
v -0.7 2.3 -0.9
v -0.7 2.3 -1
v -0.4 1.5 1.1
v -0.4 1.5 0.9
v -0.4 1.5 0.8
v -0.4 1.5 0.5
v -0.4 1.5 0.4
v -0.4 1.5 0.3
v -0.4 1.5 0.2
v -0.4 1.5 -0.2
v -0.4 1.5 -0.3
v -0.4 1.5 -0.4
v -0.4 1.5 -0.5
v -0.4 1.5 -0.8
v -0.4 1.5 -0.9
v -0.4 1.5 -1.1
v -0.4 1.8 1.1
v -0.4 1.8 1
v -0.4 1.8 -1
v -0.4 1.8 -1.1
v -0.4 1.9 0.8
v -0.4 1.9 0.7
v -0.4 1.9 0.6
v -0.4 1.9 0.5
v -0.4 1.9 0.3
v -0.4 1.9 0.2
v -0.4 1.9 -0.2
v -0.4 1.9 -0.3
v -0.4 1.9 -0.5
v -0.4 1.9 -0.6
v -0.4 1.9 -0.7
v -0.4 1.9 -0.8
v -0.4 2 1
v -0.4 2 0.9
v -0.4 2 0.7
v -0.4 2 0.6
v -0.4 2 0.5
v -0.4 2 0.4
v -0.4 2 0.3
v -0.4 2 -0.3
v -0.4 2 -0.4
v -0.4 2 -0.5
v -0.4 2 -0.6
v -0.4 2 -0.7
v -0.4 2 -0.9
v -0.4 2 -1
v -0.4 2.1 1
v -0.4 2.1 0.9
v -0.4 2.1 0.7
v -0.4 2.1 0.6
v -0.4 2.1 0.4
v -0.4 2.1 0.3
v -0.4 2.1 -0.3
v -0.4 2.1 -0.4
v -0.4 2.1 -0.6
v -0.4 2.1 -0.7
v -0.4 2.1 -0.9
v -0.4 2.1 -1
v -0.4 2.2 1
v -0.4 2.2 0.9
v -0.4 2.2 0.4
v -0.4 2.2 0.3
v -0.4 2.2 -0.3
v -0.4 2.2 -0.4
v -0.4 2.2 -0.9
v -0.4 2.2 -1
v -0.4 2.3 0.7
v -0.4 2.3 0.6
v -0.4 2.3 -0.6
v -0.4 2.3 -0.7
v 0.2 1.5 1.1
v 0.2 1.5 0.9
v 0.2 1.5 0.8
v 0.2 1.5 0.6
v 0.2 1.5 0.5
v 0.2 1.5 0.4
v 0.2 1.5 0.2
v 0.2 1.5 -0.2
v 0.2 1.5 -0.4
v 0.2 1.5 -0.5
v 0.2 1.5 -0.6
v 0.2 1.5 -0.8
v 0.2 1.5 -0.9
v 0.2 1.5 -1.1
v 0.2 1.7 1.1
v 0.2 1.7 1
v 0.2 1.7 0.8
v 0.2 1.7 0.7
v 0.2 1.7 0.6
v 0.2 1.7 0.5
v 0.2 1.7 0.3
v 0.2 1.7 0.2
v 0.2 1.7 -0.2
v 0.2 1.7 -0.3
v 0.2 1.7 -0.5
v 0.2 1.7 -0.6
v 0.2 1.7 -0.7
v 0.2 1.7 -0.8
v 0.2 1.7 -1
v 0.2 1.7 -1.1
v 0.2 1.8 0.4
v 0.2 1.8 0.3
v 0.2 1.8 -0.3
v 0.2 1.8 -0.4
v 0.2 1.9 1
v 0.2 1.9 0.9
v 0.2 1.9 -0.9
v 0.2 1.9 -1
v 0.2 2 0.7
v 0.2 2 0.6
v 0.2 2 -0.6
v 0.2 2 -0.7
v 0.3 1.7 1.1
v 0.3 1.7 1
v 0.3 1.7 0.8
v 0.3 1.7 0.7
v 0.3 1.7 0.6
v 0.3 1.7 0.5
v 0.3 1.7 0.3
v 0.3 1.7 0.2
v 0.3 1.7 -0.2
v 0.3 1.7 -0.3
v 0.3 1.7 -0.5
v 0.3 1.7 -0.6
v 0.3 1.7 -0.7
v 0.3 1.7 -0.8
v 0.3 1.7 -1
v 0.3 1.7 -1.1
v 0.3 1.8 1.1
v 0.3 1.8 1
v 0.3 1.8 0.4
v 0.3 1.8 0.3
v 0.3 1.8 -0.3
v 0.3 1.8 -0.4
v 0.3 1.8 -1
v 0.3 1.8 -1.1
v 0.3 1.9 1
v 0.3 1.9 0.9
v 0.3 1.9 0.8
v 0.3 1.9 0.7
v 0.3 1.9 0.6
v 0.3 1.9 0.5
v 0.3 1.9 0.3
v 0.3 1.9 0.2
v 0.3 1.9 -0.2
v 0.3 1.9 -0.3
v 0.3 1.9 -0.5
v 0.3 1.9 -0.6
v 0.3 1.9 -0.7
v 0.3 1.9 -0.8
v 0.3 1.9 -0.9
v 0.3 1.9 -1
v 0.3 2 1
v 0.3 2 0.9
v 0.3 2 0.7
v 0.3 2 0.6
v 0.3 2 0.5
v 0.3 2 0.4
v 0.3 2 0.3
v 0.3 2 -0.3
v 0.3 2 -0.4
v 0.3 2 -0.5
v 0.3 2 -0.6
v 0.3 2 -0.7
v 0.3 2 -0.9
v 0.3 2 -1
v 0.3 2.1 1
v 0.3 2.1 0.9
v 0.3 2.1 0.7
v 0.3 2.1 0.6
v 0.3 2.1 0.4
v 0.3 2.1 0.3
v 0.3 2.1 -0.3
v 0.3 2.1 -0.4
v 0.3 2.1 -0.6
v 0.3 2.1 -0.7
v 0.3 2.1 -0.9
v 0.3 2.1 -1
v 0.3 2.2 1
v 0.3 2.2 0.9
v 0.3 2.2 0.4
v 0.3 2.2 0.3
v 0.3 2.2 -0.3
v 0.3 2.2 -0.4
v 0.3 2.2 -0.9
v 0.3 2.2 -1
v 0.3 2.3 0.7
v 0.3 2.3 0.6
v 0.3 2.3 -0.6
v 0.3 2.3 -0.7
v 0.5 1.5 1.1
v 0.5 1.5 1
v 0.5 1.5 0.9
v 0.5 1.5 0.8
v 0.5 1.5 0.5
v 0.5 1.5 0.4
v 0.5 1.5 0.2
v 0.5 1.5 -0.2
v 0.5 1.5 -0.4
v 0.5 1.5 -0.5
v 0.5 1.5 -0.8
v 0.5 1.5 -0.9
v 0.5 1.5 -1
v 0.5 1.5 -1.1
v 0.5 1.6 1.1
v 0.5 1.6 1
v 0.5 1.6 0.8
v 0.5 1.6 0.7
v 0.5 1.6 0.4
v 0.5 1.6 0.3
v 0.5 1.6 -0.3
v 0.5 1.6 -0.4
v 0.5 1.6 -0.7
v 0.5 1.6 -0.8
v 0.5 1.6 -1
v 0.5 1.6 -1.1
v 0.5 1.7 1
v 0.5 1.7 0.9
v 0.5 1.7 0.6
v 0.5 1.7 0.5
v 0.5 1.7 -0.5
v 0.5 1.7 -0.6
v 0.5 1.7 -0.9
v 0.5 1.7 -1
v 0.5 1.8 0.7
v 0.5 1.8 0.6
v 0.5 1.8 0.3
v 0.5 1.8 0.2
v 0.5 1.8 -0.2
v 0.5 1.8 -0.3
v 0.5 1.8 -0.6
v 0.5 1.8 -0.7
v 0.5 2 0.4
v 0.5 2 0.3
v 0.5 2 -0.3
v 0.5 2 -0.4
v 0.6 1.6 1.1
v 0.6 1.6 1
v 0.6 1.6 0.8
v 0.6 1.6 0.7
v 0.6 1.6 -0.7
v 0.6 1.6 -0.8
v 0.6 1.6 -1
v 0.6 1.6 -1.1
v 0.6 1.7 1
v 0.6 1.7 0.9
v 0.6 1.7 0.6
v 0.6 1.7 0.5
v 0.6 1.7 -0.5
v 0.6 1.7 -0.6
v 0.6 1.7 -0.9
v 0.6 1.7 -1
v 0.6 1.8 0.8
v 0.6 1.8 0.7
v 0.6 1.8 0.6
v 0.6 1.8 0.5
v 0.6 1.8 0.3
v 0.6 1.8 0.2
v 0.6 1.8 -0.2
v 0.6 1.8 -0.3
v 0.6 1.8 -0.5
v 0.6 1.8 -0.6
v 0.6 1.8 -0.7
v 0.6 1.8 -0.8
v 0.6 1.9 1.1
v 0.6 1.9 1
v 0.6 1.9 -1
v 0.6 1.9 -1.1
v 0.6 2 0.6
v 0.6 2 0.5
v 0.6 2 0.4
v 0.6 2 0.3
v 0.6 2 -0.3
v 0.6 2 -0.4
v 0.6 2 -0.5
v 0.6 2 -0.6
v 0.6 2.1 1
v 0.6 2.1 0.9
v 0.6 2.1 0.8
v 0.6 2.1 0.7
v 0.6 2.1 0.6
v 0.6 2.1 0.4
v 0.6 2.1 0.3
v 0.6 2.1 0.2
v 0.6 2.1 -0.2
v 0.6 2.1 -0.3
v 0.6 2.1 -0.4
v 0.6 2.1 -0.6
v 0.6 2.1 -0.7
v 0.6 2.1 -0.8
v 0.6 2.1 -0.9
v 0.6 2.1 -1
v 0.6 2.3 1
v 0.6 2.3 0.9
v 0.6 2.3 0.7
v 0.6 2.3 0.6
v 0.6 2.3 0.4
v 0.6 2.3 0.3
v 0.6 2.3 -0.3
v 0.6 2.3 -0.4
v 0.6 2.3 -0.6
v 0.6 2.3 -0.7
v 0.6 2.3 -0.9
v 0.6 2.3 -1
v 0.9 1.5 1.1
v 0.9 1.5 1
v 0.9 1.5 0.9
v 0.9 1.5 0.8
v 0.9 1.5 0.5
v 0.9 1.5 0.4
v 0.9 1.5 0.3
v 0.9 1.5 0.2
v 0.9 1.5 -0.2
v 0.9 1.5 -0.3
v 0.9 1.5 -0.4
v 0.9 1.5 -0.5
v 0.9 1.5 -0.8
v 0.9 1.5 -0.9
v 0.9 1.5 -1
v 0.9 1.5 -1.1
v 0.9 1.8 1.1
v 0.9 1.8 1
v 0.9 1.8 0.8
v 0.9 1.8 0.7
v 0.9 1.8 0.3
v 0.9 1.8 0.2
v 0.9 1.8 -0.2
v 0.9 1.8 -0.3
v 0.9 1.8 -0.7
v 0.9 1.8 -0.8
v 0.9 1.8 -1
v 0.9 1.8 -1.1
v 0.9 1.9 0.7
v 0.9 1.9 0.6
v 0.9 1.9 0.5
v 0.9 1.9 0.4
v 0.9 1.9 0.3
v 0.9 1.9 -0.3
v 0.9 1.9 -0.4
v 0.9 1.9 -0.5
v 0.9 1.9 -0.6
v 0.9 1.9 -0.7
v 0.9 2 1
v 0.9 2 0.9
v 0.9 2 0.4
v 0.9 2 0.3
v 0.9 2 -0.3
v 0.9 2 -0.4
v 0.9 2 -0.9
v 0.9 2 -1
v 0.9 2.1 1
v 0.9 2.1 0.9
v 0.9 2.1 0.7
v 0.9 2.1 0.6
v 0.9 2.1 0.4
v 0.9 2.1 0.3
v 0.9 2.1 -0.3
v 0.9 2.1 -0.4
v 0.9 2.1 -0.6
v 0.9 2.1 -0.7
v 0.9 2.1 -0.9
v 0.9 2.1 -1
v 0.9 2.2 1
v 0.9 2.2 0.9
v 0.9 2.2 -0.9
v 0.9 2.2 -1
v 0.9 2.3 0.7
v 0.9 2.3 0.6
v 0.9 2.3 -0.6
v 0.9 2.3 -0.7
v -0.9 1.5 1.1
v -0.9 1.5 1
v -0.9 1.5 0.9
v -0.9 1.5 0.8
v -0.9 1.5 0.5
v -0.9 1.5 0.4
v -0.9 1.5 0.3
v -0.9 1.5 0.2
v -0.9 1.5 -0.2
v -0.9 1.5 -0.3
v -0.9 1.5 -0.4
v -0.9 1.5 -0.5
v -0.9 1.5 -0.8
v -0.9 1.5 -0.9
v -0.9 1.5 -1
v -0.9 1.5 -1.1
v -0.9 1.8 1.1
v -0.9 1.8 1
v -0.9 1.8 0.8
v -0.9 1.8 0.7
v -0.9 1.8 0.3
v -0.9 1.8 0.2
v -0.9 1.8 -0.2
v -0.9 1.8 -0.3
v -0.9 1.8 -0.7
v -0.9 1.8 -0.8
v -0.9 1.8 -1
v -0.9 1.8 -1.1
v -0.9 1.9 0.7
v -0.9 1.9 0.6
v -0.9 1.9 0.5
v -0.9 1.9 0.4
v -0.9 1.9 0.3
v -0.9 1.9 -0.3
v -0.9 1.9 -0.4
v -0.9 1.9 -0.5
v -0.9 1.9 -0.6
v -0.9 1.9 -0.7
v -0.9 2 1
v -0.9 2 0.9
v -0.9 2 0.4
v -0.9 2 0.3
v -0.9 2 -0.3
v -0.9 2 -0.4
v -0.9 2 -0.9
v -0.9 2 -1
v -0.9 2.1 1
v -0.9 2.1 0.9
v -0.9 2.1 0.7
v -0.9 2.1 0.6
v -0.9 2.1 0.4
v -0.9 2.1 0.3
v -0.9 2.1 -0.3
v -0.9 2.1 -0.4
v -0.9 2.1 -0.6
v -0.9 2.1 -0.7
v -0.9 2.1 -0.9
v -0.9 2.1 -1
v -0.9 2.2 1
v -0.9 2.2 0.9
v -0.9 2.2 -0.9
v -0.9 2.2 -1
v -0.9 2.3 0.7
v -0.9 2.3 0.6
v -0.9 2.3 -0.6
v -0.9 2.3 -0.7
v -0.6 1.6 1.1
v -0.6 1.6 1
v -0.6 1.6 0.8
v -0.6 1.6 0.7
v -0.6 1.6 -0.7
v -0.6 1.6 -0.8
v -0.6 1.6 -1
v -0.6 1.6 -1.1
v -0.6 1.7 1
v -0.6 1.7 0.9
v -0.6 1.7 0.6
v -0.6 1.7 0.5
v -0.6 1.7 -0.5
v -0.6 1.7 -0.6
v -0.6 1.7 -0.9
v -0.6 1.7 -1
v -0.6 1.8 0.8
v -0.6 1.8 0.7
v -0.6 1.8 0.6
v -0.6 1.8 0.5
v -0.6 1.8 0.3
v -0.6 1.8 0.2
v -0.6 1.8 -0.2
v -0.6 1.8 -0.3
v -0.6 1.8 -0.5
v -0.6 1.8 -0.6
v -0.6 1.8 -0.7
v -0.6 1.8 -0.8
v -0.6 1.9 1.1
v -0.6 1.9 1
v -0.6 1.9 -1
v -0.6 1.9 -1.1
v -0.6 2 0.6
v -0.6 2 0.5
v -0.6 2 0.4
v -0.6 2 0.3
v -0.6 2 -0.3
v -0.6 2 -0.4
v -0.6 2 -0.5
v -0.6 2 -0.6
v -0.6 2.1 1
v -0.6 2.1 0.9
v -0.6 2.1 0.8
v -0.6 2.1 0.7
v -0.6 2.1 0.6
v -0.6 2.1 0.4
v -0.6 2.1 0.3
v -0.6 2.1 0.2
v -0.6 2.1 -0.2
v -0.6 2.1 -0.3
v -0.6 2.1 -0.4
v -0.6 2.1 -0.6
v -0.6 2.1 -0.7
v -0.6 2.1 -0.8
v -0.6 2.1 -0.9
v -0.6 2.1 -1
v -0.6 2.3 1
v -0.6 2.3 0.9
v -0.6 2.3 0.7
v -0.6 2.3 0.6
v -0.6 2.3 0.4
v -0.6 2.3 0.3
v -0.6 2.3 -0.3
v -0.6 2.3 -0.4
v -0.6 2.3 -0.6
v -0.6 2.3 -0.7
v -0.6 2.3 -0.9
v -0.6 2.3 -1
v -0.5 1.5 1.1
v -0.5 1.5 1
v -0.5 1.5 0.9
v -0.5 1.5 0.8
v -0.5 1.5 0.5
v -0.5 1.5 0.4
v -0.5 1.5 0.2
v -0.5 1.5 -0.2
v -0.5 1.5 -0.4
v -0.5 1.5 -0.5
v -0.5 1.5 -0.8
v -0.5 1.5 -0.9
v -0.5 1.5 -1
v -0.5 1.5 -1.1
v -0.5 1.6 1.1
v -0.5 1.6 1
v -0.5 1.6 0.8
v -0.5 1.6 0.7
v -0.5 1.6 0.4
v -0.5 1.6 0.3
v -0.5 1.6 -0.3
v -0.5 1.6 -0.4
v -0.5 1.6 -0.7
v -0.5 1.6 -0.8
v -0.5 1.6 -1
v -0.5 1.6 -1.1
v -0.5 1.7 1
v -0.5 1.7 0.9
v -0.5 1.7 0.6
v -0.5 1.7 0.5
v -0.5 1.7 -0.5
v -0.5 1.7 -0.6
v -0.5 1.7 -0.9
v -0.5 1.7 -1
v -0.5 1.8 0.7
v -0.5 1.8 0.6
v -0.5 1.8 0.3
v -0.5 1.8 0.2
v -0.5 1.8 -0.2
v -0.5 1.8 -0.3
v -0.5 1.8 -0.6
v -0.5 1.8 -0.7
v -0.5 2 0.4
v -0.5 2 0.3
v -0.5 2 -0.3
v -0.5 2 -0.4
v -0.3 1.7 1.1
v -0.3 1.7 1
v -0.3 1.7 0.8
v -0.3 1.7 0.7
v -0.3 1.7 0.6
v -0.3 1.7 0.5
v -0.3 1.7 0.3
v -0.3 1.7 0.2
v -0.3 1.7 -0.2
v -0.3 1.7 -0.3
v -0.3 1.7 -0.5
v -0.3 1.7 -0.6
v -0.3 1.7 -0.7
v -0.3 1.7 -0.8
v -0.3 1.7 -1
v -0.3 1.7 -1.1
v -0.3 1.8 1.1
v -0.3 1.8 1
v -0.3 1.8 0.4
v -0.3 1.8 0.3
v -0.3 1.8 -0.3
v -0.3 1.8 -0.4
v -0.3 1.8 -1
v -0.3 1.8 -1.1
v -0.3 1.9 1
v -0.3 1.9 0.9
v -0.3 1.9 0.8
v -0.3 1.9 0.7
v -0.3 1.9 0.6
v -0.3 1.9 0.5
v -0.3 1.9 0.3
v -0.3 1.9 0.2
v -0.3 1.9 -0.2
v -0.3 1.9 -0.3
v -0.3 1.9 -0.5
v -0.3 1.9 -0.6
v -0.3 1.9 -0.7
v -0.3 1.9 -0.8
v -0.3 1.9 -0.9
v -0.3 1.9 -1
v -0.3 2 1
v -0.3 2 0.9
v -0.3 2 0.7
v -0.3 2 0.6
v -0.3 2 0.5
v -0.3 2 0.4
v -0.3 2 0.3
v -0.3 2 -0.3
v -0.3 2 -0.4
v -0.3 2 -0.5
v -0.3 2 -0.6
v -0.3 2 -0.7
v -0.3 2 -0.9
v -0.3 2 -1
v -0.3 2.1 1
v -0.3 2.1 0.9
v -0.3 2.1 0.7
v -0.3 2.1 0.6
v -0.3 2.1 0.4
v -0.3 2.1 0.3
v -0.3 2.1 -0.3
v -0.3 2.1 -0.4
v -0.3 2.1 -0.6
v -0.3 2.1 -0.7
v -0.3 2.1 -0.9
v -0.3 2.1 -1
v -0.3 2.2 1
v -0.3 2.2 0.9
v -0.3 2.2 0.4
v -0.3 2.2 0.3
v -0.3 2.2 -0.3
v -0.3 2.2 -0.4
v -0.3 2.2 -0.9
v -0.3 2.2 -1
v -0.3 2.3 0.7
v -0.3 2.3 0.6
v -0.3 2.3 -0.6
v -0.3 2.3 -0.7
v -0.2 1.5 1.1
v -0.2 1.5 0.9
v -0.2 1.5 0.8
v -0.2 1.5 0.6
v -0.2 1.5 0.5
v -0.2 1.5 0.4
v -0.2 1.5 0.2
v -0.2 1.5 -0.2
v -0.2 1.5 -0.4
v -0.2 1.5 -0.5
v -0.2 1.5 -0.6
v -0.2 1.5 -0.8
v -0.2 1.5 -0.9
v -0.2 1.5 -1.1
v -0.2 1.7 1.1
v -0.2 1.7 1
v -0.2 1.7 0.8
v -0.2 1.7 0.7
v -0.2 1.7 0.6
v -0.2 1.7 0.5
v -0.2 1.7 0.3
v -0.2 1.7 0.2
v -0.2 1.7 -0.2
v -0.2 1.7 -0.3
v -0.2 1.7 -0.5
v -0.2 1.7 -0.6
v -0.2 1.7 -0.7
v -0.2 1.7 -0.8
v -0.2 1.7 -1
v -0.2 1.7 -1.1
v -0.2 1.8 0.4
v -0.2 1.8 0.3
v -0.2 1.8 -0.3
v -0.2 1.8 -0.4
v -0.2 1.9 1
v -0.2 1.9 0.9
v -0.2 1.9 -0.9
v -0.2 1.9 -1
v -0.2 2 0.7
v -0.2 2 0.6
v -0.2 2 -0.6
v -0.2 2 -0.7
v 0.4 1.5 1.1
v 0.4 1.5 0.9
v 0.4 1.5 0.8
v 0.4 1.5 0.5
v 0.4 1.5 0.4
v 0.4 1.5 0.3
v 0.4 1.5 0.2
v 0.4 1.5 -0.2
v 0.4 1.5 -0.3
v 0.4 1.5 -0.4
v 0.4 1.5 -0.5
v 0.4 1.5 -0.8
v 0.4 1.5 -0.9
v 0.4 1.5 -1.1
v 0.4 1.8 1.1
v 0.4 1.8 1
v 0.4 1.8 -1
v 0.4 1.8 -1.1
v 0.4 1.9 0.8
v 0.4 1.9 0.7
v 0.4 1.9 0.6
v 0.4 1.9 0.5
v 0.4 1.9 0.3
v 0.4 1.9 0.2
v 0.4 1.9 -0.2
v 0.4 1.9 -0.3
v 0.4 1.9 -0.5
v 0.4 1.9 -0.6
v 0.4 1.9 -0.7
v 0.4 1.9 -0.8
v 0.4 2 1
v 0.4 2 0.9
v 0.4 2 0.7
v 0.4 2 0.6
v 0.4 2 0.5
v 0.4 2 0.4
v 0.4 2 0.3
v 0.4 2 -0.3
v 0.4 2 -0.4
v 0.4 2 -0.5
v 0.4 2 -0.6
v 0.4 2 -0.7
v 0.4 2 -0.9
v 0.4 2 -1
v 0.4 2.1 1
v 0.4 2.1 0.9
v 0.4 2.1 0.7
v 0.4 2.1 0.6
v 0.4 2.1 0.4
v 0.4 2.1 0.3
v 0.4 2.1 -0.3
v 0.4 2.1 -0.4
v 0.4 2.1 -0.6
v 0.4 2.1 -0.7
v 0.4 2.1 -0.9
v 0.4 2.1 -1
v 0.4 2.2 1
v 0.4 2.2 0.9
v 0.4 2.2 0.4
v 0.4 2.2 0.3
v 0.4 2.2 -0.3
v 0.4 2.2 -0.4
v 0.4 2.2 -0.9
v 0.4 2.2 -1
v 0.4 2.3 0.7
v 0.4 2.3 0.6
v 0.4 2.3 -0.6
v 0.4 2.3 -0.7
v 0.7 1.7 1.1
v 0.7 1.7 1
v 0.7 1.7 0.3
v 0.7 1.7 0.2
v 0.7 1.7 -0.2
v 0.7 1.7 -0.3
v 0.7 1.7 -1
v 0.7 1.7 -1.1
v 0.7 1.8 0.8
v 0.7 1.8 0.7
v 0.7 1.8 0.6
v 0.7 1.8 0.5
v 0.7 1.8 -0.5
v 0.7 1.8 -0.6
v 0.7 1.8 -0.7
v 0.7 1.8 -0.8
v 0.7 1.9 1.1
v 0.7 1.9 1
v 0.7 1.9 0.4
v 0.7 1.9 0.3
v 0.7 1.9 -0.3
v 0.7 1.9 -0.4
v 0.7 1.9 -1
v 0.7 1.9 -1.1
v 0.7 2 1
v 0.7 2 0.9
v 0.7 2 0.6
v 0.7 2 0.5
v 0.7 2 -0.5
v 0.7 2 -0.6
v 0.7 2 -0.9
v 0.7 2 -1
v 0.7 2.1 1
v 0.7 2.1 0.9
v 0.7 2.1 0.8
v 0.7 2.1 0.7
v 0.7 2.1 0.6
v 0.7 2.1 0.4
v 0.7 2.1 0.3
v 0.7 2.1 0.2
v 0.7 2.1 -0.2
v 0.7 2.1 -0.3
v 0.7 2.1 -0.4
v 0.7 2.1 -0.6
v 0.7 2.1 -0.7
v 0.7 2.1 -0.8
v 0.7 2.1 -0.9
v 0.7 2.1 -1
v 0.7 2.3 1
v 0.7 2.3 0.9
v 0.7 2.3 0.7
v 0.7 2.3 0.6
v 0.7 2.3 0.4
v 0.7 2.3 0.3
v 0.7 2.3 -0.3
v 0.7 2.3 -0.4
v 0.7 2.3 -0.6
v 0.7 2.3 -0.7
v 0.7 2.3 -0.9
v 0.7 2.3 -1
v 0.8 1.5 1.1
v 0.8 1.5 1
v 0.8 1.5 0.9
v 0.8 1.5 0.8
v 0.8 1.5 0.5
v 0.8 1.5 0.4
v 0.8 1.5 0.3
v 0.8 1.5 0.2
v 0.8 1.5 -0.2
v 0.8 1.5 -0.3
v 0.8 1.5 -0.4
v 0.8 1.5 -0.5
v 0.8 1.5 -0.8
v 0.8 1.5 -0.9
v 0.8 1.5 -1
v 0.8 1.5 -1.1
v 0.8 1.7 1.1
v 0.8 1.7 1
v 0.8 1.7 0.3
v 0.8 1.7 0.2
v 0.8 1.7 -0.2
v 0.8 1.7 -0.3
v 0.8 1.7 -1
v 0.8 1.7 -1.1
v 0.8 1.8 0.8
v 0.8 1.8 0.7
v 0.8 1.8 0.6
v 0.8 1.8 0.5
v 0.8 1.8 -0.5
v 0.8 1.8 -0.6
v 0.8 1.8 -0.7
v 0.8 1.8 -0.8
v 0.8 1.9 0.4
v 0.8 1.9 0.3
v 0.8 1.9 -0.3
v 0.8 1.9 -0.4
v 0.8 2 1
v 0.8 2 0.9
v 0.8 2 -0.9
v 0.8 2 -1
v 0.8 2.1 0.7
v 0.8 2.1 0.6
v 0.8 2.1 -0.6
v 0.8 2.1 -0.7
v 1 1.6 0.6
v 1 1.6 0.5
v 1 1.6 0.3
v 1 1.6 0.2
v 1 1.6 -0.2
v 1 1.6 -0.3
v 1 1.6 -0.5
v 1 1.6 -0.6
v 1 1.7 1.1
v 1 1.7 1
v 1 1.7 0.8
v 1 1.7 0.7
v 1 1.7 0.4
v 1 1.7 0.3
v 1 1.7 -0.3
v 1 1.7 -0.4
v 1 1.7 -0.7
v 1 1.7 -0.8
v 1 1.7 -1
v 1 1.7 -1.1
v 1 1.8 1.1
v 1 1.8 1
v 1 1.8 0.8
v 1 1.8 0.7
v 1 1.8 0.3
v 1 1.8 0.2
v 1 1.8 -0.2
v 1 1.8 -0.3
v 1 1.8 -0.7
v 1 1.8 -0.8
v 1 1.8 -1
v 1 1.8 -1.1
v 1 1.9 0.6
v 1 1.9 0.5
v 1 1.9 0.4
v 1 1.9 0.3
v 1 1.9 -0.3
v 1 1.9 -0.4
v 1 1.9 -0.5
v 1 1.9 -0.6
v 1 2 1
v 1 2 0.9
v 1 2 0.7
v 1 2 0.6
v 1 2 0.4
v 1 2 0.3
v 1 2 -0.3
v 1 2 -0.4
v 1 2 -0.6
v 1 2 -0.7
v 1 2 -0.9
v 1 2 -1
v 1 2.1 1
v 1 2.1 0.9
v 1 2.1 0.7
v 1 2.1 0.6
v 1 2.1 0.4
v 1 2.1 0.3
v 1 2.1 -0.3
v 1 2.1 -0.4
v 1 2.1 -0.6
v 1 2.1 -0.7
v 1 2.1 -0.9
v 1 2.1 -1
v 1 2.2 1
v 1 2.2 0.9
v 1 2.2 -0.9
v 1 2.2 -1
v 1 2.3 0.7
v 1 2.3 0.6
v 1 2.3 -0.6
v 1 2.3 -0.7
v 1.1 1.5 1.1
v 1.1 1.5 0.9
v 1.1 1.5 0.8
v 1.1 1.5 0.5
v 1.1 1.5 0.4
v 1.1 1.5 0.2
v 1.1 1.5 -0.2
v 1.1 1.5 -0.4
v 1.1 1.5 -0.5
v 1.1 1.5 -0.8
v 1.1 1.5 -0.9
v 1.1 1.5 -1.1
v 1.1 1.6 0.6
v 1.1 1.6 0.5
v 1.1 1.6 0.3
v 1.1 1.6 0.2
v 1.1 1.6 -0.2
v 1.1 1.6 -0.3
v 1.1 1.6 -0.5
v 1.1 1.6 -0.6
v 1.1 1.7 1.1
v 1.1 1.7 1
v 1.1 1.7 0.8
v 1.1 1.7 0.7
v 1.1 1.7 0.4
v 1.1 1.7 0.3
v 1.1 1.7 -0.3
v 1.1 1.7 -0.4
v 1.1 1.7 -0.7
v 1.1 1.7 -0.8
v 1.1 1.7 -1
v 1.1 1.7 -1.1
v 1.1 2 1
v 1.1 2 0.9
v 1.1 2 0.7
v 1.1 2 0.6
v 1.1 2 -0.6
v 1.1 2 -0.7
v 1.1 2 -0.9
v 1.1 2 -1
v -1.1 1.5 1.1
v -1.1 1.7 1.1
v -1 1.7 1.1
v -1 1.8 1.1
v -0.9 1.5 1.1
v -0.9 1.8 1.1
v -0.8 1.5 1.1
v -0.8 1.7 1.1
v -0.7 1.7 1.1
v -0.7 1.9 1.1
v -0.6 1.6 1.1
v -0.6 1.9 1.1
v -0.5 1.5 1.1
v -0.5 1.6 1.1
v -0.4 1.5 1.1
v -0.4 1.8 1.1
v -0.3 1.5 1.1
v -0.3 1.7 1.1
v -0.3 1.8 1.1
v -0.2 1.5 1.1
v -0.2 1.7 1.1
v 0.2 1.5 1.1
v 0.2 1.7 1.1
v 0.3 1.5 1.1
v 0.3 1.7 1.1
v 0.3 1.8 1.1
v 0.4 1.5 1.1
v 0.4 1.8 1.1
v 0.5 1.5 1.1
v 0.5 1.6 1.1
v 0.6 1.6 1.1
v 0.6 1.9 1.1
v 0.7 1.7 1.1
v 0.7 1.9 1.1
v 0.8 1.5 1.1
v 0.8 1.7 1.1
v 0.9 1.5 1.1
v 0.9 1.8 1.1
v 1 1.7 1.1
v 1 1.8 1.1
v 1.1 1.5 1.1
v 1.1 1.7 1.1
v -1.1 1.7 1
v -1.1 2 1
v -1 1.7 1
v -1 1.8 1
v -1 2 1
v -1 2.1 1
v -1 2.2 1
v -0.9 1.8 1
v -0.9 2 1
v -0.9 2.1 1
v -0.9 2.2 1
v -0.8 1.7 1
v -0.8 2 1
v -0.7 1.7 1
v -0.7 1.9 1
v -0.7 2 1
v -0.7 2.1 1
v -0.7 2.3 1
v -0.6 1.6 1
v -0.6 1.7 1
v -0.6 1.9 1
v -0.6 2.1 1
v -0.6 2.3 1
v -0.5 1.6 1
v -0.5 1.7 1
v -0.4 1.8 1
v -0.4 2 1
v -0.4 2.1 1
v -0.4 2.2 1
v -0.3 1.7 1
v -0.3 1.8 1
v -0.3 1.9 1
v -0.3 2 1
v -0.3 2.1 1
v -0.3 2.2 1
v -0.2 1.7 1
v -0.2 1.9 1
v 0.2 1.7 1
v 0.2 1.9 1
v 0.3 1.7 1
v 0.3 1.8 1
v 0.3 1.9 1
v 0.3 2 1
v 0.3 2.1 1
v 0.3 2.2 1
v 0.4 1.8 1
v 0.4 2 1
v 0.4 2.1 1
v 0.4 2.2 1
v 0.5 1.6 1
v 0.5 1.7 1
v 0.6 1.6 1
v 0.6 1.7 1
v 0.6 1.9 1
v 0.6 2.1 1
v 0.6 2.3 1
v 0.7 1.7 1
v 0.7 1.9 1
v 0.7 2 1
v 0.7 2.1 1
v 0.7 2.3 1
v 0.8 1.7 1
v 0.8 2 1
v 0.9 1.8 1
v 0.9 2 1
v 0.9 2.1 1
v 0.9 2.2 1
v 1 1.7 1
v 1 1.8 1
v 1 2 1
v 1 2.1 1
v 1 2.2 1
v 1.1 1.7 1
v 1.1 2 1
v -1.1 1.5 0.8
v -1.1 1.7 0.8
v -1 1.5 0.8
v -1 1.7 0.8
v -1 1.8 0.8
v -0.9 1.5 0.8
v -0.9 1.8 0.8
v -0.8 1.5 0.8
v -0.8 1.8 0.8
v -0.7 1.8 0.8
v -0.7 2.1 0.8
v -0.6 1.6 0.8
v -0.6 1.8 0.8
v -0.6 2.1 0.8
v -0.5 1.5 0.8
v -0.5 1.6 0.8
v -0.4 1.5 0.8
v -0.4 1.9 0.8
v -0.3 1.5 0.8
v -0.3 1.7 0.8
v -0.3 1.9 0.8
v -0.2 1.5 0.8
v -0.2 1.7 0.8
v 0.2 1.5 0.8
v 0.2 1.7 0.8
v 0.3 1.5 0.8
v 0.3 1.7 0.8
v 0.3 1.9 0.8
v 0.4 1.5 0.8
v 0.4 1.9 0.8
v 0.5 1.5 0.8
v 0.5 1.6 0.8
v 0.6 1.6 0.8
v 0.6 1.8 0.8
v 0.6 2.1 0.8
v 0.7 1.8 0.8
v 0.7 2.1 0.8
v 0.8 1.5 0.8
v 0.8 1.8 0.8
v 0.9 1.5 0.8
v 0.9 1.8 0.8
v 1 1.5 0.8
v 1 1.7 0.8
v 1 1.8 0.8
v 1.1 1.5 0.8
v 1.1 1.7 0.8
v -1.1 1.7 0.7
v -1.1 2 0.7
v -1 1.7 0.7
v -1 1.8 0.7
v -1 1.9 0.7
v -1 2 0.7
v -1 2.1 0.7
v -1 2.3 0.7
v -0.9 1.8 0.7
v -0.9 1.9 0.7
v -0.9 2.1 0.7
v -0.9 2.3 0.7
v -0.8 1.8 0.7
v -0.8 2.1 0.7
v -0.7 1.8 0.7
v -0.7 2.1 0.7
v -0.7 2.3 0.7
v -0.6 1.6 0.7
v -0.6 1.8 0.7
v -0.6 2.1 0.7
v -0.6 2.3 0.7
v -0.5 1.6 0.7
v -0.5 1.8 0.7
v -0.4 1.9 0.7
v -0.4 2 0.7
v -0.4 2.1 0.7
v -0.4 2.3 0.7
v -0.3 1.7 0.7
v -0.3 1.9 0.7
v -0.3 2 0.7
v -0.3 2.1 0.7
v -0.3 2.3 0.7
v -0.2 1.7 0.7
v -0.2 2 0.7
v 0.2 1.7 0.7
v 0.2 2 0.7
v 0.3 1.7 0.7
v 0.3 1.9 0.7
v 0.3 2 0.7
v 0.3 2.1 0.7
v 0.3 2.3 0.7
v 0.4 1.9 0.7
v 0.4 2 0.7
v 0.4 2.1 0.7
v 0.4 2.3 0.7
v 0.5 1.6 0.7
v 0.5 1.8 0.7
v 0.6 1.6 0.7
v 0.6 1.8 0.7
v 0.6 2.1 0.7
v 0.6 2.3 0.7
v 0.7 1.8 0.7
v 0.7 2.1 0.7
v 0.7 2.3 0.7
v 0.8 1.8 0.7
v 0.8 2.1 0.7
v 0.9 1.8 0.7
v 0.9 1.9 0.7
v 0.9 2.1 0.7
v 0.9 2.3 0.7
v 1 1.7 0.7
v 1 1.8 0.7
v 1 1.9 0.7
v 1 2 0.7
v 1 2.1 0.7
v 1 2.3 0.7
v 1.1 1.7 0.7
v 1.1 2 0.7
v -1.1 1.5 0.4
v -1.1 1.7 0.4
v -1 1.5 0.4
v -1 1.7 0.4
v -1 1.9 0.4
v -1 2 0.4
v -1 2.1 0.4
v -0.9 1.5 0.4
v -0.9 1.9 0.4
v -0.9 2 0.4
v -0.9 2.1 0.4
v -0.8 1.5 0.4
v -0.8 1.9 0.4
v -0.7 1.6 0.4
v -0.7 1.7 0.4
v -0.7 1.9 0.4
v -0.7 2.1 0.4
v -0.7 2.3 0.4
v -0.6 1.5 0.4
v -0.6 1.6 0.4
v -0.6 1.7 0.4
v -0.6 1.9 0.4
v -0.6 2 0.4
v -0.6 2.1 0.4
v -0.6 2.3 0.4
v -0.5 1.5 0.4
v -0.5 1.6 0.4
v -0.5 2 0.4
v -0.4 1.5 0.4
v -0.4 2 0.4
v -0.4 2.1 0.4
v -0.4 2.2 0.4
v -0.3 1.5 0.4
v -0.3 1.8 0.4
v -0.3 2 0.4
v -0.3 2.1 0.4
v -0.3 2.2 0.4
v -0.2 1.5 0.4
v -0.2 1.8 0.4
v 0.2 1.5 0.4
v 0.2 1.8 0.4
v 0.3 1.5 0.4
v 0.3 1.8 0.4
v 0.3 2 0.4
v 0.3 2.1 0.4
v 0.3 2.2 0.4
v 0.4 1.5 0.4
v 0.4 2 0.4
v 0.4 2.1 0.4
v 0.4 2.2 0.4
v 0.5 1.5 0.4
v 0.5 1.6 0.4
v 0.5 2 0.4
v 0.6 1.5 0.4
v 0.6 1.6 0.4
v 0.6 1.7 0.4
v 0.6 1.9 0.4
v 0.6 2 0.4
v 0.6 2.1 0.4
v 0.6 2.3 0.4
v 0.7 1.6 0.4
v 0.7 1.7 0.4
v 0.7 1.9 0.4
v 0.7 2.1 0.4
v 0.7 2.3 0.4
v 0.8 1.5 0.4
v 0.8 1.9 0.4
v 0.9 1.5 0.4
v 0.9 1.9 0.4
v 0.9 2 0.4
v 0.9 2.1 0.4
v 1 1.5 0.4
v 1 1.7 0.4
v 1 1.9 0.4
v 1 2 0.4
v 1 2.1 0.4
v 1.1 1.5 0.4
v 1.1 1.7 0.4
v -1.1 1.5 -0.2
v -1.1 1.6 -0.2
v -1 1.6 -0.2
v -1 1.8 -0.2
v -0.9 1.5 -0.2
v -0.9 1.8 -0.2
v -0.8 1.5 -0.2
v -0.8 1.7 -0.2
v -0.7 1.7 -0.2
v -0.7 2.1 -0.2
v -0.6 1.8 -0.2
v -0.6 2.1 -0.2
v -0.5 1.5 -0.2
v -0.5 1.8 -0.2
v -0.4 1.5 -0.2
v -0.4 1.9 -0.2
v -0.3 1.7 -0.2
v -0.3 1.9 -0.2
v -0.2 1.5 -0.2
v -0.2 1.7 -0.2
v 0.2 1.5 -0.2
v 0.2 1.7 -0.2
v 0.3 1.7 -0.2
v 0.3 1.9 -0.2
v 0.4 1.5 -0.2
v 0.4 1.9 -0.2
v 0.5 1.5 -0.2
v 0.5 1.8 -0.2
v 0.6 1.8 -0.2
v 0.6 2.1 -0.2
v 0.7 1.7 -0.2
v 0.7 2.1 -0.2
v 0.8 1.5 -0.2
v 0.8 1.7 -0.2
v 0.9 1.5 -0.2
v 0.9 1.8 -0.2
v 1 1.6 -0.2
v 1 1.8 -0.2
v 1.1 1.5 -0.2
v 1.1 1.6 -0.2
v -1.1 1.6 -0.3
v -1.1 1.7 -0.3
v -1 1.6 -0.3
v -1 1.7 -0.3
v -1 1.8 -0.3
v -1 1.9 -0.3
v -1 2 -0.3
v -1 2.1 -0.3
v -0.9 1.8 -0.3
v -0.9 1.9 -0.3
v -0.9 2 -0.3
v -0.9 2.1 -0.3
v -0.8 1.7 -0.3
v -0.8 1.9 -0.3
v -0.7 1.7 -0.3
v -0.7 1.9 -0.3
v -0.7 2.1 -0.3
v -0.7 2.3 -0.3
v -0.6 1.8 -0.3
v -0.6 2 -0.3
v -0.6 2.1 -0.3
v -0.6 2.3 -0.3
v -0.5 1.8 -0.3
v -0.5 2 -0.3
v -0.4 1.9 -0.3
v -0.4 2 -0.3
v -0.4 2.1 -0.3
v -0.4 2.2 -0.3
v -0.3 1.7 -0.3
v -0.3 1.8 -0.3
v -0.3 1.9 -0.3
v -0.3 2 -0.3
v -0.3 2.1 -0.3
v -0.3 2.2 -0.3
v -0.2 1.7 -0.3
v -0.2 1.8 -0.3
v 0.2 1.7 -0.3
v 0.2 1.8 -0.3
v 0.3 1.7 -0.3
v 0.3 1.8 -0.3
v 0.3 1.9 -0.3
v 0.3 2 -0.3
v 0.3 2.1 -0.3
v 0.3 2.2 -0.3
v 0.4 1.9 -0.3
v 0.4 2 -0.3
v 0.4 2.1 -0.3
v 0.4 2.2 -0.3
v 0.5 1.8 -0.3
v 0.5 2 -0.3
v 0.6 1.8 -0.3
v 0.6 2 -0.3
v 0.6 2.1 -0.3
v 0.6 2.3 -0.3
v 0.7 1.7 -0.3
v 0.7 1.9 -0.3
v 0.7 2.1 -0.3
v 0.7 2.3 -0.3
v 0.8 1.7 -0.3
v 0.8 1.9 -0.3
v 0.9 1.8 -0.3
v 0.9 1.9 -0.3
v 0.9 2 -0.3
v 0.9 2.1 -0.3
v 1 1.6 -0.3
v 1 1.7 -0.3
v 1 1.8 -0.3
v 1 1.9 -0.3
v 1 2 -0.3
v 1 2.1 -0.3
v 1.1 1.6 -0.3
v 1.1 1.7 -0.3
v -1.1 1.5 -0.5
v -1.1 1.6 -0.5
v -1 1.5 -0.5
v -1 1.6 -0.5
v -1 1.9 -0.5
v -0.9 1.5 -0.5
v -0.9 1.9 -0.5
v -0.8 1.5 -0.5
v -0.8 1.8 -0.5
v -0.7 1.8 -0.5
v -0.7 2 -0.5
v -0.6 1.7 -0.5
v -0.6 1.8 -0.5
v -0.6 2 -0.5
v -0.5 1.5 -0.5
v -0.5 1.7 -0.5
v -0.4 1.5 -0.5
v -0.4 1.9 -0.5
v -0.4 2 -0.5
v -0.3 1.7 -0.5
v -0.3 1.9 -0.5
v -0.3 2 -0.5
v -0.2 1.5 -0.5
v -0.2 1.7 -0.5
v 0.2 1.5 -0.5
v 0.2 1.7 -0.5
v 0.3 1.7 -0.5
v 0.3 1.9 -0.5
v 0.3 2 -0.5
v 0.4 1.5 -0.5
v 0.4 1.9 -0.5
v 0.4 2 -0.5
v 0.5 1.5 -0.5
v 0.5 1.7 -0.5
v 0.6 1.7 -0.5
v 0.6 1.8 -0.5
v 0.6 2 -0.5
v 0.7 1.8 -0.5
v 0.7 2 -0.5
v 0.8 1.5 -0.5
v 0.8 1.8 -0.5
v 0.9 1.5 -0.5
v 0.9 1.9 -0.5
v 1 1.5 -0.5
v 1 1.6 -0.5
v 1 1.9 -0.5
v 1.1 1.5 -0.5
v 1.1 1.6 -0.5
v -1.1 1.6 -0.6
v -1.1 2 -0.6
v -1 1.6 -0.6
v -1 1.9 -0.6
v -1 2 -0.6
v -1 2.1 -0.6
v -1 2.3 -0.6
v -0.9 1.9 -0.6
v -0.9 2.1 -0.6
v -0.9 2.3 -0.6
v -0.8 1.8 -0.6
v -0.8 2.1 -0.6
v -0.7 1.8 -0.6
v -0.7 2 -0.6
v -0.7 2.1 -0.6
v -0.7 2.3 -0.6
v -0.6 1.7 -0.6
v -0.6 1.8 -0.6
v -0.6 2 -0.6
v -0.6 2.1 -0.6
v -0.6 2.3 -0.6
v -0.5 1.7 -0.6
v -0.5 1.8 -0.6
v -0.4 2 -0.6
v -0.4 2.1 -0.6
v -0.4 2.3 -0.6
v -0.3 1.7 -0.6
v -0.3 1.9 -0.6
v -0.3 2 -0.6
v -0.3 2.1 -0.6
v -0.3 2.3 -0.6
v -0.2 1.7 -0.6
v -0.2 2 -0.6
v 0.2 1.7 -0.6
v 0.2 2 -0.6
v 0.3 1.7 -0.6
v 0.3 1.9 -0.6
v 0.3 2 -0.6
v 0.3 2.1 -0.6
v 0.3 2.3 -0.6
v 0.4 2 -0.6
v 0.4 2.1 -0.6
v 0.4 2.3 -0.6
v 0.5 1.7 -0.6
v 0.5 1.8 -0.6
v 0.6 1.7 -0.6
v 0.6 1.8 -0.6
v 0.6 2 -0.6
v 0.6 2.1 -0.6
v 0.6 2.3 -0.6
v 0.7 1.8 -0.6
v 0.7 2 -0.6
v 0.7 2.1 -0.6
v 0.7 2.3 -0.6
v 0.8 1.8 -0.6
v 0.8 2.1 -0.6
v 0.9 1.9 -0.6
v 0.9 2.1 -0.6
v 0.9 2.3 -0.6
v 1 1.6 -0.6
v 1 1.9 -0.6
v 1 2 -0.6
v 1 2.1 -0.6
v 1 2.3 -0.6
v 1.1 1.6 -0.6
v 1.1 2 -0.6
v -1.1 1.5 -0.9
v -1.1 2 -0.9
v -1 1.5 -0.9
v -1 2 -0.9
v -1 2.1 -0.9
v -1 2.2 -0.9
v -0.9 1.5 -0.9
v -0.9 2 -0.9
v -0.9 2.1 -0.9
v -0.9 2.2 -0.9
v -0.8 1.5 -0.9
v -0.8 2 -0.9
v -0.7 1.5 -0.9
v -0.7 2 -0.9
v -0.7 2.1 -0.9
v -0.7 2.3 -0.9
v -0.6 1.5 -0.9
v -0.6 1.7 -0.9
v -0.6 2.1 -0.9
v -0.6 2.3 -0.9
v -0.5 1.5 -0.9
v -0.5 1.7 -0.9
v -0.4 1.5 -0.9
v -0.4 2 -0.9
v -0.4 2.1 -0.9
v -0.4 2.2 -0.9
v -0.3 1.5 -0.9
v -0.3 1.9 -0.9
v -0.3 2 -0.9
v -0.3 2.1 -0.9
v -0.3 2.2 -0.9
v -0.2 1.5 -0.9
v -0.2 1.9 -0.9
v 0.2 1.5 -0.9
v 0.2 1.9 -0.9
v 0.3 1.5 -0.9
v 0.3 1.9 -0.9
v 0.3 2 -0.9
v 0.3 2.1 -0.9
v 0.3 2.2 -0.9
v 0.4 1.5 -0.9
v 0.4 2 -0.9
v 0.4 2.1 -0.9
v 0.4 2.2 -0.9
v 0.5 1.5 -0.9
v 0.5 1.7 -0.9
v 0.6 1.5 -0.9
v 0.6 1.7 -0.9
v 0.6 2.1 -0.9
v 0.6 2.3 -0.9
v 0.7 1.5 -0.9
v 0.7 2 -0.9
v 0.7 2.1 -0.9
v 0.7 2.3 -0.9
v 0.8 1.5 -0.9
v 0.8 2 -0.9
v 0.9 1.5 -0.9
v 0.9 2 -0.9
v 0.9 2.1 -0.9
v 0.9 2.2 -0.9
v 1 1.5 -0.9
v 1 2 -0.9
v 1 2.1 -0.9
v 1 2.2 -0.9
v 1.1 1.5 -0.9
v 1.1 2 -0.9
v -1.1 1.5 0.9
v -1.1 2 0.9
v -1 1.5 0.9
v -1 2 0.9
v -1 2.1 0.9
v -1 2.2 0.9
v -0.9 1.5 0.9
v -0.9 2 0.9
v -0.9 2.1 0.9
v -0.9 2.2 0.9
v -0.8 1.5 0.9
v -0.8 2 0.9
v -0.7 1.5 0.9
v -0.7 2 0.9
v -0.7 2.1 0.9
v -0.7 2.3 0.9
v -0.6 1.5 0.9
v -0.6 1.7 0.9
v -0.6 2.1 0.9
v -0.6 2.3 0.9
v -0.5 1.5 0.9
v -0.5 1.7 0.9
v -0.4 1.5 0.9
v -0.4 2 0.9
v -0.4 2.1 0.9
v -0.4 2.2 0.9
v -0.3 1.5 0.9
v -0.3 1.9 0.9
v -0.3 2 0.9
v -0.3 2.1 0.9
v -0.3 2.2 0.9
v -0.2 1.5 0.9
v -0.2 1.9 0.9
v 0.2 1.5 0.9
v 0.2 1.9 0.9
v 0.3 1.5 0.9
v 0.3 1.9 0.9
v 0.3 2 0.9
v 0.3 2.1 0.9
v 0.3 2.2 0.9
v 0.4 1.5 0.9
v 0.4 2 0.9
v 0.4 2.1 0.9
v 0.4 2.2 0.9
v 0.5 1.5 0.9
v 0.5 1.7 0.9
v 0.6 1.5 0.9
v 0.6 1.7 0.9
v 0.6 2.1 0.9
v 0.6 2.3 0.9
v 0.7 1.5 0.9
v 0.7 2 0.9
v 0.7 2.1 0.9
v 0.7 2.3 0.9
v 0.8 1.5 0.9
v 0.8 2 0.9
v 0.9 1.5 0.9
v 0.9 2 0.9
v 0.9 2.1 0.9
v 0.9 2.2 0.9
v 1 1.5 0.9
v 1 2 0.9
v 1 2.1 0.9
v 1 2.2 0.9
v 1.1 1.5 0.9
v 1.1 2 0.9
v -1.1 1.6 0.6
v -1.1 2 0.6
v -1 1.6 0.6
v -1 1.9 0.6
v -1 2 0.6
v -1 2.1 0.6
v -1 2.3 0.6
v -0.9 1.9 0.6
v -0.9 2.1 0.6
v -0.9 2.3 0.6
v -0.8 1.8 0.6
v -0.8 2.1 0.6
v -0.7 1.8 0.6
v -0.7 2 0.6
v -0.7 2.1 0.6
v -0.7 2.3 0.6
v -0.6 1.7 0.6
v -0.6 1.8 0.6
v -0.6 2 0.6
v -0.6 2.1 0.6
v -0.6 2.3 0.6
v -0.5 1.7 0.6
v -0.5 1.8 0.6
v -0.4 2 0.6
v -0.4 2.1 0.6
v -0.4 2.3 0.6
v -0.3 1.7 0.6
v -0.3 1.9 0.6
v -0.3 2 0.6
v -0.3 2.1 0.6
v -0.3 2.3 0.6
v -0.2 1.7 0.6
v -0.2 2 0.6
v 0.2 1.7 0.6
v 0.2 2 0.6
v 0.3 1.7 0.6
v 0.3 1.9 0.6
v 0.3 2 0.6
v 0.3 2.1 0.6
v 0.3 2.3 0.6
v 0.4 2 0.6
v 0.4 2.1 0.6
v 0.4 2.3 0.6
v 0.5 1.7 0.6
v 0.5 1.8 0.6
v 0.6 1.7 0.6
v 0.6 1.8 0.6
v 0.6 2 0.6
v 0.6 2.1 0.6
v 0.6 2.3 0.6
v 0.7 1.8 0.6
v 0.7 2 0.6
v 0.7 2.1 0.6
v 0.7 2.3 0.6
v 0.8 1.8 0.6
v 0.8 2.1 0.6
v 0.9 1.9 0.6
v 0.9 2.1 0.6
v 0.9 2.3 0.6
v 1 1.6 0.6
v 1 1.9 0.6
v 1 2 0.6
v 1 2.1 0.6
v 1 2.3 0.6
v 1.1 1.6 0.6
v 1.1 2 0.6
v -1.1 1.5 0.5
v -1.1 1.6 0.5
v -1 1.5 0.5
v -1 1.6 0.5
v -1 1.9 0.5
v -0.9 1.5 0.5
v -0.9 1.9 0.5
v -0.8 1.5 0.5
v -0.8 1.8 0.5
v -0.7 1.8 0.5
v -0.7 2 0.5
v -0.6 1.7 0.5
v -0.6 1.8 0.5
v -0.6 2 0.5
v -0.5 1.5 0.5
v -0.5 1.7 0.5
v -0.4 1.5 0.5
v -0.4 1.9 0.5
v -0.4 2 0.5
v -0.3 1.7 0.5
v -0.3 1.9 0.5
v -0.3 2 0.5
v -0.2 1.5 0.5
v -0.2 1.7 0.5
v 0.2 1.5 0.5
v 0.2 1.7 0.5
v 0.3 1.7 0.5
v 0.3 1.9 0.5
v 0.3 2 0.5
v 0.4 1.5 0.5
v 0.4 1.9 0.5
v 0.4 2 0.5
v 0.5 1.5 0.5
v 0.5 1.7 0.5
v 0.6 1.7 0.5
v 0.6 1.8 0.5
v 0.6 2 0.5
v 0.7 1.8 0.5
v 0.7 2 0.5
v 0.8 1.5 0.5
v 0.8 1.8 0.5
v 0.9 1.5 0.5
v 0.9 1.9 0.5
v 1 1.5 0.5
v 1 1.6 0.5
v 1 1.9 0.5
v 1.1 1.5 0.5
v 1.1 1.6 0.5
v -1.1 1.6 0.3
v -1.1 1.7 0.3
v -1 1.6 0.3
v -1 1.7 0.3
v -1 1.8 0.3
v -1 1.9 0.3
v -1 2 0.3
v -1 2.1 0.3
v -0.9 1.8 0.3
v -0.9 1.9 0.3
v -0.9 2 0.3
v -0.9 2.1 0.3
v -0.8 1.7 0.3
v -0.8 1.9 0.3
v -0.7 1.7 0.3
v -0.7 1.9 0.3
v -0.7 2.1 0.3
v -0.7 2.3 0.3
v -0.6 1.8 0.3
v -0.6 2 0.3
v -0.6 2.1 0.3
v -0.6 2.3 0.3
v -0.5 1.8 0.3
v -0.5 2 0.3
v -0.4 1.9 0.3
v -0.4 2 0.3
v -0.4 2.1 0.3
v -0.4 2.2 0.3
v -0.3 1.7 0.3
v -0.3 1.8 0.3
v -0.3 1.9 0.3
v -0.3 2 0.3
v -0.3 2.1 0.3
v -0.3 2.2 0.3
v -0.2 1.7 0.3
v -0.2 1.8 0.3
v 0.2 1.7 0.3
v 0.2 1.8 0.3
v 0.3 1.7 0.3
v 0.3 1.8 0.3
v 0.3 1.9 0.3
v 0.3 2 0.3
v 0.3 2.1 0.3
v 0.3 2.2 0.3
v 0.4 1.9 0.3
v 0.4 2 0.3
v 0.4 2.1 0.3
v 0.4 2.2 0.3
v 0.5 1.8 0.3
v 0.5 2 0.3
v 0.6 1.8 0.3
v 0.6 2 0.3
v 0.6 2.1 0.3
v 0.6 2.3 0.3
v 0.7 1.7 0.3
v 0.7 1.9 0.3
v 0.7 2.1 0.3
v 0.7 2.3 0.3
v 0.8 1.7 0.3
v 0.8 1.9 0.3
v 0.9 1.8 0.3
v 0.9 1.9 0.3
v 0.9 2 0.3
v 0.9 2.1 0.3
v 1 1.6 0.3
v 1 1.7 0.3
v 1 1.8 0.3
v 1 1.9 0.3
v 1 2 0.3
v 1 2.1 0.3
v 1.1 1.6 0.3
v 1.1 1.7 0.3
v -1.1 1.5 0.2
v -1.1 1.6 0.2
v -1 1.6 0.2
v -1 1.8 0.2
v -0.9 1.5 0.2
v -0.9 1.8 0.2
v -0.8 1.5 0.2
v -0.8 1.7 0.2
v -0.7 1.7 0.2
v -0.7 2.1 0.2
v -0.6 1.8 0.2
v -0.6 2.1 0.2
v -0.5 1.5 0.2
v -0.5 1.8 0.2
v -0.4 1.5 0.2
v -0.4 1.9 0.2
v -0.3 1.7 0.2
v -0.3 1.9 0.2
v -0.2 1.5 0.2
v -0.2 1.7 0.2
v 0.2 1.5 0.2
v 0.2 1.7 0.2
v 0.3 1.7 0.2
v 0.3 1.9 0.2
v 0.4 1.5 0.2
v 0.4 1.9 0.2
v 0.5 1.5 0.2
v 0.5 1.8 0.2
v 0.6 1.8 0.2
v 0.6 2.1 0.2
v 0.7 1.7 0.2
v 0.7 2.1 0.2
v 0.8 1.5 0.2
v 0.8 1.7 0.2
v 0.9 1.5 0.2
v 0.9 1.8 0.2
v 1 1.6 0.2
v 1 1.8 0.2
v 1.1 1.5 0.2
v 1.1 1.6 0.2
v -1.1 1.5 -0.4
v -1.1 1.7 -0.4
v -1 1.5 -0.4
v -1 1.7 -0.4
v -1 1.9 -0.4
v -1 2 -0.4
v -1 2.1 -0.4
v -0.9 1.5 -0.4
v -0.9 1.9 -0.4
v -0.9 2 -0.4
v -0.9 2.1 -0.4
v -0.8 1.5 -0.4
v -0.8 1.9 -0.4
v -0.7 1.6 -0.4
v -0.7 1.7 -0.4
v -0.7 1.9 -0.4
v -0.7 2.1 -0.4
v -0.7 2.3 -0.4
v -0.6 1.5 -0.4
v -0.6 1.6 -0.4
v -0.6 1.7 -0.4
v -0.6 1.9 -0.4
v -0.6 2 -0.4
v -0.6 2.1 -0.4
v -0.6 2.3 -0.4
v -0.5 1.5 -0.4
v -0.5 1.6 -0.4
v -0.5 2 -0.4
v -0.4 1.5 -0.4
v -0.4 2 -0.4
v -0.4 2.1 -0.4
v -0.4 2.2 -0.4
v -0.3 1.5 -0.4
v -0.3 1.8 -0.4
v -0.3 2 -0.4
v -0.3 2.1 -0.4
v -0.3 2.2 -0.4
v -0.2 1.5 -0.4
v -0.2 1.8 -0.4
v 0.2 1.5 -0.4
v 0.2 1.8 -0.4
v 0.3 1.5 -0.4
v 0.3 1.8 -0.4
v 0.3 2 -0.4
v 0.3 2.1 -0.4
v 0.3 2.2 -0.4
v 0.4 1.5 -0.4
v 0.4 2 -0.4
v 0.4 2.1 -0.4
v 0.4 2.2 -0.4
v 0.5 1.5 -0.4
v 0.5 1.6 -0.4
v 0.5 2 -0.4
v 0.6 1.5 -0.4
v 0.6 1.6 -0.4
v 0.6 1.7 -0.4
v 0.6 1.9 -0.4
v 0.6 2 -0.4
v 0.6 2.1 -0.4
v 0.6 2.3 -0.4
v 0.7 1.6 -0.4
v 0.7 1.7 -0.4
v 0.7 1.9 -0.4
v 0.7 2.1 -0.4
v 0.7 2.3 -0.4
v 0.8 1.5 -0.4
v 0.8 1.9 -0.4
v 0.9 1.5 -0.4
v 0.9 1.9 -0.4
v 0.9 2 -0.4
v 0.9 2.1 -0.4
v 1 1.5 -0.4
v 1 1.7 -0.4
v 1 1.9 -0.4
v 1 2 -0.4
v 1 2.1 -0.4
v 1.1 1.5 -0.4
v 1.1 1.7 -0.4
v -1.1 1.7 -0.7
v -1.1 2 -0.7
v -1 1.7 -0.7
v -1 1.8 -0.7
v -1 1.9 -0.7
v -1 2 -0.7
v -1 2.1 -0.7
v -1 2.3 -0.7
v -0.9 1.8 -0.7
v -0.9 1.9 -0.7
v -0.9 2.1 -0.7
v -0.9 2.3 -0.7
v -0.8 1.8 -0.7
v -0.8 2.1 -0.7
v -0.7 1.8 -0.7
v -0.7 2.1 -0.7
v -0.7 2.3 -0.7
v -0.6 1.6 -0.7
v -0.6 1.8 -0.7
v -0.6 2.1 -0.7
v -0.6 2.3 -0.7
v -0.5 1.6 -0.7
v -0.5 1.8 -0.7
v -0.4 1.9 -0.7
v -0.4 2 -0.7
v -0.4 2.1 -0.7
v -0.4 2.3 -0.7
v -0.3 1.7 -0.7
v -0.3 1.9 -0.7
v -0.3 2 -0.7
v -0.3 2.1 -0.7
v -0.3 2.3 -0.7
v -0.2 1.7 -0.7
v -0.2 2 -0.7
v 0.2 1.7 -0.7
v 0.2 2 -0.7
v 0.3 1.7 -0.7
v 0.3 1.9 -0.7
v 0.3 2 -0.7
v 0.3 2.1 -0.7
v 0.3 2.3 -0.7
v 0.4 1.9 -0.7
v 0.4 2 -0.7
v 0.4 2.1 -0.7
v 0.4 2.3 -0.7
v 0.5 1.6 -0.7
v 0.5 1.8 -0.7
v 0.6 1.6 -0.7
v 0.6 1.8 -0.7
v 0.6 2.1 -0.7
v 0.6 2.3 -0.7
v 0.7 1.8 -0.7
v 0.7 2.1 -0.7
v 0.7 2.3 -0.7
v 0.8 1.8 -0.7
v 0.8 2.1 -0.7
v 0.9 1.8 -0.7
v 0.9 1.9 -0.7
v 0.9 2.1 -0.7
v 0.9 2.3 -0.7
v 1 1.7 -0.7
v 1 1.8 -0.7
v 1 1.9 -0.7
v 1 2 -0.7
v 1 2.1 -0.7
v 1 2.3 -0.7
v 1.1 1.7 -0.7
v 1.1 2 -0.7
v -1.1 1.5 -0.8
v -1.1 1.7 -0.8
v -1 1.5 -0.8
v -1 1.7 -0.8
v -1 1.8 -0.8
v -0.9 1.5 -0.8
v -0.9 1.8 -0.8
v -0.8 1.5 -0.8
v -0.8 1.8 -0.8
v -0.7 1.8 -0.8
v -0.7 2.1 -0.8
v -0.6 1.6 -0.8
v -0.6 1.8 -0.8
v -0.6 2.1 -0.8
v -0.5 1.5 -0.8
v -0.5 1.6 -0.8
v -0.4 1.5 -0.8
v -0.4 1.9 -0.8
v -0.3 1.5 -0.8
v -0.3 1.7 -0.8
v -0.3 1.9 -0.8
v -0.2 1.5 -0.8
v -0.2 1.7 -0.8
v 0.2 1.5 -0.8
v 0.2 1.7 -0.8
v 0.3 1.5 -0.8
v 0.3 1.7 -0.8
v 0.3 1.9 -0.8
v 0.4 1.5 -0.8
v 0.4 1.9 -0.8
v 0.5 1.5 -0.8
v 0.5 1.6 -0.8
v 0.6 1.6 -0.8
v 0.6 1.8 -0.8
v 0.6 2.1 -0.8
v 0.7 1.8 -0.8
v 0.7 2.1 -0.8
v 0.8 1.5 -0.8
v 0.8 1.8 -0.8
v 0.9 1.5 -0.8
v 0.9 1.8 -0.8
v 1 1.5 -0.8
v 1 1.7 -0.8
v 1 1.8 -0.8
v 1.1 1.5 -0.8
v 1.1 1.7 -0.8
v -1.1 1.7 -1
v -1.1 2 -1
v -1 1.7 -1
v -1 1.8 -1
v -1 2 -1
v -1 2.1 -1
v -1 2.2 -1
v -0.9 1.8 -1
v -0.9 2 -1
v -0.9 2.1 -1
v -0.9 2.2 -1
v -0.8 1.7 -1
v -0.8 2 -1
v -0.7 1.7 -1
v -0.7 1.9 -1
v -0.7 2 -1
v -0.7 2.1 -1
v -0.7 2.3 -1
v -0.6 1.6 -1
v -0.6 1.7 -1
v -0.6 1.9 -1
v -0.6 2.1 -1
v -0.6 2.3 -1
v -0.5 1.6 -1
v -0.5 1.7 -1
v -0.4 1.8 -1
v -0.4 2 -1
v -0.4 2.1 -1
v -0.4 2.2 -1
v -0.3 1.7 -1
v -0.3 1.8 -1
v -0.3 1.9 -1
v -0.3 2 -1
v -0.3 2.1 -1
v -0.3 2.2 -1
v -0.2 1.7 -1
v -0.2 1.9 -1
v 0.2 1.7 -1
v 0.2 1.9 -1
v 0.3 1.7 -1
v 0.3 1.8 -1
v 0.3 1.9 -1
v 0.3 2 -1
v 0.3 2.1 -1
v 0.3 2.2 -1
v 0.4 1.8 -1
v 0.4 2 -1
v 0.4 2.1 -1
v 0.4 2.2 -1
v 0.5 1.6 -1
v 0.5 1.7 -1
v 0.6 1.6 -1
v 0.6 1.7 -1
v 0.6 1.9 -1
v 0.6 2.1 -1
v 0.6 2.3 -1
v 0.7 1.7 -1
v 0.7 1.9 -1
v 0.7 2 -1
v 0.7 2.1 -1
v 0.7 2.3 -1
v 0.8 1.7 -1
v 0.8 2 -1
v 0.9 1.8 -1
v 0.9 2 -1
v 0.9 2.1 -1
v 0.9 2.2 -1
v 1 1.7 -1
v 1 1.8 -1
v 1 2 -1
v 1 2.1 -1
v 1 2.2 -1
v 1.1 1.7 -1
v 1.1 2 -1
v -1.1 1.5 -1.1
v -1.1 1.7 -1.1
v -1 1.7 -1.1
v -1 1.8 -1.1
v -0.9 1.5 -1.1
v -0.9 1.8 -1.1
v -0.8 1.5 -1.1
v -0.8 1.7 -1.1
v -0.7 1.7 -1.1
v -0.7 1.9 -1.1
v -0.6 1.6 -1.1
v -0.6 1.9 -1.1
v -0.5 1.5 -1.1
v -0.5 1.6 -1.1
v -0.4 1.5 -1.1
v -0.4 1.8 -1.1
v -0.3 1.5 -1.1
v -0.3 1.7 -1.1
v -0.3 1.8 -1.1
v -0.2 1.5 -1.1
v -0.2 1.7 -1.1
v 0.2 1.5 -1.1
v 0.2 1.7 -1.1
v 0.3 1.5 -1.1
v 0.3 1.7 -1.1
v 0.3 1.8 -1.1
v 0.4 1.5 -1.1
v 0.4 1.8 -1.1
v 0.5 1.5 -1.1
v 0.5 1.6 -1.1
v 0.6 1.6 -1.1
v 0.6 1.9 -1.1
v 0.7 1.7 -1.1
v 0.7 1.9 -1.1
v 0.8 1.5 -1.1
v 0.8 1.7 -1.1
v 0.9 1.5 -1.1
v 0.9 1.8 -1.1
v 1 1.7 -1.1
v 1 1.8 -1.1
v 1.1 1.5 -1.1
v 1.1 1.7 -1.1
v -1.1 1.5 1.1
v -0.9 1.5 1.1
v -0.8 1.5 1.1
v -0.5 1.5 1.1
v -0.4 1.5 1.1
v -0.3 1.5 1.1
v -0.2 1.5 1.1
v 0.2 1.5 1.1
v 0.3 1.5 1.1
v 0.4 1.5 1.1
v 0.5 1.5 1.1
v 0.8 1.5 1.1
v 0.9 1.5 1.1
v 1.1 1.5 1.1
v -1 1.5 1
v -0.9 1.5 1
v -0.8 1.5 1
v -0.7 1.5 1
v -0.6 1.5 1
v -0.5 1.5 1
v 0.5 1.5 1
v 0.6 1.5 1
v 0.7 1.5 1
v 0.8 1.5 1
v 0.9 1.5 1
v 1 1.5 1
v -1.1 1.5 0.9
v -1 1.5 0.9
v -0.9 1.5 0.9
v -0.8 1.5 0.9
v -0.7 1.5 0.9
v -0.6 1.5 0.9
v -0.5 1.5 0.9
v -0.4 1.5 0.9
v -0.3 1.5 0.9
v -0.2 1.5 0.9
v 0.2 1.5 0.9
v 0.3 1.5 0.9
v 0.4 1.5 0.9
v 0.5 1.5 0.9
v 0.6 1.5 0.9
v 0.7 1.5 0.9
v 0.8 1.5 0.9
v 0.9 1.5 0.9
v 1 1.5 0.9
v 1.1 1.5 0.9
v -1.1 1.5 0.8
v -1 1.5 0.8
v -0.9 1.5 0.8
v -0.8 1.5 0.8
v -0.5 1.5 0.8
v -0.4 1.5 0.8
v -0.3 1.5 0.8
v -0.2 1.5 0.8
v 0.2 1.5 0.8
v 0.3 1.5 0.8
v 0.4 1.5 0.8
v 0.5 1.5 0.8
v 0.8 1.5 0.8
v 0.9 1.5 0.8
v 1 1.5 0.8
v 1.1 1.5 0.8
v -0.7 1.5 0.7
v -0.6 1.5 0.7
v 0.6 1.5 0.7
v 0.7 1.5 0.7
v -0.7 1.5 0.6
v -0.6 1.5 0.6
v -0.3 1.5 0.6
v -0.2 1.5 0.6
v 0.2 1.5 0.6
v 0.3 1.5 0.6
v 0.6 1.5 0.6
v 0.7 1.5 0.6
v -1.1 1.5 0.5
v -1 1.5 0.5
v -0.9 1.5 0.5
v -0.8 1.5 0.5
v -0.5 1.5 0.5
v -0.4 1.5 0.5
v -0.2 1.5 0.5
v 0.2 1.5 0.5
v 0.4 1.5 0.5
v 0.5 1.5 0.5
v 0.8 1.5 0.5
v 0.9 1.5 0.5
v 1 1.5 0.5
v 1.1 1.5 0.5
v -1.1 1.5 0.4
v -1 1.5 0.4
v -0.9 1.5 0.4
v -0.8 1.5 0.4
v -0.6 1.5 0.4
v -0.5 1.5 0.4
v -0.4 1.5 0.4
v -0.3 1.5 0.4
v -0.2 1.5 0.4
v 0.2 1.5 0.4
v 0.3 1.5 0.4
v 0.4 1.5 0.4
v 0.5 1.5 0.4
v 0.6 1.5 0.4
v 0.8 1.5 0.4
v 0.9 1.5 0.4
v 1 1.5 0.4
v 1.1 1.5 0.4
v -1 1.5 0.3
v -0.9 1.5 0.3
v -0.8 1.5 0.3
v -0.6 1.5 0.3
v -0.4 1.5 0.3
v -0.3 1.5 0.3
v 0.3 1.5 0.3
v 0.4 1.5 0.3
v 0.6 1.5 0.3
v 0.8 1.5 0.3
v 0.9 1.5 0.3
v 1 1.5 0.3
v -1.1 1.5 0.2
v -0.9 1.5 0.2
v -0.8 1.5 0.2
v -0.5 1.5 0.2
v -0.4 1.5 0.2
v -0.2 1.5 0.2
v 0.2 1.5 0.2
v 0.4 1.5 0.2
v 0.5 1.5 0.2
v 0.8 1.5 0.2
v 0.9 1.5 0.2
v 1.1 1.5 0.2
v -1.1 1.5 -0.2
v -0.9 1.5 -0.2
v -0.8 1.5 -0.2
v -0.5 1.5 -0.2
v -0.4 1.5 -0.2
v -0.2 1.5 -0.2
v 0.2 1.5 -0.2
v 0.4 1.5 -0.2
v 0.5 1.5 -0.2
v 0.8 1.5 -0.2
v 0.9 1.5 -0.2
v 1.1 1.5 -0.2
v -1 1.5 -0.3
v -0.9 1.5 -0.3
v -0.8 1.5 -0.3
v -0.6 1.5 -0.3
v -0.4 1.5 -0.3
v -0.3 1.5 -0.3
v 0.3 1.5 -0.3
v 0.4 1.5 -0.3
v 0.6 1.5 -0.3
v 0.8 1.5 -0.3
v 0.9 1.5 -0.3
v 1 1.5 -0.3
v -1.1 1.5 -0.4
v -1 1.5 -0.4
v -0.9 1.5 -0.4
v -0.8 1.5 -0.4
v -0.6 1.5 -0.4
v -0.5 1.5 -0.4
v -0.4 1.5 -0.4
v -0.3 1.5 -0.4
v -0.2 1.5 -0.4
v 0.2 1.5 -0.4
v 0.3 1.5 -0.4
v 0.4 1.5 -0.4
v 0.5 1.5 -0.4
v 0.6 1.5 -0.4
v 0.8 1.5 -0.4
v 0.9 1.5 -0.4
v 1 1.5 -0.4
v 1.1 1.5 -0.4
v -1.1 1.5 -0.5
v -1 1.5 -0.5
v -0.9 1.5 -0.5
v -0.8 1.5 -0.5
v -0.5 1.5 -0.5
v -0.4 1.5 -0.5
v -0.2 1.5 -0.5
v 0.2 1.5 -0.5
v 0.4 1.5 -0.5
v 0.5 1.5 -0.5
v 0.8 1.5 -0.5
v 0.9 1.5 -0.5
v 1 1.5 -0.5
v 1.1 1.5 -0.5
v -0.7 1.5 -0.6
v -0.6 1.5 -0.6
v -0.3 1.5 -0.6
v -0.2 1.5 -0.6
v 0.2 1.5 -0.6
v 0.3 1.5 -0.6
v 0.6 1.5 -0.6
v 0.7 1.5 -0.6
v -0.7 1.5 -0.7
v -0.6 1.5 -0.7
v 0.6 1.5 -0.7
v 0.7 1.5 -0.7
v -1.1 1.5 -0.8
v -1 1.5 -0.8
v -0.9 1.5 -0.8
v -0.8 1.5 -0.8
v -0.5 1.5 -0.8
v -0.4 1.5 -0.8
v -0.3 1.5 -0.8
v -0.2 1.5 -0.8
v 0.2 1.5 -0.8
v 0.3 1.5 -0.8
v 0.4 1.5 -0.8
v 0.5 1.5 -0.8
v 0.8 1.5 -0.8
v 0.9 1.5 -0.8
v 1 1.5 -0.8
v 1.1 1.5 -0.8
v -1.1 1.5 -0.9
v -1 1.5 -0.9
v -0.9 1.5 -0.9
v -0.8 1.5 -0.9
v -0.7 1.5 -0.9
v -0.6 1.5 -0.9
v -0.5 1.5 -0.9
v -0.4 1.5 -0.9
v -0.3 1.5 -0.9
v -0.2 1.5 -0.9
v 0.2 1.5 -0.9
v 0.3 1.5 -0.9
v 0.4 1.5 -0.9
v 0.5 1.5 -0.9
v 0.6 1.5 -0.9
v 0.7 1.5 -0.9
v 0.8 1.5 -0.9
v 0.9 1.5 -0.9
v 1 1.5 -0.9
v 1.1 1.5 -0.9
v -1 1.5 -1
v -0.9 1.5 -1
v -0.8 1.5 -1
v -0.7 1.5 -1
v -0.6 1.5 -1
v -0.5 1.5 -1
v 0.5 1.5 -1
v 0.6 1.5 -1
v 0.7 1.5 -1
v 0.8 1.5 -1
v 0.9 1.5 -1
v 1 1.5 -1
v -1.1 1.5 -1.1
v -0.9 1.5 -1.1
v -0.8 1.5 -1.1
v -0.5 1.5 -1.1
v -0.4 1.5 -1.1
v -0.3 1.5 -1.1
v -0.2 1.5 -1.1
v 0.2 1.5 -1.1
v 0.3 1.5 -1.1
v 0.4 1.5 -1.1
v 0.5 1.5 -1.1
v 0.8 1.5 -1.1
v 0.9 1.5 -1.1
v 1.1 1.5 -1.1
v -0.6 1.6 1.1
v -0.5 1.6 1.1
v 0.5 1.6 1.1
v 0.6 1.6 1.1
v -0.6 1.6 1
v -0.5 1.6 1
v 0.5 1.6 1
v 0.6 1.6 1
v -0.6 1.6 0.8
v -0.5 1.6 0.8
v 0.5 1.6 0.8
v 0.6 1.6 0.8
v -0.6 1.6 0.7
v -0.5 1.6 0.7
v 0.5 1.6 0.7
v 0.6 1.6 0.7
v -1.1 1.6 0.6
v -1 1.6 0.6
v 1 1.6 0.6
v 1.1 1.6 0.6
v -1.1 1.6 0.5
v -1 1.6 0.5
v 1 1.6 0.5
v 1.1 1.6 0.5
v -1.1 1.6 0.3
v -1 1.6 0.3
v 1 1.6 0.3
v 1.1 1.6 0.3
v -1.1 1.6 0.2
v -1 1.6 0.2
v 1 1.6 0.2
v 1.1 1.6 0.2
v -1.1 1.6 -0.2
v -1 1.6 -0.2
v 1 1.6 -0.2
v 1.1 1.6 -0.2
v -1.1 1.6 -0.3
v -1 1.6 -0.3
v 1 1.6 -0.3
v 1.1 1.6 -0.3
v -1.1 1.6 -0.5
v -1 1.6 -0.5
v 1 1.6 -0.5
v 1.1 1.6 -0.5
v -1.1 1.6 -0.6
v -1 1.6 -0.6
v 1 1.6 -0.6
v 1.1 1.6 -0.6
v -0.6 1.6 -0.7
v -0.5 1.6 -0.7
v 0.5 1.6 -0.7
v 0.6 1.6 -0.7
v -0.6 1.6 -0.8
v -0.5 1.6 -0.8
v 0.5 1.6 -0.8
v 0.6 1.6 -0.8
v -0.6 1.6 -1
v -0.5 1.6 -1
v 0.5 1.6 -1
v 0.6 1.6 -1
v -0.6 1.6 -1.1
v -0.5 1.6 -1.1
v 0.5 1.6 -1.1
v 0.6 1.6 -1.1
v -1.1 1.7 1.1
v -1 1.7 1.1
v -0.8 1.7 1.1
v -0.7 1.7 1.1
v -0.3 1.7 1.1
v -0.2 1.7 1.1
v 0.2 1.7 1.1
v 0.3 1.7 1.1
v 0.7 1.7 1.1
v 0.8 1.7 1.1
v 1 1.7 1.1
v 1.1 1.7 1.1
v -1.1 1.7 1
v -1 1.7 1
v -0.8 1.7 1
v -0.7 1.7 1
v -0.6 1.7 1
v -0.5 1.7 1
v -0.3 1.7 1
v -0.2 1.7 1
v 0.2 1.7 1
v 0.3 1.7 1
v 0.5 1.7 1
v 0.6 1.7 1
v 0.7 1.7 1
v 0.8 1.7 1
v 1 1.7 1
v 1.1 1.7 1
v -0.6 1.7 0.9
v -0.5 1.7 0.9
v 0.5 1.7 0.9
v 0.6 1.7 0.9
v -1.1 1.7 0.8
v -1 1.7 0.8
v -0.3 1.7 0.8
v -0.2 1.7 0.8
v 0.2 1.7 0.8
v 0.3 1.7 0.8
v 1 1.7 0.8
v 1.1 1.7 0.8
v -1.1 1.7 0.7
v -1 1.7 0.7
v -0.3 1.7 0.7
v -0.2 1.7 0.7
v 0.2 1.7 0.7
v 0.3 1.7 0.7
v 1 1.7 0.7
v 1.1 1.7 0.7
v -0.6 1.7 0.6
v -0.5 1.7 0.6
v -0.3 1.7 0.6
v -0.2 1.7 0.6
v 0.2 1.7 0.6
v 0.3 1.7 0.6
v 0.5 1.7 0.6
v 0.6 1.7 0.6
v -0.6 1.7 0.5
v -0.5 1.7 0.5
v -0.3 1.7 0.5
v -0.2 1.7 0.5
v 0.2 1.7 0.5
v 0.3 1.7 0.5
v 0.5 1.7 0.5
v 0.6 1.7 0.5
v -1.1 1.7 0.4
v -1 1.7 0.4
v 1 1.7 0.4
v 1.1 1.7 0.4
v -1.1 1.7 0.3
v -1 1.7 0.3
v -0.8 1.7 0.3
v -0.7 1.7 0.3
v -0.3 1.7 0.3
v -0.2 1.7 0.3
v 0.2 1.7 0.3
v 0.3 1.7 0.3
v 0.7 1.7 0.3
v 0.8 1.7 0.3
v 1 1.7 0.3
v 1.1 1.7 0.3
v -0.8 1.7 0.2
v -0.7 1.7 0.2
v -0.3 1.7 0.2
v -0.2 1.7 0.2
v 0.2 1.7 0.2
v 0.3 1.7 0.2
v 0.7 1.7 0.2
v 0.8 1.7 0.2
v -0.8 1.7 -0.2
v -0.7 1.7 -0.2
v -0.3 1.7 -0.2
v -0.2 1.7 -0.2
v 0.2 1.7 -0.2
v 0.3 1.7 -0.2
v 0.7 1.7 -0.2
v 0.8 1.7 -0.2
v -1.1 1.7 -0.3
v -1 1.7 -0.3
v -0.8 1.7 -0.3
v -0.7 1.7 -0.3
v -0.3 1.7 -0.3
v -0.2 1.7 -0.3
v 0.2 1.7 -0.3
v 0.3 1.7 -0.3
v 0.7 1.7 -0.3
v 0.8 1.7 -0.3
v 1 1.7 -0.3
v 1.1 1.7 -0.3
v -1.1 1.7 -0.4
v -1 1.7 -0.4
v 1 1.7 -0.4
v 1.1 1.7 -0.4
v -0.6 1.7 -0.5
v -0.5 1.7 -0.5
v -0.3 1.7 -0.5
v -0.2 1.7 -0.5
v 0.2 1.7 -0.5
v 0.3 1.7 -0.5
v 0.5 1.7 -0.5
v 0.6 1.7 -0.5
v -0.6 1.7 -0.6
v -0.5 1.7 -0.6
v -0.3 1.7 -0.6
v -0.2 1.7 -0.6
v 0.2 1.7 -0.6
v 0.3 1.7 -0.6
v 0.5 1.7 -0.6
v 0.6 1.7 -0.6
v -1.1 1.7 -0.7
v -1 1.7 -0.7
v -0.3 1.7 -0.7
v -0.2 1.7 -0.7
v 0.2 1.7 -0.7
v 0.3 1.7 -0.7
v 1 1.7 -0.7
v 1.1 1.7 -0.7
v -1.1 1.7 -0.8
v -1 1.7 -0.8
v -0.3 1.7 -0.8
v -0.2 1.7 -0.8
v 0.2 1.7 -0.8
v 0.3 1.7 -0.8
v 1 1.7 -0.8
v 1.1 1.7 -0.8
v -0.6 1.7 -0.9
v -0.5 1.7 -0.9
v 0.5 1.7 -0.9
v 0.6 1.7 -0.9
v -1.1 1.7 -1
v -1 1.7 -1
v -0.8 1.7 -1
v -0.7 1.7 -1
v -0.6 1.7 -1
v -0.5 1.7 -1
v -0.3 1.7 -1
v -0.2 1.7 -1
v 0.2 1.7 -1
v 0.3 1.7 -1
v 0.5 1.7 -1
v 0.6 1.7 -1
v 0.7 1.7 -1
v 0.8 1.7 -1
v 1 1.7 -1
v 1.1 1.7 -1
v -1.1 1.7 -1.1
v -1 1.7 -1.1
v -0.8 1.7 -1.1
v -0.7 1.7 -1.1
v -0.3 1.7 -1.1
v -0.2 1.7 -1.1
v 0.2 1.7 -1.1
v 0.3 1.7 -1.1
v 0.7 1.7 -1.1
v 0.8 1.7 -1.1
v 1 1.7 -1.1
v 1.1 1.7 -1.1
v -1 1.8 1.1
v -0.9 1.8 1.1
v -0.4 1.8 1.1
v -0.3 1.8 1.1
v 0.3 1.8 1.1
v 0.4 1.8 1.1
v 0.9 1.8 1.1
v 1 1.8 1.1
v -1 1.8 1
v -0.9 1.8 1
v -0.4 1.8 1
v -0.3 1.8 1
v 0.3 1.8 1
v 0.4 1.8 1
v 0.9 1.8 1
v 1 1.8 1
v -1 1.8 0.8
v -0.9 1.8 0.8
v -0.8 1.8 0.8
v -0.7 1.8 0.8
v 0.7 1.8 0.8
v 0.8 1.8 0.8
v 0.9 1.8 0.8
v 1 1.8 0.8
v -1 1.8 0.7
v -0.9 1.8 0.7
v -0.8 1.8 0.7
v -0.7 1.8 0.7
v -0.6 1.8 0.7
v -0.5 1.8 0.7
v 0.5 1.8 0.7
v 0.6 1.8 0.7
v 0.7 1.8 0.7
v 0.8 1.8 0.7
v 0.9 1.8 0.7
v 1 1.8 0.7
v -0.8 1.8 0.6
v -0.7 1.8 0.6
v -0.6 1.8 0.6
v -0.5 1.8 0.6
v 0.5 1.8 0.6
v 0.6 1.8 0.6
v 0.7 1.8 0.6
v 0.8 1.8 0.6
v -0.8 1.8 0.5
v -0.7 1.8 0.5
v 0.7 1.8 0.5
v 0.8 1.8 0.5
v -0.3 1.8 0.4
v -0.2 1.8 0.4
v 0.2 1.8 0.4
v 0.3 1.8 0.4
v -1 1.8 0.3
v -0.9 1.8 0.3
v -0.6 1.8 0.3
v -0.5 1.8 0.3
v -0.3 1.8 0.3
v -0.2 1.8 0.3
v 0.2 1.8 0.3
v 0.3 1.8 0.3
v 0.5 1.8 0.3
v 0.6 1.8 0.3
v 0.9 1.8 0.3
v 1 1.8 0.3
v -1 1.8 0.2
v -0.9 1.8 0.2
v -0.6 1.8 0.2
v -0.5 1.8 0.2
v 0.5 1.8 0.2
v 0.6 1.8 0.2
v 0.9 1.8 0.2
v 1 1.8 0.2
v -1 1.8 -0.2
v -0.9 1.8 -0.2
v -0.6 1.8 -0.2
v -0.5 1.8 -0.2
v 0.5 1.8 -0.2
v 0.6 1.8 -0.2
v 0.9 1.8 -0.2
v 1 1.8 -0.2
v -1 1.8 -0.3
v -0.9 1.8 -0.3
v -0.6 1.8 -0.3
v -0.5 1.8 -0.3
v -0.3 1.8 -0.3
v -0.2 1.8 -0.3
v 0.2 1.8 -0.3
v 0.3 1.8 -0.3
v 0.5 1.8 -0.3
v 0.6 1.8 -0.3
v 0.9 1.8 -0.3
v 1 1.8 -0.3
v -0.3 1.8 -0.4
v -0.2 1.8 -0.4
v 0.2 1.8 -0.4
v 0.3 1.8 -0.4
v -0.8 1.8 -0.5
v -0.7 1.8 -0.5
v 0.7 1.8 -0.5
v 0.8 1.8 -0.5
v -0.8 1.8 -0.6
v -0.7 1.8 -0.6
v -0.6 1.8 -0.6
v -0.5 1.8 -0.6
v 0.5 1.8 -0.6
v 0.6 1.8 -0.6
v 0.7 1.8 -0.6
v 0.8 1.8 -0.6
v -1 1.8 -0.7
v -0.9 1.8 -0.7
v -0.8 1.8 -0.7
v -0.7 1.8 -0.7
v -0.6 1.8 -0.7
v -0.5 1.8 -0.7
v 0.5 1.8 -0.7
v 0.6 1.8 -0.7
v 0.7 1.8 -0.7
v 0.8 1.8 -0.7
v 0.9 1.8 -0.7
v 1 1.8 -0.7
v -1 1.8 -0.8
v -0.9 1.8 -0.8
v -0.8 1.8 -0.8
v -0.7 1.8 -0.8
v 0.7 1.8 -0.8
v 0.8 1.8 -0.8
v 0.9 1.8 -0.8
v 1 1.8 -0.8
v -1 1.8 -1
v -0.9 1.8 -1
v -0.4 1.8 -1
v -0.3 1.8 -1
v 0.3 1.8 -1
v 0.4 1.8 -1
v 0.9 1.8 -1
v 1 1.8 -1
v -1 1.8 -1.1
v -0.9 1.8 -1.1
v -0.4 1.8 -1.1
v -0.3 1.8 -1.1
v 0.3 1.8 -1.1
v 0.4 1.8 -1.1
v 0.9 1.8 -1.1
v 1 1.8 -1.1
v -0.7 1.9 1.1
v -0.6 1.9 1.1
v 0.6 1.9 1.1
v 0.7 1.9 1.1
v -0.7 1.9 1
v -0.6 1.9 1
v -0.3 1.9 1
v -0.2 1.9 1
v 0.2 1.9 1
v 0.3 1.9 1
v 0.6 1.9 1
v 0.7 1.9 1
v -0.3 1.9 0.9
v -0.2 1.9 0.9
v 0.2 1.9 0.9
v 0.3 1.9 0.9
v -0.4 1.9 0.8
v -0.3 1.9 0.8
v 0.3 1.9 0.8
v 0.4 1.9 0.8
v -0.4 1.9 0.7
v -0.3 1.9 0.7
v 0.3 1.9 0.7
v 0.4 1.9 0.7
v -1 1.9 0.6
v -0.9 1.9 0.6
v 0.9 1.9 0.6
v 1 1.9 0.6
v -1 1.9 0.5
v -0.9 1.9 0.5
v 0.9 1.9 0.5
v 1 1.9 0.5
v -0.8 1.9 0.4
v -0.7 1.9 0.4
v 0.7 1.9 0.4
v 0.8 1.9 0.4
v -0.8 1.9 0.3
v -0.7 1.9 0.3
v -0.4 1.9 0.3
v -0.3 1.9 0.3
v 0.3 1.9 0.3
v 0.4 1.9 0.3
v 0.7 1.9 0.3
v 0.8 1.9 0.3
v -0.4 1.9 0.2
v -0.3 1.9 0.2
v 0.3 1.9 0.2
v 0.4 1.9 0.2
v -0.4 1.9 -0.2
v -0.3 1.9 -0.2
v 0.3 1.9 -0.2
v 0.4 1.9 -0.2
v -0.8 1.9 -0.3
v -0.7 1.9 -0.3
v -0.4 1.9 -0.3
v -0.3 1.9 -0.3
v 0.3 1.9 -0.3
v 0.4 1.9 -0.3
v 0.7 1.9 -0.3
v 0.8 1.9 -0.3
v -0.8 1.9 -0.4
v -0.7 1.9 -0.4
v 0.7 1.9 -0.4
v 0.8 1.9 -0.4
v -1 1.9 -0.5
v -0.9 1.9 -0.5
v 0.9 1.9 -0.5
v 1 1.9 -0.5
v -1 1.9 -0.6
v -0.9 1.9 -0.6
v 0.9 1.9 -0.6
v 1 1.9 -0.6
v -0.4 1.9 -0.7
v -0.3 1.9 -0.7
v 0.3 1.9 -0.7
v 0.4 1.9 -0.7
v -0.4 1.9 -0.8
v -0.3 1.9 -0.8
v 0.3 1.9 -0.8
v 0.4 1.9 -0.8
v -0.3 1.9 -0.9
v -0.2 1.9 -0.9
v 0.2 1.9 -0.9
v 0.3 1.9 -0.9
v -0.7 1.9 -1
v -0.6 1.9 -1
v -0.3 1.9 -1
v -0.2 1.9 -1
v 0.2 1.9 -1
v 0.3 1.9 -1
v 0.6 1.9 -1
v 0.7 1.9 -1
v -0.7 1.9 -1.1
v -0.6 1.9 -1.1
v 0.6 1.9 -1.1
v 0.7 1.9 -1.1
v -1.1 2 1
v -1 2 1
v -0.8 2 1
v -0.7 2 1
v 0.7 2 1
v 0.8 2 1
v 1 2 1
v 1.1 2 1
v -1.1 2 0.9
v -1 2 0.9
v -0.8 2 0.9
v -0.7 2 0.9
v 0.7 2 0.9
v 0.8 2 0.9
v 1 2 0.9
v 1.1 2 0.9
v -1.1 2 0.7
v -1 2 0.7
v -0.3 2 0.7
v -0.2 2 0.7
v 0.2 2 0.7
v 0.3 2 0.7
v 1 2 0.7
v 1.1 2 0.7
v -1.1 2 0.6
v -1 2 0.6
v -0.7 2 0.6
v -0.6 2 0.6
v -0.4 2 0.6
v -0.3 2 0.6
v -0.2 2 0.6
v 0.2 2 0.6
v 0.3 2 0.6
v 0.4 2 0.6
v 0.6 2 0.6
v 0.7 2 0.6
v 1 2 0.6
v 1.1 2 0.6
v -0.7 2 0.5
v -0.6 2 0.5
v -0.4 2 0.5
v -0.3 2 0.5
v 0.3 2 0.5
v 0.4 2 0.5
v 0.6 2 0.5
v 0.7 2 0.5
v -0.6 2 0.4
v -0.5 2 0.4
v 0.5 2 0.4
v 0.6 2 0.4
v -0.6 2 0.3
v -0.5 2 0.3
v 0.5 2 0.3
v 0.6 2 0.3
v -0.6 2 -0.3
v -0.5 2 -0.3
v 0.5 2 -0.3
v 0.6 2 -0.3
v -0.6 2 -0.4
v -0.5 2 -0.4
v 0.5 2 -0.4
v 0.6 2 -0.4
v -0.7 2 -0.5
v -0.6 2 -0.5
v -0.4 2 -0.5
v -0.3 2 -0.5
v 0.3 2 -0.5
v 0.4 2 -0.5
v 0.6 2 -0.5
v 0.7 2 -0.5
v -1.1 2 -0.6
v -1 2 -0.6
v -0.7 2 -0.6
v -0.6 2 -0.6
v -0.4 2 -0.6
v -0.3 2 -0.6
v -0.2 2 -0.6
v 0.2 2 -0.6
v 0.3 2 -0.6
v 0.4 2 -0.6
v 0.6 2 -0.6
v 0.7 2 -0.6
v 1 2 -0.6
v 1.1 2 -0.6
v -1.1 2 -0.7
v -1 2 -0.7
v -0.3 2 -0.7
v -0.2 2 -0.7
v 0.2 2 -0.7
v 0.3 2 -0.7
v 1 2 -0.7
v 1.1 2 -0.7
v -1.1 2 -0.9
v -1 2 -0.9
v -0.8 2 -0.9
v -0.7 2 -0.9
v 0.7 2 -0.9
v 0.8 2 -0.9
v 1 2 -0.9
v 1.1 2 -0.9
v -1.1 2 -1
v -1 2 -1
v -0.8 2 -1
v -0.7 2 -1
v 0.7 2 -1
v 0.8 2 -1
v 1 2 -1
v 1.1 2 -1
v -0.7 2.1 0.8
v -0.6 2.1 0.8
v 0.6 2.1 0.8
v 0.7 2.1 0.8
v -0.8 2.1 0.7
v -0.7 2.1 0.7
v -0.6 2.1 0.7
v 0.6 2.1 0.7
v 0.7 2.1 0.7
v 0.8 2.1 0.7
v -0.8 2.1 0.6
v -0.7 2.1 0.6
v 0.7 2.1 0.6
v 0.8 2.1 0.6
v -1 2.1 0.4
v -0.9 2.1 0.4
v 0.9 2.1 0.4
v 1 2.1 0.4
v -1 2.1 0.3
v -0.9 2.1 0.3
v -0.7 2.1 0.3
v -0.6 2.1 0.3
v 0.6 2.1 0.3
v 0.7 2.1 0.3
v 0.9 2.1 0.3
v 1 2.1 0.3
v -0.7 2.1 0.2
v -0.6 2.1 0.2
v 0.6 2.1 0.2
v 0.7 2.1 0.2
v -0.7 2.1 -0.2
v -0.6 2.1 -0.2
v 0.6 2.1 -0.2
v 0.7 2.1 -0.2
v -1 2.1 -0.3
v -0.9 2.1 -0.3
v -0.7 2.1 -0.3
v -0.6 2.1 -0.3
v 0.6 2.1 -0.3
v 0.7 2.1 -0.3
v 0.9 2.1 -0.3
v 1 2.1 -0.3
v -1 2.1 -0.4
v -0.9 2.1 -0.4
v 0.9 2.1 -0.4
v 1 2.1 -0.4
v -0.8 2.1 -0.6
v -0.7 2.1 -0.6
v 0.7 2.1 -0.6
v 0.8 2.1 -0.6
v -0.8 2.1 -0.7
v -0.7 2.1 -0.7
v -0.6 2.1 -0.7
v 0.6 2.1 -0.7
v 0.7 2.1 -0.7
v 0.8 2.1 -0.7
v -0.7 2.1 -0.8
v -0.6 2.1 -0.8
v 0.6 2.1 -0.8
v 0.7 2.1 -0.8
v -1 2.2 1
v -0.9 2.2 1
v -0.4 2.2 1
v -0.3 2.2 1
v 0.3 2.2 1
v 0.4 2.2 1
v 0.9 2.2 1
v 1 2.2 1
v -1 2.2 0.9
v -0.9 2.2 0.9
v -0.4 2.2 0.9
v -0.3 2.2 0.9
v 0.3 2.2 0.9
v 0.4 2.2 0.9
v 0.9 2.2 0.9
v 1 2.2 0.9
v -0.4 2.2 0.4
v -0.3 2.2 0.4
v 0.3 2.2 0.4
v 0.4 2.2 0.4
v -0.4 2.2 0.3
v -0.3 2.2 0.3
v 0.3 2.2 0.3
v 0.4 2.2 0.3
v -0.4 2.2 -0.3
v -0.3 2.2 -0.3
v 0.3 2.2 -0.3
v 0.4 2.2 -0.3
v -0.4 2.2 -0.4
v -0.3 2.2 -0.4
v 0.3 2.2 -0.4
v 0.4 2.2 -0.4
v -1 2.2 -0.9
v -0.9 2.2 -0.9
v -0.4 2.2 -0.9
v -0.3 2.2 -0.9
v 0.3 2.2 -0.9
v 0.4 2.2 -0.9
v 0.9 2.2 -0.9
v 1 2.2 -0.9
v -1 2.2 -1
v -0.9 2.2 -1
v -0.4 2.2 -1
v -0.3 2.2 -1
v 0.3 2.2 -1
v 0.4 2.2 -1
v 0.9 2.2 -1
v 1 2.2 -1
v -0.7 2.3 1
v -0.6 2.3 1
v 0.6 2.3 1
v 0.7 2.3 1
v -0.7 2.3 0.9
v -0.6 2.3 0.9
v 0.6 2.3 0.9
v 0.7 2.3 0.9
v -1 2.3 0.7
v -0.9 2.3 0.7
v -0.7 2.3 0.7
v -0.6 2.3 0.7
v -0.4 2.3 0.7
v -0.3 2.3 0.7
v 0.3 2.3 0.7
v 0.4 2.3 0.7
v 0.6 2.3 0.7
v 0.7 2.3 0.7
v 0.9 2.3 0.7
v 1 2.3 0.7
v -1 2.3 0.6
v -0.9 2.3 0.6
v -0.7 2.3 0.6
v -0.6 2.3 0.6
v -0.4 2.3 0.6
v -0.3 2.3 0.6
v 0.3 2.3 0.6
v 0.4 2.3 0.6
v 0.6 2.3 0.6
v 0.7 2.3 0.6
v 0.9 2.3 0.6
v 1 2.3 0.6
v -0.7 2.3 0.4
v -0.6 2.3 0.4
v 0.6 2.3 0.4
v 0.7 2.3 0.4
v -0.7 2.3 0.3
v -0.6 2.3 0.3
v 0.6 2.3 0.3
v 0.7 2.3 0.3
v -0.7 2.3 -0.3
v -0.6 2.3 -0.3
v 0.6 2.3 -0.3
v 0.7 2.3 -0.3
v -0.7 2.3 -0.4
v -0.6 2.3 -0.4
v 0.6 2.3 -0.4
v 0.7 2.3 -0.4
v -1 2.3 -0.6
v -0.9 2.3 -0.6
v -0.7 2.3 -0.6
v -0.6 2.3 -0.6
v -0.4 2.3 -0.6
v -0.3 2.3 -0.6
v 0.3 2.3 -0.6
v 0.4 2.3 -0.6
v 0.6 2.3 -0.6
v 0.7 2.3 -0.6
v 0.9 2.3 -0.6
v 1 2.3 -0.6
v -1 2.3 -0.7
v -0.9 2.3 -0.7
v -0.7 2.3 -0.7
v -0.6 2.3 -0.7
v -0.4 2.3 -0.7
v -0.3 2.3 -0.7
v 0.3 2.3 -0.7
v 0.4 2.3 -0.7
v 0.6 2.3 -0.7
v 0.7 2.3 -0.7
v 0.9 2.3 -0.7
v 1 2.3 -0.7
v -0.7 2.3 -0.9
v -0.6 2.3 -0.9
v 0.6 2.3 -0.9
v 0.7 2.3 -0.9
v -0.7 2.3 -1
v -0.6 2.3 -1
v 0.6 2.3 -1
v 0.7 2.3 -1

# faces
f 13/2/1 4/2/1 3/2/1
f 14/2/1 4/2/1 13/2/1
f 15/2/1 6/2/1 5/2/1
f 16/2/1 6/2/1 15/2/1
f 17/2/1 8/2/1 7/2/1
f 18/2/1 8/2/1 17/2/1
f 19/2/1 10/2/1 9/2/1
f 20/2/1 10/2/1 19/2/1
f 21/2/1 2/2/1 1/2/1
f 22/2/1 2/2/1 21/2/1
f 23/2/1 13/2/1 3/2/1
f 24/2/1 13/2/1 23/2/1
f 25/2/1 15/2/1 5/2/1
f 26/2/1 15/2/1 25/2/1
f 27/2/1 8/2/1 18/2/1
f 28/2/1 8/2/1 27/2/1
f 29/2/1 10/2/1 20/2/1
f 30/2/1 10/2/1 29/2/1
f 31/2/1 12/2/1 11/2/1
f 32/2/1 12/2/1 31/2/1
f 33/2/1 2/2/1 22/2/1
f 34/2/1 2/2/1 33/2/1
f 35/2/1 13/2/1 24/2/1
f 36/2/1 13/2/1 35/2/1
f 37/2/1 29/2/1 20/2/1
f 38/2/1 29/2/1 37/2/1
f 39/2/1 31/2/1 11/2/1
f 40/2/1 31/2/1 39/2/1
f 54/2/1 44/2/1 43/2/1
f 55/2/1 46/2/1 45/2/1
f 61/2/1 50/2/1 49/2/1
f 62/2/1 50/2/1 61/2/1
f 63/3/1 52/3/1 51/3/1
f 64/3/1 52/3/1 63/3/1
f 65/3/1 54/3/1 53/3/1
f 65/2/1 44/2/1 54/2/1
f 66/2/1 44/2/1 65/2/1
f 67/2/1 55/2/1 45/2/1
f 68/3/1 56/3/1 55/3/1
f 68/2/1 55/2/1 67/2/1
f 69/3/1 58/3/1 57/3/1
f 70/3/1 58/3/1 69/3/1
f 71/2/1 60/2/1 59/2/1
f 72/2/1 60/2/1 71/2/1
f 73/3/1 42/3/1 41/3/1
f 74/3/1 42/3/1 73/3/1
f 75/3/1 65/3/1 53/3/1
f 76/3/1 65/3/1 75/3/1
f 77/3/1 56/3/1 68/3/1
f 78/3/1 56/3/1 77/3/1
f 79/3/1 48/3/1 47/3/1
f 80/3/1 48/3/1 79/3/1
f 85/2/1 76/2/1 75/2/1
f 86/2/1 76/2/1 85/2/1
f 87/2/1 78/2/1 77/2/1
f 88/2/1 78/2/1 87/2/1
f 93/2/1 82/2/1 81/2/1
f 94/2/1 82/2/1 93/2/1
f 95/2/1 84/2/1 83/2/1
f 96/2/1 84/2/1 95/2/1
f 97/1/1 86/1/1 85/1/1
f 98/1/1 86/1/1 97/1/1
f 99/1/1 88/1/1 87/1/1
f 100/1/1 88/1/1 99/1/1
f 101/2/1 90/2/1 89/2/1
f 102/2/1 90/2/1 101/2/1
f 103/2/1 92/2/1 91/2/1
f 104/2/1 92/2/1 103/2/1
f 105/1/1 94/1/1 93/1/1
f 106/1/1 94/1/1 105/1/1
f 107/1/1 104/1/1 103/1/1
f 108/1/1 104/1/1 107/1/1
f 109/1/1 96/1/1 95/1/1
f 110/1/1 96/1/1 109/1/1
f 111/1/1 102/1/1 101/1/1
f 112/1/1 102/1/1 111/1/1
f 129/2/1 114/2/1 113/2/1
f 130/3/1 115/3/1 114/3/1
f 130/2/1 114/2/1 129/2/1
f 131/3/1 119/3/1 118/3/1
f 131/2/1 120/2/1 119/2/1
f 132/2/1 120/2/1 131/2/1
f 133/2/1 122/2/1 121/2/1
f 134/3/1 123/3/1 122/3/1
f 134/2/1 122/2/1 133/2/1
f 135/2/1 128/2/1 127/2/1
f 135/3/1 127/3/1 126/3/1
f 136/2/1 128/2/1 135/2/1
f 137/3/1 117/3/1 116/3/1
f 138/3/1 117/3/1 137/3/1
f 139/3/1 117/3/1 138/3/1
f 140/3/1 117/3/1 139/3/1
f 141/3/1 125/3/1 124/3/1
f 142/3/1 125/3/1 141/3/1
f 143/3/1 125/3/1 142/3/1
f 144/3/1 125/3/1 143/3/1
f 145/3/1 131/3/1 118/3/1
f 146/3/1 131/3/1 145/3/1
f 147/3/1 123/3/1 134/3/1
f 148/3/1 123/3/1 147/3/1
f 149/3/1 115/3/1 130/3/1
f 150/3/1 115/3/1 149/3/1
f 151/3/1 135/3/1 126/3/1
f 152/3/1 135/3/1 151/3/1
f 153/2/1 139/2/1 138/2/1
f 154/2/1 139/2/1 153/2/1
f 155/2/1 143/2/1 142/2/1
f 156/2/1 143/2/1 155/2/1
f 173/2/1 158/2/1 157/2/1
f 174/2/1 158/2/1 173/2/1
f 176/2/1 160/2/1 159/2/1
f 177/2/1 162/2/1 161/2/1
f 179/2/1 164/2/1 163/2/1
f 180/2/1 164/2/1 179/2/1
f 183/2/1 168/2/1 167/2/1
f 184/2/1 168/2/1 183/2/1
f 185/2/1 170/2/1 169/2/1
f 186/2/1 170/2/1 185/2/1
f 189/2/1 182/2/1 181/2/1
f 190/2/1 182/2/1 189/2/1
f 191/2/1 166/2/1 165/2/1
f 192/2/1 166/2/1 191/2/1
f 194/2/1 176/2/1 175/2/1
f 195/2/1 160/2/1 176/2/1
f 195/2/1 176/2/1 194/2/1
f 196/2/1 160/2/1 195/2/1
f 197/2/1 178/2/1 177/2/1
f 197/2/1 177/2/1 161/2/1
f 198/2/1 178/2/1 197/2/1
f 199/2/1 178/2/1 198/2/1
f 201/2/1 172/2/1 171/2/1
f 202/2/1 172/2/1 201/2/1
f 203/2/1 188/2/1 187/2/1
f 204/2/1 188/2/1 203/2/1
f 205/1/1 190/1/1 189/1/1
f 206/1/1 190/1/1 205/1/1
f 207/1/1 193/1/1 192/1/1
f 208/1/1 193/1/1 207/1/1
f 209/1/1 195/1/1 194/1/1
f 210/1/1 195/1/1 209/1/1
f 211/1/1 199/1/1 198/1/1
f 212/1/1 199/1/1 211/1/1
f 213/1/1 201/1/1 200/1/1
f 214/1/1 201/1/1 213/1/1
f 215/1/1 204/1/1 203/1/1
f 216/1/1 204/1/1 215/1/1
f 231/3/1 218/3/1 217/3/1
f 232/3/1 218/3/1 231/3/1
f 233/3/1 230/3/1 229/3/1
f 234/3/1 230/3/1 233/3/1
f 235/3/1 220/3/1 219/3/1
f 236/3/1 220/3/1 235/3/1
f 237/3/1 220/3/1 236/3/1
f 238/3/1 220/3/1 237/3/1
f 239/3/1 222/3/1 221/3/1
f 239/2/1 223/2/1 222/2/1
f 240/2/1 223/2/1 239/2/1
f 241/2/1 225/2/1 224/2/1
f 242/3/1 226/3/1 225/3/1
f 242/2/1 225/2/1 241/2/1
f 243/3/1 228/3/1 227/3/1
f 244/3/1 228/3/1 243/3/1
f 245/3/1 228/3/1 244/3/1
f 246/3/1 228/3/1 245/3/1
f 247/3/1 218/3/1 232/3/1
f 248/3/1 218/3/1 247/3/1
f 249/3/1 237/3/1 236/3/1
f 250/2/1 238/2/1 237/2/1
f 250/3/1 237/3/1 249/3/1
f 251/2/1 238/2/1 250/2/1
f 252/3/1 239/3/1 221/3/1
f 253/3/1 239/3/1 252/3/1
f 254/3/1 226/3/1 242/3/1
f 255/3/1 226/3/1 254/3/1
f 256/2/1 244/2/1 243/2/1
f 257/3/1 245/3/1 244/3/1
f 257/2/1 244/2/1 256/2/1
f 258/3/1 245/3/1 257/3/1
f 259/3/1 233/3/1 229/3/1
f 260/3/1 233/3/1 259/3/1
f 261/2/1 248/2/1 247/2/1
f 262/2/1 248/2/1 261/2/1
f 263/2/1 250/2/1 249/2/1
f 264/2/1 250/2/1 263/2/1
f 265/2/1 253/2/1 252/2/1
f 266/2/1 253/2/1 265/2/1
f 267/2/1 255/2/1 254/2/1
f 268/2/1 255/2/1 267/2/1
f 269/2/1 258/2/1 257/2/1
f 270/2/1 258/2/1 269/2/1
f 271/2/1 260/2/1 259/2/1
f 272/2/1 260/2/1 271/2/1
f 273/1/1 262/1/1 261/1/1
f 274/1/1 262/1/1 273/1/1
f 275/1/1 266/1/1 265/1/1
f 276/1/1 266/1/1 275/1/1
f 277/1/1 268/1/1 267/1/1
f 278/1/1 268/1/1 277/1/1
f 279/1/1 272/1/1 271/1/1
f 280/1/1 272/1/1 279/1/1
f 281/1/1 264/1/1 263/1/1
f 282/1/1 264/1/1 281/1/1
f 283/1/1 270/1/1 269/1/1
f 284/1/1 270/1/1 283/1/1
f 299/2/1 286/2/1 285/2/1
f 300/2/1 286/2/1 299/2/1
f 301/2/1 288/2/1 287/2/1
f 302/2/1 288/2/1 301/2/1
f 303/3/1 289/3/1 288/3/1
f 303/2/1 288/2/1 302/2/1
f 304/3/1 289/3/1 303/3/1
f 305/2/1 291/2/1 290/2/1
f 306/2/1 291/2/1 305/2/1
f 307/2/1 293/2/1 292/2/1
f 308/2/1 293/2/1 307/2/1
f 309/3/1 295/3/1 294/3/1
f 310/2/1 296/2/1 295/2/1
f 310/3/1 295/3/1 309/3/1
f 311/2/1 296/2/1 310/2/1
f 312/2/1 296/2/1 311/2/1
f 313/2/1 298/2/1 297/2/1
f 314/2/1 298/2/1 313/2/1
f 315/2/1 305/2/1 290/2/1
f 316/2/1 305/2/1 315/2/1
f 317/2/1 293/2/1 308/2/1
f 318/2/1 293/2/1 317/2/1
f 319/2/1 286/2/1 300/2/1
f 320/2/1 286/2/1 319/2/1
f 321/2/1 313/2/1 297/2/1
f 322/2/1 313/2/1 321/2/1
f 323/2/1 303/2/1 302/2/1
f 324/2/1 303/2/1 323/2/1
f 325/2/1 311/2/1 310/2/1
f 326/2/1 311/2/1 325/2/1
f 343/3/1 328/3/1 327/3/1
f 344/3/1 328/3/1 343/3/1
f 346/2/1 334/2/1 333/2/1
f 347/2/1 336/2/1 335/2/1
f 349/3/1 342/3/1 341/3/1
f 350/3/1 342/3/1 349/3/1
f 353/3/1 330/3/1 329/3/1
f 354/3/1 330/3/1 353/3/1
f 355/3/1 332/3/1 331/3/1
f 356/3/1 332/3/1 355/3/1
f 357/3/1 346/3/1 345/3/1
f 357/2/1 334/2/1 346/2/1
f 358/2/1 334/2/1 357/2/1
f 359/2/1 347/2/1 335/2/1
f 360/3/1 348/3/1 347/3/1
f 360/2/1 347/2/1 359/2/1
f 361/3/1 338/3/1 337/3/1
f 362/3/1 338/3/1 361/3/1
f 363/3/1 340/3/1 339/3/1
f 364/3/1 340/3/1 363/3/1
f 367/3/1 352/3/1 351/3/1
f 368/3/1 352/3/1 367/3/1
f 370/2/1 356/2/1 355/2/1
f 371/2/1 356/2/1 370/2/1
f 372/3/1 357/3/1 345/3/1
f 373/3/1 357/3/1 372/3/1
f 374/3/1 348/3/1 360/3/1
f 375/3/1 348/3/1 374/3/1
f 376/2/1 362/2/1 361/2/1
f 377/2/1 362/2/1 376/2/1
f 379/3/1 366/3/1 365/3/1
f 380/3/1 366/3/1 379/3/1
f 381/2/1 368/2/1 367/2/1
f 382/2/1 368/2/1 381/2/1
f 383/2/1 370/2/1 369/2/1
f 384/2/1 370/2/1 383/2/1
f 385/2/1 373/2/1 372/2/1
f 386/2/1 373/2/1 385/2/1
f 387/2/1 375/2/1 374/2/1
f 388/2/1 375/2/1 387/2/1
f 389/2/1 378/2/1 377/2/1
f 390/2/1 378/2/1 389/2/1
f 391/2/1 380/2/1 379/2/1
f 392/2/1 380/2/1 391/2/1
f 393/1/1 382/1/1 381/1/1
f 394/1/1 382/1/1 393/1/1
f 395/1/1 386/1/1 385/1/1
f 396/1/1 386/1/1 395/1/1
f 397/1/1 388/1/1 387/1/1
f 398/1/1 388/1/1 397/1/1
f 399/1/1 392/1/1 391/1/1
f 400/1/1 392/1/1 399/1/1
f 401/1/1 384/1/1 383/1/1
f 402/1/1 384/1/1 401/1/1
f 403/1/1 390/1/1 389/1/1
f 404/1/1 390/1/1 403/1/1
f 419/2/1 406/2/1 405/2/1
f 420/3/1 407/3/1 406/3/1
f 420/2/1 406/2/1 419/2/1
f 421/3/1 409/3/1 408/3/1
f 422/3/1 409/3/1 421/3/1
f 423/2/1 411/2/1 410/2/1
f 424/2/1 411/2/1 423/2/1
f 425/2/1 413/2/1 412/2/1
f 426/2/1 413/2/1 425/2/1
f 427/3/1 415/3/1 414/3/1
f 428/3/1 415/3/1 427/3/1
f 429/2/1 418/2/1 417/2/1
f 429/3/1 417/3/1 416/3/1
f 430/2/1 418/2/1 429/2/1
f 431/3/1 407/3/1 420/3/1
f 432/3/1 407/3/1 431/3/1
f 433/3/1 409/3/1 422/3/1
f 434/3/1 409/3/1 433/3/1
f 435/3/1 427/3/1 414/3/1
f 436/3/1 427/3/1 435/3/1
f 437/3/1 429/3/1 416/3/1
f 438/3/1 429/3/1 437/3/1
f 439/3/1 433/3/1 422/3/1
f 440/3/1 433/3/1 439/3/1
f 441/2/1 411/2/1 424/2/1
f 441/3/1 424/3/1 423/3/1
f 442/2/1 411/2/1 441/2/1
f 443/2/1 425/2/1 412/2/1
f 444/3/1 426/3/1 425/3/1
f 444/2/1 425/2/1 443/2/1
f 445/3/1 427/3/1 436/3/1
f 446/3/1 427/3/1 445/3/1
f 447/3/1 441/3/1 423/3/1
f 448/3/1 441/3/1 447/3/1
f 449/3/1 426/3/1 444/3/1
f 450/3/1 426/3/1 449/3/1
f 459/2/1 452/2/1 451/2/1
f 466/2/1 458/2/1 457/2/1
f 467/3/1 454/3/1 453/3/1
f 468/3/1 454/3/1 467/3/1
f 469/3/1 462/3/1 461/3/1
f 470/3/1 462/3/1 469/3/1
f 475/3/1 464/3/1 463/3/1
f 476/3/1 464/3/1 475/3/1
f 477/3/1 456/3/1 455/3/1
f 478/3/1 456/3/1 477/3/1
f 479/2/1 459/2/1 451/2/1
f 479/2/1 460/2/1 459/2/1
f 480/2/1 460/2/1 479/2/1
f 481/2/1 466/2/1 465/2/1
f 481/2/1 458/2/1 466/2/1
f 482/2/1 458/2/1 481/2/1
f 483/2/1 468/2/1 467/2/1
f 483/2/1 469/2/1 468/2/1
f 483/2/1 470/2/1 469/2/1
f 484/2/1 470/2/1 483/2/1
f 486/2/1 472/2/1 471/2/1
f 487/2/1 474/2/1 473/2/1
f 489/2/1 476/2/1 475/2/1
f 489/2/1 478/2/1 477/2/1
f 489/2/1 477/2/1 476/2/1
f 490/2/1 478/2/1 489/2/1
f 491/2/1 460/2/1 480/2/1
f 492/2/1 460/2/1 491/2/1
f 493/2/1 483/2/1 467/2/1
f 494/2/1 483/2/1 493/2/1
f 495/2/1 483/2/1 494/2/1
f 496/2/1 486/2/1 485/2/1
f 497/2/1 472/2/1 486/2/1
f 497/2/1 486/2/1 496/2/1
f 498/2/1 472/2/1 497/2/1
f 499/2/1 488/2/1 487/2/1
f 499/2/1 487/2/1 473/2/1
f 500/2/1 488/2/1 499/2/1
f 501/2/1 488/2/1 500/2/1
f 502/2/1 478/2/1 490/2/1
f 503/2/1 478/2/1 502/2/1
f 504/2/1 478/2/1 503/2/1
f 505/2/1 481/2/1 465/2/1
f 506/2/1 481/2/1 505/2/1
f 507/1/1 492/1/1 491/1/1
f 508/1/1 492/1/1 507/1/1
f 509/1/1 495/1/1 494/1/1
f 510/1/1 495/1/1 509/1/1
f 511/1/1 497/1/1 496/1/1
f 512/1/1 497/1/1 511/1/1
f 513/1/1 501/1/1 500/1/1
f 514/1/1 501/1/1 513/1/1
f 515/1/1 503/1/1 502/1/1
f 516/1/1 503/1/1 515/1/1
f 517/1/1 506/1/1 505/1/1
f 518/1/1 506/1/1 517/1/1
f 535/2/1 520/2/1 519/2/1
f 536/3/1 521/3/1 520/3/1
f 536/2/1 520/2/1 535/2/1
f 537/3/1 523/3/1 522/3/1
f 538/3/1 523/3/1 537/3/1
f 539/3/1 525/3/1 524/3/1
f 539/2/1 526/2/1 525/2/1
f 540/2/1 526/2/1 539/2/1
f 541/2/1 528/2/1 527/2/1
f 542/3/1 529/3/1 528/3/1
f 542/2/1 528/2/1 541/2/1
f 543/3/1 531/3/1 530/3/1
f 544/3/1 531/3/1 543/3/1
f 545/2/1 534/2/1 533/2/1
f 545/3/1 533/3/1 532/3/1
f 546/2/1 534/2/1 545/2/1
f 547/3/1 523/3/1 538/3/1
f 548/3/1 523/3/1 547/3/1
f 549/3/1 523/3/1 548/3/1
f 550/3/1 539/3/1 524/3/1
f 551/3/1 539/3/1 550/3/1
f 552/3/1 529/3/1 542/3/1
f 553/3/1 529/3/1 552/3/1
f 554/3/1 543/3/1 530/3/1
f 555/3/1 543/3/1 554/3/1
f 556/3/1 543/3/1 555/3/1
f 557/3/1 521/3/1 536/3/1
f 558/3/1 521/3/1 557/3/1
f 559/2/1 551/2/1 550/2/1
f 560/2/1 551/2/1 559/2/1
f 561/2/1 553/2/1 552/2/1
f 562/2/1 553/2/1 561/2/1
f 563/3/1 545/3/1 532/3/1
f 564/3/1 545/3/1 563/3/1
f 565/2/1 558/2/1 557/2/1
f 566/2/1 558/2/1 565/2/1
f 567/2/1 548/2/1 547/2/1
f 568/2/1 548/2/1 567/2/1
f 569/1/1 560/1/1 559/1/1
f 570/1/1 560/1/1 569/1/1
f 571/1/1 562/1/1 561/1/1
f 572/1/1 562/1/1 571/1/1
f 573/2/1 556/2/1 555/2/1
f 574/2/1 556/2/1 573/2/1
f 575/2/1 564/2/1 563/2/1
f 576/2/1 564/2/1 575/2/1
f 577/1/1 566/1/1 565/1/1
f 578/1/1 566/1/1 577/1/1
f 579/1/1 576/1/1 575/1/1
f 580/1/1 576/1/1 579/1/1
f 581/1/1 568/1/1 567/1/1
f 582/1/1 568/1/1 581/1/1
f 583/1/1 574/1/1 573/1/1
f 584/1/1 574/1/1 583/1/1
f 585/2/2 586/2/2 601/2/2
f 586/3/2 587/3/2 602/3/2
f 601/2/2 586/2/2 602/2/2
f 588/3/2 589/3/2 603/3/2
f 603/3/2 589/3/2 604/3/2
f 590/3/2 591/3/2 605/3/2
f 591/2/2 592/2/2 605/2/2
f 605/2/2 592/2/2 606/2/2
f 593/2/2 594/2/2 607/2/2
f 594/3/2 595/3/2 608/3/2
f 607/2/2 594/2/2 608/2/2
f 596/3/2 597/3/2 609/3/2
f 609/3/2 597/3/2 610/3/2
f 599/2/2 600/2/2 611/2/2
f 598/3/2 599/3/2 611/3/2
f 611/2/2 600/2/2 612/2/2
f 604/3/2 589/3/2 613/3/2
f 613/3/2 589/3/2 614/3/2
f 614/3/2 589/3/2 615/3/2
f 590/3/2 605/3/2 616/3/2
f 616/3/2 605/3/2 617/3/2
f 608/3/2 595/3/2 618/3/2
f 618/3/2 595/3/2 619/3/2
f 596/3/2 609/3/2 620/3/2
f 620/3/2 609/3/2 621/3/2
f 621/3/2 609/3/2 622/3/2
f 602/3/2 587/3/2 623/3/2
f 623/3/2 587/3/2 624/3/2
f 616/2/2 617/2/2 625/2/2
f 625/2/2 617/2/2 626/2/2
f 618/2/2 619/2/2 627/2/2
f 627/2/2 619/2/2 628/2/2
f 598/3/2 611/3/2 629/3/2
f 629/3/2 611/3/2 630/3/2
f 623/2/2 624/2/2 631/2/2
f 631/2/2 624/2/2 632/2/2
f 613/2/2 614/2/2 633/2/2
f 633/2/2 614/2/2 634/2/2
f 625/1/2 626/1/2 635/1/2
f 635/1/2 626/1/2 636/1/2
f 627/1/2 628/1/2 637/1/2
f 637/1/2 628/1/2 638/1/2
f 621/2/2 622/2/2 639/2/2
f 639/2/2 622/2/2 640/2/2
f 629/2/2 630/2/2 641/2/2
f 641/2/2 630/2/2 642/2/2
f 631/1/2 632/1/2 643/1/2
f 643/1/2 632/1/2 644/1/2
f 641/1/2 642/1/2 645/1/2
f 645/1/2 642/1/2 646/1/2
f 633/1/2 634/1/2 647/1/2
f 647/1/2 634/1/2 648/1/2
f 639/1/2 640/1/2 649/1/2
f 649/1/2 640/1/2 650/1/2
f 651/2/2 652/2/2 659/2/2
f 657/2/2 658/2/2 666/2/2
f 653/3/2 654/3/2 667/3/2
f 667/3/2 654/3/2 668/3/2
f 661/3/2 662/3/2 669/3/2
f 669/3/2 662/3/2 670/3/2
f 663/3/2 664/3/2 675/3/2
f 675/3/2 664/3/2 676/3/2
f 655/3/2 656/3/2 677/3/2
f 677/3/2 656/3/2 678/3/2
f 651/2/2 659/2/2 679/2/2
f 659/2/2 660/2/2 679/2/2
f 679/2/2 660/2/2 680/2/2
f 665/2/2 666/2/2 681/2/2
f 666/2/2 658/2/2 681/2/2
f 681/2/2 658/2/2 682/2/2
f 667/2/2 668/2/2 683/2/2
f 668/2/2 669/2/2 683/2/2
f 669/2/2 670/2/2 683/2/2
f 683/2/2 670/2/2 684/2/2
f 671/2/2 672/2/2 686/2/2
f 673/2/2 674/2/2 687/2/2
f 675/2/2 676/2/2 689/2/2
f 677/2/2 678/2/2 689/2/2
f 676/2/2 677/2/2 689/2/2
f 689/2/2 678/2/2 690/2/2
f 680/2/2 660/2/2 691/2/2
f 691/2/2 660/2/2 692/2/2
f 667/2/2 683/2/2 693/2/2
f 693/2/2 683/2/2 694/2/2
f 694/2/2 683/2/2 695/2/2
f 685/2/2 686/2/2 696/2/2
f 686/2/2 672/2/2 697/2/2
f 696/2/2 686/2/2 697/2/2
f 697/2/2 672/2/2 698/2/2
f 687/2/2 688/2/2 699/2/2
f 673/2/2 687/2/2 699/2/2
f 699/2/2 688/2/2 700/2/2
f 700/2/2 688/2/2 701/2/2
f 690/2/2 678/2/2 702/2/2
f 702/2/2 678/2/2 703/2/2
f 703/2/2 678/2/2 704/2/2
f 665/2/2 681/2/2 705/2/2
f 705/2/2 681/2/2 706/2/2
f 691/1/2 692/1/2 707/1/2
f 707/1/2 692/1/2 708/1/2
f 694/1/2 695/1/2 709/1/2
f 709/1/2 695/1/2 710/1/2
f 696/1/2 697/1/2 711/1/2
f 711/1/2 697/1/2 712/1/2
f 700/1/2 701/1/2 713/1/2
f 713/1/2 701/1/2 714/1/2
f 702/1/2 703/1/2 715/1/2
f 715/1/2 703/1/2 716/1/2
f 705/1/2 706/1/2 717/1/2
f 717/1/2 706/1/2 718/1/2
f 719/2/2 720/2/2 733/2/2
f 720/3/2 721/3/2 734/3/2
f 733/2/2 720/2/2 734/2/2
f 722/3/2 723/3/2 735/3/2
f 735/3/2 723/3/2 736/3/2
f 724/2/2 725/2/2 737/2/2
f 737/2/2 725/2/2 738/2/2
f 726/2/2 727/2/2 739/2/2
f 739/2/2 727/2/2 740/2/2
f 728/3/2 729/3/2 741/3/2
f 741/3/2 729/3/2 742/3/2
f 731/2/2 732/2/2 743/2/2
f 730/3/2 731/3/2 743/3/2
f 743/2/2 732/2/2 744/2/2
f 734/3/2 721/3/2 745/3/2
f 745/3/2 721/3/2 746/3/2
f 736/3/2 723/3/2 747/3/2
f 747/3/2 723/3/2 748/3/2
f 728/3/2 741/3/2 749/3/2
f 749/3/2 741/3/2 750/3/2
f 730/3/2 743/3/2 751/3/2
f 751/3/2 743/3/2 752/3/2
f 736/3/2 747/3/2 753/3/2
f 753/3/2 747/3/2 754/3/2
f 738/2/2 725/2/2 755/2/2
f 737/3/2 738/3/2 755/3/2
f 755/2/2 725/2/2 756/2/2
f 726/2/2 739/2/2 757/2/2
f 739/3/2 740/3/2 758/3/2
f 757/2/2 739/2/2 758/2/2
f 750/3/2 741/3/2 759/3/2
f 759/3/2 741/3/2 760/3/2
f 737/3/2 755/3/2 761/3/2
f 761/3/2 755/3/2 762/3/2
f 758/3/2 740/3/2 763/3/2
f 763/3/2 740/3/2 764/3/2
f 765/3/2 766/3/2 781/3/2
f 781/3/2 766/3/2 782/3/2
f 771/2/2 772/2/2 784/2/2
f 773/2/2 774/2/2 785/2/2
f 779/3/2 780/3/2 787/3/2
f 787/3/2 780/3/2 788/3/2
f 767/3/2 768/3/2 791/3/2
f 791/3/2 768/3/2 792/3/2
f 769/3/2 770/3/2 793/3/2
f 793/3/2 770/3/2 794/3/2
f 783/3/2 784/3/2 795/3/2
f 784/2/2 772/2/2 795/2/2
f 795/2/2 772/2/2 796/2/2
f 773/2/2 785/2/2 797/2/2
f 785/3/2 786/3/2 798/3/2
f 797/2/2 785/2/2 798/2/2
f 775/3/2 776/3/2 799/3/2
f 799/3/2 776/3/2 800/3/2
f 777/3/2 778/3/2 801/3/2
f 801/3/2 778/3/2 802/3/2
f 789/3/2 790/3/2 805/3/2
f 805/3/2 790/3/2 806/3/2
f 793/2/2 794/2/2 808/2/2
f 808/2/2 794/2/2 809/2/2
f 783/3/2 795/3/2 810/3/2
f 810/3/2 795/3/2 811/3/2
f 798/3/2 786/3/2 812/3/2
f 812/3/2 786/3/2 813/3/2
f 799/2/2 800/2/2 814/2/2
f 814/2/2 800/2/2 815/2/2
f 803/3/2 804/3/2 817/3/2
f 817/3/2 804/3/2 818/3/2
f 805/2/2 806/2/2 819/2/2
f 819/2/2 806/2/2 820/2/2
f 807/2/2 808/2/2 821/2/2
f 821/2/2 808/2/2 822/2/2
f 810/2/2 811/2/2 823/2/2
f 823/2/2 811/2/2 824/2/2
f 812/2/2 813/2/2 825/2/2
f 825/2/2 813/2/2 826/2/2
f 815/2/2 816/2/2 827/2/2
f 827/2/2 816/2/2 828/2/2
f 817/2/2 818/2/2 829/2/2
f 829/2/2 818/2/2 830/2/2
f 819/1/2 820/1/2 831/1/2
f 831/1/2 820/1/2 832/1/2
f 823/1/2 824/1/2 833/1/2
f 833/1/2 824/1/2 834/1/2
f 825/1/2 826/1/2 835/1/2
f 835/1/2 826/1/2 836/1/2
f 829/1/2 830/1/2 837/1/2
f 837/1/2 830/1/2 838/1/2
f 821/1/2 822/1/2 839/1/2
f 839/1/2 822/1/2 840/1/2
f 827/1/2 828/1/2 841/1/2
f 841/1/2 828/1/2 842/1/2
f 843/2/2 844/2/2 857/2/2
f 857/2/2 844/2/2 858/2/2
f 845/2/2 846/2/2 859/2/2
f 859/2/2 846/2/2 860/2/2
f 846/3/2 847/3/2 861/3/2
f 860/2/2 846/2/2 861/2/2
f 861/3/2 847/3/2 862/3/2
f 848/2/2 849/2/2 863/2/2
f 863/2/2 849/2/2 864/2/2
f 850/2/2 851/2/2 865/2/2
f 865/2/2 851/2/2 866/2/2
f 852/3/2 853/3/2 867/3/2
f 853/2/2 854/2/2 868/2/2
f 867/3/2 853/3/2 868/3/2
f 868/2/2 854/2/2 869/2/2
f 869/2/2 854/2/2 870/2/2
f 855/2/2 856/2/2 871/2/2
f 871/2/2 856/2/2 872/2/2
f 848/2/2 863/2/2 873/2/2
f 873/2/2 863/2/2 874/2/2
f 866/2/2 851/2/2 875/2/2
f 875/2/2 851/2/2 876/2/2
f 858/2/2 844/2/2 877/2/2
f 877/2/2 844/2/2 878/2/2
f 855/2/2 871/2/2 879/2/2
f 879/2/2 871/2/2 880/2/2
f 860/2/2 861/2/2 881/2/2
f 881/2/2 861/2/2 882/2/2
f 868/2/2 869/2/2 883/2/2
f 883/2/2 869/2/2 884/2/2
f 885/3/2 886/3/2 899/3/2
f 899/3/2 886/3/2 900/3/2
f 897/3/2 898/3/2 901/3/2
f 901/3/2 898/3/2 902/3/2
f 887/3/2 888/3/2 903/3/2
f 903/3/2 888/3/2 904/3/2
f 904/3/2 888/3/2 905/3/2
f 905/3/2 888/3/2 906/3/2
f 889/3/2 890/3/2 907/3/2
f 890/2/2 891/2/2 907/2/2
f 907/2/2 891/2/2 908/2/2
f 892/2/2 893/2/2 909/2/2
f 893/3/2 894/3/2 910/3/2
f 909/2/2 893/2/2 910/2/2
f 895/3/2 896/3/2 911/3/2
f 911/3/2 896/3/2 912/3/2
f 912/3/2 896/3/2 913/3/2
f 913/3/2 896/3/2 914/3/2
f 900/3/2 886/3/2 915/3/2
f 915/3/2 886/3/2 916/3/2
f 904/3/2 905/3/2 917/3/2
f 905/2/2 906/2/2 918/2/2
f 917/3/2 905/3/2 918/3/2
f 918/2/2 906/2/2 919/2/2
f 889/3/2 907/3/2 920/3/2
f 920/3/2 907/3/2 921/3/2
f 910/3/2 894/3/2 922/3/2
f 922/3/2 894/3/2 923/3/2
f 911/2/2 912/2/2 924/2/2
f 912/3/2 913/3/2 925/3/2
f 924/2/2 912/2/2 925/2/2
f 925/3/2 913/3/2 926/3/2
f 897/3/2 901/3/2 927/3/2
f 927/3/2 901/3/2 928/3/2
f 915/2/2 916/2/2 929/2/2
f 929/2/2 916/2/2 930/2/2
f 917/2/2 918/2/2 931/2/2
f 931/2/2 918/2/2 932/2/2
f 920/2/2 921/2/2 933/2/2
f 933/2/2 921/2/2 934/2/2
f 922/2/2 923/2/2 935/2/2
f 935/2/2 923/2/2 936/2/2
f 925/2/2 926/2/2 937/2/2
f 937/2/2 926/2/2 938/2/2
f 927/2/2 928/2/2 939/2/2
f 939/2/2 928/2/2 940/2/2
f 929/1/2 930/1/2 941/1/2
f 941/1/2 930/1/2 942/1/2
f 933/1/2 934/1/2 943/1/2
f 943/1/2 934/1/2 944/1/2
f 935/1/2 936/1/2 945/1/2
f 945/1/2 936/1/2 946/1/2
f 939/1/2 940/1/2 947/1/2
f 947/1/2 940/1/2 948/1/2
f 931/1/2 932/1/2 949/1/2
f 949/1/2 932/1/2 950/1/2
f 937/1/2 938/1/2 951/1/2
f 951/1/2 938/1/2 952/1/2
f 953/2/2 954/2/2 969/2/2
f 969/2/2 954/2/2 970/2/2
f 955/2/2 956/2/2 972/2/2
f 957/2/2 958/2/2 973/2/2
f 959/2/2 960/2/2 975/2/2
f 975/2/2 960/2/2 976/2/2
f 963/2/2 964/2/2 979/2/2
f 979/2/2 964/2/2 980/2/2
f 965/2/2 966/2/2 981/2/2
f 981/2/2 966/2/2 982/2/2
f 977/2/2 978/2/2 985/2/2
f 985/2/2 978/2/2 986/2/2
f 961/2/2 962/2/2 987/2/2
f 987/2/2 962/2/2 988/2/2
f 971/2/2 972/2/2 990/2/2
f 972/2/2 956/2/2 991/2/2
f 990/2/2 972/2/2 991/2/2
f 991/2/2 956/2/2 992/2/2
f 973/2/2 974/2/2 993/2/2
f 957/2/2 973/2/2 993/2/2
f 993/2/2 974/2/2 994/2/2
f 994/2/2 974/2/2 995/2/2
f 967/2/2 968/2/2 997/2/2
f 997/2/2 968/2/2 998/2/2
f 983/2/2 984/2/2 999/2/2
f 999/2/2 984/2/2 1000/2/2
f 985/1/2 986/1/2 1001/1/2
f 1001/1/2 986/1/2 1002/1/2
f 988/1/2 989/1/2 1003/1/2
f 1003/1/2 989/1/2 1004/1/2
f 990/1/2 991/1/2 1005/1/2
f 1005/1/2 991/1/2 1006/1/2
f 994/1/2 995/1/2 1007/1/2
f 1007/1/2 995/1/2 1008/1/2
f 996/1/2 997/1/2 1009/1/2
f 1009/1/2 997/1/2 1010/1/2
f 999/1/2 1000/1/2 1011/1/2
f 1011/1/2 1000/1/2 1012/1/2
f 1013/2/2 1014/2/2 1029/2/2
f 1014/3/2 1015/3/2 1030/3/2
f 1029/2/2 1014/2/2 1030/2/2
f 1018/3/2 1019/3/2 1031/3/2
f 1019/2/2 1020/2/2 1031/2/2
f 1031/2/2 1020/2/2 1032/2/2
f 1021/2/2 1022/2/2 1033/2/2
f 1022/3/2 1023/3/2 1034/3/2
f 1033/2/2 1022/2/2 1034/2/2
f 1027/2/2 1028/2/2 1035/2/2
f 1026/3/2 1027/3/2 1035/3/2
f 1035/2/2 1028/2/2 1036/2/2
f 1016/3/2 1017/3/2 1037/3/2
f 1037/3/2 1017/3/2 1038/3/2
f 1038/3/2 1017/3/2 1039/3/2
f 1039/3/2 1017/3/2 1040/3/2
f 1024/3/2 1025/3/2 1041/3/2
f 1041/3/2 1025/3/2 1042/3/2
f 1042/3/2 1025/3/2 1043/3/2
f 1043/3/2 1025/3/2 1044/3/2
f 1018/3/2 1031/3/2 1045/3/2
f 1045/3/2 1031/3/2 1046/3/2
f 1034/3/2 1023/3/2 1047/3/2
f 1047/3/2 1023/3/2 1048/3/2
f 1030/3/2 1015/3/2 1049/3/2
f 1049/3/2 1015/3/2 1050/3/2
f 1026/3/2 1035/3/2 1051/3/2
f 1051/3/2 1035/3/2 1052/3/2
f 1038/2/2 1039/2/2 1053/2/2
f 1053/2/2 1039/2/2 1054/2/2
f 1042/2/2 1043/2/2 1055/2/2
f 1055/2/2 1043/2/2 1056/2/2
f 1059/2/2 1060/2/2 1070/2/2
f 1061/2/2 1062/2/2 1071/2/2
f 1065/2/2 1066/2/2 1077/2/2
f 1077/2/2 1066/2/2 1078/2/2
f 1067/3/2 1068/3/2 1079/3/2
f 1079/3/2 1068/3/2 1080/3/2
f 1069/3/2 1070/3/2 1081/3/2
f 1070/2/2 1060/2/2 1081/2/2
f 1081/2/2 1060/2/2 1082/2/2
f 1061/2/2 1071/2/2 1083/2/2
f 1071/3/2 1072/3/2 1084/3/2
f 1083/2/2 1071/2/2 1084/2/2
f 1073/3/2 1074/3/2 1085/3/2
f 1085/3/2 1074/3/2 1086/3/2
f 1075/2/2 1076/2/2 1087/2/2
f 1087/2/2 1076/2/2 1088/2/2
f 1057/3/2 1058/3/2 1089/3/2
f 1089/3/2 1058/3/2 1090/3/2
f 1069/3/2 1081/3/2 1091/3/2
f 1091/3/2 1081/3/2 1092/3/2
f 1084/3/2 1072/3/2 1093/3/2
f 1093/3/2 1072/3/2 1094/3/2
f 1063/3/2 1064/3/2 1095/3/2
f 1095/3/2 1064/3/2 1096/3/2
f 1091/2/2 1092/2/2 1101/2/2
f 1101/2/2 1092/2/2 1102/2/2
f 1093/2/2 1094/2/2 1103/2/2
f 1103/2/2 1094/2/2 1104/2/2
f 1097/2/2 1098/2/2 1109/2/2
f 1109/2/2 1098/2/2 1110/2/2
f 1099/2/2 1100/2/2 1111/2/2
f 1111/2/2 1100/2/2 1112/2/2
f 1101/1/2 1102/1/2 1113/1/2
f 1113/1/2 1102/1/2 1114/1/2
f 1103/1/2 1104/1/2 1115/1/2
f 1115/1/2 1104/1/2 1116/1/2
f 1105/2/2 1106/2/2 1117/2/2
f 1117/2/2 1106/2/2 1118/2/2
f 1107/2/2 1108/2/2 1119/2/2
f 1119/2/2 1108/2/2 1120/2/2
f 1109/1/2 1110/1/2 1121/1/2
f 1121/1/2 1110/1/2 1122/1/2
f 1119/1/2 1120/1/2 1123/1/2
f 1123/1/2 1120/1/2 1124/1/2
f 1111/1/2 1112/1/2 1125/1/2
f 1125/1/2 1112/1/2 1126/1/2
f 1117/1/2 1118/1/2 1127/1/2
f 1127/1/2 1118/1/2 1128/1/2
f 1131/2/2 1132/2/2 1141/2/2
f 1141/2/2 1132/2/2 1142/2/2
f 1133/2/2 1134/2/2 1143/2/2
f 1143/2/2 1134/2/2 1144/2/2
f 1135/2/2 1136/2/2 1145/2/2
f 1145/2/2 1136/2/2 1146/2/2
f 1137/2/2 1138/2/2 1147/2/2
f 1147/2/2 1138/2/2 1148/2/2
f 1129/2/2 1130/2/2 1149/2/2
f 1149/2/2 1130/2/2 1150/2/2
f 1131/2/2 1141/2/2 1151/2/2
f 1151/2/2 1141/2/2 1152/2/2
f 1133/2/2 1143/2/2 1153/2/2
f 1153/2/2 1143/2/2 1154/2/2
f 1146/2/2 1136/2/2 1155/2/2
f 1155/2/2 1136/2/2 1156/2/2
f 1148/2/2 1138/2/2 1157/2/2
f 1157/2/2 1138/2/2 1158/2/2
f 1139/2/2 1140/2/2 1159/2/2
f 1159/2/2 1140/2/2 1160/2/2
f 1150/2/2 1130/2/2 1161/2/2
f 1161/2/2 1130/2/2 1162/2/2
f 1152/2/2 1141/2/2 1163/2/2
f 1163/2/2 1141/2/2 1164/2/2
f 1148/2/2 1157/2/2 1165/2/2
f 1165/2/2 1157/2/2 1166/2/2
f 1139/2/2 1159/2/2 1167/2/2
f 1167/2/2 1159/2/2 1168/2/2
f 1171/2/3 1170/2/3 1169/2/3
f 1173/2/3 1171/2/3 1169/2/3
f 1173/2/3 1172/2/3 1171/2/3
f 1174/2/3 1172/2/3 1173/2/3
f 1177/2/3 1176/2/3 1175/2/3
f 1179/2/3 1177/2/3 1175/2/3
f 1179/2/3 1178/2/3 1177/2/3
f 1180/2/3 1178/2/3 1179/2/3
f 1181/2/3 1179/2/3 1175/2/3
f 1182/2/3 1179/2/3 1181/2/3
f 1185/3/3 1184/3/3 1183/3/3
f 1186/3/3 1184/3/3 1185/3/3
f 1187/3/3 1184/3/3 1186/3/3
f 1188/2/3 1186/2/3 1185/2/3
f 1189/2/3 1186/2/3 1188/2/3
f 1192/2/3 1191/2/3 1190/2/3
f 1193/2/3 1191/2/3 1192/2/3
f 1195/3/3 1193/3/3 1192/3/3
f 1195/3/3 1194/3/3 1193/3/3
f 1196/3/3 1194/3/3 1195/3/3
f 1199/2/3 1198/2/3 1197/2/3
f 1201/2/3 1200/2/3 1199/2/3
f 1202/2/3 1200/2/3 1201/2/3
f 1203/2/3 1199/2/3 1197/2/3
f 1203/2/3 1201/2/3 1199/2/3
f 1204/2/3 1201/2/3 1203/2/3
f 1207/2/3 1206/2/3 1205/2/3
f 1208/2/3 1206/2/3 1207/2/3
f 1209/2/3 1207/2/3 1205/2/3
f 1210/2/3 1207/2/3 1209/2/3
f 1213/2/3 1212/2/3 1211/2/3
f 1214/2/3 1212/2/3 1213/2/3
f 1215/2/3 1212/2/3 1214/2/3
f 1218/3/3 1215/3/3 1214/3/3
f 1219/2/3 1216/2/3 1215/2/3
f 1219/3/3 1215/3/3 1218/3/3
f 1220/1/3 1217/1/3 1216/1/3
f 1220/2/3 1216/2/3 1219/2/3
f 1221/1/3 1217/1/3 1220/1/3
f 1224/3/3 1223/3/3 1222/3/3
f 1225/3/3 1223/3/3 1224/3/3
f 1226/3/3 1223/3/3 1225/3/3
f 1231/2/3 1227/2/3 1226/2/3
f 1231/2/3 1226/2/3 1225/2/3
f 1232/1/3 1228/1/3 1227/1/3
f 1232/2/3 1227/2/3 1231/2/3
f 1233/1/3 1228/1/3 1232/1/3
f 1234/3/3 1230/3/3 1229/3/3
f 1235/3/3 1230/3/3 1234/3/3
f 1241/3/3 1237/3/3 1236/3/3
f 1242/3/3 1237/3/3 1241/3/3
f 1243/2/3 1238/2/3 1237/2/3
f 1243/3/3 1237/3/3 1242/3/3
f 1244/1/3 1239/1/3 1238/1/3
f 1244/2/3 1238/2/3 1243/2/3
f 1245/1/3 1239/1/3 1244/1/3
f 1246/2/3 1242/2/3 1241/2/3
f 1246/2/3 1241/2/3 1240/2/3
f 1247/2/3 1242/2/3 1246/2/3
f 1250/2/3 1249/2/3 1248/2/3
f 1251/2/3 1249/2/3 1250/2/3
f 1252/2/3 1249/2/3 1251/2/3
f 1256/3/3 1252/3/3 1251/3/3
f 1256/3/3 1253/3/3 1252/3/3
f 1257/2/3 1254/2/3 1253/2/3
f 1257/3/3 1253/3/3 1256/3/3
f 1258/1/3 1255/1/3 1254/1/3
f 1258/2/3 1254/2/3 1257/2/3
f 1259/1/3 1255/1/3 1258/1/3
f 1262/3/3 1261/3/3 1260/3/3
f 1263/3/3 1261/3/3 1262/3/3
f 1268/2/3 1265/2/3 1264/2/3
f 1269/2/3 1265/2/3 1268/2/3
f 1270/1/3 1266/1/3 1265/1/3
f 1270/2/3 1265/2/3 1269/2/3
f 1271/1/3 1266/1/3 1270/1/3
f 1272/3/3 1269/3/3 1268/3/3
f 1272/3/3 1268/3/3 1267/3/3
f 1273/3/3 1269/3/3 1272/3/3
f 1279/3/3 1275/3/3 1274/3/3
f 1280/2/3 1276/2/3 1275/2/3
f 1280/3/3 1275/3/3 1279/3/3
f 1281/1/3 1277/1/3 1276/1/3
f 1281/2/3 1276/2/3 1280/2/3
f 1282/1/3 1277/1/3 1281/1/3
f 1283/2/3 1280/2/3 1279/2/3
f 1283/2/3 1279/2/3 1278/2/3
f 1284/2/3 1280/2/3 1283/2/3
f 1287/2/3 1286/2/3 1285/2/3
f 1288/2/3 1286/2/3 1287/2/3
f 1290/3/3 1288/3/3 1287/3/3
f 1290/3/3 1289/3/3 1288/3/3
f 1291/3/3 1289/3/3 1290/3/3
f 1294/3/3 1293/3/3 1292/3/3
f 1296/3/3 1294/3/3 1292/3/3
f 1297/2/3 1295/2/3 1294/2/3
f 1297/3/3 1294/3/3 1296/3/3
f 1298/2/3 1295/2/3 1297/2/3
f 1299/3/3 1296/3/3 1292/3/3
f 1300/3/3 1296/3/3 1299/3/3
f 1303/3/3 1302/3/3 1301/3/3
f 1304/3/3 1302/3/3 1303/3/3
f 1305/3/3 1302/3/3 1304/3/3
f 1306/2/3 1304/2/3 1303/2/3
f 1307/2/3 1304/2/3 1306/2/3
f 1310/2/3 1309/2/3 1308/2/3
f 1311/2/3 1309/2/3 1310/2/3
f 1313/3/3 1311/3/3 1310/3/3
f 1313/3/3 1312/3/3 1311/3/3
f 1314/3/3 1312/3/3 1313/3/3
f 1317/3/3 1316/3/3 1315/3/3
f 1320/3/3 1318/3/3 1317/3/3
f 1320/2/3 1319/2/3 1318/2/3
f 1321/2/3 1319/2/3 1320/2/3
f 1322/3/3 1317/3/3 1315/3/3
f 1322/3/3 1320/3/3 1317/3/3
f 1323/3/3 1320/3/3 1322/3/3
f 1326/3/3 1325/3/3 1324/3/3
f 1327/3/3 1325/3/3 1326/3/3
f 1328/3/3 1325/3/3 1327/3/3
f 1329/2/3 1327/2/3 1326/2/3
f 1330/2/3 1327/2/3 1329/2/3
f 1333/2/3 1332/2/3 1331/2/3
f 1334/2/3 1332/2/3 1333/2/3
f 1335/2/3 1332/2/3 1334/2/3
f 1336/2/3 1332/2/3 1335/2/3
f 1339/3/3 1335/3/3 1334/3/3
f 1340/2/3 1337/2/3 1336/2/3
f 1340/3/3 1335/3/3 1339/3/3
f 1340/2/3 1336/2/3 1335/2/3
f 1341/1/3 1338/1/3 1337/1/3
f 1341/2/3 1337/2/3 1340/2/3
f 1342/1/3 1338/1/3 1341/1/3
f 1345/2/3 1344/2/3 1343/2/3
f 1346/2/3 1344/2/3 1345/2/3
f 1350/1/3 1347/1/3 1346/1/3
f 1351/1/3 1347/1/3 1350/1/3
f 1352/3/3 1349/3/3 1348/3/3
f 1353/3/3 1349/3/3 1352/3/3
f 1359/3/3 1355/3/3 1354/3/3
f 1360/2/3 1356/2/3 1355/2/3
f 1360/3/3 1355/3/3 1359/3/3
f 1361/1/3 1357/1/3 1356/1/3
f 1361/2/3 1356/2/3 1360/2/3
f 1362/1/3 1357/1/3 1361/1/3
f 1363/2/3 1360/2/3 1359/2/3
f 1363/2/3 1359/2/3 1358/2/3
f 1364/2/3 1360/2/3 1363/2/3
f 1367/2/3 1366/2/3 1365/2/3
f 1368/2/3 1366/2/3 1367/2/3
f 1369/2/3 1366/2/3 1368/2/3
f 1372/3/3 1369/3/3 1368/3/3
f 1373/2/3 1370/2/3 1369/2/3
f 1373/3/3 1369/3/3 1372/3/3
f 1374/1/3 1371/1/3 1370/1/3
f 1374/2/3 1370/2/3 1373/2/3
f 1375/1/3 1371/1/3 1374/1/3
f 1378/3/3 1377/3/3 1376/3/3
f 1379/3/3 1377/3/3 1378/3/3
f 1383/1/3 1381/1/3 1380/1/3
f 1384/1/3 1381/1/3 1383/1/3
f 1385/2/3 1383/2/3 1382/2/3
f 1386/2/3 1383/2/3 1385/2/3
f 1392/3/3 1388/3/3 1387/3/3
f 1393/2/3 1389/2/3 1388/2/3
f 1393/3/3 1388/3/3 1392/3/3
f 1394/2/3 1389/2/3 1393/2/3
f 1395/1/3 1390/1/3 1389/1/3
f 1395/2/3 1389/2/3 1394/2/3
f 1396/1/3 1390/1/3 1395/1/3
f 1397/2/3 1392/2/3 1391/2/3
f 1397/2/3 1394/2/3 1393/2/3
f 1397/2/3 1393/2/3 1392/2/3
f 1398/2/3 1394/2/3 1397/2/3
f 1401/2/3 1400/2/3 1399/2/3
f 1402/2/3 1400/2/3 1401/2/3
f 1406/3/3 1402/3/3 1401/3/3
f 1406/3/3 1403/3/3 1402/3/3
f 1407/2/3 1404/2/3 1403/2/3
f 1407/3/3 1403/3/3 1406/3/3
f 1408/1/3 1405/1/3 1404/1/3
f 1408/2/3 1404/2/3 1407/2/3
f 1409/1/3 1405/1/3 1408/1/3
f 1412/3/3 1411/3/3 1410/3/3
f 1413/3/3 1411/3/3 1412/3/3
f 1414/3/3 1411/3/3 1413/3/3
f 1417/3/3 1412/3/3 1410/3/3
f 1418/2/3 1413/2/3 1412/2/3
f 1418/3/3 1412/3/3 1417/3/3
f 1419/3/3 1414/3/3 1413/3/3
f 1419/2/3 1413/2/3 1418/2/3
f 1420/2/3 1415/2/3 1414/2/3
f 1420/3/3 1414/3/3 1419/3/3
f 1421/2/3 1415/2/3 1420/2/3
f 1422/1/3 1416/1/3 1415/1/3
f 1422/2/3 1415/2/3 1421/2/3
f 1423/1/3 1416/1/3 1422/1/3
f 1424/2/3 1418/2/3 1417/2/3
f 1425/3/3 1419/3/3 1418/3/3
f 1425/2/3 1418/2/3 1424/2/3
f 1425/3/3 1421/3/3 1420/3/3
f 1425/3/3 1420/3/3 1419/3/3
f 1426/3/3 1421/3/3 1425/3/3
f 1431/3/3 1428/3/3 1427/3/3
f 1432/3/3 1428/3/3 1431/3/3
f 1433/2/3 1429/2/3 1428/2/3
f 1433/3/3 1428/3/3 1432/3/3
f 1434/1/3 1430/1/3 1429/1/3
f 1434/2/3 1429/2/3 1433/2/3
f 1435/1/3 1430/1/3 1434/1/3
f 1436/2/3 1432/2/3 1431/2/3
f 1437/2/3 1432/2/3 1436/2/3
f 1440/2/3 1439/2/3 1438/2/3
f 1441/2/3 1439/2/3 1440/2/3
f 1445/3/3 1441/3/3 1440/3/3
f 1445/3/3 1442/3/3 1441/3/3
f 1446/2/3 1443/2/3 1442/2/3
f 1446/3/3 1442/3/3 1445/3/3
f 1447/1/3 1444/1/3 1443/1/3
f 1447/2/3 1443/2/3 1446/2/3
f 1448/1/3 1444/1/3 1447/1/3
f 1452/2/3 1450/2/3 1449/2/3
f 1453/3/3 1451/3/3 1450/3/3
f 1453/2/3 1450/2/3 1452/2/3
f 1454/3/3 1451/3/3 1453/3/3
f 1455/3/3 1451/3/3 1454/3/3
f 1456/3/3 1451/3/3 1455/3/3
f 1459/3/3 1453/3/3 1452/3/3
f 1459/2/3 1454/2/3 1453/2/3
f 1460/3/3 1455/3/3 1454/3/3
f 1460/2/3 1454/2/3 1459/2/3
f 1461/2/3 1457/2/3 1456/2/3
f 1461/3/3 1455/3/3 1460/3/3
f 1461/2/3 1456/2/3 1455/2/3
f 1462/1/3 1458/1/3 1457/1/3
f 1462/2/3 1457/2/3 1461/2/3
f 1463/1/3 1458/1/3 1462/1/3
f 1464/3/3 1460/3/3 1459/3/3
f 1464/3/3 1459/3/3 1452/3/3
f 1464/3/3 1461/3/3 1460/3/3
f 1465/3/3 1461/3/3 1464/3/3
f 1470/3/3 1467/3/3 1466/3/3
f 1471/3/3 1467/3/3 1470/3/3
f 1472/2/3 1468/2/3 1467/2/3
f 1472/3/3 1467/3/3 1471/3/3
f 1473/1/3 1469/1/3 1468/1/3
f 1473/2/3 1468/2/3 1472/2/3
f 1474/1/3 1469/1/3 1473/1/3
f 1475/2/3 1471/2/3 1470/2/3
f 1476/2/3 1471/2/3 1475/2/3
f 1479/2/3 1478/2/3 1477/2/3
f 1481/2/3 1479/2/3 1477/2/3
f 1481/2/3 1480/2/3 1479/2/3
f 1482/2/3 1480/2/3 1481/2/3
f 1485/2/3 1484/2/3 1483/2/3
f 1487/2/3 1486/2/3 1485/2/3
f 1488/2/3 1486/2/3 1487/2/3
f 1489/2/3 1485/2/3 1483/2/3
f 1489/2/3 1487/2/3 1485/2/3
f 1490/2/3 1487/2/3 1489/2/3
f 1493/2/3 1492/2/3 1491/2/3
f 1494/2/3 1492/2/3 1493/2/3
f 1495/2/3 1493/2/3 1491/2/3
f 1496/2/3 1493/2/3 1495/2/3
f 1499/2/3 1498/2/3 1497/2/3
f 1501/2/3 1499/2/3 1497/2/3
f 1501/2/3 1500/2/3 1499/2/3
f 1502/2/3 1500/2/3 1501/2/3
f 1505/2/3 1504/2/3 1503/2/3
f 1507/2/3 1505/2/3 1503/2/3
f 1507/2/3 1506/2/3 1505/2/3
f 1508/2/3 1506/2/3 1507/2/3
f 1509/2/3 1507/2/3 1503/2/3
f 1510/2/3 1507/2/3 1509/2/3
f 1513/2/3 1512/2/3 1511/2/3
f 1514/2/3 1512/2/3 1513/2/3
f 1515/2/3 1513/2/3 1511/2/3
f 1516/2/3 1513/2/3 1515/2/3
f 1519/2/3 1518/2/3 1517/2/3
f 1520/2/3 1518/2/3 1519/2/3
f 1525/3/3 1522/3/3 1521/3/3
f 1526/2/3 1523/2/3 1522/2/3
f 1526/3/3 1522/3/3 1525/3/3
f 1527/1/3 1524/1/3 1523/1/3
f 1527/2/3 1523/2/3 1526/2/3
f 1528/1/3 1524/1/3 1527/1/3
f 1531/3/3 1530/3/3 1529/3/3
f 1532/3/3 1530/3/3 1531/3/3
f 1537/1/3 1534/1/3 1533/1/3
f 1538/1/3 1534/1/3 1537/1/3
f 1539/3/3 1536/3/3 1535/3/3
f 1540/3/3 1536/3/3 1539/3/3
f 1547/3/3 1542/3/3 1541/3/3
f 1548/2/3 1543/2/3 1542/2/3
f 1548/3/3 1542/3/3 1547/3/3
f 1549/1/3 1544/1/3 1543/1/3
f 1549/2/3 1543/2/3 1548/2/3
f 1550/1/3 1544/1/3 1549/1/3
f 1551/2/3 1546/2/3 1545/2/3
f 1552/2/3 1546/2/3 1551/2/3
f 1555/2/3 1554/2/3 1553/2/3
f 1556/2/3 1554/2/3 1555/2/3
f 1561/3/3 1558/3/3 1557/3/3
f 1562/2/3 1559/2/3 1558/2/3
f 1562/3/3 1558/3/3 1561/3/3
f 1563/1/3 1560/1/3 1559/1/3
f 1563/2/3 1559/2/3 1562/2/3
f 1564/1/3 1560/1/3 1563/1/3
f 1567/3/3 1566/3/3 1565/3/3
f 1568/3/3 1566/3/3 1567/3/3
f 1573/1/3 1570/1/3 1569/1/3
f 1574/1/3 1570/1/3 1573/1/3
f 1575/3/3 1572/3/3 1571/3/3
f 1576/3/3 1572/3/3 1575/3/3
f 1583/3/3 1578/3/3 1577/3/3
f 1584/2/3 1579/2/3 1578/2/3
f 1584/3/3 1578/3/3 1583/3/3
f 1585/1/3 1580/1/3 1579/1/3
f 1585/2/3 1579/2/3 1584/2/3
f 1586/1/3 1580/1/3 1585/1/3
f 1587/2/3 1582/2/3 1581/2/3
f 1588/2/3 1582/2/3 1587/2/3
f 1591/2/3 1590/2/3 1589/2/3
f 1592/2/3 1590/2/3 1591/2/3
f 1594/3/3 1592/3/3 1591/3/3
f 1594/3/3 1593/3/3 1592/3/3
f 1595/3/3 1593/3/3 1594/3/3
f 1598/3/3 1597/3/3 1596/3/3
f 1600/3/3 1598/3/3 1596/3/3
f 1601/2/3 1599/2/3 1598/2/3
f 1601/3/3 1598/3/3 1600/3/3
f 1602/2/3 1599/2/3 1601/2/3
f 1603/3/3 1600/3/3 1596/3/3
f 1604/3/3 1600/3/3 1603/3/3
f 1608/3/3 1606/3/3 1605/3/3
f 1609/2/3 1607/2/3 1606/2/3
f 1609/3/3 1606/3/3 1608/3/3
f 1610/2/3 1607/2/3 1609/2/3
f 1611/3/3 1608/3/3 1605/3/3
f 1612/3/3 1608/3/3 1611/3/3
f 1615/3/3 1614/3/3 1613/3/3
f 1618/3/3 1615/3/3 1613/3/3
f 1618/3/3 1616/3/3 1615/3/3
f 1619/2/3 1617/2/3 1616/2/3
f 1619/3/3 1616/3/3 1618/3/3
f 1620/2/3 1617/2/3 1619/2/3
f 1623/3/3 1622/3/3 1621/3/3
f 1626/3/3 1624/3/3 1623/3/3
f 1626/2/3 1625/2/3 1624/2/3
f 1627/2/3 1625/2/3 1626/2/3
f 1628/3/3 1623/3/3 1621/3/3
f 1628/3/3 1626/3/3 1623/3/3
f 1629/3/3 1626/3/3 1628/3/3
f 1632/3/3 1631/3/3 1630/3/3
f 1633/3/3 1631/3/3 1632/3/3
f 1634/3/3 1631/3/3 1633/3/3
f 1635/2/3 1633/2/3 1632/2/3
f 1636/2/3 1633/2/3 1635/2/3
f 1639/2/3 1638/2/3 1637/2/3
f 1640/2/3 1638/2/3 1639/2/3
f 1641/2/3 1638/2/3 1640/2/3
f 1644/2/3 1641/2/3 1640/2/3
f 1644/2/3 1642/2/3 1641/2/3
f 1645/1/3 1643/1/3 1642/1/3
f 1645/2/3 1642/2/3 1644/2/3
f 1646/1/3 1643/1/3 1645/1/3
f 1649/2/3 1648/2/3 1647/2/3
f 1650/2/3 1648/2/3 1649/2/3
f 1651/2/3 1648/2/3 1650/2/3
f 1655/2/3 1651/2/3 1650/2/3
f 1656/1/3 1652/1/3 1651/1/3
f 1656/2/3 1651/2/3 1655/2/3
f 1657/1/3 1652/1/3 1656/1/3
f 1658/3/3 1654/3/3 1653/3/3
f 1659/3/3 1654/3/3 1658/3/3
f 1665/2/3 1661/2/3 1660/2/3
f 1666/1/3 1662/1/3 1661/1/3
f 1666/2/3 1661/2/3 1665/2/3
f 1667/1/3 1662/1/3 1666/1/3
f 1668/2/3 1664/2/3 1663/2/3
f 1668/2/3 1665/2/3 1664/2/3
f 1669/2/3 1665/2/3 1668/2/3
f 1672/2/3 1671/2/3 1670/2/3
f 1673/2/3 1671/2/3 1672/2/3
f 1674/2/3 1671/2/3 1673/2/3
f 1677/2/3 1675/2/3 1674/2/3
f 1678/1/3 1676/1/3 1675/1/3
f 1678/2/3 1675/2/3 1677/2/3
f 1679/1/3 1676/1/3 1678/1/3
f 1682/3/3 1681/3/3 1680/3/3
f 1683/3/3 1681/3/3 1682/3/3
f 1688/2/3 1685/2/3 1684/2/3
f 1689/1/3 1686/1/3 1685/1/3
f 1689/2/3 1685/2/3 1688/2/3
f 1690/1/3 1686/1/3 1689/1/3
f 1691/2/3 1688/2/3 1687/2/3
f 1691/2/3 1689/2/3 1688/2/3
f 1692/2/3 1689/2/3 1691/2/3
f 1697/2/3 1694/2/3 1693/2/3
f 1698/2/3 1694/2/3 1697/2/3
f 1699/1/3 1695/1/3 1694/1/3
f 1699/2/3 1694/2/3 1698/2/3
f 1700/1/3 1695/1/3 1699/1/3
f 1701/2/3 1698/2/3 1697/2/3
f 1701/2/3 1697/2/3 1696/2/3
f 1702/2/3 1698/2/3 1701/2/3
f 1705/2/3 1704/2/3 1703/2/3
f 1706/2/3 1704/2/3 1705/2/3
f 1709/3/3 1706/3/3 1705/3/3
f 1710/2/3 1707/2/3 1706/2/3
f 1710/3/3 1706/3/3 1709/3/3
f 1711/1/3 1708/1/3 1707/1/3
f 1711/2/3 1707/2/3 1710/2/3
f 1712/1/3 1708/1/3 1711/1/3
f 1715/3/3 1714/3/3 1713/3/3
f 1716/3/3 1714/3/3 1715/3/3
f 1719/2/3 1717/2/3 1716/2/3
f 1719/2/3 1716/2/3 1715/2/3
f 1720/2/3 1717/2/3 1719/2/3
f 1721/1/3 1718/1/3 1717/1/3
f 1721/2/3 1717/2/3 1720/2/3
f 1722/1/3 1718/1/3 1721/1/3
f 1723/3/3 1720/3/3 1719/3/3
f 1724/3/3 1720/3/3 1723/3/3
f 1729/3/3 1726/3/3 1725/3/3
f 1730/3/3 1726/3/3 1729/3/3
f 1731/2/3 1727/2/3 1726/2/3
f 1731/3/3 1726/3/3 1730/3/3
f 1732/1/3 1728/1/3 1727/1/3
f 1732/2/3 1727/2/3 1731/2/3
f 1733/1/3 1728/1/3 1732/1/3
f 1734/2/3 1730/2/3 1729/2/3
f 1735/2/3 1730/2/3 1734/2/3
f 1738/2/3 1737/2/3 1736/2/3
f 1739/2/3 1737/2/3 1738/2/3
f 1743/3/3 1739/3/3 1738/3/3
f 1743/3/3 1740/3/3 1739/3/3
f 1744/2/3 1741/2/3 1740/2/3
f 1744/3/3 1740/3/3 1743/3/3
f 1745/1/3 1742/1/3 1741/1/3
f 1745/2/3 1741/2/3 1744/2/3
f 1746/1/3 1742/1/3 1745/1/3
f 1749/3/3 1748/3/3 1747/3/3
f 1750/3/3 1748/3/3 1749/3/3
f 1753/2/3 1751/2/3 1750/2/3
f 1753/2/3 1750/2/3 1749/2/3
f 1754/2/3 1751/2/3 1753/2/3
f 1755/1/3 1752/1/3 1751/1/3
f 1755/2/3 1751/2/3 1754/2/3
f 1756/1/3 1752/1/3 1755/1/3
f 1757/3/3 1754/3/3 1753/3/3
f 1758/3/3 1754/3/3 1757/3/3
f 1763/3/3 1760/3/3 1759/3/3
f 1764/2/3 1761/2/3 1760/2/3
f 1764/3/3 1760/3/3 1763/3/3
f 1765/1/3 1762/1/3 1761/1/3
f 1765/2/3 1761/2/3 1764/2/3
f 1766/1/3 1762/1/3 1765/1/3
f 1767/2/3 1764/2/3 1763/2/3
f 1768/2/3 1764/2/3 1767/2/3
f 1769/2/4 1770/2/4 1771/2/4
f 1771/2/4 1770/2/4 1772/2/4
f 1771/3/4 1772/3/4 1775/3/4
f 1772/2/4 1773/2/4 1776/2/4
f 1775/3/4 1772/3/4 1776/3/4
f 1773/1/4 1774/1/4 1777/1/4
f 1776/2/4 1773/2/4 1777/2/4
f 1777/1/4 1774/1/4 1778/1/4
f 1779/3/4 1780/3/4 1781/3/4
f 1781/3/4 1780/3/4 1782/3/4
f 1782/2/4 1783/2/4 1785/2/4
f 1781/2/4 1782/2/4 1785/2/4
f 1785/2/4 1783/2/4 1786/2/4
f 1783/1/4 1784/1/4 1787/1/4
f 1786/2/4 1783/2/4 1787/2/4
f 1787/1/4 1784/1/4 1788/1/4
f 1785/3/4 1786/3/4 1789/3/4
f 1789/3/4 1786/3/4 1790/3/4
f 1791/3/4 1792/3/4 1795/3/4
f 1795/3/4 1792/3/4 1796/3/4
f 1792/2/4 1793/2/4 1797/2/4
f 1796/3/4 1792/3/4 1797/3/4
f 1793/1/4 1794/1/4 1798/1/4
f 1797/2/4 1793/2/4 1798/2/4
f 1798/1/4 1794/1/4 1799/1/4
f 1795/2/4 1796/2/4 1800/2/4
f 1800/2/4 1796/2/4 1801/2/4
f 1802/2/4 1803/2/4 1804/2/4
f 1804/2/4 1803/2/4 1805/2/4
f 1804/3/4 1805/3/4 1809/3/4
f 1805/3/4 1806/3/4 1809/3/4
f 1806/2/4 1807/2/4 1810/2/4
f 1809/3/4 1806/3/4 1810/3/4
f 1807/1/4 1808/1/4 1811/1/4
f 1810/2/4 1807/2/4 1811/2/4
f 1811/1/4 1808/1/4 1812/1/4
f 1813/3/4 1814/3/4 1815/3/4
f 1815/3/4 1814/3/4 1816/3/4
f 1816/2/4 1817/2/4 1819/2/4
f 1815/2/4 1816/2/4 1819/2/4
f 1819/2/4 1817/2/4 1820/2/4
f 1817/1/4 1818/1/4 1821/1/4
f 1820/2/4 1817/2/4 1821/2/4
f 1821/1/4 1818/1/4 1822/1/4
f 1819/3/4 1820/3/4 1823/3/4
f 1823/3/4 1820/3/4 1824/3/4
f 1825/3/4 1826/3/4 1829/3/4
f 1826/2/4 1827/2/4 1830/2/4
f 1829/3/4 1826/3/4 1830/3/4
f 1827/1/4 1828/1/4 1831/1/4
f 1830/2/4 1827/2/4 1831/2/4
f 1831/1/4 1828/1/4 1832/1/4
f 1829/2/4 1830/2/4 1833/2/4
f 1833/2/4 1830/2/4 1834/2/4
f 1835/2/4 1836/2/4 1837/2/4
f 1837/2/4 1836/2/4 1838/2/4
f 1838/2/4 1836/2/4 1839/2/4
f 1838/2/4 1839/2/4 1842/2/4
f 1839/2/4 1840/2/4 1842/2/4
f 1840/1/4 1841/1/4 1843/1/4
f 1842/2/4 1840/2/4 1843/2/4
f 1843/1/4 1841/1/4 1844/1/4
f 1845/2/4 1846/2/4 1847/2/4
f 1847/2/4 1846/2/4 1848/2/4
f 1848/2/4 1846/2/4 1849/2/4
f 1848/2/4 1849/2/4 1853/2/4
f 1849/1/4 1850/1/4 1854/1/4
f 1853/2/4 1849/2/4 1854/2/4
f 1854/1/4 1850/1/4 1855/1/4
f 1851/3/4 1852/3/4 1856/3/4
f 1856/3/4 1852/3/4 1857/3/4
f 1858/2/4 1859/2/4 1863/2/4
f 1859/1/4 1860/1/4 1864/1/4
f 1863/2/4 1859/2/4 1864/2/4
f 1864/1/4 1860/1/4 1865/1/4
f 1861/2/4 1862/2/4 1866/2/4
f 1862/2/4 1863/2/4 1866/2/4
f 1866/2/4 1863/2/4 1867/2/4
f 1868/2/4 1869/2/4 1870/2/4
f 1870/2/4 1869/2/4 1871/2/4
f 1871/2/4 1869/2/4 1872/2/4
f 1872/2/4 1873/2/4 1875/2/4
f 1873/1/4 1874/1/4 1876/1/4
f 1875/2/4 1873/2/4 1876/2/4
f 1876/1/4 1874/1/4 1877/1/4
f 1878/3/4 1879/3/4 1880/3/4
f 1880/3/4 1879/3/4 1881/3/4
f 1882/2/4 1883/2/4 1886/2/4
f 1883/1/4 1884/1/4 1887/1/4
f 1886/2/4 1883/2/4 1887/2/4
f 1887/1/4 1884/1/4 1888/1/4
f 1885/2/4 1886/2/4 1889/2/4
f 1886/2/4 1887/2/4 1889/2/4
f 1889/2/4 1887/2/4 1890/2/4
f 1891/2/4 1892/2/4 1895/2/4
f 1895/2/4 1892/2/4 1896/2/4
f 1892/1/4 1893/1/4 1897/1/4
f 1896/2/4 1892/2/4 1897/2/4
f 1897/1/4 1893/1/4 1898/1/4
f 1895/2/4 1896/2/4 1899/2/4
f 1894/2/4 1895/2/4 1899/2/4
f 1899/2/4 1896/2/4 1900/2/4
f 1901/2/4 1902/2/4 1903/2/4
f 1903/2/4 1902/2/4 1904/2/4
f 1903/3/4 1904/3/4 1906/3/4
f 1904/3/4 1905/3/4 1906/3/4
f 1906/3/4 1905/3/4 1907/3/4
f 1908/3/4 1909/3/4 1910/3/4
f 1908/3/4 1910/3/4 1912/3/4
f 1910/2/4 1911/2/4 1913/2/4
f 1912/3/4 1910/3/4 1913/3/4
f 1913/2/4 1911/2/4 1914/2/4
f 1908/3/4 1912/3/4 1915/3/4
f 1915/3/4 1912/3/4 1916/3/4
f 1917/3/4 1918/3/4 1920/3/4
f 1918/2/4 1919/2/4 1921/2/4
f 1920/3/4 1918/3/4 1921/3/4
f 1921/2/4 1919/2/4 1922/2/4
f 1917/3/4 1920/3/4 1923/3/4
f 1923/3/4 1920/3/4 1924/3/4
f 1925/3/4 1926/3/4 1927/3/4
f 1925/3/4 1927/3/4 1930/3/4
f 1927/3/4 1928/3/4 1930/3/4
f 1928/2/4 1929/2/4 1931/2/4
f 1930/3/4 1928/3/4 1931/3/4
f 1931/2/4 1929/2/4 1932/2/4
f 1933/3/4 1934/3/4 1935/3/4
f 1935/3/4 1936/3/4 1938/3/4
f 1936/2/4 1937/2/4 1938/2/4
f 1938/2/4 1937/2/4 1939/2/4
f 1933/3/4 1935/3/4 1940/3/4
f 1935/3/4 1938/3/4 1940/3/4
f 1940/3/4 1938/3/4 1941/3/4
f 1942/3/4 1943/3/4 1944/3/4
f 1944/3/4 1943/3/4 1945/3/4
f 1945/3/4 1943/3/4 1946/3/4
f 1944/2/4 1945/2/4 1947/2/4
f 1947/2/4 1945/2/4 1948/2/4
f 1949/2/4 1950/2/4 1951/2/4
f 1951/2/4 1950/2/4 1952/2/4
f 1953/3/4 1954/3/4 1957/3/4
f 1954/2/4 1955/2/4 1958/2/4
f 1957/3/4 1954/3/4 1958/3/4
f 1955/1/4 1956/1/4 1959/1/4
f 1958/2/4 1955/2/4 1959/2/4
f 1959/1/4 1956/1/4 1960/1/4
f 1961/3/4 1962/3/4 1963/3/4
f 1963/3/4 1962/3/4 1964/3/4
f 1965/1/4 1966/1/4 1969/1/4
f 1969/1/4 1966/1/4 1970/1/4
f 1967/3/4 1968/3/4 1971/3/4
f 1971/3/4 1968/3/4 1972/3/4
f 1973/3/4 1974/3/4 1979/3/4
f 1974/2/4 1975/2/4 1980/2/4
f 1979/3/4 1974/3/4 1980/3/4
f 1975/1/4 1976/1/4 1981/1/4
f 1980/2/4 1975/2/4 1981/2/4
f 1981/1/4 1976/1/4 1982/1/4
f 1977/2/4 1978/2/4 1983/2/4
f 1983/2/4 1978/2/4 1984/2/4
f 1985/2/4 1986/2/4 1987/2/4
f 1987/2/4 1986/2/4 1988/2/4
f 1989/3/4 1990/3/4 1993/3/4
f 1990/2/4 1991/2/4 1994/2/4
f 1993/3/4 1990/3/4 1994/3/4
f 1991/1/4 1992/1/4 1995/1/4
f 1994/2/4 1991/2/4 1995/2/4
f 1995/1/4 1992/1/4 1996/1/4
f 1997/3/4 1998/3/4 1999/3/4
f 1999/3/4 1998/3/4 2000/3/4
f 2001/1/4 2002/1/4 2005/1/4
f 2005/1/4 2002/1/4 2006/1/4
f 2003/3/4 2004/3/4 2007/3/4
f 2007/3/4 2004/3/4 2008/3/4
f 2009/3/4 2010/3/4 2015/3/4
f 2010/2/4 2011/2/4 2016/2/4
f 2015/3/4 2010/3/4 2016/3/4
f 2011/1/4 2012/1/4 2017/1/4
f 2016/2/4 2011/2/4 2017/2/4
f 2017/1/4 2012/1/4 2018/1/4
f 2013/2/4 2014/2/4 2019/2/4
f 2019/2/4 2014/2/4 2020/2/4
f 2021/2/4 2022/2/4 2023/2/4
f 2021/2/4 2023/2/4 2025/2/4
f 2023/2/4 2024/2/4 2025/2/4
f 2025/2/4 2024/2/4 2026/2/4
f 2027/2/4 2028/2/4 2029/2/4
f 2029/2/4 2030/2/4 2031/2/4
f 2031/2/4 2030/2/4 2032/2/4
f 2027/2/4 2029/2/4 2033/2/4
f 2029/2/4 2031/2/4 2033/2/4
f 2033/2/4 2031/2/4 2034/2/4
f 2035/2/4 2036/2/4 2037/2/4
f 2037/2/4 2036/2/4 2038/2/4
f 2035/2/4 2037/2/4 2039/2/4
f 2039/2/4 2037/2/4 2040/2/4
f 2041/2/4 2042/2/4 2043/2/4
f 2041/2/4 2043/2/4 2045/2/4
f 2043/2/4 2044/2/4 2045/2/4
f 2045/2/4 2044/2/4 2046/2/4
f 2047/2/4 2048/2/4 2049/2/4
f 2047/2/4 2049/2/4 2051/2/4
f 2049/2/4 2050/2/4 2051/2/4
f 2051/2/4 2050/2/4 2052/2/4
f 2047/2/4 2051/2/4 2053/2/4
f 2053/2/4 2051/2/4 2054/2/4
f 2055/2/4 2056/2/4 2057/2/4
f 2057/2/4 2056/2/4 2058/2/4
f 2055/2/4 2057/2/4 2059/2/4
f 2059/2/4 2057/2/4 2060/2/4
f 2061/2/4 2062/2/4 2063/2/4
f 2063/2/4 2062/2/4 2064/2/4
f 2063/3/4 2064/3/4 2068/3/4
f 2064/3/4 2065/3/4 2068/3/4
f 2065/2/4 2066/2/4 2069/2/4
f 2068/3/4 2065/3/4 2069/3/4
f 2066/1/4 2067/1/4 2070/1/4
f 2069/2/4 2066/2/4 2070/2/4
f 2070/1/4 2067/1/4 2071/1/4
f 2072/3/4 2073/3/4 2074/3/4
f 2074/3/4 2073/3/4 2075/3/4
f 2075/3/4 2073/3/4 2076/3/4
f 2072/3/4 2074/3/4 2079/3/4
f 2074/2/4 2075/2/4 2080/2/4
f 2079/3/4 2074/3/4 2080/3/4
f 2075/3/4 2076/3/4 2081/3/4
f 2080/2/4 2075/2/4 2081/2/4
f 2076/2/4 2077/2/4 2082/2/4
f 2081/3/4 2076/3/4 2082/3/4
f 2082/2/4 2077/2/4 2083/2/4
f 2077/1/4 2078/1/4 2084/1/4
f 2083/2/4 2077/2/4 2084/2/4
f 2084/1/4 2078/1/4 2085/1/4
f 2079/2/4 2080/2/4 2086/2/4
f 2080/3/4 2081/3/4 2087/3/4
f 2086/2/4 2080/2/4 2087/2/4
f 2082/3/4 2083/3/4 2087/3/4
f 2081/3/4 2082/3/4 2087/3/4
f 2087/3/4 2083/3/4 2088/3/4
f 2089/3/4 2090/3/4 2093/3/4
f 2093/3/4 2090/3/4 2094/3/4
f 2090/2/4 2091/2/4 2095/2/4
f 2094/3/4 2090/3/4 2095/3/4
f 2091/1/4 2092/1/4 2096/1/4
f 2095/2/4 2091/2/4 2096/2/4
f 2096/1/4 2092/1/4 2097/1/4
f 2093/2/4 2094/2/4 2098/2/4
f 2098/2/4 2094/2/4 2099/2/4
f 2100/2/4 2101/2/4 2102/2/4
f 2102/2/4 2101/2/4 2103/2/4
f 2102/3/4 2103/3/4 2107/3/4
f 2103/3/4 2104/3/4 2107/3/4
f 2104/2/4 2105/2/4 2108/2/4
f 2107/3/4 2104/3/4 2108/3/4
f 2105/1/4 2106/1/4 2109/1/4
f 2108/2/4 2105/2/4 2109/2/4
f 2109/1/4 2106/1/4 2110/1/4
f 2111/2/4 2112/2/4 2114/2/4
f 2112/3/4 2113/3/4 2115/3/4
f 2114/2/4 2112/2/4 2115/2/4
f 2115/3/4 2113/3/4 2116/3/4
f 2116/3/4 2113/3/4 2117/3/4
f 2117/3/4 2113/3/4 2118/3/4
f 2114/3/4 2115/3/4 2121/3/4
f 2115/2/4 2116/2/4 2121/2/4
f 2116/3/4 2117/3/4 2122/3/4
f 2121/2/4 2116/2/4 2122/2/4
f 2118/2/4 2119/2/4 2123/2/4
f 2122/3/4 2117/3/4 2123/3/4
f 2117/2/4 2118/2/4 2123/2/4
f 2119/1/4 2120/1/4 2124/1/4
f 2123/2/4 2119/2/4 2124/2/4
f 2124/1/4 2120/1/4 2125/1/4
f 2121/3/4 2122/3/4 2126/3/4
f 2114/3/4 2121/3/4 2126/3/4
f 2122/3/4 2123/3/4 2126/3/4
f 2126/3/4 2123/3/4 2127/3/4
f 2128/3/4 2129/3/4 2132/3/4
f 2132/3/4 2129/3/4 2133/3/4
f 2129/2/4 2130/2/4 2134/2/4
f 2133/3/4 2129/3/4 2134/3/4
f 2130/1/4 2131/1/4 2135/1/4
f 2134/2/4 2130/2/4 2135/2/4
f 2135/1/4 2131/1/4 2136/1/4
f 2132/2/4 2133/2/4 2137/2/4
f 2137/2/4 2133/2/4 2138/2/4
f 2139/2/4 2140/2/4 2141/2/4
f 2141/2/4 2140/2/4 2142/2/4
f 2142/2/4 2140/2/4 2143/2/4
f 2143/2/4 2140/2/4 2144/2/4
f 2142/3/4 2143/3/4 2147/3/4
f 2144/2/4 2145/2/4 2148/2/4
f 2147/3/4 2143/3/4 2148/3/4
f 2143/2/4 2144/2/4 2148/2/4
f 2145/1/4 2146/1/4 2149/1/4
f 2148/2/4 2145/2/4 2149/2/4
f 2149/1/4 2146/1/4 2150/1/4
f 2151/2/4 2152/2/4 2153/2/4
f 2153/2/4 2152/2/4 2154/2/4
f 2154/1/4 2155/1/4 2158/1/4
f 2158/1/4 2155/1/4 2159/1/4
f 2156/3/4 2157/3/4 2160/3/4
f 2160/3/4 2157/3/4 2161/3/4
f 2162/3/4 2163/3/4 2167/3/4
f 2163/2/4 2164/2/4 2168/2/4
f 2167/3/4 2163/3/4 2168/3/4
f 2164/1/4 2165/1/4 2169/1/4
f 2168/2/4 2164/2/4 2169/2/4
f 2169/1/4 2165/1/4 2170/1/4
f 2167/2/4 2168/2/4 2171/2/4
f 2166/2/4 2167/2/4 2171/2/4
f 2171/2/4 2168/2/4 2172/2/4
f 2173/2/4 2174/2/4 2175/2/4
f 2175/2/4 2174/2/4 2176/2/4
f 2176/2/4 2174/2/4 2177/2/4
f 2176/3/4 2177/3/4 2180/3/4
f 2177/2/4 2178/2/4 2181/2/4
f 2180/3/4 2177/3/4 2181/3/4
f 2178/1/4 2179/1/4 2182/1/4
f 2181/2/4 2178/2/4 2182/2/4
f 2182/1/4 2179/1/4 2183/1/4
f 2184/3/4 2185/3/4 2186/3/4
f 2186/3/4 2185/3/4 2187/3/4
f 2188/1/4 2189/1/4 2191/1/4
f 2191/1/4 2189/1/4 2192/1/4
f 2190/2/4 2191/2/4 2193/2/4
f 2193/2/4 2191/2/4 2194/2/4
f 2195/3/4 2196/3/4 2200/3/4
f 2196/2/4 2197/2/4 2201/2/4
f 2200/3/4 2196/3/4 2201/3/4
f 2201/2/4 2197/2/4 2202/2/4
f 2197/1/4 2198/1/4 2203/1/4
f 2202/2/4 2197/2/4 2203/2/4
f 2203/1/4 2198/1/4 2204/1/4
f 2199/2/4 2200/2/4 2205/2/4
f 2201/2/4 2202/2/4 2205/2/4
f 2200/2/4 2201/2/4 2205/2/4
f 2205/2/4 2202/2/4 2206/2/4
f 2207/2/4 2208/2/4 2209/2/4
f 2209/2/4 2208/2/4 2210/2/4
f 2209/3/4 2210/3/4 2212/3/4
f 2210/3/4 2211/3/4 2212/3/4
f 2212/3/4 2211/3/4 2213/3/4
f 2214/3/4 2215/3/4 2216/3/4
f 2214/3/4 2216/3/4 2218/3/4
f 2216/2/4 2217/2/4 2219/2/4
f 2218/3/4 2216/3/4 2219/3/4
f 2219/2/4 2217/2/4 2220/2/4
f 2214/3/4 2218/3/4 2221/3/4
f 2221/3/4 2218/3/4 2222/3/4
f 2223/3/4 2224/3/4 2225/3/4
f 2225/3/4 2224/3/4 2226/3/4
f 2226/3/4 2224/3/4 2227/3/4
f 2225/2/4 2226/2/4 2228/2/4
f 2228/2/4 2226/2/4 2229/2/4
f 2230/2/4 2231/2/4 2232/2/4
f 2232/2/4 2231/2/4 2233/2/4
f 2232/3/4 2233/3/4 2235/3/4
f 2233/3/4 2234/3/4 2235/3/4
f 2235/3/4 2234/3/4 2236/3/4
f 2237/3/4 2238/3/4 2239/3/4
f 2239/3/4 2240/3/4 2242/3/4
f 2240/2/4 2241/2/4 2242/2/4
f 2242/2/4 2241/2/4 2243/2/4
f 2237/3/4 2239/3/4 2244/3/4
f 2239/3/4 2242/3/4 2244/3/4
f 2244/3/4 2242/3/4 2245/3/4
f 2246/3/4 2247/3/4 2248/3/4
f 2248/3/4 2247/3/4 2249/3/4
f 2249/3/4 2247/3/4 2250/3/4
f 2248/2/4 2249/2/4 2251/2/4
f 2251/2/4 2249/2/4 2252/2/4
f 2253/2/4 2254/2/4 2255/2/4
f 2255/2/4 2254/2/4 2256/2/4
f 2256/2/4 2254/2/4 2257/2/4
f 2256/3/4 2257/3/4 2260/3/4
f 2257/2/4 2258/2/4 2261/2/4
f 2260/3/4 2257/3/4 2261/3/4
f 2258/1/4 2259/1/4 2262/1/4
f 2261/2/4 2258/2/4 2262/2/4
f 2262/1/4 2259/1/4 2263/1/4
f 2264/3/4 2265/3/4 2266/3/4
f 2266/3/4 2265/3/4 2267/3/4
f 2267/3/4 2265/3/4 2268/3/4
f 2268/2/4 2269/2/4 2273/2/4
f 2267/2/4 2268/2/4 2273/2/4
f 2269/1/4 2270/1/4 2274/1/4
f 2273/2/4 2269/2/4 2274/2/4
f 2274/1/4 2270/1/4 2275/1/4
f 2271/3/4 2272/3/4 2276/3/4
f 2276/3/4 2272/3/4 2277/3/4
f 2278/3/4 2279/3/4 2283/3/4
f 2283/3/4 2279/3/4 2284/3/4
f 2279/2/4 2280/2/4 2285/2/4
f 2284/3/4 2279/3/4 2285/3/4
f 2280/1/4 2281/1/4 2286/1/4
f 2285/2/4 2280/2/4 2286/2/4
f 2286/1/4 2281/1/4 2287/1/4
f 2283/2/4 2284/2/4 2288/2/4
f 2282/2/4 2283/2/4 2288/2/4
f 2288/2/4 2284/2/4 2289/2/4
f 2290/2/4 2291/2/4 2292/2/4
f 2292/2/4 2291/2/4 2293/2/4
f 2293/2/4 2291/2/4 2294/2/4
f 2293/3/4 2294/3/4 2298/3/4
f 2294/3/4 2295/3/4 2298/3/4
f 2295/2/4 2296/2/4 2299/2/4
f 2298/3/4 2295/3/4 2299/3/4
f 2296/1/4 2297/1/4 2300/1/4
f 2299/2/4 2296/2/4 2300/2/4
f 2300/1/4 2297/1/4 2301/1/4
f 2302/3/4 2303/3/4 2304/3/4
f 2304/3/4 2303/3/4 2305/3/4
f 2306/2/4 2307/2/4 2310/2/4
f 2310/2/4 2307/2/4 2311/2/4
f 2307/1/4 2308/1/4 2312/1/4
f 2311/2/4 2307/2/4 2312/2/4
f 2312/1/4 2308/1/4 2313/1/4
f 2310/3/4 2311/3/4 2314/3/4
f 2309/3/4 2310/3/4 2314/3/4
f 2314/3/4 2311/3/4 2315/3/4
f 2316/3/4 2317/3/4 2321/3/4
f 2317/2/4 2318/2/4 2322/2/4
f 2321/3/4 2317/3/4 2322/3/4
f 2318/1/4 2319/1/4 2323/1/4
f 2322/2/4 2318/2/4 2323/2/4
f 2323/1/4 2319/1/4 2324/1/4
f 2321/2/4 2322/2/4 2325/2/4
f 2320/2/4 2321/2/4 2325/2/4
f 2325/2/4 2322/2/4 2326/2/4
f 2327/2/4 2328/2/4 2329/2/4
f 2327/2/4 2329/2/4 2331/2/4
f 2329/2/4 2330/2/4 2331/2/4
f 2331/2/4 2330/2/4 2332/2/4
f 2333/2/4 2334/2/4 2335/2/4
f 2333/2/4 2335/2/4 2337/2/4
f 2335/2/4 2336/2/4 2337/2/4
f 2337/2/4 2336/2/4 2338/2/4
f 2333/2/4 2337/2/4 2339/2/4
f 2339/2/4 2337/2/4 2340/2/4
f 2341/3/4 2342/3/4 2343/3/4
f 2343/3/4 2342/3/4 2344/3/4
f 2344/3/4 2342/3/4 2345/3/4
f 2343/2/4 2344/2/4 2346/2/4
f 2346/2/4 2344/2/4 2347/2/4
f 2348/2/4 2349/2/4 2350/2/4
f 2350/2/4 2349/2/4 2351/2/4
f 2350/3/4 2351/3/4 2353/3/4
f 2351/3/4 2352/3/4 2353/3/4
f 2353/3/4 2352/3/4 2354/3/4
f 2355/2/4 2356/2/4 2357/2/4
f 2357/2/4 2358/2/4 2359/2/4
f 2359/2/4 2358/2/4 2360/2/4
f 2355/2/4 2357/2/4 2361/2/4
f 2357/2/4 2359/2/4 2361/2/4
f 2361/2/4 2359/2/4 2362/2/4
f 2363/2/4 2364/2/4 2365/2/4
f 2365/2/4 2364/2/4 2366/2/4
f 2363/2/4 2365/2/4 2367/2/4
f 2367/2/4 2365/2/4 2368/2/4
f 2383/2/5 2370/2/5 2369/2/5
f 2384/2/5 2370/2/5 2383/2/5
f 2385/2/5 2372/2/5 2371/2/5
f 2386/2/5 2372/2/5 2385/2/5
f 2387/2/5 2372/2/5 2386/2/5
f 2388/2/5 2372/2/5 2387/2/5
f 2389/2/5 2380/2/5 2379/2/5
f 2390/2/5 2380/2/5 2389/2/5
f 2391/2/5 2380/2/5 2390/2/5
f 2392/2/5 2380/2/5 2391/2/5
f 2393/2/5 2382/2/5 2381/2/5
f 2394/2/5 2382/2/5 2393/2/5
f 2395/2/5 2383/2/5 2369/2/5
f 2396/3/5 2384/3/5 2383/3/5
f 2396/2/5 2383/2/5 2395/2/5
f 2397/3/5 2384/3/5 2396/3/5
f 2398/3/5 2386/3/5 2385/3/5
f 2399/2/5 2387/2/5 2386/2/5
f 2399/3/5 2386/3/5 2398/3/5
f 2400/3/5 2388/3/5 2387/3/5
f 2400/2/5 2387/2/5 2399/2/5
f 2401/3/5 2388/3/5 2400/3/5
f 2402/3/5 2374/3/5 2373/3/5
f 2403/2/5 2375/2/5 2374/2/5
f 2403/3/5 2374/3/5 2402/3/5
f 2404/2/5 2375/2/5 2403/2/5
f 2405/2/5 2377/2/5 2376/2/5
f 2406/3/5 2378/3/5 2377/3/5
f 2406/2/5 2377/2/5 2405/2/5
f 2407/3/5 2378/3/5 2406/3/5
f 2408/3/5 2390/3/5 2389/3/5
f 2409/2/5 2391/2/5 2390/2/5
f 2409/3/5 2390/3/5 2408/3/5
f 2410/3/5 2392/3/5 2391/3/5
f 2410/2/5 2391/2/5 2409/2/5
f 2411/3/5 2392/3/5 2410/3/5
f 2412/3/5 2394/3/5 2393/3/5
f 2413/2/5 2382/2/5 2394/2/5
f 2413/3/5 2394/3/5 2412/3/5
f 2414/2/5 2382/2/5 2413/2/5
f 2431/3/5 2419/3/5 2418/3/5
f 2432/3/5 2419/3/5 2431/3/5
f 2433/3/5 2427/3/5 2426/3/5
f 2434/3/5 2427/3/5 2433/3/5
f 2435/3/5 2431/3/5 2418/3/5
f 2435/2/5 2432/2/5 2431/2/5
f 2436/3/5 2419/3/5 2432/3/5
f 2436/2/5 2432/2/5 2435/2/5
f 2437/3/5 2421/3/5 2420/3/5
f 2437/2/5 2422/2/5 2421/2/5
f 2438/2/5 2422/2/5 2437/2/5
f 2439/2/5 2424/2/5 2423/2/5
f 2440/3/5 2425/3/5 2424/3/5
f 2440/2/5 2424/2/5 2439/2/5
f 2441/2/5 2434/2/5 2433/2/5
f 2441/3/5 2433/3/5 2426/3/5
f 2442/3/5 2427/3/5 2434/3/5
f 2442/2/5 2434/2/5 2441/2/5
f 2443/2/5 2416/2/5 2415/2/5
f 2444/3/5 2417/3/5 2416/3/5
f 2444/2/5 2416/2/5 2443/2/5
f 2445/3/5 2417/3/5 2444/3/5
f 2446/3/5 2436/3/5 2435/3/5
f 2446/3/5 2435/3/5 2418/3/5
f 2447/3/5 2419/3/5 2436/3/5
f 2447/3/5 2436/3/5 2446/3/5
f 2448/3/5 2438/3/5 2437/3/5
f 2448/3/5 2437/3/5 2420/3/5
f 2449/3/5 2438/3/5 2448/3/5
f 2450/3/5 2440/3/5 2439/3/5
f 2451/3/5 2425/3/5 2440/3/5
f 2451/3/5 2440/3/5 2450/3/5
f 2452/3/5 2441/3/5 2426/3/5
f 2452/3/5 2442/3/5 2441/3/5
f 2453/3/5 2427/3/5 2442/3/5
f 2453/3/5 2442/3/5 2452/3/5
f 2454/3/5 2429/3/5 2428/3/5
f 2455/2/5 2430/2/5 2429/2/5
f 2455/3/5 2429/3/5 2454/3/5
f 2456/2/5 2430/2/5 2455/2/5
f 2475/2/5 2458/2/5 2457/2/5
f 2475/3/5 2459/3/5 2458/3/5
f 2476/3/5 2459/3/5 2475/3/5
f 2477/3/5 2461/3/5 2460/3/5
f 2478/2/5 2462/2/5 2461/2/5
f 2478/3/5 2461/3/5 2477/3/5
f 2479/3/5 2464/3/5 2463/3/5
f 2480/2/5 2465/2/5 2464/2/5
f 2480/3/5 2464/3/5 2479/3/5
f 2481/2/5 2467/2/5 2466/2/5
f 2481/3/5 2468/3/5 2467/3/5
f 2482/3/5 2468/3/5 2481/3/5
f 2483/2/5 2470/2/5 2469/2/5
f 2483/3/5 2471/3/5 2470/3/5
f 2484/3/5 2471/3/5 2483/3/5
f 2485/3/5 2473/3/5 2472/3/5
f 2486/2/5 2474/2/5 2473/2/5
f 2486/3/5 2473/3/5 2485/3/5
f 2487/2/5 2476/2/5 2475/2/5
f 2487/2/5 2475/2/5 2457/2/5
f 2488/2/5 2476/2/5 2487/2/5
f 2489/2/5 2478/2/5 2477/2/5
f 2490/2/5 2462/2/5 2478/2/5
f 2490/2/5 2478/2/5 2489/2/5
f 2491/2/5 2480/2/5 2479/2/5
f 2492/2/5 2465/2/5 2480/2/5
f 2492/2/5 2480/2/5 2491/2/5
f 2493/2/5 2482/2/5 2481/2/5
f 2493/2/5 2481/2/5 2466/2/5
f 2494/2/5 2482/2/5 2493/2/5
f 2495/2/5 2484/2/5 2483/2/5
f 2495/2/5 2483/2/5 2469/2/5
f 2496/2/5 2484/2/5 2495/2/5
f 2497/2/5 2486/2/5 2485/2/5
f 2498/2/5 2474/2/5 2486/2/5
f 2498/2/5 2486/2/5 2497/2/5
f 2511/2/5 2500/2/5 2499/2/5
f 2512/2/5 2500/2/5 2511/2/5
f 2513/2/5 2502/2/5 2501/2/5
f 2514/2/5 2502/2/5 2513/2/5
f 2515/2/5 2504/2/5 2503/2/5
f 2516/2/5 2504/2/5 2515/2/5
f 2517/2/5 2506/2/5 2505/2/5
f 2518/2/5 2506/2/5 2517/2/5
f 2519/2/5 2508/2/5 2507/2/5
f 2520/2/5 2508/2/5 2519/2/5
f 2521/2/5 2510/2/5 2509/2/5
f 2522/2/5 2510/2/5 2521/2/5
f 2523/2/5 2511/2/5 2499/2/5
f 2524/3/5 2512/3/5 2511/3/5
f 2524/2/5 2511/2/5 2523/2/5
f 2525/3/5 2512/3/5 2524/3/5
f 2526/3/5 2514/3/5 2513/3/5
f 2527/2/5 2502/2/5 2514/2/5
f 2527/3/5 2514/3/5 2526/3/5
f 2528/2/5 2502/2/5 2527/2/5
f 2529/3/5 2516/3/5 2515/3/5
f 2530/2/5 2504/2/5 2516/2/5
f 2530/3/5 2516/3/5 2529/3/5
f 2531/2/5 2504/2/5 2530/2/5
f 2532/2/5 2517/2/5 2505/2/5
f 2533/3/5 2518/3/5 2517/3/5
f 2533/2/5 2517/2/5 2532/2/5
f 2534/3/5 2518/3/5 2533/3/5
f 2535/2/5 2519/2/5 2507/2/5
f 2536/3/5 2520/3/5 2519/3/5
f 2536/2/5 2519/2/5 2535/2/5
f 2537/3/5 2520/3/5 2536/3/5
f 2538/3/5 2522/3/5 2521/3/5
f 2539/2/5 2510/2/5 2522/2/5
f 2539/3/5 2522/3/5 2538/3/5
f 2540/2/5 2510/2/5 2539/2/5
f 2555/3/5 2545/3/5 2544/3/5
f 2556/3/5 2545/3/5 2555/3/5
f 2557/3/5 2547/3/5 2546/3/5
f 2558/3/5 2547/3/5 2557/3/5
f 2559/3/5 2549/3/5 2548/3/5
f 2560/3/5 2549/3/5 2559/3/5
f 2561/3/5 2551/3/5 2550/3/5
f 2562/3/5 2551/3/5 2561/3/5
f 2563/3/5 2555/3/5 2544/3/5
f 2563/2/5 2556/2/5 2555/2/5
f 2564/3/5 2545/3/5 2556/3/5
f 2564/2/5 2556/2/5 2563/2/5
f 2565/2/5 2562/2/5 2561/2/5
f 2565/3/5 2561/3/5 2550/3/5
f 2566/3/5 2551/3/5 2562/3/5
f 2566/2/5 2562/2/5 2565/2/5
f 2567/2/5 2542/2/5 2541/2/5
f 2568/3/5 2543/3/5 2542/3/5
f 2568/2/5 2542/2/5 2567/2/5
f 2569/3/5 2543/3/5 2568/3/5
f 2570/3/5 2563/3/5 2544/3/5
f 2570/3/5 2564/3/5 2563/3/5
f 2571/3/5 2545/3/5 2564/3/5
f 2571/3/5 2564/3/5 2570/3/5
f 2572/3/5 2557/3/5 2546/3/5
f 2573/2/5 2558/2/5 2557/2/5
f 2573/3/5 2557/3/5 2572/3/5
f 2574/2/5 2558/2/5 2573/2/5
f 2575/2/5 2560/2/5 2559/2/5
f 2576/3/5 2549/3/5 2560/3/5
f 2576/2/5 2560/2/5 2575/2/5
f 2577/3/5 2549/3/5 2576/3/5
f 2578/3/5 2565/3/5 2550/3/5
f 2578/3/5 2566/3/5 2565/3/5
f 2579/3/5 2551/3/5 2566/3/5
f 2579/3/5 2566/3/5 2578/3/5
f 2580/3/5 2553/3/5 2552/3/5
f 2581/2/5 2554/2/5 2553/2/5
f 2581/3/5 2553/3/5 2580/3/5
f 2582/2/5 2554/2/5 2581/2/5
f 2603/2/5 2584/2/5 2583/2/5
f 2603/3/5 2585/3/5 2584/3/5
f 2604/3/5 2585/3/5 2603/3/5
f 2605/3/5 2587/3/5 2586/3/5
f 2606/2/5 2588/2/5 2587/2/5
f 2606/3/5 2587/3/5 2605/3/5
f 2607/3/5 2589/3/5 2588/3/5
f 2607/2/5 2588/2/5 2606/2/5
f 2608/3/5 2589/3/5 2607/3/5
f 2609/3/5 2597/3/5 2596/3/5
f 2610/2/5 2598/2/5 2597/2/5
f 2610/3/5 2597/3/5 2609/3/5
f 2611/3/5 2599/3/5 2598/3/5
f 2611/2/5 2598/2/5 2610/2/5
f 2612/3/5 2599/3/5 2611/3/5
f 2613/3/5 2601/3/5 2600/3/5
f 2614/2/5 2602/2/5 2601/2/5
f 2614/3/5 2601/3/5 2613/3/5
f 2615/2/5 2604/2/5 2603/2/5
f 2615/2/5 2603/2/5 2583/2/5
f 2616/2/5 2604/2/5 2615/2/5
f 2617/2/5 2606/2/5 2605/2/5
f 2617/2/5 2608/2/5 2607/2/5
f 2617/2/5 2607/2/5 2606/2/5
f 2618/2/5 2608/2/5 2617/2/5
f 2619/3/5 2591/3/5 2590/3/5
f 2620/2/5 2592/2/5 2591/2/5
f 2620/3/5 2591/3/5 2619/3/5
f 2621/2/5 2592/2/5 2620/2/5
f 2622/2/5 2594/2/5 2593/2/5
f 2623/3/5 2595/3/5 2594/3/5
f 2623/2/5 2594/2/5 2622/2/5
f 2624/3/5 2595/3/5 2623/3/5
f 2625/2/5 2612/2/5 2611/2/5
f 2625/2/5 2610/2/5 2609/2/5
f 2625/2/5 2611/2/5 2610/2/5
f 2626/2/5 2612/2/5 2625/2/5
f 2627/2/5 2614/2/5 2613/2/5
f 2628/2/5 2602/2/5 2614/2/5
f 2628/2/5 2614/2/5 2627/2/5
f 2629/2/6 2630/2/6 2633/2/6
f 2633/2/6 2630/2/6 2634/2/6
f 2631/2/6 2632/2/6 2635/2/6
f 2635/2/6 2632/2/6 2636/2/6
f 2637/3/6 2638/3/6 2641/3/6
f 2641/3/6 2638/3/6 2642/3/6
f 2639/3/6 2640/3/6 2643/3/6
f 2643/3/6 2640/3/6 2644/3/6
f 2645/2/6 2646/2/6 2649/2/6
f 2649/2/6 2646/2/6 2650/2/6
f 2647/2/6 2648/2/6 2651/2/6
f 2651/2/6 2648/2/6 2652/2/6
f 2653/2/6 2654/2/6 2657/2/6
f 2657/2/6 2654/2/6 2658/2/6
f 2655/2/6 2656/2/6 2659/2/6
f 2659/2/6 2656/2/6 2660/2/6
f 2661/2/6 2662/2/6 2665/2/6
f 2665/2/6 2662/2/6 2666/2/6
f 2663/2/6 2664/2/6 2667/2/6
f 2667/2/6 2664/2/6 2668/2/6
f 2669/2/6 2670/2/6 2673/2/6
f 2673/2/6 2670/2/6 2674/2/6
f 2671/2/6 2672/2/6 2675/2/6
f 2675/2/6 2672/2/6 2676/2/6
f 2677/3/6 2678/3/6 2681/3/6
f 2681/3/6 2678/3/6 2682/3/6
f 2679/3/6 2680/3/6 2683/3/6
f 2683/3/6 2680/3/6 2684/3/6
f 2685/2/6 2686/2/6 2689/2/6
f 2689/2/6 2686/2/6 2690/2/6
f 2687/2/6 2688/2/6 2691/2/6
f 2691/2/6 2688/2/6 2692/2/6
f 2693/2/6 2694/2/6 2705/2/6
f 2705/2/6 2694/2/6 2706/2/6
f 2695/2/6 2696/2/6 2707/2/6
f 2707/2/6 2696/2/6 2708/2/6
f 2697/2/6 2698/2/6 2711/2/6
f 2711/2/6 2698/2/6 2712/2/6
f 2699/2/6 2700/2/6 2713/2/6
f 2713/2/6 2700/2/6 2714/2/6
f 2701/2/6 2702/2/6 2717/2/6
f 2717/2/6 2702/2/6 2718/2/6
f 2703/2/6 2704/2/6 2719/2/6
f 2719/2/6 2704/2/6 2720/2/6
f 2709/3/6 2710/3/6 2721/3/6
f 2721/3/6 2710/3/6 2722/3/6
f 2715/3/6 2716/3/6 2723/3/6
f 2723/3/6 2716/3/6 2724/3/6
f 2725/2/6 2726/2/6 2733/2/6
f 2733/2/6 2726/2/6 2734/2/6
f 2727/2/6 2728/2/6 2735/2/6
f 2735/2/6 2728/2/6 2736/2/6
f 2729/2/6 2730/2/6 2737/2/6
f 2737/2/6 2730/2/6 2738/2/6
f 2731/2/6 2732/2/6 2739/2/6
f 2739/2/6 2732/2/6 2740/2/6
f 2741/3/6 2742/3/6 2749/3/6
f 2749/3/6 2742/3/6 2750/3/6
f 2743/3/6 2744/3/6 2751/3/6
f 2751/3/6 2744/3/6 2752/3/6
f 2745/3/6 2746/3/6 2753/3/6
f 2753/3/6 2746/3/6 2754/3/6
f 2747/3/6 2748/3/6 2755/3/6
f 2755/3/6 2748/3/6 2756/3/6
f 2757/2/6 2758/2/6 2761/2/6
f 2761/2/6 2758/2/6 2762/2/6
f 2759/2/6 2760/2/6 2771/2/6
f 2771/2/6 2760/2/6 2772/2/6
f 2763/2/6 2764/2/6 2773/2/6
f 2773/2/6 2764/2/6 2774/2/6
f 2765/2/6 2766/2/6 2775/2/6
f 2775/2/6 2766/2/6 2776/2/6
f 2767/2/6 2768/2/6 2777/2/6
f 2777/2/6 2768/2/6 2778/2/6
f 2769/2/6 2770/2/6 2779/2/6
f 2779/2/6 2770/2/6 2780/2/6
f 2781/2/6 2782/2/6 2791/2/6
f 2791/2/6 2782/2/6 2792/2/6
f 2783/2/6 2784/2/6 2793/2/6
f 2793/2/6 2784/2/6 2794/2/6
f 2785/2/6 2786/2/6 2795/2/6
f 2795/2/6 2786/2/6 2796/2/6
f 2787/2/6 2788/2/6 2797/2/6
f 2797/2/6 2788/2/6 2798/2/6
f 2789/2/6 2790/2/6 2801/2/6
f 2801/2/6 2790/2/6 2802/2/6
f 2799/2/6 2800/2/6 2803/2/6
f 2803/2/6 2800/2/6 2804/2/6
f 2805/3/6 2806/3/6 2813/3/6
f 2813/3/6 2806/3/6 2814/3/6
f 2807/3/6 2808/3/6 2815/3/6
f 2815/3/6 2808/3/6 2816/3/6
f 2809/3/6 2810/3/6 2817/3/6
f 2817/3/6 2810/3/6 2818/3/6
f 2811/3/6 2812/3/6 2819/3/6
f 2819/3/6 2812/3/6 2820/3/6
f 2821/2/6 2822/2/6 2829/2/6
f 2829/2/6 2822/2/6 2830/2/6
f 2823/2/6 2824/2/6 2831/2/6
f 2831/2/6 2824/2/6 2832/2/6
f 2825/2/6 2826/2/6 2833/2/6
f 2833/2/6 2826/2/6 2834/2/6
f 2827/2/6 2828/2/6 2835/2/6
f 2835/2/6 2828/2/6 2836/2/6
f 2837/3/6 2838/3/6 2845/3/6
f 2845/3/6 2838/3/6 2846/3/6
f 2839/3/6 2840/3/6 2851/3/6
f 2851/3/6 2840/3/6 2852/3/6
f 2841/2/6 2842/2/6 2857/2/6
f 2857/2/6 2842/2/6 2858/2/6
f 2843/2/6 2844/2/6 2859/2/6
f 2859/2/6 2844/2/6 2860/2/6
f 2847/2/6 2848/2/6 2861/2/6
f 2861/2/6 2848/2/6 2862/2/6
f 2849/2/6 2850/2/6 2863/2/6
f 2863/2/6 2850/2/6 2864/2/6
f 2853/2/6 2854/2/6 2865/2/6
f 2865/2/6 2854/2/6 2866/2/6
f 2855/2/6 2856/2/6 2867/2/6
f 2867/2/6 2856/2/6 2868/2/6
f 2869/2/6 2870/2/6 2877/2/6
f 2877/2/6 2870/2/6 2878/2/6
f 2871/3/6 2872/3/6 2879/3/6
f 2879/3/6 2872/3/6 2880/3/6
f 2873/3/6 2874/3/6 2881/3/6
f 2881/3/6 2874/3/6 2882/3/6
f 2875/2/6 2876/2/6 2883/2/6
f 2883/2/6 2876/2/6 2884/2/6
f 2885/3/6 2886/3/6 2893/3/6
f 2893/3/6 2886/3/6 2894/3/6
f 2887/3/6 2888/3/6 2895/3/6
f 2895/3/6 2888/3/6 2896/3/6
f 2889/3/6 2890/3/6 2901/3/6
f 2901/3/6 2890/3/6 2902/3/6
f 2891/3/6 2892/3/6 2903/3/6
f 2903/3/6 2892/3/6 2904/3/6
f 2897/3/6 2898/3/6 2907/3/6
f 2907/3/6 2898/3/6 2908/3/6
f 2899/3/6 2900/3/6 2909/3/6
f 2909/3/6 2900/3/6 2910/3/6
f 2905/3/6 2906/3/6 2913/3/6
f 2913/3/6 2906/3/6 2914/3/6
f 2911/3/6 2912/3/6 2915/3/6
f 2915/3/6 2912/3/6 2916/3/6
f 2917/2/6 2918/2/6 2925/2/6
f 2925/2/6 2918/2/6 2926/2/6
f 2919/2/6 2920/2/6 2927/2/6
f 2927/2/6 2920/2/6 2928/2/6
f 2921/2/6 2922/2/6 2933/2/6
f 2933/2/6 2922/2/6 2934/2/6
f 2923/2/6 2924/2/6 2935/2/6
f 2935/2/6 2924/2/6 2936/2/6
f 2929/2/6 2930/2/6 2937/2/6
f 2937/2/6 2930/2/6 2938/2/6
f 2931/2/6 2932/2/6 2939/2/6
f 2939/2/6 2932/2/6 2940/2/6
f 2941/2/6 2942/2/6 2949/2/6
f 2949/2/6 2942/2/6 2950/2/6
f 2943/2/6 2944/2/6 2951/2/6
f 2951/2/6 2944/2/6 2952/2/6
f 2945/2/6 2946/2/6 2957/2/6
f 2957/2/6 2946/2/6 2958/2/6
f 2947/2/6 2948/2/6 2959/2/6
f 2959/2/6 2948/2/6 2960/2/6
f 2953/2/6 2954/2/6 2961/2/6
f 2961/2/6 2954/2/6 2962/2/6
f 2955/2/6 2956/2/6 2963/2/6
f 2963/2/6 2956/2/6 2964/2/6
f 2965/3/6 2966/3/6 2969/3/6
f 2969/3/6 2966/3/6 2970/3/6
f 2967/3/6 2968/3/6 2975/3/6
f 2975/3/6 2968/3/6 2976/3/6
f 2971/3/6 2972/3/6 2981/3/6
f 2981/3/6 2972/3/6 2982/3/6
f 2973/3/6 2974/3/6 2983/3/6
f 2983/3/6 2974/3/6 2984/3/6
f 2977/3/6 2978/3/6 2989/3/6
f 2989/3/6 2978/3/6 2990/3/6
f 2979/3/6 2980/3/6 2991/3/6
f 2991/3/6 2980/3/6 2992/3/6
f 2985/3/6 2986/3/6 2993/3/6
f 2993/3/6 2986/3/6 2994/3/6
f 2987/3/6 2988/3/6 2995/3/6
f 2995/3/6 2988/3/6 2996/3/6
f 2997/2/6 2998/2/6 3005/2/6
f 3005/2/6 2998/2/6 3006/2/6
f 2999/3/6 3000/3/6 3007/3/6
f 3007/3/6 3000/3/6 3008/3/6
f 3001/3/6 3002/3/6 3009/3/6
f 3009/3/6 3002/3/6 3010/3/6
f 3003/2/6 3004/2/6 3011/2/6
f 3011/2/6 3004/2/6 3012/2/6
f 3013/2/6 3014/2/6 3017/2/6
f 3017/2/6 3014/2/6 3018/2/6
f 3015/2/6 3016/2/6 3023/2/6
f 3023/2/6 3016/2/6 3024/2/6
f 3019/2/6 3020/2/6 3025/2/6
f 3025/2/6 3020/2/6 3026/2/6
f 3021/2/6 3022/2/6 3027/2/6
f 3027/2/6 3022/2/6 3028/2/6
f 3029/3/6 3030/3/6 3033/3/6
f 3033/3/6 3030/3/6 3034/3/6
f 3031/3/6 3032/3/6 3035/3/6
f 3035/3/6 3032/3/6 3036/3/6
f 3037/3/6 3038/3/6 3041/3/6
f 3041/3/6 3038/3/6 3042/3/6
f 3039/3/6 3040/3/6 3043/3/6
f 3043/3/6 3040/3/6 3044/3/6
f 3045/3/6 3046/3/6 3049/3/6
f 3049/3/6 3046/3/6 3050/3/6
f 3047/3/6 3048/3/6 3055/3/6
f 3055/3/6 3048/3/6 3056/3/6
f 3051/2/6 3052/2/6 3057/2/6
f 3057/2/6 3052/2/6 3058/2/6
f 3053/2/6 3054/2/6 3059/2/6
f 3059/2/6 3054/2/6 3060/2/6
f 3061/2/6 3062/2/6 3067/2/6
f 3067/2/6 3062/2/6 3068/2/6
f 3063/2/6 3064/2/6 3069/2/6
f 3069/2/6 3064/2/6 3070/2/6
f 3065/3/6 3066/3/6 3073/3/6
f 3073/3/6 3066/3/6 3074/3/6
f 3071/3/6 3072/3/6 3075/3/6
f 3075/3/6 3072/3/6 3076/3/6
f 3077/3/6 3078/3/6 3081/3/6
f 3081/3/6 3078/3/6 3082/3/6
f 3079/3/6 3080/3/6 3083/3/6
f 3083/3/6 3080/3/6 3084/3/6
f 3085/3/6 3086/3/6 3089/3/6
f 3089/3/6 3086/3/6 3090/3/6
f 3087/3/6 3088/3/6 3091/3/6
f 3091/3/6 3088/3/6 3092/3/6
f 3093/2/6 3094/2/6 3099/2/6
f 3099/2/6 3094/2/6 3100/2/6
f 3095/2/6 3096/2/6 3101/2/6
f 3101/2/6 3096/2/6 3102/2/6
f 3097/2/6 3098/2/6 3105/2/6
f 3105/2/6 3098/2/6 3106/2/6
f 3103/2/6 3104/2/6 3107/2/6
f 3107/2/6 3104/2/6 3108/2/6
f 3109/2/6 3110/2/6 3117/2/6
f 3117/2/6 3110/2/6 3118/2/6
f 3111/3/6 3112/3/6 3119/3/6
f 3119/3/6 3112/3/6 3120/3/6
f 3113/3/6 3114/3/6 3121/3/6
f 3121/3/6 3114/3/6 3122/3/6
f 3115/2/6 3116/2/6 3123/2/6
f 3123/2/6 3116/2/6 3124/2/6
f 3125/2/6 3126/2/6 3133/2/6
f 3133/2/6 3126/2/6 3134/2/6
f 3127/2/6 3128/2/6 3138/2/6
f 3138/2/6 3128/2/6 3139/2/6
f 3129/2/6 3130/2/6 3140/2/6
f 3140/2/6 3130/2/6 3141/2/6
f 3131/2/6 3132/2/6 3145/2/6
f 3145/2/6 3132/2/6 3146/2/6
f 3135/2/6 3136/2/6 3147/2/6
f 3147/2/6 3136/2/6 3148/2/6
f 3137/2/6 3138/2/6 3149/2/6
f 3149/2/6 3138/2/6 3150/2/6
f 3141/2/6 3142/2/6 3151/2/6
f 3151/2/6 3142/2/6 3152/2/6
f 3143/2/6 3144/2/6 3153/2/6
f 3153/2/6 3144/2/6 3154/2/6
f 3155/3/6 3156/3/6 3159/3/6
f 3159/3/6 3156/3/6 3160/3/6
f 3157/3/6 3158/3/6 3161/3/6
f 3161/3/6 3158/3/6 3162/3/6
f 3163/3/6 3164/3/6 3167/3/6
f 3167/3/6 3164/3/6 3168/3/6
f 3165/3/6 3166/3/6 3169/3/6
f 3169/3/6 3166/3/6 3170/3/6
f 3171/2/6 3172/2/6 3181/2/6
f 3181/2/6 3172/2/6 3182/2/6
f 3173/2/6 3174/2/6 3183/2/6
f 3183/2/6 3174/2/6 3184/2/6
f 3175/2/6 3176/2/6 3187/2/6
f 3187/2/6 3176/2/6 3188/2/6
f 3177/2/6 3178/2/6 3189/2/6
f 3189/2/6 3178/2/6 3190/2/6
f 3179/2/6 3180/2/6 3193/2/6
f 3193/2/6 3180/2/6 3194/2/6
f 3184/2/6 3185/2/6 3195/2/6
f 3195/2/6 3185/2/6 3196/2/6
f 3186/2/6 3187/2/6 3197/2/6
f 3197/2/6 3187/2/6 3198/2/6
f 3191/2/6 3192/2/6 3199/2/6
f 3199/2/6 3192/2/6 3200/2/6
f 3201/2/6 3202/2/6 3209/2/6
f 3209/2/6 3202/2/6 3210/2/6
f 3203/3/6 3204/3/6 3211/3/6
f 3211/3/6 3204/3/6 3212/3/6
f 3205/3/6 3206/3/6 3213/3/6
f 3213/3/6 3206/3/6 3214/3/6
f 3207/2/6 3208/2/6 3215/2/6
f 3215/2/6 3208/2/6 3216/2/6
f 3217/2/6 3218/2/6 3222/2/6
f 3222/2/6 3218/2/6 3223/2/6
f 3219/2/6 3220/2/6 3224/2/6
f 3224/2/6 3220/2/6 3225/2/6
f 3221/2/6 3222/2/6 3227/2/6
f 3227/2/6 3222/2/6 3228/2/6
f 3225/2/6 3226/2/6 3229/2/6
f 3229/2/6 3226/2/6 3230/2/6
f 3231/1/6 3232/1/6 3235/1/6
f 3235/1/6 3232/1/6 3236/1/6
f 3233/1/6 3234/1/6 3241/1/6
f 3241/1/6 3234/1/6 3242/1/6
f 3237/2/6 3238/2/6 3243/2/6
f 3243/2/6 3238/2/6 3244/2/6
f 3239/2/6 3240/2/6 3245/2/6
f 3245/2/6 3240/2/6 3246/2/6
f 3247/2/6 3248/2/6 3253/2/6
f 3253/2/6 3248/2/6 3254/2/6
f 3249/2/6 3250/2/6 3255/2/6
f 3255/2/6 3250/2/6 3256/2/6
f 3251/1/6 3252/1/6 3259/1/6
f 3259/1/6 3252/1/6 3260/1/6
f 3257/1/6 3258/1/6 3261/1/6
f 3261/1/6 3258/1/6 3262/1/6
f 3263/2/6 3264/2/6 3267/2/6
f 3267/2/6 3264/2/6 3268/2/6
f 3265/2/6 3266/2/6 3271/2/6
f 3271/2/6 3266/2/6 3272/2/6
f 3268/2/6 3269/2/6 3273/2/6
f 3273/2/6 3269/2/6 3274/2/6
f 3270/2/6 3271/2/6 3275/2/6
f 3275/2/6 3271/2/6 3276/2/6
f 3277/1/6 3278/1/6 3285/1/6
f 3285/1/6 3278/1/6 3286/1/6
f 3279/1/6 3280/1/6 3287/1/6
f 3287/1/6 3280/1/6 3288/1/6
f 3281/1/6 3282/1/6 3289/1/6
f 3289/1/6 3282/1/6 3290/1/6
f 3283/1/6 3284/1/6 3291/1/6
f 3291/1/6 3284/1/6 3292/1/6
f 3293/1/6 3294/1/6 3297/1/6
f 3297/1/6 3294/1/6 3298/1/6
f 3295/1/6 3296/1/6 3299/1/6
f 3299/1/6 3296/1/6 3300/1/6
f 3301/1/6 3302/1/6 3305/1/6
f 3305/1/6 3302/1/6 3306/1/6
f 3303/1/6 3304/1/6 3307/1/6
f 3307/1/6 3304/1/6 3308/1/6
f 3309/1/6 3310/1/6 3317/1/6
f 3317/1/6 3310/1/6 3318/1/6
f 3311/1/6 3312/1/6 3319/1/6
f 3319/1/6 3312/1/6 3320/1/6
f 3313/1/6 3314/1/6 3321/1/6
f 3321/1/6 3314/1/6 3322/1/6
f 3315/1/6 3316/1/6 3323/1/6
f 3323/1/6 3316/1/6 3324/1/6
f 3325/1/6 3326/1/6 3329/1/6
f 3329/1/6 3326/1/6 3330/1/6
f 3327/1/6 3328/1/6 3331/1/6
f 3331/1/6 3328/1/6 3332/1/6
f 3333/1/6 3334/1/6 3345/1/6
f 3345/1/6 3334/1/6 3346/1/6
f 3335/1/6 3336/1/6 3347/1/6
f 3347/1/6 3336/1/6 3348/1/6
f 3337/1/6 3338/1/6 3349/1/6
f 3349/1/6 3338/1/6 3350/1/6
f 3339/1/6 3340/1/6 3351/1/6
f 3351/1/6 3340/1/6 3352/1/6
f 3341/1/6 3342/1/6 3353/1/6
f 3353/1/6 3342/1/6 3354/1/6
f 3343/1/6 3344/1/6 3355/1/6
f 3355/1/6 3344/1/6 3356/1/6
f 3357/1/6 3358/1/6 3361/1/6
f 3361/1/6 3358/1/6 3362/1/6
f 3359/1/6 3360/1/6 3363/1/6
f 3363/1/6 3360/1/6 3364/1/6
f 3365/1/6 3366/1/6 3369/1/6
f 3369/1/6 3366/1/6 3370/1/6
f 3367/1/6 3368/1/6 3371/1/6
f 3371/1/6 3368/1/6 3372/1/6
f 3373/1/6 3374/1/6 3385/1/6
f 3385/1/6 3374/1/6 3386/1/6
f 3375/1/6 3376/1/6 3387/1/6
f 3387/1/6 3376/1/6 3388/1/6
f 3377/1/6 3378/1/6 3389/1/6
f 3389/1/6 3378/1/6 3390/1/6
f 3379/1/6 3380/1/6 3391/1/6
f 3391/1/6 3380/1/6 3392/1/6
f 3381/1/6 3382/1/6 3393/1/6
f 3393/1/6 3382/1/6 3394/1/6
f 3383/1/6 3384/1/6 3395/1/6
f 3395/1/6 3384/1/6 3396/1/6
f 3397/1/6 3398/1/6 3401/1/6
f 3401/1/6 3398/1/6 3402/1/6
f 3399/1/6 3400/1/6 3403/1/6
f 3403/1/6 3400/1/6 3404/1/6
