# MagicaVoxel @ Ephtracy

# group
o 

# material
mtllib BaseModel.mtl
usemtl palette

# normals
vn -1 0 0
vn 1 0 0
vn 0 0 1
vn 0 0 -1
vn 0 -1 0
vn 0 1 0

# texcoords
vt 0.0136719 0.5
vt 0.0175781 0.5
vt 0.236328 0.5
vt 0.240234 0.5
vt 0.728516 0.5
vt 0.845703 0.5
vt 0.888672 0.5
vt 0.892578 0.5
vt 0.896484 0.5
vt 0.990234 0.5

# verts
v -1.4 -0.8 1.1
v -1.4 -0.8 -1
v -1.4 -0.7 1.2
v -1.4 -0.7 1.1
v -1.4 -0.7 1
v -1.4 -0.7 0.9
v -1.4 -0.7 0.6
v -1.4 -0.7 0.5
v -1.4 -0.7 0.4
v -1.4 -0.7 0.3
v -1.4 -0.7 0.2
v -1.4 -0.7 0
v -1.4 -0.7 -0.3
v -1.4 -0.7 -0.6
v -1.4 -0.7 -1
v -1.4 -0.7 -1.1
v -1.4 -0.6 1.2
v -1.4 -0.6 1
v -1.4 -0.6 0.7
v -1.4 -0.6 0.6
v -1.4 -0.6 0.5
v -1.4 -0.6 0.4
v -1.4 -0.6 0.3
v -1.4 -0.6 0.2
v -1.4 -0.6 -0.6
v -1.4 -0.6 -0.7
v -1.4 -0.6 -1
v -1.4 -0.6 -1.1
v -1.4 -0.5 0.9
v -1.4 -0.5 0.8
v -1.4 -0.5 0.7
v -1.4 -0.5 0.4
v -1.4 -0.5 0.3
v -1.4 -0.5 0.1
v -1.4 -0.5 0
v -1.4 -0.5 -0.1
v -1.4 -0.5 -0.3
v -1.4 -0.5 -0.5
v -1.4 -0.5 -0.6
v -1.4 -0.5 -0.7
v -1.4 -0.5 -0.8
v -1.4 -0.5 -1
v -1.4 -0.4 1
v -1.4 -0.4 0.8
v -1.4 -0.4 0.7
v -1.4 -0.4 0.4
v -1.4 -0.4 0.3
v -1.4 -0.4 0.1
v -1.4 -0.4 -0.1
v -1.4 -0.4 -0.3
v -1.4 -0.4 -0.5
v -1.4 -0.4 -0.6
v -1.4 -0.4 -0.7
v -1.4 -0.4 -0.8
v -1.4 -0.4 -1
v -1.4 0.1 0
v -1.4 0.1 -0.1
v -1.4 0.2 0
v -1.4 0.2 -0.1
v -1.4 0.3 0
v -1.4 0.3 -0.1
v -1.4 0.4 0.1
v -1.4 0.4 0
v -1.4 0.4 -0.1
v -1.4 0.4 -0.2
v -1.4 0.5 0.2
v -1.4 0.5 0.1
v -1.4 0.5 -0.1
v -1.4 0.5 -0.2
v -1.4 0.6 0
v -1.4 0.6 -0.1
v -1.4 0.7 0.2
v -1.4 0.7 0
v -1.4 0.7 -0.1
v -1.4 0.7 -0.2
v -1.3 -0.8 -1
v -1.3 -0.8 -1.2
v -1.3 -0.7 -1
v -1.3 -0.7 -1.1
v -1.3 -0.6 1.1
v -1.3 -0.6 1
v -1.3 -0.6 -1
v -1.3 -0.6 -1.1
v -1.3 -0.6 -1.2
v -1.3 -0.5 1.1
v -1.3 -0.5 1
v -1.3 -0.5 -1
v -1.3 -0.5 -1.1
v -1.3 -0.4 1
v -1.3 -0.4 0.8
v -1.3 -0.4 0.7
v -1.3 -0.4 0.4
v -1.3 -0.4 0.3
v -1.3 -0.4 0.1
v -1.3 -0.4 -0.1
v -1.3 -0.4 -0.3
v -1.3 -0.4 -0.5
v -1.3 -0.4 -0.6
v -1.3 -0.4 -0.7
v -1.3 -0.4 -0.8
v -1.3 -0.4 -1
v -1.3 -0.3 1
v -1.3 -0.3 -1
v -1.3 1.4 0.4
v -1.3 1.4 0.3
v -1.3 1.5 0.4
v -1.3 1.5 0.3
v -1.3 1.5 -0.3
v -1.3 1.5 -0.4
v -1.3 1.6 -0.3
v -1.3 1.6 -0.4
v -1.2 -0.8 1.4
v -1.2 -0.8 1.1
v -1.2 -0.7 1.4
v -1.2 -0.7 1.2
v -1.2 -0.6 -1.1
v -1.2 -0.6 -1.2
v -1.2 -0.5 1.1
v -1.2 -0.5 1
v -1.2 -0.5 -1
v -1.2 -0.5 -1.1
v -1.2 -0.4 1.2
v -1.2 -0.4 1
v -1.2 -0.4 -1
v -1.2 -0.4 -1.2
v -1.2 -0.3 1
v -1.2 -0.3 0.8
v -1.2 -0.3 0.4
v -1.2 -0.3 0.1
v -1.2 -0.3 0
v -1.2 -0.3 -0.1
v -1.2 -0.3 -0.3
v -1.2 -0.3 -0.4
v -1.2 -0.3 -0.5
v -1.2 -0.3 -0.7
v -1.2 -0.3 -1
v -1.2 -0.2 0.8
v -1.2 -0.2 0.7
v -1.2 -0.2 0.2
v -1.2 -0.2 0.1
v -1.2 -0.2 0
v -1.2 -0.2 -0.1
v -1.2 -0.2 -0.3
v -1.2 -0.2 -0.4
v -1.2 -0.2 -0.5
v -1.2 -0.2 -0.6
v -1.2 -0.2 -0.7
v -1.2 -0.2 -0.9
v -1.2 -0.2 -1
v -1.2 -0.1 1
v -1.2 -0.1 0.8
v -1.2 -0.1 0.7
v -1.2 -0.1 0.4
v -1.2 -0.1 0.3
v -1.2 -0.1 0.2
v -1.2 -0.1 0.1
v -1.2 -0.1 0
v -1.2 -0.1 -0.3
v -1.2 -0.1 -0.4
v -1.2 -0.1 -0.6
v -1.2 -0.1 -0.7
v -1.2 -0.1 -0.8
v -1.2 -0.1 -0.9
v -1.2 -0.1 -1
v -1.2 0 0.8
v -1.2 0 0.7
v -1.2 0 0.5
v -1.2 0 0.4
v -1.2 0 0.2
v -1.2 0 0.1
v -1.2 0 -0.4
v -1.2 0 -0.5
v -1.2 0 -0.7
v -1.2 0 -0.8
v -1.2 0.1 0.7
v -1.2 0.1 0.5
v -1.2 0.1 0.3
v -1.2 0.1 -0.3
v -1.2 0.1 -0.5
v -1.2 0.1 -0.7
v -1.2 0.7 0.2
v -1.2 0.7 0.1
v -1.2 0.7 -0.1
v -1.2 0.7 -0.2
v -1.2 0.8 0.8
v -1.2 0.8 0.2
v -1.2 0.8 0
v -1.2 0.8 -0.1
v -1.2 0.8 -0.2
v -1.2 0.8 -0.8
v -1.2 0.9 0.9
v -1.2 0.9 0.8
v -1.2 0.9 0.4
v -1.2 0.9 0.2
v -1.2 0.9 0.1
v -1.2 0.9 0
v -1.2 0.9 -0.2
v -1.2 0.9 -0.4
v -1.2 0.9 -0.8
v -1.2 0.9 -0.9
v -1.2 1 1
v -1.2 1 0.9
v -1.2 1 0.8
v -1.2 1 0.7
v -1.2 1 0.5
v -1.2 1 0.4
v -1.2 1 0.2
v -1.2 1 -0.2
v -1.2 1 -0.4
v -1.2 1 -0.5
v -1.2 1 -0.7
v -1.2 1 -0.8
v -1.2 1 -0.9
v -1.2 1 -1
v -1.2 1.1 0.5
v -1.2 1.1 -0.5
v -1.2 1.1 -0.8
v -1.2 1.1 -0.9
v -1.2 1.2 0.9
v -1.2 1.2 0.8
v -1.2 1.2 0.7
v -1.2 1.2 -0.7
v -1.2 1.2 -0.8
v -1.2 1.3 0.9
v -1.2 1.3 0.8
v -1.2 1.3 0.6
v -1.2 1.3 0.4
v -1.2 1.3 0.3
v -1.2 1.3 0.2
v -1.2 1.3 -0.2
v -1.2 1.3 -0.6
v -1.2 1.4 0.7
v -1.2 1.4 0.6
v -1.2 1.4 0.4
v -1.2 1.4 0.3
v -1.2 1.4 0.2
v -1.2 1.4 -0.1
v -1.2 1.4 -0.2
v -1.2 1.4 -0.6
v -1.2 1.4 -0.7
v -1.2 1.4 -0.8
v -1.2 1.4 -0.9
v -1.2 1.5 0.4
v -1.2 1.5 0.3
v -1.2 1.5 -0.3
v -1.2 1.5 -0.4
v -1.2 1.6 1
v -1.2 1.6 0.9
v -1.2 1.6 0.8
v -1.2 1.6 0.7
v -1.2 1.6 0.6
v -1.2 1.6 -0.1
v -1.2 1.6 -0.2
v -1.2 1.6 -0.3
v -1.2 1.6 -0.4
v -1.2 1.6 -0.6
v -1.2 1.6 -0.7
v -1.2 1.6 -0.8
v -1.2 1.6 -0.9
v -1.2 1.6 -1
v -1.2 1.7 0.9
v -1.2 1.7 0.8
v -1.2 1.7 0.7
v -1.2 1.7 0.6
v -1.2 1.7 0.2
v -1.2 1.7 -0.2
v -1.2 1.7 -0.6
v -1.2 1.7 -0.7
v -1.2 1.7 -0.8
v -1.2 1.7 -0.9
v -1.2 1.8 0.8
v -1.2 1.8 0.7
v -1.2 1.8 -0.7
v -1.2 1.8 -0.8
v -1.1 -0.8 -1.2
v -1.1 -0.8 -1.3
v -1.1 -0.7 1.4
v -1.1 -0.7 1.2
v -1.1 -0.7 -1.2
v -1.1 -0.7 -1.3
v -1.1 -0.6 1.4
v -1.1 -0.6 1.2
v -1.1 -0.6 -1.2
v -1.1 -0.6 -1.3
v -1.1 -0.4 1.1
v -1.1 -0.4 1
v -1.1 -0.4 -1
v -1.1 -0.4 -1.1
v -1.1 -0.3 1.1
v -1.1 -0.3 1
v -1.1 -0.3 -1
v -1.1 -0.3 -1.1
v -1.1 -0.1 0.9
v -1.1 -0.1 0.8
v -1.1 -0.1 -0.8
v -1.1 -0.1 -0.9
v -1.1 0 0.9
v -1.1 0 0.8
v -1.1 0 0.7
v -1.1 0 -0.7
v -1.1 0 -0.8
v -1.1 0 -0.9
v -1.1 0.1 0.7
v -1.1 0.1 0.5
v -1.1 0.1 0.3
v -1.1 0.1 -0.3
v -1.1 0.1 -0.5
v -1.1 0.1 -0.7
v -1.1 0.2 0.8
v -1.1 0.2 -0.8
v -1.1 0.7 0.8
v -1.1 0.7 0.2
v -1.1 0.7 -0.2
v -1.1 0.7 -0.8
v -1.1 0.8 0.9
v -1.1 0.8 0.8
v -1.1 0.8 0.2
v -1.1 0.8 -0.2
v -1.1 0.8 -0.8
v -1.1 0.8 -0.9
v -1.1 0.9 1
v -1.1 0.9 0.9
v -1.1 0.9 0.8
v -1.1 0.9 -0.8
v -1.1 0.9 -0.9
v -1.1 0.9 -1
v -1.1 1 1
v -1.1 1 0.9
v -1.1 1 -0.9
v -1.1 1 -1
v -1.1 1.6 1
v -1.1 1.6 0.9
v -1.1 1.6 -0.9
v -1.1 1.6 -1
v -1.1 1.7 1
v -1.1 1.7 0.9
v -1.1 1.7 0.8
v -1.1 1.7 -0.8
v -1.1 1.7 -0.9
v -1.1 1.7 -1
v -1.1 1.8 0.9
v -1.1 1.8 0.8
v -1.1 1.8 0.7
v -1.1 1.8 0.5
v -1.1 1.8 0.2
v -1.1 1.8 0.1
v -1.1 1.8 -0.2
v -1.1 1.8 -0.4
v -1.1 1.8 -0.7
v -1.1 1.8 -0.8
v -1.1 1.8 -0.9
v -1.1 1.9 0.8
v -1.1 1.9 0.7
v -1.1 1.9 0.5
v -1.1 1.9 0.2
v -1.1 1.9 0.1
v -1.1 1.9 -0.2
v -1.1 1.9 -0.4
v -1.1 1.9 -0.7
v -1.1 1.9 -0.8
v -1 -0.1 1
v -1 -0.1 0.9
v -1 -0.1 -0.9
v -1 -0.1 -1
v -1 0 1
v -1 0 0.9
v -1 0 0.8
v -1 0 -0.8
v -1 0 -0.9
v -1 0 -1
v -1 0.1 0.9
v -1 0.1 0.8
v -1 0.1 -0.8
v -1 0.1 -0.9
v -1 0.2 0.6
v -1 0.2 0.2
v -1 0.2 0
v -1 0.2 -0.2
v -1 0.2 -0.3
v -1 0.2 -0.6
v -1 0.3 0.5
v -1 0.3 0.4
v -1 0.3 0.2
v -1 0.3 0.1
v -1 0.3 -0.2
v -1 0.3 -0.3
v -1 0.3 -0.4
v -1 0.3 -0.5
v -1 0.4 0.6
v -1 0.4 0.5
v -1 0.4 0.4
v -1 0.4 0.1
v -1 0.4 0
v -1 0.4 -0.2
v -1 0.4 -0.3
v -1 0.4 -0.4
v -1 0.4 -0.5
v -1 0.4 -0.6
v -1 0.5 0.8
v -1 0.5 0.7
v -1 0.5 0.6
v -1 0.5 0.5
v -1 0.5 0.3
v -1 0.5 0.2
v -1 0.5 -0.5
v -1 0.5 -0.6
v -1 0.5 -0.7
v -1 0.5 -0.8
v -1 0.6 0.7
v -1 0.6 0.6
v -1 0.6 0.5
v -1 0.6 0.4
v -1 0.6 0.3
v -1 0.6 0.2
v -1 0.6 -0.2
v -1 0.6 -0.3
v -1 0.6 -0.6
v -1 0.6 -0.7
v -1 0.7 0.9
v -1 0.7 0.8
v -1 0.7 0.5
v -1 0.7 0.4
v -1 0.7 -0.8
v -1 0.7 -0.9
v -1 0.8 1
v -1 0.8 0.9
v -1 0.8 0.8
v -1 0.8 -0.8
v -1 0.8 -0.9
v -1 0.8 -1
v -1 0.9 1
v -1 0.9 0.9
v -1 0.9 -0.9
v -1 0.9 -1
v -1 1.7 1
v -1 1.7 0.9
v -1 1.7 -0.9
v -1 1.7 -1
v -1 1.8 1
v -1 1.8 0.9
v -1 1.8 0.8
v -1 1.8 -0.8
v -1 1.8 -0.9
v -1 1.8 -1
v -1 1.9 0.9
v -1 1.9 0.8
v -1 1.9 0.7
v -1 1.9 0.6
v -1 1.9 0.5
v -1 1.9 0.3
v -1 1.9 0.2
v -1 1.9 0.1
v -1 1.9 -0.2
v -1 1.9 -0.3
v -1 1.9 -0.4
v -1 1.9 -0.7
v -1 1.9 -0.8
v -1 1.9 -0.9
v -1 2 0.7
v -1 2 0.6
v -1 2 0.3
v -1 2 0.2
v -1 2 -0.2
v -1 2 -0.3
v -1 2 -0.7
v -0.9 0 1
v -0.9 0 0.9
v -0.9 0 -0.9
v -0.9 0 -1
v -0.9 0.1 1
v -0.9 0.1 0.9
v -0.9 0.1 0.8
v -0.9 0.1 -0.8
v -0.9 0.1 -0.9
v -0.9 0.1 -1
v -0.9 0.2 0.9
v -0.9 0.2 0.8
v -0.9 0.2 0.7
v -0.9 0.2 0.6
v -0.9 0.2 -0.6
v -0.9 0.2 -0.7
v -0.9 0.2 -0.8
v -0.9 0.2 -0.9
v -0.9 0.3 0.7
v -0.9 0.3 0.6
v -0.9 0.3 -0.6
v -0.9 0.3 -0.7
v -0.9 0.4 0.7
v -0.9 0.4 0.6
v -0.9 0.4 -0.6
v -0.9 0.4 -0.7
v -0.9 0.5 0.7
v -0.9 0.5 0.6
v -0.9 0.5 -0.6
v -0.9 0.5 -0.7
v -0.9 1 1.1
v -0.9 1 1
v -0.9 1 -1
v -0.9 1 -1.1
v -0.9 1.6 1.1
v -0.9 1.6 1
v -0.9 1.6 -1
v -0.9 1.6 -1.1
v -0.9 1.9 0.8
v -0.9 1.9 0.7
v -0.9 1.9 -0.7
v -0.9 1.9 -0.8
v -0.9 2 0.8
v -0.9 2 0.7
v -0.9 2 0.6
v -0.9 2 0.5
v -0.9 2 0.4
v -0.9 2 0.3
v -0.9 2 0.2
v -0.9 2 0.1
v -0.9 2 -0.1
v -0.9 2 -0.2
v -0.9 2 -0.3
v -0.9 2 -0.4
v -0.9 2 -0.5
v -0.9 2 -0.6
v -0.9 2 -0.7
v -0.9 2 -0.8
v -0.9 2.1 0.6
v -0.9 2.1 0.5
v -0.9 2.1 0.4
v -0.9 2.1 0.2
v -0.9 2.1 0.1
v -0.9 2.1 -0.1
v -0.9 2.1 -0.4
v -0.9 2.1 -0.5
v -0.9 2.1 -0.6
v -0.8 -0.8 1.4
v -0.8 -0.8 1.3
v -0.8 -0.8 -1.3
v -0.8 -0.8 -1.4
v -0.8 -0.7 1.3
v -0.8 -0.7 -1.3
v -0.8 -0.6 1.4
v -0.8 -0.6 1.3
v -0.8 -0.6 -1.3
v -0.8 -0.6 -1.4
v -0.8 -0.3 1.4
v -0.8 -0.3 1.3
v -0.8 -0.3 -1.3
v -0.8 -0.3 -1.4
v -0.8 -0.1 1.3
v -0.8 -0.1 1.2
v -0.8 -0.1 -1.2
v -0.8 -0.1 -1.3
v -0.8 0 1.4
v -0.8 0 1.2
v -0.8 0 -1.2
v -0.8 0 -1.4
v -0.8 0.2 0.8
v -0.8 0.2 0.7
v -0.8 0.2 -0.7
v -0.8 0.2 -0.8
v -0.8 0.3 0.7
v -0.8 0.3 0.6
v -0.8 0.3 -0.6
v -0.8 0.3 -0.7
v -0.8 0.4 0.7
v -0.8 0.4 0.6
v -0.8 0.4 -0.6
v -0.8 0.4 -0.7
v -0.8 0.5 0.8
v -0.8 0.5 0.7
v -0.8 0.5 -0.7
v -0.8 0.5 -0.8
v -0.8 0.9 1.1
v -0.8 0.9 1
v -0.8 0.9 -1
v -0.8 0.9 -1.1
v -0.8 1 1.1
v -0.8 1 1
v -0.8 1 -1
v -0.8 1 -1.1
v -0.8 1.6 1.1
v -0.8 1.6 1
v -0.8 1.6 -1
v -0.8 1.6 -1.1
v -0.8 1.7 1.1
v -0.8 1.7 1
v -0.8 1.7 -1
v -0.8 1.7 -1.1
v -0.8 2 0.7
v -0.8 2 0.6
v -0.8 2 0.5
v -0.8 2 0.4
v -0.8 2 0.1
v -0.8 2 -0.1
v -0.8 2 -0.4
v -0.8 2 -0.5
v -0.8 2 -0.6
v -0.8 2 -0.7
v -0.8 2.1 0.7
v -0.8 2.1 0.6
v -0.8 2.1 0.5
v -0.8 2.1 0.4
v -0.8 2.1 0.1
v -0.8 2.1 -0.1
v -0.8 2.1 -0.4
v -0.8 2.1 -0.5
v -0.8 2.1 -0.6
v -0.8 2.1 -0.7
v -0.5 2 0.7
v -0.5 2 0.6
v -0.5 2 -0.6
v -0.5 2 -0.7
v -0.5 2.1 0.7
v -0.5 2.1 0.6
v -0.5 2.1 -0.6
v -0.5 2.1 -0.7
v -0.4 -0.8 1.4
v -0.4 -0.8 1.3
v -0.4 -0.8 -1.3
v -0.4 -0.8 -1.4
v -0.4 -0.7 1.3
v -0.4 -0.7 -1.3
v -0.4 -0.6 1.4
v -0.4 -0.6 1.3
v -0.4 -0.6 -1.3
v -0.4 -0.6 -1.4
v -0.3 0 1.4
v -0.3 0 1.2
v -0.3 0 -1.2
v -0.3 0 -1.4
v -0.3 0.1 1.4
v -0.3 0.1 1.2
v -0.3 0.1 -1.2
v -0.3 0.1 -1.4
v -0.2 0.1 1.4
v -0.2 0.1 1.2
v -0.2 0.1 -1.2
v -0.2 0.1 -1.4
v -0.2 0.2 1.4
v -0.2 0.2 1.2
v -0.2 0.2 -1.2
v -0.2 0.2 -1.4
v -0.2 0.3 1.4
v -0.2 0.3 0.8
v -0.2 0.3 -0.8
v -0.2 0.3 -1.4
v -0.2 0.4 1.3
v -0.2 0.4 1
v -0.2 0.4 -1
v -0.2 0.4 -1.3
v -0.2 0.5 1.4
v -0.2 0.5 1.3
v -0.2 0.5 1
v -0.2 0.5 0.8
v -0.2 0.5 -0.8
v -0.2 0.5 -1
v -0.2 0.5 -1.3
v -0.2 0.5 -1.4
v -0.2 2 0.7
v -0.2 2 0.6
v -0.2 2 -0.6
v -0.2 2 -0.7
v -0.2 2.1 0.7
v -0.2 2.1 0.6
v -0.2 2.1 -0.6
v -0.2 2.1 -0.7
v -0.1 0 1.5
v -0.1 0 1.4
v -0.1 0 -1.4
v -0.1 0 -1.5
v -0.1 0.1 1.5
v -0.1 0.1 1.4
v -0.1 0.1 -1.4
v -0.1 0.1 -1.5
v -0.1 0.2 1.4
v -0.1 0.2 1.2
v -0.1 0.2 -1.2
v -0.1 0.2 -1.4
v -0.1 0.3 1.5
v -0.1 0.3 1.4
v -0.1 0.3 1.2
v -0.1 0.3 -1.2
v -0.1 0.3 -1.4
v -0.1 0.3 -1.5
v -0.1 0.4 1.5
v -0.1 0.4 1.4
v -0.1 0.4 1.3
v -0.1 0.4 1
v -0.1 0.4 -1
v -0.1 0.4 -1.3
v -0.1 0.4 -1.4
v -0.1 0.4 -1.5
v -0.1 0.5 1.3
v -0.1 0.5 1
v -0.1 0.5 -1
v -0.1 0.5 -1.3
v 0 0.4 1.5
v 0 0.4 1.4
v 0 0.4 -1.4
v 0 0.4 -1.5
v 0 0.5 1.5
v 0 0.5 1.4
v 0 0.5 -1.4
v 0 0.5 -1.5
v 0.2 -0.8 -1.3
v 0.2 -0.8 -1.4
v 0.2 -0.6 -1.3
v 0.2 -0.6 -1.4
v 0.3 2 0.7
v 0.3 2 0.6
v 0.3 2 -0.6
v 0.3 2 -0.7
v 0.3 2.1 0.7
v 0.3 2.1 0.6
v 0.3 2.1 -0.6
v 0.3 2.1 -0.7
v 0.6 2 0.7
v 0.6 2 0.6
v 0.6 2 -0.6
v 0.6 2 -0.7
v 0.6 2.1 0.7
v 0.6 2.1 0.6
v 0.6 2.1 -0.6
v 0.6 2.1 -0.7
v -1.3 -0.7 1.2
v -1.3 -0.7 1.1
v -1.3 -0.6 1.2
v -1.3 -0.6 1.1
v -1.3 0.1 0
v -1.3 0.1 -0.1
v -1.3 0.2 0
v -1.3 0.2 -0.1
v -1.3 0.3 0
v -1.3 0.3 -0.1
v -1.3 0.4 0.1
v -1.3 0.4 0
v -1.3 0.4 -0.1
v -1.3 0.4 -0.2
v -1.3 0.5 0.1
v -1.3 0.5 -0.1
v -1.3 0.5 -0.2
v -1.3 0.6 -0.1
v -1.3 0.6 -0.2
v -1.2 0.5 0.2
v -1.2 0.5 -0.1
v -1.2 0.6 0.2
v -1.2 0.6 -0.1
v -1.2 0.6 -0.2
v -1.2 0.7 -0.1
v -1.2 0.7 -0.2
v -1.1 0.6 0.2
v -1.1 0.6 -0.1
v -1.1 0.7 0.2
v -1.1 0.7 -0.1
v -1 -0.8 1.4
v -1 -0.8 1.3
v -1 -0.7 1.4
v -1 -0.7 1.3
v -1 -0.6 1.4
v -1 -0.6 1.3
v -0.7 -0.3 1.4
v -0.7 -0.3 1.3
v -0.7 -0.3 -1.3
v -0.7 -0.3 -1.4
v -0.7 -0.2 1.4
v -0.7 -0.2 1.3
v -0.7 -0.2 -1.3
v -0.7 -0.2 -1.4
v -0.6 -0.8 -1.3
v -0.6 -0.8 -1.4
v -0.6 -0.7 -1.3
v -0.6 -0.6 -1.3
v -0.6 -0.6 -1.4
v -0.6 2 0.7
v -0.6 2 0.6
v -0.6 2 -0.6
v -0.6 2 -0.7
v -0.6 2.1 0.7
v -0.6 2.1 0.6
v -0.6 2.1 -0.6
v -0.6 2.1 -0.7
v -0.5 -0.8 1.4
v -0.5 -0.8 1.3
v -0.5 -0.7 1.4
v -0.5 -0.7 1.3
v -0.5 -0.6 1.4
v -0.5 -0.6 1.3
v -0.3 2 0.7
v -0.3 2 0.6
v -0.3 2 -0.6
v -0.3 2 -0.7
v -0.3 2.1 0.7
v -0.3 2.1 0.6
v -0.3 2.1 -0.6
v -0.3 2.1 -0.7
v -0.1 -0.8 -1.3
v -0.1 -0.8 -1.4
v -0.1 -0.7 -1.3
v -0.1 -0.7 -1.4
v -0.1 -0.6 -1.3
v -0.1 -0.6 -1.4
v -0.1 -0.1 1.3
v -0.1 -0.1 1.2
v -0.1 -0.1 -1.2
v -0.1 -0.1 -1.3
v -0.1 0 1.3
v -0.1 0 1.2
v -0.1 0 -1.2
v -0.1 0 -1.3
v 0 -0.2 1.4
v 0 -0.2 1.3
v 0 -0.2 -1.3
v 0 -0.2 -1.4
v 0 -0.1 1.4
v 0 -0.1 1.3
v 0 -0.1 -1.3
v 0 -0.1 -1.4
v 0 0 1.5
v 0 0 1.4
v 0 0 -1.4
v 0 0 -1.5
v 0 0.1 1.5
v 0 0.1 1.4
v 0 0.1 -1.4
v 0 0.1 -1.5
v 0 0.2 1.4
v 0 0.2 1.3
v 0 0.2 -1.3
v 0 0.2 -1.4
v 0 0.3 1.4
v 0 0.3 1.3
v 0 0.3 1.2
v 0 0.3 0.8
v 0 0.3 -0.8
v 0 0.3 -1.2
v 0 0.3 -1.3
v 0 0.3 -1.4
v 0 0.4 1.3
v 0 0.4 1.1
v 0 0.4 -1.1
v 0 0.4 -1.3
v 0 0.5 1.1
v 0 0.5 0.8
v 0 0.5 -0.8
v 0 0.5 -1.1
v 0.1 -0.8 1.4
v 0.1 -0.8 1.3
v 0.1 -0.7 1.4
v 0.1 -0.7 1.3
v 0.1 -0.1 1.4
v 0.1 -0.1 1.3
v 0.1 -0.1 -1.3
v 0.1 -0.1 -1.4
v 0.1 0 1.4
v 0.1 0 1.3
v 0.1 0 -1.3
v 0.1 0 -1.4
v 0.1 0.1 1.4
v 0.1 0.1 1.2
v 0.1 0.1 -1.2
v 0.1 0.1 -1.4
v 0.1 0.2 1.4
v 0.1 0.2 1.3
v 0.1 0.2 -1.3
v 0.1 0.2 -1.4
v 0.1 0.3 1.5
v 0.1 0.3 1.3
v 0.1 0.3 1.2
v 0.1 0.3 -1.2
v 0.1 0.3 -1.3
v 0.1 0.3 -1.5
v 0.1 0.4 1.4
v 0.1 0.4 1.3
v 0.1 0.4 1.2
v 0.1 0.4 -1.2
v 0.1 0.4 -1.3
v 0.1 0.4 -1.4
v 0.1 0.5 1.5
v 0.1 0.5 1.4
v 0.1 0.5 1.3
v 0.1 0.5 1.2
v 0.1 0.5 -1.2
v 0.1 0.5 -1.3
v 0.1 0.5 -1.4
v 0.1 0.5 -1.5
v 0.2 0 1.4
v 0.2 0 1.2
v 0.2 0 -1.2
v 0.2 0 -1.4
v 0.2 0.1 1.4
v 0.2 0.1 1.2
v 0.2 0.1 -1.2
v 0.2 0.1 -1.4
v 0.2 0.4 1.4
v 0.2 0.4 1.3
v 0.2 0.4 1.2
v 0.2 0.4 1.1
v 0.2 0.4 -1.1
v 0.2 0.4 -1.2
v 0.2 0.4 -1.3
v 0.2 0.4 -1.4
v 0.2 0.5 1.4
v 0.2 0.5 1.3
v 0.2 0.5 1.2
v 0.2 0.5 1.1
v 0.2 0.5 -1.1
v 0.2 0.5 -1.2
v 0.2 0.5 -1.3
v 0.2 0.5 -1.4
v 0.2 2 0.7
v 0.2 2 0.6
v 0.2 2 -0.6
v 0.2 2 -0.7
v 0.2 2.1 0.7
v 0.2 2.1 0.6
v 0.2 2.1 -0.6
v 0.2 2.1 -0.7
v 0.4 -0.8 -1.3
v 0.4 -0.8 -1.4
v 0.4 -0.7 1.4
v 0.4 -0.7 1.3
v 0.4 -0.7 -1.3
v 0.4 -0.7 -1.4
v 0.4 -0.6 1.4
v 0.4 -0.6 1.3
v 0.4 -0.6 -1.3
v 0.4 -0.6 -1.4
v 0.5 -0.8 -1
v 0.5 -0.8 -1.3
v 0.5 -0.7 1.3
v 0.5 -0.7 1.1
v 0.5 -0.7 1
v 0.5 -0.7 -1
v 0.5 -0.7 -1.1
v 0.5 -0.6 1.3
v 0.5 -0.6 1.2
v 0.5 -0.6 -1.2
v 0.5 -0.6 -1.3
v 0.5 -0.5 1.2
v 0.5 -0.5 1.1
v 0.5 -0.5 1
v 0.5 -0.5 -1
v 0.5 -0.5 -1.1
v 0.5 -0.5 -1.2
v 0.5 0.2 0.8
v 0.5 0.2 0.7
v 0.5 0.2 -0.7
v 0.5 0.2 -0.8
v 0.5 0.4 0.8
v 0.5 0.4 0.7
v 0.5 0.4 -0.7
v 0.5 0.4 -0.8
v 0.5 0.5 0.8
v 0.5 0.5 0.7
v 0.5 0.5 -0.7
v 0.5 0.5 -0.8
v 0.5 2 0.7
v 0.5 2 0.6
v 0.5 2 -0.6
v 0.5 2 -0.7
v 0.5 2.1 0.7
v 0.5 2.1 0.6
v 0.5 2.1 -0.6
v 0.5 2.1 -0.7
v 0.6 0.3 0.7
v 0.6 0.3 0.6
v 0.6 0.3 -0.6
v 0.6 0.3 -0.7
v 0.6 0.4 0.7
v 0.6 0.4 0.6
v 0.6 0.4 -0.6
v 0.6 0.4 -0.7
v 0.6 0.9 1.1
v 0.6 0.9 1
v 0.6 0.9 -1
v 0.6 0.9 -1.1
v 0.6 1 1.1
v 0.6 1 1
v 0.6 1 -1
v 0.6 1 -1.1
v 0.6 1.6 1.1
v 0.6 1.6 1
v 0.6 1.6 -1
v 0.6 1.6 -1.1
v 0.6 1.7 1.1
v 0.6 1.7 1
v 0.6 1.7 -1
v 0.6 1.7 -1.1
v 0.7 -0.8 1.3
v 0.7 -0.8 1.2
v 0.7 -0.7 1.3
v 0.7 -0.7 1.2
v 0.7 0 1
v 0.7 0 0.9
v 0.7 0 -0.9
v 0.7 0 -1
v 0.7 0.1 1
v 0.7 0.1 0.9
v 0.7 0.1 0.8
v 0.7 0.1 -0.8
v 0.7 0.1 -0.9
v 0.7 0.1 -1
v 0.7 0.2 0.9
v 0.7 0.2 0.8
v 0.7 0.2 0.7
v 0.7 0.2 0.5
v 0.7 0.2 -0.5
v 0.7 0.2 -0.7
v 0.7 0.2 -0.8
v 0.7 0.2 -0.9
v 0.7 0.3 0.7
v 0.7 0.3 0.6
v 0.7 0.3 -0.6
v 0.7 0.3 -0.7
v 0.7 0.4 0.7
v 0.7 0.4 0.6
v 0.7 0.4 -0.6
v 0.7 0.4 -0.7
v 0.7 0.5 0.8
v 0.7 0.5 0.7
v 0.7 0.5 0.5
v 0.7 0.5 -0.5
v 0.7 0.5 -0.7
v 0.7 0.5 -0.8
v 0.7 0.7 0.8
v 0.7 0.7 0.7
v 0.7 0.7 -0.7
v 0.7 0.7 -0.8
v 0.7 1 1.1
v 0.7 1 1
v 0.7 1 -1
v 0.7 1 -1.1
v 0.7 1.2 1
v 0.7 1.2 -1
v 0.7 1.4 1
v 0.7 1.4 -1
v 0.7 1.6 1.1
v 0.7 1.6 1
v 0.7 1.6 -1
v 0.7 1.6 -1.1
v 0.7 2 0.7
v 0.7 2 0.2
v 0.7 2 0.1
v 0.7 2 0
v 0.7 2 -0.1
v 0.7 2 -0.5
v 0.7 2 -0.6
v 0.7 2 -0.7
v 0.7 2.1 0.7
v 0.7 2.1 -0.7
v 0.8 -0.1 1
v 0.8 -0.1 0.9
v 0.8 -0.1 -0.9
v 0.8 -0.1 -1
v 0.8 0 1
v 0.8 0 0.9
v 0.8 0 0.8
v 0.8 0 -0.8
v 0.8 0 -0.9
v 0.8 0 -1
v 0.8 0.1 0.9
v 0.8 0.1 0.8
v 0.8 0.1 0.7
v 0.8 0.1 -0.7
v 0.8 0.1 -0.8
v 0.8 0.1 -0.9
v 0.8 0.2 0.8
v 0.8 0.2 0.7
v 0.8 0.2 0.5
v 0.8 0.2 0.2
v 0.8 0.2 0.1
v 0.8 0.2 -0.1
v 0.8 0.2 -0.2
v 0.8 0.2 -0.5
v 0.8 0.2 -0.7
v 0.8 0.2 -0.8
v 0.8 0.3 0.3
v 0.8 0.3 0.2
v 0.8 0.3 0.1
v 0.8 0.3 0
v 0.8 0.3 -0.1
v 0.8 0.3 -0.2
v 0.8 0.3 -0.3
v 0.8 0.4 0.3
v 0.8 0.4 0.2
v 0.8 0.4 0.1
v 0.8 0.4 0
v 0.8 0.4 -0.2
v 0.8 0.4 -0.3
v 0.8 0.5 0.7
v 0.8 0.5 0.5
v 0.8 0.5 0.1
v 0.8 0.5 0
v 0.8 0.5 -0.5
v 0.8 0.5 -0.7
v 0.8 0.6 0
v 0.8 0.6 -0.1
v 0.8 0.7 0.9
v 0.8 0.7 0.8
v 0.8 0.7 0.7
v 0.8 0.7 -0.7
v 0.8 0.7 -0.8
v 0.8 0.7 -0.9
v 0.8 0.8 1
v 0.8 0.8 0.9
v 0.8 0.8 0.8
v 0.8 0.8 -0.8
v 0.8 0.8 -0.9
v 0.8 0.8 -1
v 0.8 0.9 1
v 0.8 0.9 0.9
v 0.8 0.9 -0.9
v 0.8 0.9 -1
v 0.8 1.7 1
v 0.8 1.7 0.9
v 0.8 1.7 -0.9
v 0.8 1.7 -1
v 0.8 1.8 1
v 0.8 1.8 0.9
v 0.8 1.8 0.8
v 0.8 1.8 -0.8
v 0.8 1.8 -0.9
v 0.8 1.8 -1
v 0.8 1.9 0.9
v 0.8 1.9 0.8
v 0.8 1.9 0.6
v 0.8 1.9 0.5
v 0.8 1.9 0.2
v 0.8 1.9 0.1
v 0.8 1.9 0
v 0.8 1.9 -0.1
v 0.8 1.9 -0.2
v 0.8 1.9 -0.3
v 0.8 1.9 -0.4
v 0.8 1.9 -0.5
v 0.8 1.9 -0.6
v 0.8 1.9 -0.8
v 0.8 1.9 -0.9
v 0.8 2 0.8
v 0.8 2 0.2
v 0.8 2 0.1
v 0.8 2 0
v 0.8 2 -0.1
v 0.8 2 -0.5
v 0.8 2 -0.6
v 0.8 2 -0.8
v 0.9 -0.8 1.2
v 0.9 -0.8 0.7
v 0.9 -0.7 1.2
v 0.9 -0.7 1
v 0.9 -0.7 0.9
v 0.9 -0.7 0.7
v 0.9 -0.4 1.1
v 0.9 -0.4 1
v 0.9 -0.4 -1
v 0.9 -0.4 -1.1
v 0.9 -0.3 1.1
v 0.9 -0.3 1
v 0.9 -0.3 -1
v 0.9 -0.3 -1.1
v 0.9 -0.1 0.9
v 0.9 -0.1 0.8
v 0.9 -0.1 -0.8
v 0.9 -0.1 -0.9
v 0.9 0 0.9
v 0.9 0 0.8
v 0.9 0 0.6
v 0.9 0 -0.6
v 0.9 0 -0.8
v 0.9 0 -0.9
v 0.9 0.1 0.8
v 0.9 0.1 0.7
v 0.9 0.1 0.6
v 0.9 0.1 -0.6
v 0.9 0.1 -0.7
v 0.9 0.1 -0.8
v 0.9 0.2 0.7
v 0.9 0.2 -0.7
v 0.9 0.7 0.8
v 0.9 0.7 -0.8
v 0.9 0.8 0.9
v 0.9 0.8 0.8
v 0.9 0.8 0.7
v 0.9 0.8 -0.7
v 0.9 0.8 -0.8
v 0.9 0.8 -0.9
v 0.9 0.9 1
v 0.9 0.9 0.9
v 0.9 0.9 0.8
v 0.9 0.9 -0.8
v 0.9 0.9 -0.9
v 0.9 0.9 -1
v 0.9 1 1
v 0.9 1 0.9
v 0.9 1 -0.9
v 0.9 1 -1
v 0.9 1.6 1
v 0.9 1.6 0.9
v 0.9 1.6 -0.9
v 0.9 1.6 -1
v 0.9 1.7 1
v 0.9 1.7 0.9
v 0.9 1.7 0.8
v 0.9 1.7 -0.8
v 0.9 1.7 -0.9
v 0.9 1.7 -1
v 0.9 1.8 0.9
v 0.9 1.8 0.8
v 0.9 1.8 0.6
v 0.9 1.8 0.5
v 0.9 1.8 0.4
v 0.9 1.8 0.3
v 0.9 1.8 0.2
v 0.9 1.8 0.1
v 0.9 1.8 0
v 0.9 1.8 -0.1
v 0.9 1.8 -0.2
v 0.9 1.8 -0.3
v 0.9 1.8 -0.4
v 0.9 1.8 -0.6
v 0.9 1.8 -0.7
v 0.9 1.8 -0.8
v 0.9 1.8 -0.9
v 0.9 1.9 0.8
v 0.9 1.9 0.6
v 0.9 1.9 0.5
v 0.9 1.9 0.1
v 0.9 1.9 0
v 0.9 1.9 -0.1
v 0.9 1.9 -0.2
v 0.9 1.9 -0.3
v 0.9 1.9 -0.4
v 0.9 1.9 -0.8
v 1 -0.5 -1
v 1 -0.5 -1.2
v 1 -0.4 1
v 1 -0.4 0.9
v 1 -0.4 -0.9
v 1 -0.4 -1
v 1 -0.4 -1.2
v 1 -0.3 0.9
v 1 -0.3 0.8
v 1 -0.3 0.6
v 1 -0.3 0.5
v 1 -0.3 0.3
v 1 -0.3 0.1
v 1 -0.3 -0.1
v 1 -0.3 -0.3
v 1 -0.3 -0.7
v 1 -0.3 -0.8
v 1 -0.3 -0.9
v 1 -0.3 -1
v 1 -0.2 1
v 1 -0.2 0.8
v 1 -0.2 0.6
v 1 -0.2 0.5
v 1 -0.2 0.4
v 1 -0.2 0.3
v 1 -0.2 0.1
v 1 -0.2 -0.1
v 1 -0.2 -0.2
v 1 -0.2 -0.3
v 1 -0.2 -0.4
v 1 -0.2 -0.5
v 1 -0.2 -0.7
v 1 -0.1 1
v 1 -0.1 0.8
v 1 -0.1 0.5
v 1 -0.1 0.4
v 1 -0.1 0.3
v 1 -0.1 0.2
v 1 -0.1 0.1
v 1 -0.1 -0.3
v 1 -0.1 -0.4
v 1 -0.1 -0.5
v 1 -0.1 -0.7
v 1 -0.1 -0.8
v 1 -0.1 -1
v 1 0 0.8
v 1 0 0.6
v 1 0 0.3
v 1 0 0.2
v 1 0 -0.2
v 1 0 -0.3
v 1 0 -0.6
v 1 0 -0.8
v 1 0.1 0.6
v 1 0.1 -0.6
v 1 0.8 0.8
v 1 0.8 0.7
v 1 0.8 -0.7
v 1 0.8 -0.8
v 1 0.9 0.9
v 1 0.9 0.8
v 1 0.9 0.7
v 1 0.9 0.6
v 1 0.9 -0.6
v 1 0.9 -0.7
v 1 0.9 -0.8
v 1 0.9 -0.9
v 1 1 1
v 1 1 0.9
v 1 1 0.8
v 1 1 0.7
v 1 1 0.6
v 1 1 -0.6
v 1 1 -0.7
v 1 1 -0.8
v 1 1 -0.9
v 1 1 -1
v 1 1.2 0.7
v 1 1.3 0.8
v 1 1.3 0.7
v 1 1.3 -0.7
v 1 1.3 -0.8
v 1 1.4 0.8
v 1 1.4 0.7
v 1 1.5 -0.7
v 1 1.5 -0.8
v 1 1.6 1
v 1 1.6 0.9
v 1 1.6 0.8
v 1 1.6 0.7
v 1 1.6 0.6
v 1 1.6 -0.6
v 1 1.6 -0.7
v 1 1.6 -0.8
v 1 1.6 -0.9
v 1 1.6 -1
v 1 1.7 0.9
v 1 1.7 0.8
v 1 1.7 0.7
v 1 1.7 0.6
v 1 1.7 0.4
v 1 1.7 0.3
v 1 1.7 0.2
v 1 1.7 -0.1
v 1 1.7 -0.2
v 1 1.7 -0.3
v 1 1.7 -0.6
v 1 1.7 -0.7
v 1 1.7 -0.8
v 1 1.7 -0.9
v 1 1.8 0.8
v 1 1.8 0.4
v 1 1.8 0.3
v 1 1.8 0.2
v 1 1.8 -0.1
v 1 1.8 -0.2
v 1 1.8 -0.3
v 1 1.8 -0.6
v 1 1.8 -0.7
v 1 1.8 -0.8
v 1.1 -0.5 1.2
v 1.1 -0.5 1.1
v 1.1 -0.4 1.2
v 1.1 -0.4 1.1
v 1.1 -0.4 0.9
v 1.1 -0.4 0.8
v 1.1 -0.4 0.5
v 1.1 -0.4 0.3
v 1.1 -0.4 0.1
v 1.1 -0.4 -0.1
v 1.1 -0.4 -0.3
v 1.1 -0.4 -0.7
v 1.1 -0.4 -0.8
v 1.1 -0.4 -0.9
v 1.1 -0.3 0.9
v 1.1 -0.3 0.8
v 1.1 -0.3 0.5
v 1.1 -0.3 0.3
v 1.1 -0.3 0.1
v 1.1 -0.3 -0.1
v 1.1 -0.3 -0.3
v 1.1 -0.3 -0.7
v 1.1 -0.3 -0.8
v 1.1 -0.3 -0.9
v 1.1 0.9 0.6
v 1.1 0.9 -0.6
v 1.1 1 0.7
v 1.1 1 0.6
v 1.1 1 0.2
v 1.1 1 -0.1
v 1.1 1 -0.6
v 1.1 1 -0.7
v 1.1 1.1 0.6
v 1.1 1.1 0.5
v 1.1 1.1 0.2
v 1.1 1.1 0.1
v 1.1 1.1 -0.2
v 1.1 1.1 -0.4
v 1.1 1.2 0.7
v 1.1 1.2 0.6
v 1.1 1.2 0.5
v 1.1 1.2 0.3
v 1.1 1.2 0.1
v 1.1 1.2 -0.1
v 1.1 1.2 -0.2
v 1.1 1.3 0.3
v 1.1 1.3 0.1
v 1.1 1.3 -0.1
v 1.1 1.3 -0.4
v 1.1 1.4 0.7
v 1.1 1.4 0.6
v 1.1 1.4 0.5
v 1.1 1.4 0.4
v 1.1 1.4 -0.2
v 1.1 1.4 -0.3
v 1.1 1.4 -0.4
v 1.1 1.4 -0.5
v 1.1 1.5 0.5
v 1.1 1.5 0.4
v 1.1 1.5 0.1
v 1.1 1.5 0
v 1.1 1.5 -0.2
v 1.1 1.5 -0.3
v 1.1 1.5 -0.4
v 1.1 1.5 -0.5
v 1.1 1.6 0.7
v 1.1 1.6 0.6
v 1.1 1.6 0.1
v 1.1 1.6 0
v 1.1 1.6 -0.6
v 1.1 1.6 -0.7
v 1.1 1.7 0.6
v 1.1 1.7 -0.6
v 1.2 -0.7 1
v 1.2 -0.7 0.9
v 1.2 -0.6 1
v 1.2 -0.6 0.9
v 1.2 -0.6 0.8
v 1.2 -0.6 0.5
v 1.2 -0.6 0.3
v 1.2 -0.6 -0.1
v 1.2 -0.6 -0.4
v 1.2 -0.6 -0.5
v 1.2 -0.6 -0.6
v 1.2 -0.6 -0.7
v 1.2 -0.6 -1
v 1.2 -0.5 1.1
v 1.2 -0.5 1
v 1.2 -0.5 0.8
v 1.2 -0.5 0.5
v 1.2 -0.5 0.3
v 1.2 -0.5 -0.1
v 1.2 -0.5 -0.3
v 1.2 -0.5 -0.4
v 1.2 -0.5 -0.5
v 1.2 -0.5 -0.6
v 1.2 -0.4 1.1
v 1.2 -0.4 1
v 1.2 -0.4 0.8
v 1.2 -0.4 -0.3
v 1.2 -0.4 -0.7
v 1.2 -0.4 -1
v 1.3 -0.8 0.7
v 1.3 -0.8 0.5
v 1.3 -0.8 0.2
v 1.3 -0.8 -0.2
v 1.3 -0.8 -0.5
v 1.3 -0.8 -0.7
v 1.3 -0.8 -0.9
v 1.3 -0.8 -1
v 1.3 -0.7 0.9
v 1.3 -0.7 0.8
v 1.3 -0.7 0.7
v 1.3 -0.7 0.5
v 1.3 -0.7 0.4
v 1.3 -0.7 0.3
v 1.3 -0.7 0.2
v 1.3 -0.7 -0.1
v 1.3 -0.7 -0.2
v 1.3 -0.7 -0.3
v 1.3 -0.7 -0.5
v 1.3 -0.7 -0.6
v 1.3 -0.7 -0.7
v 1.3 -0.7 -0.9
v 1.3 -0.7 -1
v 1.3 -0.6 0.9
v 1.3 -0.6 0.8
v 1.3 -0.6 0.7
v 1.3 -0.6 0.5
v 1.3 -0.6 0.4
v 1.3 -0.6 0.3
v 1.3 -0.6 -0.2
v 1.3 -0.6 -0.3
v 1.3 -0.6 -0.5
v 1.3 -0.6 -0.6
v 1.3 -0.6 -0.7
v 1.3 -0.6 -0.9
v 1.3 -0.6 -1
v 1.4 -0.8 0.5
v 1.4 -0.8 0.2
v 1.4 -0.8 -0.2
v 1.4 -0.8 -0.5
v 1.4 -0.8 -0.7
v 1.4 -0.8 -0.9
v 1.4 -0.7 0.8
v 1.4 -0.7 0.7
v 1.4 -0.7 0.5
v 1.4 -0.7 0.4
v 1.4 -0.7 0.3
v 1.4 -0.7 0.2
v 1.4 -0.7 -0.1
v 1.4 -0.7 -0.2
v 1.4 -0.7 -0.3
v 1.4 -0.7 -0.5
v 1.4 -0.7 -0.7
v 1.4 -0.7 -0.9
v 1.4 -0.6 0.8
v 1.4 -0.6 0.7
v 1.4 -0.6 0.5
v 1.4 -0.6 0.4
v 1.4 -0.6 0.3
v 1.4 -0.6 -0.1
v 1.4 -0.6 -0.2
v 1.4 -0.6 -0.3
v 1.4 -0.6 -0.5
v 1.4 -0.6 -0.7
v 1.4 -0.6 -0.9
v -0.1 0 1.5
v -0.1 0.1 1.5
v -0.1 0.3 1.5
v -0.1 0.4 1.5
v 0 0 1.5
v 0 0.1 1.5
v 0 0.4 1.5
v 0 0.5 1.5
v 0.1 0.3 1.5
v 0.1 0.5 1.5
v -1.2 -0.8 1.4
v -1.2 -0.7 1.4
v -1.1 -0.7 1.4
v -1.1 -0.6 1.4
v -1 -0.8 1.4
v -1 -0.7 1.4
v -1 -0.6 1.4
v -0.8 -0.8 1.4
v -0.8 -0.6 1.4
v -0.8 -0.3 1.4
v -0.8 0 1.4
v -0.7 -0.3 1.4
v -0.7 -0.2 1.4
v -0.6 -0.7 1.4
v -0.6 -0.6 1.4
v -0.6 -0.1 1.4
v -0.6 0 1.4
v -0.5 -0.8 1.4
v -0.5 -0.7 1.4
v -0.5 -0.6 1.4
v -0.5 -0.2 1.4
v -0.5 -0.1 1.4
v -0.4 -0.8 1.4
v -0.4 -0.6 1.4
v -0.3 0 1.4
v -0.3 0.1 1.4
v -0.2 -0.7 1.4
v -0.2 -0.6 1.4
v -0.2 0.1 1.4
v -0.2 0.2 1.4
v -0.2 0.3 1.4
v -0.2 0.5 1.4
v -0.1 0 1.4
v -0.1 0.1 1.4
v -0.1 0.2 1.4
v -0.1 0.3 1.4
v -0.1 0.4 1.4
v 0 -0.2 1.4
v 0 -0.1 1.4
v 0 0 1.4
v 0 0.1 1.4
v 0 0.2 1.4
v 0 0.3 1.4
v 0 0.4 1.4
v 0 0.5 1.4
v 0.1 -0.8 1.4
v 0.1 -0.7 1.4
v 0.1 -0.6 1.4
v 0.1 -0.1 1.4
v 0.1 0 1.4
v 0.1 0.1 1.4
v 0.1 0.2 1.4
v 0.1 0.4 1.4
v 0.1 0.5 1.4
v 0.2 0 1.4
v 0.2 0.1 1.4
v 0.2 0.4 1.4
v 0.2 0.5 1.4
v 0.3 -0.7 1.4
v 0.3 -0.6 1.4
v 0.4 -0.7 1.4
v 0.4 -0.6 1.4
v -1 -0.8 1.3
v -1 -0.7 1.3
v -1 -0.6 1.3
v -0.8 -0.8 1.3
v -0.8 -0.7 1.3
v -0.8 -0.6 1.3
v -0.5 -0.8 1.3
v -0.5 -0.7 1.3
v -0.5 -0.6 1.3
v -0.4 -0.8 1.3
v -0.4 -0.7 1.3
v -0.4 -0.6 1.3
v 0 0.2 1.3
v 0 0.3 1.3
v 0.1 -0.8 1.3
v 0.1 -0.7 1.3
v 0.1 0.2 1.3
v 0.1 0.3 1.3
v 0.3 -0.7 1.3
v 0.4 -0.7 1.3
v 0.4 -0.6 1.3
v 0.5 -0.7 1.3
v 0.5 -0.6 1.3
v 0.7 -0.8 1.3
v 0.7 -0.7 1.3
v -1.4 -0.7 1.2
v -1.4 -0.6 1.2
v -1.3 -0.7 1.2
v -1.3 -0.6 1.2
v -1.2 -0.7 1.2
v -1.2 -0.4 1.2
v -1.1 -0.7 1.2
v -1.1 -0.6 1.2
v -1.1 -0.4 1.2
v -0.8 -0.6 1.2
v -0.8 -0.5 1.2
v -0.6 -0.6 1.2
v -0.6 -0.5 1.2
v -0.4 -0.6 1.2
v -0.4 -0.5 1.2
v -0.2 -0.6 1.2
v -0.2 -0.5 1.2
v 0.1 -0.6 1.2
v 0.1 0.4 1.2
v 0.1 0.5 1.2
v 0.2 -0.6 1.2
v 0.2 -0.4 1.2
v 0.2 0.4 1.2
v 0.2 0.5 1.2
v 0.5 -0.6 1.2
v 0.5 -0.5 1.2
v 0.5 -0.4 1.2
v 0.7 -0.8 1.2
v 0.7 -0.7 1.2
v 0.9 -0.8 1.2
v 0.9 -0.7 1.2
v 1.1 -0.5 1.2
v 1.1 -0.4 1.2
v -1.4 -0.8 1.1
v -1.4 -0.7 1.1
v -1.3 -0.7 1.1
v -1.3 -0.6 1.1
v -1.3 -0.5 1.1
v -1.2 -0.8 1.1
v -1.2 -0.5 1.1
v -1.1 -0.4 1.1
v -1.1 -0.3 1.1
v -1 -0.4 1.1
v -1 -0.3 1.1
v -0.9 1 1.1
v -0.9 1.6 1.1
v -0.8 0.9 1.1
v -0.8 1 1.1
v -0.8 1.6 1.1
v -0.8 1.7 1.1
v -0.7 -0.4 1.1
v -0.7 -0.3 1.1
v -0.7 1 1.1
v -0.7 1.1 1.1
v -0.7 1.4 1.1
v -0.7 1.6 1.1
v -0.6 1 1.1
v -0.6 1.1 1.1
v -0.6 1.2 1.1
v -0.6 1.3 1.1
v -0.6 1.4 1.1
v -0.6 1.5 1.1
v -0.5 1 1.1
v -0.5 1.1 1.1
v -0.5 1.2 1.1
v -0.5 1.3 1.1
v -0.5 1.4 1.1
v -0.5 1.5 1.1
v -0.5 1.6 1.1
v -0.4 -0.4 1.1
v -0.4 -0.3 1.1
v -0.4 1.1 1.1
v -0.4 1.2 1.1
v -0.3 1 1.1
v -0.3 1.2 1.1
v -0.3 1.3 1.1
v -0.3 1.4 1.1
v -0.2 1.1 1.1
v -0.2 1.3 1.1
v -0.2 1.4 1.1
v -0.1 -0.4 1.1
v -0.1 -0.3 1.1
v -0.1 1.2 1.1
v -0.1 1.3 1.1
v -0.1 1.4 1.1
v -0.1 1.5 1.1
v 0 1.1 1.1
v 0 1.2 1.1
v 0 1.3 1.1
v 0 1.5 1.1
v 0.1 1 1.1
v 0.1 1.2 1.1
v 0.1 1.4 1.1
v 0.1 1.5 1.1
v 0.2 -0.4 1.1
v 0.2 -0.3 1.1
v 0.2 1.2 1.1
v 0.2 1.4 1.1
v 0.2 1.5 1.1
v 0.3 1.2 1.1
v 0.3 1.3 1.1
v 0.3 1.4 1.1
v 0.4 1 1.1
v 0.4 1.1 1.1
v 0.4 1.2 1.1
v 0.4 1.3 1.1
v 0.5 -0.4 1.1
v 0.5 -0.3 1.1
v 0.5 1.1 1.1
v 0.5 1.2 1.1
v 0.6 0.9 1.1
v 0.6 1 1.1
v 0.6 1.6 1.1
v 0.6 1.7 1.1
v 0.7 1 1.1
v 0.7 1.6 1.1
v 0.9 -0.4 1.1
v 0.9 -0.3 1.1
v 1.1 -0.5 1.1
v 1.1 -0.4 1.1
v 1.2 -0.5 1.1
v 1.2 -0.4 1.1
v -1.4 -0.6 1
v -1.4 -0.4 1
v -1.3 -0.6 1
v -1.3 -0.5 1
v -1.3 -0.4 1
v -1.3 -0.3 1
v -1.2 -0.5 1
v -1.2 -0.4 1
v -1.2 -0.3 1
v -1.2 -0.1 1
v -1.2 1 1
v -1.2 1.6 1
v -1.1 -0.4 1
v -1.1 -0.3 1
v -1.1 0.9 1
v -1.1 1 1
v -1.1 1.5 1
v -1.1 1.6 1
v -1.1 1.7 1
v -1 -0.3 1
v -1 -0.2 1
v -1 -0.1 1
v -1 0 1
v -1 0.8 1
v -1 0.9 1
v -1 1 1
v -1 1.5 1
v -1 1.7 1
v -1 1.8 1
v -0.9 0 1
v -0.9 0.1 1
v -0.9 0.8 1
v -0.9 0.9 1
v -0.9 1 1
v -0.9 1.6 1
v -0.9 1.7 1
v -0.8 0.9 1
v -0.8 1 1
v -0.8 1.6 1
v -0.8 1.7 1
v -0.7 -0.3 1
v -0.7 -0.2 1
v -0.7 -0.1 1
v -0.6 -0.2 1
v -0.6 -0.1 1
v -0.5 -0.2 1
v -0.5 -0.1 1
v -0.4 -0.3 1
v -0.4 -0.2 1
v -0.4 -0.1 1
v -0.2 -0.2 1
v -0.2 -0.1 1
v -0.2 0.4 1
v -0.2 0.5 1
v -0.1 -0.3 1
v -0.1 -0.1 1
v -0.1 0.4 1
v -0.1 0.5 1
v 0 -0.3 1
v 0 -0.1 1
v 0.2 -0.3 1
v 0.2 -0.1 1
v 0.2 0 1
v 0.4 -0.1 1
v 0.4 0 1
v 0.4 0.1 1
v 0.5 -0.7 1
v 0.5 -0.5 1
v 0.5 -0.3 1
v 0.5 -0.2 1
v 0.5 -0.1 1
v 0.5 0 1
v 0.5 0.1 1
v 0.6 -0.2 1
v 0.6 0 1
v 0.6 0.9 1
v 0.6 1 1
v 0.6 1.6 1
v 0.6 1.7 1
v 0.7 -0.7 1
v 0.7 -0.5 1
v 0.7 0 1
v 0.7 0.1 1
v 0.7 0.8 1
v 0.7 0.9 1
v 0.7 1 1
v 0.7 1.2 1
v 0.7 1.4 1
v 0.7 1.6 1
v 0.7 1.7 1
v 0.8 -0.5 1
v 0.8 -0.1 1
v 0.8 0 1
v 0.8 0.8 1
v 0.8 0.9 1
v 0.8 1 1
v 0.8 1.3 1
v 0.8 1.4 1
v 0.8 1.6 1
v 0.8 1.7 1
v 0.8 1.8 1
v 0.9 -0.7 1
v 0.9 -0.5 1
v 0.9 -0.4 1
v 0.9 -0.3 1
v 0.9 0.9 1
v 0.9 1 1
v 0.9 1.2 1
v 0.9 1.3 1
v 0.9 1.6 1
v 0.9 1.7 1
v 1 -0.4 1
v 1 -0.2 1
v 1 -0.1 1
v 1 1 1
v 1 1.6 1
v 1.1 -0.7 1
v 1.1 -0.6 1
v 1.2 -0.7 1
v 1.2 -0.6 1
v 1.2 -0.5 1
v -1.2 0.9 0.9
v -1.2 1 0.9
v -1.2 1.6 0.9
v -1.2 1.7 0.9
v -1.1 -0.1 0.9
v -1.1 0 0.9
v -1.1 0.8 0.9
v -1.1 0.9 0.9
v -1.1 1 0.9
v -1.1 1.6 0.9
v -1.1 1.7 0.9
v -1.1 1.8 0.9
v -1 -0.1 0.9
v -1 0 0.9
v -1 0.1 0.9
v -1 0.7 0.9
v -1 0.8 0.9
v -1 0.9 0.9
v -1 1.7 0.9
v -1 1.8 0.9
v -1 1.9 0.9
v -0.9 0 0.9
v -0.9 0.1 0.9
v -0.9 0.2 0.9
v -0.9 0.7 0.9
v -0.9 0.8 0.9
v 0.2 0.7 0.9
v 0.2 0.8 0.9
v 0.3 0.7 0.9
v 0.3 0.8 0.9
v 0.4 0.1 0.9
v 0.5 0.1 0.9
v 0.7 0 0.9
v 0.7 0.1 0.9
v 0.7 0.2 0.9
v 0.7 0.7 0.9
v 0.7 0.8 0.9
v 0.8 -0.1 0.9
v 0.8 0 0.9
v 0.8 0.1 0.9
v 0.8 0.7 0.9
v 0.8 0.8 0.9
v 0.8 0.9 0.9
v 0.8 1.7 0.9
v 0.8 1.8 0.9
v 0.8 1.9 0.9
v 0.9 -0.1 0.9
v 0.9 0 0.9
v 0.9 0.8 0.9
v 0.9 0.9 0.9
v 0.9 1 0.9
v 0.9 1.6 0.9
v 0.9 1.7 0.9
v 0.9 1.8 0.9
v 1 -0.4 0.9
v 1 -0.3 0.9
v 1 0.9 0.9
v 1 1 0.9
v 1 1.6 0.9
v 1 1.7 0.9
v 1.1 -0.4 0.9
v 1.1 -0.3 0.9
v 1.2 -0.7 0.9
v 1.2 -0.6 0.9
v 1.3 -0.7 0.9
v 1.3 -0.6 0.9
v -1.2 -0.1 0.8
v -1.2 0 0.8
v -1.2 0.8 0.8
v -1.2 0.9 0.8
v -1.2 1.7 0.8
v -1.2 1.8 0.8
v -1.1 -0.1 0.8
v -1.1 0 0.8
v -1.1 0.2 0.8
v -1.1 0.7 0.8
v -1.1 0.8 0.8
v -1.1 0.9 0.8
v -1.1 1.7 0.8
v -1.1 1.8 0.8
v -1.1 1.9 0.8
v -1 0 0.8
v -1 0.1 0.8
v -1 0.5 0.8
v -1 0.7 0.8
v -1 0.8 0.8
v -1 1.8 0.8
v -1 1.9 0.8
v -0.9 0.1 0.8
v -0.9 0.2 0.8
v -0.9 0.5 0.8
v -0.9 0.6 0.8
v -0.9 0.7 0.8
v -0.9 1.9 0.8
v -0.9 2 0.8
v -0.8 0.2 0.8
v -0.8 0.5 0.8
v -0.8 0.6 0.8
v -0.8 0.7 0.8
v -0.7 0.5 0.8
v -0.7 0.7 0.8
v -0.6 0.4 0.8
v -0.6 0.6 0.8
v -0.5 0.2 0.8
v -0.5 0.3 0.8
v -0.5 0.4 0.8
v -0.5 0.6 0.8
v -0.4 0.3 0.8
v -0.4 0.4 0.8
v -0.3 0.4 0.8
v -0.3 0.6 0.8
v -0.2 0.3 0.8
v -0.2 0.5 0.8
v 0 0.3 0.8
v 0 0.5 0.8
v 0.1 0.5 0.8
v 0.1 0.6 0.8
v 0.2 0.3 0.8
v 0.2 0.5 0.8
v 0.2 0.6 0.8
v 0.2 0.7 0.8
v 0.3 0.2 0.8
v 0.3 0.3 0.8
v 0.3 0.7 0.8
v 0.4 0.4 0.8
v 0.4 0.5 0.8
v 0.4 0.6 0.8
v 0.4 0.7 0.8
v 0.5 0.2 0.8
v 0.5 0.4 0.8
v 0.5 0.5 0.8
v 0.7 0.1 0.8
v 0.7 0.2 0.8
v 0.7 0.5 0.8
v 0.7 0.7 0.8
v 0.8 0 0.8
v 0.8 0.1 0.8
v 0.8 0.2 0.8
v 0.8 0.7 0.8
v 0.8 0.8 0.8
v 0.8 1.8 0.8
v 0.8 1.9 0.8
v 0.8 2 0.8
v 0.9 -0.1 0.8
v 0.9 0 0.8
v 0.9 0.1 0.8
v 0.9 0.7 0.8
v 0.9 0.8 0.8
v 0.9 0.9 0.8
v 0.9 1.7 0.8
v 0.9 1.8 0.8
v 0.9 1.9 0.8
v 1 -0.1 0.8
v 1 0 0.8
v 1 0.8 0.8
v 1 0.9 0.8
v 1 1.7 0.8
v 1 1.8 0.8
v 1.3 -0.7 0.8
v 1.3 -0.6 0.8
v 1.4 -0.7 0.8
v 1.4 -0.6 0.8
v -1.2 0 0.7
v -1.2 0.1 0.7
v -1.1 0 0.7
v -1.1 0.1 0.7
v -1 1.9 0.7
v -1 2 0.7
v -0.9 0.2 0.7
v -0.9 0.3 0.7
v -0.9 0.4 0.7
v -0.9 0.5 0.7
v -0.9 1.9 0.7
v -0.9 2 0.7
v -0.8 0.2 0.7
v -0.8 0.3 0.7
v -0.8 0.4 0.7
v -0.8 0.5 0.7
v -0.8 2 0.7
v -0.8 2.1 0.7
v -0.6 2 0.7
v -0.6 2.1 0.7
v -0.5 2 0.7
v -0.5 2.1 0.7
v -0.3 2 0.7
v -0.3 2.1 0.7
v -0.2 2 0.7
v -0.2 2.1 0.7
v 0.2 2 0.7
v 0.2 2.1 0.7
v 0.3 2 0.7
v 0.3 2.1 0.7
v 0.5 0.2 0.7
v 0.5 0.4 0.7
v 0.5 0.5 0.7
v 0.5 2 0.7
v 0.5 2.1 0.7
v 0.6 0.3 0.7
v 0.6 0.4 0.7
v 0.6 2 0.7
v 0.6 2.1 0.7
v 0.7 0.2 0.7
v 0.7 0.3 0.7
v 0.7 0.4 0.7
v 0.7 0.5 0.7
v 0.7 0.7 0.7
v 0.7 2 0.7
v 0.7 2.1 0.7
v 0.8 0.1 0.7
v 0.8 0.2 0.7
v 0.8 0.5 0.7
v 0.8 0.7 0.7
v 0.9 -0.8 0.7
v 0.9 -0.7 0.7
v 0.9 0.1 0.7
v 0.9 0.2 0.7
v 1 1 0.7
v 1 1.2 0.7
v 1 1.3 0.7
v 1 1.4 0.7
v 1 1.6 0.7
v 1.1 -0.7 0.7
v 1.1 1 0.7
v 1.1 1.2 0.7
v 1.1 1.4 0.7
v 1.1 1.6 0.7
v 1.3 -0.8 0.7
v 1.3 -0.7 0.7
v -1 0.2 0.6
v -1 0.4 0.6
v -1 0.5 0.6
v -0.9 0.2 0.6
v -0.9 0.3 0.6
v -0.9 0.4 0.6
v -0.9 0.5 0.6
v -0.9 2 0.6
v -0.9 2.1 0.6
v -0.8 0.3 0.6
v -0.8 0.4 0.6
v -0.8 2 0.6
v -0.8 2.1 0.6
v -0.6 2 0.6
v -0.6 2.1 0.6
v -0.5 2 0.6
v -0.5 2.1 0.6
v -0.3 2 0.6
v -0.3 2.1 0.6
v -0.2 2 0.6
v -0.2 2.1 0.6
v 0.2 2 0.6
v 0.2 2.1 0.6
v 0.3 2 0.6
v 0.3 2.1 0.6
v 0.5 2 0.6
v 0.5 2.1 0.6
v 0.6 0.3 0.6
v 0.6 0.4 0.6
v 0.6 2 0.6
v 0.6 2.1 0.6
v 0.7 0.3 0.6
v 0.7 0.4 0.6
v 0.9 0 0.6
v 0.9 0.1 0.6
v 1 0 0.6
v 1 0.1 0.6
v 1 0.9 0.6
v 1 1 0.6
v 1 1.6 0.6
v 1 1.7 0.6
v 1.1 0.9 0.6
v 1.1 1 0.6
v 1.1 1.6 0.6
v 1.1 1.7 0.6
v 0.7 0.2 0.5
v 0.7 0.5 0.5
v 0.8 0.2 0.5
v 0.8 0.5 0.5
v 1.3 -0.8 0.5
v 1.3 -0.7 0.5
v 1.3 -0.6 0.5
v 1.4 -0.8 0.5
v 1.4 -0.7 0.5
v 1.4 -0.6 0.5
v -1.3 1.4 0.4
v -1.3 1.5 0.4
v -1.2 1.4 0.4
v -1.2 1.5 0.4
v -0.9 2 0.4
v -0.9 2.1 0.4
v -0.8 2 0.4
v -0.8 2.1 0.4
v 1.3 -0.7 0.3
v 1.3 -0.6 0.3
v 1.4 -0.7 0.3
v 1.4 -0.6 0.3
v -1.4 0.5 0.2
v -1.4 0.7 0.2
v -1.2 0.5 0.2
v -1.2 0.6 0.2
v -1.2 0.7 0.2
v -1.2 0.8 0.2
v -1.1 0.6 0.2
v -1.1 0.7 0.2
v -1.1 0.8 0.2
v -1.4 0.4 0.1
v -1.4 0.5 0.1
v -1.3 0.4 0.1
v -1.3 0.5 0.1
v -1.4 0.1 0
v -1.4 0.2 0
v -1.4 0.3 0
v -1.4 0.4 0
v -1.3 0.1 0
v -1.3 0.2 0
v -1.3 0.3 0
v -1.3 0.4 0
v -0.9 2 -0.1
v -0.9 2.1 -0.1
v -0.8 2 -0.1
v -0.8 2.1 -0.1
v 1.3 -0.8 -0.2
v 1.3 -0.7 -0.2
v 1.4 -0.8 -0.2
v 1.4 -0.7 -0.2
v -1.3 1.5 -0.3
v -1.3 1.6 -0.3
v -1.2 1.5 -0.3
v -1.2 1.6 -0.3
v 1.3 -0.7 -0.3
v 1.3 -0.6 -0.3
v 1.4 -0.7 -0.3
v 1.4 -0.6 -0.3
v -0.9 2 -0.5
v -0.9 2.1 -0.5
v -0.8 2 -0.5
v -0.8 2.1 -0.5
v 1.3 -0.8 -0.7
v 1.3 -0.7 -0.7
v 1.3 -0.6 -0.7
v 1.4 -0.8 -0.7
v 1.4 -0.7 -0.7
v 1.4 -0.6 -0.7
v 0 0.4 -1.1
v 0 0.5 -1.1
v 0.2 0.4 -1.1
v 0.2 0.5 -1.1
v -0.8 -0.1 -1.2
v -0.8 0 -1.2
v -0.7 -0.1 -1.2
v -0.7 0 -1.2
v -0.3 0 -1.2
v -0.3 0.1 -1.2
v -0.2 0.1 -1.2
v -0.2 0.2 -1.2
v -0.1 -0.1 -1.2
v -0.1 0 -1.2
v -0.1 0.2 -1.2
v -0.1 0.3 -1.2
v 0 0.3 -1.2
v 0.1 0.1 -1.2
v 0.1 0.3 -1.2
v 0.2 0 -1.2
v 0.2 0.1 -1.2
v -0.8 -0.3 -1.3
v -0.8 -0.1 -1.3
v -0.7 -0.3 -1.3
v -0.7 -0.2 -1.3
v -0.7 -0.1 -1.3
v -0.5 -0.2 -1.3
v -0.5 -0.1 -1.3
v -0.2 0.4 -1.3
v -0.2 0.5 -1.3
v -0.1 -0.1 -1.3
v -0.1 0 -1.3
v -0.1 0.4 -1.3
v -0.1 0.5 -1.3
v 0 -0.2 -1.3
v 0 -0.1 -1.3
v 0 0.3 -1.3
v 0 0.4 -1.3
v 0.1 -0.1 -1.3
v 0.1 0 -1.3
v 0.1 0.3 -1.3
v 0.1 0.4 -1.3
v 0.1 0.5 -1.3
v 0.2 0.4 -1.3
v 0.2 0.5 -1.3
v -0.8 -0.3 1.3
v -0.8 -0.1 1.3
v -0.7 -0.3 1.3
v -0.7 -0.2 1.3
v -0.7 -0.1 1.3
v -0.5 -0.2 1.3
v -0.5 -0.1 1.3
v -0.2 0.4 1.3
v -0.2 0.5 1.3
v -0.1 -0.1 1.3
v -0.1 0 1.3
v -0.1 0.4 1.3
v -0.1 0.5 1.3
v 0 -0.2 1.3
v 0 -0.1 1.3
v 0 0.3 1.3
v 0 0.4 1.3
v 0.1 -0.1 1.3
v 0.1 0 1.3
v 0.1 0.3 1.3
v 0.1 0.4 1.3
v 0.1 0.5 1.3
v 0.2 0.4 1.3
v 0.2 0.5 1.3
v -0.8 -0.1 1.2
v -0.8 0 1.2
v -0.7 -0.1 1.2
v -0.7 0 1.2
v -0.3 0 1.2
v -0.3 0.1 1.2
v -0.2 0.1 1.2
v -0.2 0.2 1.2
v -0.1 -0.1 1.2
v -0.1 0 1.2
v -0.1 0.2 1.2
v -0.1 0.3 1.2
v 0 0.3 1.2
v 0.1 0.1 1.2
v 0.1 0.3 1.2
v 0.2 0 1.2
v 0.2 0.1 1.2
v 0 0.4 1.1
v 0 0.5 1.1
v 0.2 0.4 1.1
v 0.2 0.5 1.1
v 1.3 -0.7 0.7
v 1.3 -0.6 0.7
v 1.4 -0.7 0.7
v 1.4 -0.6 0.7
v -0.9 2 0.5
v -0.9 2.1 0.5
v -0.8 2 0.5
v -0.8 2.1 0.5
v 1.3 -0.7 0.4
v 1.3 -0.6 0.4
v 1.4 -0.7 0.4
v 1.4 -0.6 0.4
v -1.3 1.4 0.3
v -1.3 1.5 0.3
v -1.2 1.4 0.3
v -1.2 1.5 0.3
v 1.3 -0.8 0.2
v 1.3 -0.7 0.2
v 1.4 -0.8 0.2
v 1.4 -0.7 0.2
v -0.9 2 0.1
v -0.9 2.1 0.1
v -0.8 2 0.1
v -0.8 2.1 0.1
v -1.4 0.1 -0.1
v -1.4 0.2 -0.1
v -1.4 0.3 -0.1
v -1.4 0.4 -0.1
v -1.3 0.1 -0.1
v -1.3 0.2 -0.1
v -1.3 0.3 -0.1
v -1.3 0.4 -0.1
v -1.3 0.5 -0.1
v -1.3 0.6 -0.1
v -1.2 0.5 -0.1
v -1.2 0.6 -0.1
v -1.2 0.7 -0.1
v -1.1 0.6 -0.1
v -1.1 0.7 -0.1
v -1.4 0.4 -0.2
v -1.4 0.5 -0.2
v -1.4 0.7 -0.2
v -1.3 0.4 -0.2
v -1.3 0.5 -0.2
v -1.3 0.6 -0.2
v -1.2 0.6 -0.2
v -1.2 0.7 -0.2
v -1.2 0.8 -0.2
v -1.1 0.7 -0.2
v -1.1 0.8 -0.2
v 1.3 -0.7 -0.2
v 1.3 -0.6 -0.2
v 1.4 -0.7 -0.2
v 1.4 -0.6 -0.2
v -1.3 1.5 -0.4
v -1.3 1.6 -0.4
v -1.2 1.5 -0.4
v -1.2 1.6 -0.4
v -0.9 2 -0.4
v -0.9 2.1 -0.4
v -0.8 2 -0.4
v -0.8 2.1 -0.4
v 0.7 0.2 -0.5
v 0.7 0.5 -0.5
v 0.8 0.2 -0.5
v 0.8 0.5 -0.5
v 1.3 -0.8 -0.5
v 1.3 -0.7 -0.5
v 1.3 -0.6 -0.5
v 1.4 -0.8 -0.5
v 1.4 -0.7 -0.5
v 1.4 -0.6 -0.5
v -1 0.2 -0.6
v -1 0.4 -0.6
v -1 0.5 -0.6
v -0.9 0.2 -0.6
v -0.9 0.3 -0.6
v -0.9 0.4 -0.6
v -0.9 0.5 -0.6
v -0.9 2 -0.6
v -0.9 2.1 -0.6
v -0.8 0.3 -0.6
v -0.8 0.4 -0.6
v -0.8 2 -0.6
v -0.8 2.1 -0.6
v -0.6 2 -0.6
v -0.6 2.1 -0.6
v -0.5 2 -0.6
v -0.5 2.1 -0.6
v -0.3 2 -0.6
v -0.3 2.1 -0.6
v -0.2 2 -0.6
v -0.2 2.1 -0.6
v 0.2 2 -0.6
v 0.2 2.1 -0.6
v 0.3 2 -0.6
v 0.3 2.1 -0.6
v 0.5 2 -0.6
v 0.5 2.1 -0.6
v 0.6 0.3 -0.6
v 0.6 0.4 -0.6
v 0.6 2 -0.6
v 0.6 2.1 -0.6
v 0.7 0.3 -0.6
v 0.7 0.4 -0.6
v 0.9 0 -0.6
v 0.9 0.1 -0.6
v 1 0 -0.6
v 1 0.1 -0.6
v 1 0.9 -0.6
v 1 1 -0.6
v 1 1.6 -0.6
v 1 1.7 -0.6
v 1.1 0.9 -0.6
v 1.1 1 -0.6
v 1.1 1.6 -0.6
v 1.1 1.7 -0.6
v -1.2 0 -0.7
v -1.2 0.1 -0.7
v -1.1 0 -0.7
v -1.1 0.1 -0.7
v -1 1.9 -0.7
v -1 2 -0.7
v -0.9 0.2 -0.7
v -0.9 0.3 -0.7
v -0.9 0.4 -0.7
v -0.9 0.5 -0.7
v -0.9 1.9 -0.7
v -0.9 2 -0.7
v -0.8 0.2 -0.7
v -0.8 0.3 -0.7
v -0.8 0.4 -0.7
v -0.8 0.5 -0.7
v -0.8 2 -0.7
v -0.8 2.1 -0.7
v -0.6 2 -0.7
v -0.6 2.1 -0.7
v -0.5 2 -0.7
v -0.5 2.1 -0.7
v -0.3 2 -0.7
v -0.3 2.1 -0.7
v -0.2 2 -0.7
v -0.2 2.1 -0.7
v 0.2 2 -0.7
v 0.2 2.1 -0.7
v 0.3 2 -0.7
v 0.3 2.1 -0.7
v 0.5 0.2 -0.7
v 0.5 0.4 -0.7
v 0.5 0.5 -0.7
v 0.5 2 -0.7
v 0.5 2.1 -0.7
v 0.6 0.3 -0.7
v 0.6 0.4 -0.7
v 0.6 2 -0.7
v 0.6 2.1 -0.7
v 0.7 0.2 -0.7
v 0.7 0.3 -0.7
v 0.7 0.4 -0.7
v 0.7 0.5 -0.7
v 0.7 0.7 -0.7
v 0.7 2 -0.7
v 0.7 2.1 -0.7
v 0.8 0.1 -0.7
v 0.8 0.2 -0.7
v 0.8 0.5 -0.7
v 0.8 0.7 -0.7
v 0.9 0.1 -0.7
v 0.9 0.2 -0.7
v 1 1 -0.7
v 1 1.3 -0.7
v 1 1.5 -0.7
v 1 1.6 -0.7
v 1.1 1 -0.7
v 1.1 1.6 -0.7
v -1.2 -0.1 -0.8
v -1.2 0 -0.8
v -1.2 0.8 -0.8
v -1.2 0.9 -0.8
v -1.2 1.7 -0.8
v -1.2 1.8 -0.8
v -1.1 -0.1 -0.8
v -1.1 0 -0.8
v -1.1 0.2 -0.8
v -1.1 0.7 -0.8
v -1.1 0.8 -0.8
v -1.1 0.9 -0.8
v -1.1 1.7 -0.8
v -1.1 1.8 -0.8
v -1.1 1.9 -0.8
v -1 0 -0.8
v -1 0.1 -0.8
v -1 0.5 -0.8
v -1 0.7 -0.8
v -1 0.8 -0.8
v -1 1.8 -0.8
v -1 1.9 -0.8
v -0.9 0.1 -0.8
v -0.9 0.2 -0.8
v -0.9 0.5 -0.8
v -0.9 0.6 -0.8
v -0.9 0.7 -0.8
v -0.9 1.9 -0.8
v -0.9 2 -0.8
v -0.8 0.2 -0.8
v -0.8 0.5 -0.8
v -0.8 0.6 -0.8
v -0.8 0.7 -0.8
v -0.7 0.5 -0.8
v -0.7 0.7 -0.8
v -0.6 1.9 -0.8
v -0.6 2 -0.8
v -0.5 0.2 -0.8
v -0.5 0.3 -0.8
v -0.5 1.9 -0.8
v -0.5 2 -0.8
v -0.4 0.3 -0.8
v -0.4 0.4 -0.8
v -0.4 1.9 -0.8
v -0.3 0.4 -0.8
v -0.3 0.6 -0.8
v -0.2 0.3 -0.8
v -0.2 0.5 -0.8
v 0 0.3 -0.8
v 0 0.5 -0.8
v 0.1 0.5 -0.8
v 0.1 0.6 -0.8
v 0.2 0.3 -0.8
v 0.2 0.5 -0.8
v 0.2 0.6 -0.8
v 0.2 0.7 -0.8
v 0.3 0.2 -0.8
v 0.3 0.3 -0.8
v 0.3 0.7 -0.8
v 0.4 0.4 -0.8
v 0.4 0.5 -0.8
v 0.4 0.6 -0.8
v 0.4 0.7 -0.8
v 0.5 0.2 -0.8
v 0.5 0.4 -0.8
v 0.5 0.5 -0.8
v 0.7 0.1 -0.8
v 0.7 0.2 -0.8
v 0.7 0.5 -0.8
v 0.7 0.7 -0.8
v 0.8 0 -0.8
v 0.8 0.1 -0.8
v 0.8 0.2 -0.8
v 0.8 0.7 -0.8
v 0.8 0.8 -0.8
v 0.8 1.8 -0.8
v 0.8 1.9 -0.8
v 0.8 2 -0.8
v 0.9 -0.1 -0.8
v 0.9 0 -0.8
v 0.9 0.1 -0.8
v 0.9 0.7 -0.8
v 0.9 0.8 -0.8
v 0.9 0.9 -0.8
v 0.9 1.7 -0.8
v 0.9 1.8 -0.8
v 0.9 1.9 -0.8
v 1 -0.1 -0.8
v 1 0 -0.8
v 1 0.8 -0.8
v 1 0.9 -0.8
v 1 1.7 -0.8
v 1 1.8 -0.8
v -1.2 0.9 -0.9
v -1.2 1 -0.9
v -1.2 1.6 -0.9
v -1.2 1.7 -0.9
v -1.1 -0.1 -0.9
v -1.1 0 -0.9
v -1.1 0.8 -0.9
v -1.1 0.9 -0.9
v -1.1 1 -0.9
v -1.1 1.6 -0.9
v -1.1 1.7 -0.9
v -1.1 1.8 -0.9
v -1 -0.1 -0.9
v -1 0 -0.9
v -1 0.1 -0.9
v -1 0.7 -0.9
v -1 0.8 -0.9
v -1 0.9 -0.9
v -1 1.7 -0.9
v -1 1.8 -0.9
v -1 1.9 -0.9
v -0.9 0 -0.9
v -0.9 0.1 -0.9
v -0.9 0.2 -0.9
v -0.9 0.7 -0.9
v -0.9 0.8 -0.9
v -0.6 1.8 -0.9
v -0.6 1.9 -0.9
v -0.4 1.8 -0.9
v -0.4 1.9 -0.9
v -0.3 1.8 -0.9
v -0.2 1.8 -0.9
v -0.1 1.8 -0.9
v 0 1.8 -0.9
v 0.2 0.7 -0.9
v 0.2 0.8 -0.9
v 0.3 0.7 -0.9
v 0.3 0.8 -0.9
v 0.7 0 -0.9
v 0.7 0.1 -0.9
v 0.7 0.2 -0.9
v 0.7 0.7 -0.9
v 0.7 0.8 -0.9
v 0.8 -0.1 -0.9
v 0.8 0 -0.9
v 0.8 0.1 -0.9
v 0.8 0.7 -0.9
v 0.8 0.8 -0.9
v 0.8 0.9 -0.9
v 0.8 1.7 -0.9
v 0.8 1.8 -0.9
v 0.8 1.9 -0.9
v 0.9 -0.1 -0.9
v 0.9 0 -0.9
v 0.9 0.8 -0.9
v 0.9 0.9 -0.9
v 0.9 1 -0.9
v 0.9 1.6 -0.9
v 0.9 1.7 -0.9
v 0.9 1.8 -0.9
v 1 -0.4 -0.9
v 1 -0.3 -0.9
v 1 0.9 -0.9
v 1 1 -0.9
v 1 1.6 -0.9
v 1 1.7 -0.9
v 1.1 -0.4 -0.9
v 1.1 -0.3 -0.9
v 1.3 -0.8 -0.9
v 1.3 -0.7 -0.9
v 1.3 -0.6 -0.9
v 1.4 -0.8 -0.9
v 1.4 -0.7 -0.9
v 1.4 -0.6 -0.9
v -1.4 -0.8 -1
v -1.4 -0.7 -1
v -1.4 -0.6 -1
v -1.4 -0.5 -1
v -1.4 -0.4 -1
v -1.3 -0.8 -1
v -1.3 -0.7 -1
v -1.3 -0.6 -1
v -1.3 -0.5 -1
v -1.3 -0.4 -1
v -1.3 -0.3 -1
v -1.2 -0.5 -1
v -1.2 -0.4 -1
v -1.2 -0.3 -1
v -1.2 -0.2 -1
v -1.2 -0.1 -1
v -1.2 1 -1
v -1.2 1.6 -1
v -1.1 -0.4 -1
v -1.1 -0.3 -1
v -1.1 0.9 -1
v -1.1 1 -1
v -1.1 1.5 -1
v -1.1 1.6 -1
v -1.1 1.7 -1
v -1 -0.3 -1
v -1 -0.2 -1
v -1 -0.1 -1
v -1 0 -1
v -1 0.8 -1
v -1 0.9 -1
v -1 1 -1
v -1 1.5 -1
v -1 1.7 -1
v -1 1.8 -1
v -0.9 0 -1
v -0.9 0.1 -1
v -0.9 0.8 -1
v -0.9 0.9 -1
v -0.9 1 -1
v -0.9 1.6 -1
v -0.9 1.7 -1
v -0.8 -0.2 -1
v -0.8 -0.1 -1
v -0.8 0.9 -1
v -0.8 1 -1
v -0.8 1.6 -1
v -0.8 1.7 -1
v -0.7 -0.3 -1
v -0.7 -0.2 -1
v -0.7 -0.1 -1
v -0.6 -0.2 -1
v -0.6 -0.1 -1
v -0.5 -0.2 -1
v -0.5 -0.1 -1
v -0.4 -0.3 -1
v -0.4 -0.2 -1
v -0.4 -0.1 -1
v -0.3 1.7 -1
v -0.3 1.8 -1
v -0.2 -0.2 -1
v -0.2 -0.1 -1
v -0.2 0.4 -1
v -0.2 0.5 -1
v -0.2 1.7 -1
v -0.2 1.8 -1
v -0.1 -0.3 -1
v -0.1 -0.1 -1
v -0.1 0.4 -1
v -0.1 0.5 -1
v -0.1 1.7 -1
v -0.1 1.8 -1
v 0 -0.2 -1
v 0 -0.1 -1
v 0 1.7 -1
v 0 1.8 -1
v 0.1 -0.2 -1
v 0.1 -0.1 -1
v 0.4 -0.3 -1
v 0.4 -0.2 -1
v 0.5 -0.8 -1
v 0.5 -0.7 -1
v 0.5 -0.5 -1
v 0.5 -0.2 -1
v 0.5 -0.1 -1
v 0.6 -0.2 -1
v 0.6 -0.1 -1
v 0.6 0.9 -1
v 0.6 1 -1
v 0.6 1.6 -1
v 0.6 1.7 -1
v 0.7 -0.7 -1
v 0.7 -0.5 -1
v 0.7 -0.3 -1
v 0.7 -0.2 -1
v 0.7 0 -1
v 0.7 0.1 -1
v 0.7 0.8 -1
v 0.7 0.9 -1
v 0.7 1 -1
v 0.7 1.2 -1
v 0.7 1.4 -1
v 0.7 1.6 -1
v 0.7 1.7 -1
v 0.8 -0.5 -1
v 0.8 -0.1 -1
v 0.8 0 -1
v 0.8 0.8 -1
v 0.8 0.9 -1
v 0.8 1 -1
v 0.8 1.3 -1
v 0.8 1.4 -1
v 0.8 1.6 -1
v 0.8 1.7 -1
v 0.8 1.8 -1
v 0.9 -0.7 -1
v 0.9 -0.5 -1
v 0.9 -0.4 -1
v 0.9 -0.3 -1
v 0.9 -0.2 -1
v 0.9 -0.1 -1
v 0.9 0.9 -1
v 0.9 1 -1
v 0.9 1.2 -1
v 0.9 1.3 -1
v 0.9 1.6 -1
v 0.9 1.7 -1
v 1 -0.5 -1
v 1 -0.4 -1
v 1 -0.3 -1
v 1 -0.1 -1
v 1 1 -1
v 1 1.6 -1
v 1.1 -0.7 -1
v 1.1 -0.5 -1
v 1.2 -0.6 -1
v 1.2 -0.4 -1
v 1.3 -0.8 -1
v 1.3 -0.7 -1
v 1.3 -0.6 -1
v -1.4 -0.7 -1.1
v -1.4 -0.6 -1.1
v -1.3 -0.7 -1.1
v -1.3 -0.6 -1.1
v -1.3 -0.5 -1.1
v -1.2 -0.6 -1.1
v -1.2 -0.5 -1.1
v -1.1 -0.4 -1.1
v -1.1 -0.3 -1.1
v -1 -0.4 -1.1
v -1 -0.3 -1.1
v -0.9 1 -1.1
v -0.9 1.6 -1.1
v -0.8 0.9 -1.1
v -0.8 1 -1.1
v -0.8 1.6 -1.1
v -0.8 1.7 -1.1
v -0.7 -0.4 -1.1
v -0.7 -0.3 -1.1
v -0.7 1 -1.1
v -0.7 1.1 -1.1
v -0.6 1 -1.1
v -0.6 1.1 -1.1
v -0.6 1.2 -1.1
v -0.6 1.3 -1.1
v -0.6 1.4 -1.1
v -0.6 1.5 -1.1
v -0.6 1.6 -1.1
v -0.5 1 -1.1
v -0.5 1.1 -1.1
v -0.5 1.2 -1.1
v -0.5 1.3 -1.1
v -0.5 1.4 -1.1
v -0.5 1.5 -1.1
v -0.5 1.6 -1.1
v -0.4 -0.4 -1.1
v -0.4 -0.3 -1.1
v -0.4 1.1 -1.1
v -0.4 1.2 -1.1
v -0.3 1 -1.1
v -0.3 1.2 -1.1
v -0.3 1.3 -1.1
v -0.3 1.4 -1.1
v -0.2 1.1 -1.1
v -0.2 1.3 -1.1
v -0.2 1.4 -1.1
v -0.2 1.6 -1.1
v -0.2 1.7 -1.1
v -0.1 -0.4 -1.1
v -0.1 -0.3 -1.1
v -0.1 1.2 -1.1
v -0.1 1.3 -1.1
v -0.1 1.4 -1.1
v -0.1 1.6 -1.1
v -0.1 1.7 -1.1
v 0 1.1 -1.1
v 0 1.2 -1.1
v 0 1.3 -1.1
v 0 1.4 -1.1
v 0.1 1 -1.1
v 0.1 1.2 -1.1
v 0.1 1.4 -1.1
v 0.1 1.5 -1.1
v 0.2 1.2 -1.1
v 0.2 1.4 -1.1
v 0.2 1.5 -1.1
v 0.3 1.1 -1.1
v 0.3 1.2 -1.1
v 0.3 1.4 -1.1
v 0.3 1.5 -1.1
v 0.3 1.6 -1.1
v 0.4 -0.4 -1.1
v 0.4 -0.3 -1.1
v 0.4 1 -1.1
v 0.4 1.1 -1.1
v 0.4 1.4 -1.1
v 0.4 1.5 -1.1
v 0.4 1.6 -1.1
v 0.5 1.4 -1.1
v 0.5 1.5 -1.1
v 0.6 0.9 -1.1
v 0.6 1 -1.1
v 0.6 1.6 -1.1
v 0.6 1.7 -1.1
v 0.7 -0.4 -1.1
v 0.7 -0.3 -1.1
v 0.7 1 -1.1
v 0.7 1.6 -1.1
v 0.9 -0.4 -1.1
v 0.9 -0.3 -1.1
v -1.3 -0.8 -1.2
v -1.3 -0.6 -1.2
v -1.2 -0.6 -1.2
v -1.2 -0.4 -1.2
v -1.1 -0.8 -1.2
v -1.1 -0.7 -1.2
v -1.1 -0.6 -1.2
v -1.1 -0.4 -1.2
v -0.8 -0.6 -1.2
v -0.8 -0.5 -1.2
v -0.7 -0.5 -1.2
v -0.7 -0.4 -1.2
v -0.6 -0.6 -1.2
v -0.6 -0.5 -1.2
v -0.4 -0.6 -1.2
v -0.4 -0.5 -1.2
v -0.4 -0.4 -1.2
v -0.2 -0.6 -1.2
v -0.2 -0.5 -1.2
v 0.1 -0.6 -1.2
v 0.1 0.4 -1.2
v 0.1 0.5 -1.2
v 0.2 -0.6 -1.2
v 0.2 -0.5 -1.2
v 0.2 0.4 -1.2
v 0.2 0.5 -1.2
v 0.5 -0.6 -1.2
v 0.5 -0.5 -1.2
v 1 -0.5 -1.2
v 1 -0.4 -1.2
v -1.1 -0.8 -1.3
v -1.1 -0.7 -1.3
v -1.1 -0.6 -1.3
v -0.8 -0.8 -1.3
v -0.8 -0.7 -1.3
v -0.8 -0.6 -1.3
v -0.6 -0.8 -1.3
v -0.6 -0.7 -1.3
v -0.6 -0.6 -1.3
v -0.4 -0.8 -1.3
v -0.4 -0.7 -1.3
v -0.4 -0.6 -1.3
v -0.1 -0.8 -1.3
v -0.1 -0.7 -1.3
v -0.1 -0.6 -1.3
v 0 0.2 -1.3
v 0 0.3 -1.3
v 0.1 -0.7 -1.3
v 0.1 -0.6 -1.3
v 0.1 0.2 -1.3
v 0.1 0.3 -1.3
v 0.2 -0.8 -1.3
v 0.2 -0.6 -1.3
v 0.4 -0.8 -1.3
v 0.4 -0.7 -1.3
v 0.4 -0.6 -1.3
v 0.5 -0.8 -1.3
v 0.5 -0.6 -1.3
v -0.8 -0.8 -1.4
v -0.8 -0.6 -1.4
v -0.8 -0.3 -1.4
v -0.8 0 -1.4
v -0.7 -0.3 -1.4
v -0.7 -0.2 -1.4
v -0.6 -0.8 -1.4
v -0.6 -0.6 -1.4
v -0.6 -0.1 -1.4
v -0.6 0 -1.4
v -0.5 -0.2 -1.4
v -0.5 -0.1 -1.4
v -0.4 -0.8 -1.4
v -0.4 -0.6 -1.4
v -0.3 0 -1.4
v -0.3 0.1 -1.4
v -0.2 -0.7 -1.4
v -0.2 -0.6 -1.4
v -0.2 0.1 -1.4
v -0.2 0.2 -1.4
v -0.2 0.3 -1.4
v -0.2 0.5 -1.4
v -0.1 -0.8 -1.4
v -0.1 -0.7 -1.4
v -0.1 -0.6 -1.4
v -0.1 0 -1.4
v -0.1 0.1 -1.4
v -0.1 0.2 -1.4
v -0.1 0.3 -1.4
v -0.1 0.4 -1.4
v 0 -0.2 -1.4
v 0 -0.1 -1.4
v 0 0 -1.4
v 0 0.1 -1.4
v 0 0.2 -1.4
v 0 0.3 -1.4
v 0 0.4 -1.4
v 0 0.5 -1.4
v 0.1 -0.1 -1.4
v 0.1 0 -1.4
v 0.1 0.1 -1.4
v 0.1 0.2 -1.4
v 0.1 0.4 -1.4
v 0.1 0.5 -1.4
v 0.2 -0.8 -1.4
v 0.2 -0.6 -1.4
v 0.2 0 -1.4
v 0.2 0.1 -1.4
v 0.2 0.4 -1.4
v 0.2 0.5 -1.4
v 0.3 -0.7 -1.4
v 0.3 -0.6 -1.4
v 0.4 -0.8 -1.4
v 0.4 -0.7 -1.4
v 0.4 -0.6 -1.4
v -0.1 0 -1.5
v -0.1 0.1 -1.5
v -0.1 0.3 -1.5
v -0.1 0.4 -1.5
v 0 0 -1.5
v 0 0.1 -1.5
v 0 0.4 -1.5
v 0 0.5 -1.5
v 0.1 0.3 -1.5
v 0.1 0.5 -1.5
v -1.2 -0.8 1.4
v -1 -0.8 1.4
v -0.8 -0.8 1.4
v -0.5 -0.8 1.4
v -0.4 -0.8 1.4
v 0.1 -0.8 1.4
v -1 -0.8 1.3
v -0.8 -0.8 1.3
v -0.5 -0.8 1.3
v -0.4 -0.8 1.3
v 0.1 -0.8 1.3
v 0.7 -0.8 1.3
v 0.7 -0.8 1.2
v 0.9 -0.8 1.2
v -1.4 -0.8 1.1
v -1.2 -0.8 1.1
v 0.9 -0.8 0.7
v 1.3 -0.8 0.7
v 1.3 -0.8 0.5
v 1.4 -0.8 0.5
v 1.3 -0.8 0.2
v 1.4 -0.8 0.2
v 1.3 -0.8 -0.2
v 1.4 -0.8 -0.2
v 1.3 -0.8 -0.5
v 1.4 -0.8 -0.5
v 1.3 -0.8 -0.7
v 1.4 -0.8 -0.7
v 1.3 -0.8 -0.9
v 1.4 -0.8 -0.9
v -1.4 -0.8 -1
v -1.3 -0.8 -1
v 0.5 -0.8 -1
v 1.3 -0.8 -1
v -1.3 -0.8 -1.2
v -1.1 -0.8 -1.2
v -1.1 -0.8 -1.3
v -0.8 -0.8 -1.3
v -0.6 -0.8 -1.3
v -0.4 -0.8 -1.3
v -0.1 -0.8 -1.3
v 0.2 -0.8 -1.3
v 0.4 -0.8 -1.3
v 0.5 -0.8 -1.3
v -0.8 -0.8 -1.4
v -0.6 -0.8 -1.4
v -0.4 -0.8 -1.4
v -0.1 -0.8 -1.4
v 0.2 -0.8 -1.4
v 0.4 -0.8 -1.4
v 0.1 -0.7 1.4
v 0.3 -0.7 1.4
v 0.4 -0.7 1.4
v 0.1 -0.7 1.3
v 0.3 -0.7 1.3
v 0.4 -0.7 1.3
v -1.4 -0.7 1.2
v -1.3 -0.7 1.2
v -1.4 -0.7 1.1
v -1.3 -0.7 1.1
v 0.9 -0.7 1
v 1.1 -0.7 1
v 1.2 -0.7 1
v 0.9 -0.7 0.9
v 1.1 -0.7 0.9
v 1.2 -0.7 0.9
v 1.3 -0.7 0.9
v 1.1 -0.7 0.8
v 1.3 -0.7 0.8
v 1.4 -0.7 0.8
v 0.9 -0.7 0.7
v 1.1 -0.7 0.7
v 1.3 -0.7 0.7
v 1.4 -0.7 0.7
v 1.3 -0.7 0.2
v 1.4 -0.7 0.2
v 1.3 -0.7 -0.1
v 1.4 -0.7 -0.1
v 1.3 -0.7 -0.2
v 1.4 -0.7 -0.2
v -1.4 -0.7 -1
v -1.3 -0.7 -1
v -1.4 -0.7 -1.1
v -1.3 -0.7 -1.1
v 0.5 -0.5 1.2
v 1.1 -0.5 1.2
v 0.5 -0.5 1.1
v 0.8 -0.5 1.1
v 1.1 -0.5 1.1
v 1.2 -0.5 1.1
v 0.5 -0.5 1
v 0.7 -0.5 1
v 0.8 -0.5 1
v 0.9 -0.5 1
v 1.2 -0.5 1
v 0.5 -0.5 -1
v 0.7 -0.5 -1
v 0.8 -0.5 -1
v 0.9 -0.5 -1
v 1 -0.5 -1
v 0.5 -0.5 -1.1
v 0.8 -0.5 -1.1
v 0.5 -0.5 -1.2
v 1 -0.5 -1.2
v -0.8 -0.3 1.4
v -0.7 -0.3 1.4
v -0.8 -0.3 1.3
v -0.7 -0.3 1.3
v -0.8 -0.3 -1.3
v -0.7 -0.3 -1.3
v -0.8 -0.3 -1.4
v -0.7 -0.3 -1.4
v -0.7 -0.2 1.4
v -0.5 -0.2 1.4
v 0 -0.2 1.4
v -0.7 -0.2 1.3
v -0.5 -0.2 1.3
v 0 -0.2 1.3
v -0.7 -0.2 -1.3
v -0.5 -0.2 -1.3
v 0 -0.2 -1.3
v -0.7 -0.2 -1.4
v -0.5 -0.2 -1.4
v 0 -0.2 -1.4
v 0 -0.1 1.4
v 0.1 -0.1 1.4
v -0.8 -0.1 1.3
v -0.7 -0.1 1.3
v -0.5 -0.1 1.3
v -0.1 -0.1 1.3
v 0 -0.1 1.3
v 0.1 -0.1 1.3
v -0.8 -0.1 1.2
v -0.7 -0.1 1.2
v -0.1 -0.1 1.2
v -0.8 -0.1 -1.2
v -0.7 -0.1 -1.2
v -0.1 -0.1 -1.2
v -0.8 -0.1 -1.3
v -0.7 -0.1 -1.3
v -0.5 -0.1 -1.3
v -0.1 -0.1 -1.3
v 0 -0.1 -1.3
v 0.1 -0.1 -1.3
v 0 -0.1 -1.4
v 0.1 -0.1 -1.4
v -0.1 0 1.5
v 0 0 1.5
v -0.1 0 1.4
v 0 0 1.4
v 0.1 0 1.4
v 0.2 0 1.4
v -0.1 0 1.3
v 0.1 0 1.3
v -0.1 0 1.2
v 0.2 0 1.2
v -0.1 0 -1.2
v 0.2 0 -1.2
v -0.1 0 -1.3
v 0.1 0 -1.3
v -0.1 0 -1.4
v 0 0 -1.4
v 0.1 0 -1.4
v 0.2 0 -1.4
v -0.1 0 -1.5
v 0 0 -1.5
v -1.4 0.1 0
v -1.3 0.1 0
v -1.4 0.1 -0.1
v -1.3 0.1 -0.1
v -0.1 0.3 1.5
v 0.1 0.3 1.5
v -0.2 0.3 1.4
v -0.1 0.3 1.4
v 0 0.3 1.4
v 0 0.3 1.3
v 0.1 0.3 1.3
v -0.1 0.3 1.2
v 0 0.3 1.2
v -0.2 0.3 0.8
v 0 0.3 0.8
v -1.4 0.3 0
v -1.3 0.3 0
v -1.4 0.3 -0.1
v -1.3 0.3 -0.1
v -0.2 0.3 -0.8
v 0 0.3 -0.8
v -0.1 0.3 -1.2
v 0 0.3 -1.2
v 0 0.3 -1.3
v 0.1 0.3 -1.3
v -0.2 0.3 -1.4
v -0.1 0.3 -1.4
v 0 0.3 -1.4
v -0.1 0.3 -1.5
v 0.1 0.3 -1.5
v 0.1 0.4 1.4
v 0.2 0.4 1.4
v 0 0.4 1.3
v 0.1 0.4 1.3
v 0.2 0.4 1.3
v 0.1 0.4 1.2
v 0.2 0.4 1.2
v 0 0.4 1.1
v 0.2 0.4 1.1
v -0.9 0.4 0.7
v -0.8 0.4 0.7
v 0.6 0.4 0.7
v 0.7 0.4 0.7
v -0.9 0.4 0.6
v -0.8 0.4 0.6
v 0.6 0.4 0.6
v 0.7 0.4 0.6
v -1.4 0.4 0.1
v -1.3 0.4 0.1
v -1.4 0.4 0
v -1.3 0.4 0
v -1.4 0.4 -0.1
v -1.3 0.4 -0.1
v -1.4 0.4 -0.2
v -1.3 0.4 -0.2
v -0.9 0.4 -0.6
v -0.8 0.4 -0.6
v 0.6 0.4 -0.6
v 0.7 0.4 -0.6
v -0.9 0.4 -0.7
v -0.8 0.4 -0.7
v 0.6 0.4 -0.7
v 0.7 0.4 -0.7
v 0 0.4 -1.1
v 0.2 0.4 -1.1
v 0.1 0.4 -1.2
v 0.2 0.4 -1.2
v 0 0.4 -1.3
v 0.1 0.4 -1.3
v 0.2 0.4 -1.3
v 0.1 0.4 -1.4
v 0.2 0.4 -1.4
v -1 0.5 0.8
v -0.9 0.5 0.8
v -0.8 0.5 0.8
v 0.5 0.5 0.8
v 0.7 0.5 0.8
v -1 0.5 0.7
v -0.9 0.5 0.7
v -0.8 0.5 0.7
v 0.5 0.5 0.7
v 0.7 0.5 0.7
v 0.8 0.5 0.7
v -1 0.5 0.6
v -0.9 0.5 0.6
v 0.7 0.5 0.5
v 0.8 0.5 0.5
v -1.4 0.5 0.2
v -1.2 0.5 0.2
v -1.4 0.5 0.1
v -1.3 0.5 0.1
v -1.3 0.5 -0.1
v -1.2 0.5 -0.1
v 0.7 0.5 -0.5
v 0.8 0.5 -0.5
v -1 0.5 -0.6
v -0.9 0.5 -0.6
v -1 0.5 -0.7
v -0.9 0.5 -0.7
v -0.8 0.5 -0.7
v 0.5 0.5 -0.7
v 0.7 0.5 -0.7
v 0.8 0.5 -0.7
v -1 0.5 -0.8
v -0.9 0.5 -0.8
v -0.8 0.5 -0.8
v 0.5 0.5 -0.8
v 0.7 0.5 -0.8
v -1.2 0.6 0.2
v -1.1 0.6 0.2
v -1.3 0.6 -0.1
v -1.2 0.6 -0.1
v -1.1 0.6 -0.1
v -1.3 0.6 -0.2
v -1.2 0.6 -0.2
v -1 0.7 0.9
v -0.9 0.7 0.9
v 0.2 0.7 0.9
v 0.3 0.7 0.9
v 0.7 0.7 0.9
v 0.8 0.7 0.9
v -1.1 0.7 0.8
v -1 0.7 0.8
v -0.9 0.7 0.8
v -0.8 0.7 0.8
v -0.7 0.7 0.8
v 0.2 0.7 0.8
v 0.3 0.7 0.8
v 0.4 0.7 0.8
v 0.7 0.7 0.8
v 0.8 0.7 0.8
v 0.9 0.7 0.8
v 0.7 0.7 0.7
v 0.8 0.7 0.7
v -1 0.7 0.5
v -1 0.7 0.4
v -1.1 0.7 0.2
v -1.2 0.7 -0.1
v -1.1 0.7 -0.1
v -1.2 0.7 -0.2
v -1.1 0.7 -0.2
v 0.7 0.7 -0.7
v 0.8 0.7 -0.7
v -1.1 0.7 -0.8
v -1 0.7 -0.8
v -0.9 0.7 -0.8
v -0.8 0.7 -0.8
v -0.7 0.7 -0.8
v 0.2 0.7 -0.8
v 0.3 0.7 -0.8
v 0.4 0.7 -0.8
v 0.7 0.7 -0.8
v 0.8 0.7 -0.8
v 0.9 0.7 -0.8
v -1 0.7 -0.9
v -0.9 0.7 -0.9
v 0.2 0.7 -0.9
v 0.3 0.7 -0.9
v 0.7 0.7 -0.9
v 0.8 0.7 -0.9
v -1 0.8 1
v -0.9 0.8 1
v 0.7 0.8 1
v 0.8 0.8 1
v -1.1 0.8 0.9
v -1 0.8 0.9
v -0.9 0.8 0.9
v 0.2 0.8 0.9
v 0.3 0.8 0.9
v 0.7 0.8 0.9
v 0.8 0.8 0.9
v 0.9 0.8 0.9
v -1.2 0.8 0.8
v -1.1 0.8 0.8
v -1 0.8 0.8
v 0.8 0.8 0.8
v 0.9 0.8 0.8
v 1 0.8 0.8
v 0.9 0.8 0.7
v 1 0.8 0.7
v -1.2 0.8 0.2
v -1.1 0.8 0.2
v -1.2 0.8 -0.2
v -1.1 0.8 -0.2
v 0.9 0.8 -0.7
v 1 0.8 -0.7
v -1.2 0.8 -0.8
v -1.1 0.8 -0.8
v -1 0.8 -0.8
v 0.8 0.8 -0.8
v 0.9 0.8 -0.8
v 1 0.8 -0.8
v -1.1 0.8 -0.9
v -1 0.8 -0.9
v -0.9 0.8 -0.9
v 0.2 0.8 -0.9
v 0.3 0.8 -0.9
v 0.7 0.8 -0.9
v 0.8 0.8 -0.9
v 0.9 0.8 -0.9
v -1 0.8 -1
v -0.9 0.8 -1
v 0.7 0.8 -1
v 0.8 0.8 -1
v -0.8 0.9 1.1
v 0.6 0.9 1.1
v -1.1 0.9 1
v -1 0.9 1
v -0.8 0.9 1
v 0.6 0.9 1
v 0.8 0.9 1
v 0.9 0.9 1
v -1.2 0.9 0.9
v -1.1 0.9 0.9
v -1 0.9 0.9
v 0.8 0.9 0.9
v 0.9 0.9 0.9
v 1 0.9 0.9
v -1.2 0.9 0.8
v -1.1 0.9 0.8
v 0.9 0.9 0.8
v 1 0.9 0.8
v 1 0.9 0.6
v 1.1 0.9 0.6
v 1 0.9 -0.6
v 1.1 0.9 -0.6
v -1.2 0.9 -0.8
v -1.1 0.9 -0.8
v 0.9 0.9 -0.8
v 1 0.9 -0.8
v -1.2 0.9 -0.9
v -1.1 0.9 -0.9
v -1 0.9 -0.9
v 0.8 0.9 -0.9
v 0.9 0.9 -0.9
v 1 0.9 -0.9
v -1.1 0.9 -1
v -1 0.9 -1
v -0.8 0.9 -1
v 0.6 0.9 -1
v 0.8 0.9 -1
v 0.9 0.9 -1
v -0.8 0.9 -1.1
v 0.6 0.9 -1.1
v -0.9 1 1.1
v -0.8 1 1.1
v 0.6 1 1.1
v 0.7 1 1.1
v -1.2 1 1
v -1.1 1 1
v -0.9 1 1
v -0.8 1 1
v 0.6 1 1
v 0.7 1 1
v 0.9 1 1
v 1 1 1
v -1.2 1 0.9
v -1.1 1 0.9
v 0.9 1 0.9
v 1 1 0.9
v 1 1 0.7
v 1.1 1 0.7
v 1 1 0.6
v 1.1 1 0.6
v 1 1 -0.6
v 1.1 1 -0.6
v 1 1 -0.7
v 1.1 1 -0.7
v -1.2 1 -0.9
v -1.1 1 -0.9
v 0.9 1 -0.9
v 1 1 -0.9
v -1.2 1 -1
v -1.1 1 -1
v -0.9 1 -1
v -0.8 1 -1
v 0.6 1 -1
v 0.7 1 -1
v 0.9 1 -1
v 1 1 -1
v -0.9 1 -1.1
v -0.8 1 -1.1
v 0.6 1 -1.1
v 0.7 1 -1.1
v -1.3 1.4 0.4
v -1.2 1.4 0.4
v -1.3 1.4 0.3
v -1.2 1.4 0.3
v -1.3 1.5 -0.3
v -1.2 1.5 -0.3
v -1.3 1.5 -0.4
v -1.2 1.5 -0.4
v -1.2 -0.7 1.4
v -1.1 -0.7 1.4
v 0.5 -0.7 1.3
v 0.7 -0.7 1.3
v -1.2 -0.7 1.2
v -1.1 -0.7 1.2
v 0.7 -0.7 1.2
v 0.9 -0.7 1.2
v 0.5 -0.7 1.1
v 0.5 -0.7 1
v 0.7 -0.7 1
v 0.9 -0.7 1
v 1.3 -0.7 0.4
v 1.4 -0.7 0.4
v 1.3 -0.7 0.3
v 1.4 -0.7 0.3
v 1.3 -0.7 -0.2
v 1.4 -0.7 -0.2
v 1.3 -0.7 -0.3
v 1.4 -0.7 -0.3
v -1.1 -0.6 1.4
v -1 -0.6 1.4
v -0.8 -0.6 1.4
v -0.6 -0.6 1.4
v -0.5 -0.6 1.4
v -0.4 -0.6 1.4
v -0.2 -0.6 1.4
v 0.1 -0.6 1.4
v 0.3 -0.6 1.4
v 0.4 -0.6 1.4
v -1 -0.6 1.3
v -0.8 -0.6 1.3
v -0.5 -0.6 1.3
v -0.4 -0.6 1.3
v 0.3 -0.6 1.3
v 0.4 -0.6 1.3
v 0.5 -0.6 1.3
v -1.4 -0.6 1.2
v -1.3 -0.6 1.2
v -1.1 -0.6 1.2
v -0.8 -0.6 1.2
v -0.6 -0.6 1.2
v -0.4 -0.6 1.2
v -0.2 -0.6 1.2
v 0.1 -0.6 1.2
v 0.2 -0.6 1.2
v 0.5 -0.6 1.2
v -1.3 -0.6 1.1
v -1.4 -0.6 1
v -1.3 -0.6 1
v 1.2 -0.6 0.9
v 1.3 -0.6 0.9
v 1.2 -0.6 0.8
v 1.3 -0.6 0.8
v 1.4 -0.6 0.8
v 1.3 -0.6 0.7
v 1.4 -0.6 0.7
v 1.2 -0.6 0.5
v 1.3 -0.6 0.5
v 1.4 -0.6 0.5
v 1.3 -0.6 0.4
v 1.4 -0.6 0.4
v 1.2 -0.6 0.3
v 1.3 -0.6 0.3
v 1.4 -0.6 0.3
v 1.2 -0.6 -0.1
v 1.4 -0.6 -0.1
v 1.3 -0.6 -0.2
v 1.4 -0.6 -0.2
v 1.3 -0.6 -0.3
v 1.4 -0.6 -0.3
v 1.2 -0.6 -0.4
v 1.2 -0.6 -0.5
v 1.3 -0.6 -0.5
v 1.4 -0.6 -0.5
v 1.2 -0.6 -0.6
v 1.3 -0.6 -0.6
v 1.2 -0.6 -0.7
v 1.3 -0.6 -0.7
v 1.4 -0.6 -0.7
v 1.3 -0.6 -0.9
v 1.4 -0.6 -0.9
v -1.4 -0.6 -1
v -1.3 -0.6 -1
v 1.2 -0.6 -1
v 1.3 -0.6 -1
v -1.4 -0.6 -1.1
v -1.3 -0.6 -1.1
v -1.2 -0.6 -1.1
v -1.3 -0.6 -1.2
v -1.2 -0.6 -1.2
v -1.1 -0.6 -1.2
v -0.8 -0.6 -1.2
v -0.6 -0.6 -1.2
v -0.4 -0.6 -1.2
v -0.2 -0.6 -1.2
v 0.1 -0.6 -1.2
v 0.2 -0.6 -1.2
v 0.5 -0.6 -1.2
v -1.1 -0.6 -1.3
v -0.8 -0.6 -1.3
v -0.6 -0.6 -1.3
v -0.4 -0.6 -1.3
v -0.1 -0.6 -1.3
v 0.1 -0.6 -1.3
v 0.2 -0.6 -1.3
v 0.3 -0.6 -1.3
v 0.4 -0.6 -1.3
v 0.5 -0.6 -1.3
v -0.8 -0.6 -1.4
v -0.6 -0.6 -1.4
v -0.4 -0.6 -1.4
v -0.2 -0.6 -1.4
v -0.1 -0.6 -1.4
v 0.2 -0.6 -1.4
v 0.3 -0.6 -1.4
v 0.4 -0.6 -1.4
v -1.3 -0.5 1.1
v -1.2 -0.5 1.1
v -1.3 -0.5 1
v -1.2 -0.5 1
v -1.3 -0.5 -1
v -1.2 -0.5 -1
v -1.3 -0.5 -1.1
v -1.2 -0.5 -1.1
v -1.2 -0.4 1.2
v -1.1 -0.4 1.2
v 0.2 -0.4 1.2
v 0.5 -0.4 1.2
v 1.1 -0.4 1.2
v -1.1 -0.4 1.1
v -1 -0.4 1.1
v -0.7 -0.4 1.1
v -0.4 -0.4 1.1
v -0.1 -0.4 1.1
v 0.2 -0.4 1.1
v 0.5 -0.4 1.1
v 0.9 -0.4 1.1
v 1.1 -0.4 1.1
v 1.2 -0.4 1.1
v -1.4 -0.4 1
v -1.3 -0.4 1
v -1.2 -0.4 1
v -1.1 -0.4 1
v 0.9 -0.4 1
v 1 -0.4 1
v 1.1 -0.4 1
v 1.2 -0.4 1
v 1 -0.4 0.9
v 1.1 -0.4 0.9
v -1.4 -0.4 0.8
v -1.3 -0.4 0.8
v 1.1 -0.4 0.8
v 1.2 -0.4 0.8
v -1.4 -0.4 0.7
v -1.3 -0.4 0.7
v 1.1 -0.4 0.5
v -1.4 -0.4 0.4
v -1.3 -0.4 0.4
v -1.4 -0.4 0.3
v -1.3 -0.4 0.3
v 1.1 -0.4 0.3
v -1.4 -0.4 0.1
v -1.3 -0.4 0.1
v 1.1 -0.4 0.1
v -1.4 -0.4 -0.1
v -1.3 -0.4 -0.1
v 1.1 -0.4 -0.1
v -1.4 -0.4 -0.3
v -1.3 -0.4 -0.3
v 1.1 -0.4 -0.3
v 1.2 -0.4 -0.3
v -1.4 -0.4 -0.5
v -1.3 -0.4 -0.5
v -1.4 -0.4 -0.6
v -1.3 -0.4 -0.6
v -1.4 -0.4 -0.7
v -1.3 -0.4 -0.7
v 1.1 -0.4 -0.7
v 1.2 -0.4 -0.7
v -1.4 -0.4 -0.8
v -1.3 -0.4 -0.8
v 1.1 -0.4 -0.8
v 1 -0.4 -0.9
v 1.1 -0.4 -0.9
v -1.4 -0.4 -1
v -1.3 -0.4 -1
v -1.2 -0.4 -1
v -1.1 -0.4 -1
v 0.9 -0.4 -1
v 1 -0.4 -1
v 1.2 -0.4 -1
v -1.1 -0.4 -1.1
v -1 -0.4 -1.1
v -0.7 -0.4 -1.1
v -0.4 -0.4 -1.1
v -0.1 -0.4 -1.1
v 0.4 -0.4 -1.1
v 0.7 -0.4 -1.1
v 0.9 -0.4 -1.1
v -1.2 -0.4 -1.2
v -1.1 -0.4 -1.2
v -0.7 -0.4 -1.2
v -0.4 -0.4 -1.2
v 1 -0.4 -1.2
v -1.1 -0.3 1.1
v -1 -0.3 1.1
v -0.7 -0.3 1.1
v -0.4 -0.3 1.1
v -0.1 -0.3 1.1
v 0.2 -0.3 1.1
v 0.5 -0.3 1.1
v 0.9 -0.3 1.1
v -1.3 -0.3 1
v -1.2 -0.3 1
v -1.1 -0.3 1
v -1 -0.3 1
v -0.7 -0.3 1
v -0.4 -0.3 1
v -0.1 -0.3 1
v 0 -0.3 1
v 0.2 -0.3 1
v 0.5 -0.3 1
v 0.9 -0.3 1
v 1 -0.3 0.9
v 1.1 -0.3 0.9
v -1.2 -0.3 0.8
v 1 -0.3 0.8
v 1.1 -0.3 0.8
v 1 -0.3 0.6
v 1 -0.3 0.5
v 1.1 -0.3 0.5
v -1.2 -0.3 0.4
v 1 -0.3 0.3
v 1.1 -0.3 0.3
v -1.2 -0.3 0.1
v 1 -0.3 0.1
v 1.1 -0.3 0.1
v -1.2 -0.3 0
v -1.2 -0.3 -0.1
v 1 -0.3 -0.1
v 1.1 -0.3 -0.1
v -1.2 -0.3 -0.3
v 1 -0.3 -0.3
v 1.1 -0.3 -0.3
v -1.2 -0.3 -0.4
v -1.2 -0.3 -0.5
v -1.2 -0.3 -0.7
v 1 -0.3 -0.7
v 1.1 -0.3 -0.7
v 1 -0.3 -0.8
v 1.1 -0.3 -0.8
v 1 -0.3 -0.9
v 1.1 -0.3 -0.9
v -1.3 -0.3 -1
v -1.2 -0.3 -1
v -1.1 -0.3 -1
v -1 -0.3 -1
v -0.7 -0.3 -1
v -0.4 -0.3 -1
v -0.1 -0.3 -1
v 0.4 -0.3 -1
v 0.7 -0.3 -1
v 0.9 -0.3 -1
v -1.1 -0.3 -1.1
v -1 -0.3 -1.1
v -0.7 -0.3 -1.1
v -0.4 -0.3 -1.1
v -0.1 -0.3 -1.1
v 0.4 -0.3 -1.1
v 0.7 -0.3 -1.1
v 0.9 -0.3 -1.1
v -1.2 -0.1 1
v -1 -0.1 1
v 0.8 -0.1 1
v 1 -0.1 1
v -1.1 -0.1 0.9
v -1 -0.1 0.9
v 0.8 -0.1 0.9
v 0.9 -0.1 0.9
v -1.2 -0.1 0.8
v -1.1 -0.1 0.8
v 0.9 -0.1 0.8
v 1 -0.1 0.8
v -1.2 -0.1 -0.8
v -1.1 -0.1 -0.8
v 0.9 -0.1 -0.8
v 1 -0.1 -0.8
v -1.2 -0.1 -0.9
v -1.1 -0.1 -0.9
v -1 -0.1 -0.9
v 0.8 -0.1 -0.9
v 0.9 -0.1 -0.9
v -1.2 -0.1 -1
v -1 -0.1 -1
v 0.8 -0.1 -1
v 0.9 -0.1 -1
v 1 -0.1 -1
v -0.8 0 1.4
v -0.6 0 1.4
v -0.3 0 1.4
v -0.7 0 1.3
v -0.6 0 1.3
v -0.8 0 1.2
v -0.7 0 1.2
v -0.3 0 1.2
v -1 0 1
v -0.9 0 1
v 0.7 0 1
v 0.8 0 1
v -1.1 0 0.9
v -1 0 0.9
v -0.9 0 0.9
v 0.7 0 0.9
v 0.8 0 0.9
v 0.9 0 0.9
v -1.2 0 0.8
v -1.1 0 0.8
v -1 0 0.8
v 0.8 0 0.8
v 0.9 0 0.8
v 1 0 0.8
v -1.2 0 0.7
v -1.1 0 0.7
v 0.9 0 0.6
v 1 0 0.6
v 0.9 0 -0.6
v 1 0 -0.6
v -1.2 0 -0.7
v -1.1 0 -0.7
v -1.2 0 -0.8
v -1.1 0 -0.8
v -1 0 -0.8
v 0.8 0 -0.8
v 0.9 0 -0.8
v 1 0 -0.8
v -1.1 0 -0.9
v -1 0 -0.9
v -0.9 0 -0.9
v 0.7 0 -0.9
v 0.8 0 -0.9
v 0.9 0 -0.9
v -1 0 -1
v -0.9 0 -1
v 0.7 0 -1
v 0.8 0 -1
v -0.8 0 -1.2
v -0.7 0 -1.2
v -0.3 0 -1.2
v -0.7 0 -1.3
v -0.6 0 -1.3
v -0.8 0 -1.4
v -0.6 0 -1.4
v -0.3 0 -1.4
v -0.1 0.1 1.5
v 0 0.1 1.5
v -0.3 0.1 1.4
v -0.2 0.1 1.4
v -0.1 0.1 1.4
v 0 0.1 1.4
v 0.1 0.1 1.4
v 0.2 0.1 1.4
v -0.3 0.1 1.2
v -0.2 0.1 1.2
v 0.1 0.1 1.2
v 0.2 0.1 1.2
v -0.9 0.1 1
v 0.4 0.1 1
v 0.5 0.1 1
v 0.7 0.1 1
v -1 0.1 0.9
v -0.9 0.1 0.9
v 0.4 0.1 0.9
v 0.5 0.1 0.9
v 0.7 0.1 0.9
v 0.8 0.1 0.9
v -1 0.1 0.8
v -0.9 0.1 0.8
v 0.7 0.1 0.8
v 0.8 0.1 0.8
v 0.9 0.1 0.8
v -1.2 0.1 0.7
v -1.1 0.1 0.7
v 0.8 0.1 0.7
v 0.9 0.1 0.7
v 0.9 0.1 0.6
v 1 0.1 0.6
v -1.2 0.1 0.5
v -1.1 0.1 0.5
v -1.2 0.1 0.3
v -1.1 0.1 0.3
v -1.2 0.1 -0.3
v -1.1 0.1 -0.3
v -1.2 0.1 -0.5
v -1.1 0.1 -0.5
v 0.9 0.1 -0.6
v 1 0.1 -0.6
v -1.2 0.1 -0.7
v -1.1 0.1 -0.7
v 0.8 0.1 -0.7
v 0.9 0.1 -0.7
v -1 0.1 -0.8
v -0.9 0.1 -0.8
v 0.7 0.1 -0.8
v 0.8 0.1 -0.8
v 0.9 0.1 -0.8
v -1 0.1 -0.9
v -0.9 0.1 -0.9
v 0.7 0.1 -0.9
v 0.8 0.1 -0.9
v -0.9 0.1 -1
v 0.7 0.1 -1
v -0.3 0.1 -1.2
v -0.2 0.1 -1.2
v 0.1 0.1 -1.2
v 0.2 0.1 -1.2
v -0.3 0.1 -1.4
v -0.2 0.1 -1.4
v -0.1 0.1 -1.4
v 0 0.1 -1.4
v 0.1 0.1 -1.4
v 0.2 0.1 -1.4
v -0.1 0.1 -1.5
v 0 0.1 -1.5
v -0.2 0.2 1.4
v -0.1 0.2 1.4
v 0 0.2 1.4
v 0.1 0.2 1.4
v 0 0.2 1.3
v 0.1 0.2 1.3
v -0.2 0.2 1.2
v -0.1 0.2 1.2
v -0.9 0.2 0.9
v 0.7 0.2 0.9
v -1.1 0.2 0.8
v -0.9 0.2 0.8
v -0.8 0.2 0.8
v -0.5 0.2 0.8
v 0.3 0.2 0.8
v 0.5 0.2 0.8
v 0.7 0.2 0.8
v 0.8 0.2 0.8
v -0.9 0.2 0.7
v -0.8 0.2 0.7
v 0.5 0.2 0.7
v 0.7 0.2 0.7
v 0.8 0.2 0.7
v 0.9 0.2 0.7
v -1 0.2 0.6
v -0.9 0.2 0.6
v 0.7 0.2 0.5
v 0.8 0.2 0.5
v -1 0.2 0.2
v 0.8 0.2 0.2
v 0.8 0.2 0.1
v -1.4 0.2 0
v -1.3 0.2 0
v -1 0.2 0
v -1.4 0.2 -0.1
v -1.3 0.2 -0.1
v 0.8 0.2 -0.1
v -1 0.2 -0.2
v 0.8 0.2 -0.2
v -1 0.2 -0.3
v 0.7 0.2 -0.5
v 0.8 0.2 -0.5
v -1 0.2 -0.6
v -0.9 0.2 -0.6
v -0.9 0.2 -0.7
v -0.8 0.2 -0.7
v 0.5 0.2 -0.7
v 0.7 0.2 -0.7
v 0.8 0.2 -0.7
v 0.9 0.2 -0.7
v -1.1 0.2 -0.8
v -0.9 0.2 -0.8
v -0.8 0.2 -0.8
v -0.5 0.2 -0.8
v 0.3 0.2 -0.8
v 0.5 0.2 -0.8
v 0.7 0.2 -0.8
v 0.8 0.2 -0.8
v -0.9 0.2 -0.9
v 0.7 0.2 -0.9
v -0.2 0.2 -1.2
v -0.1 0.2 -1.2
v 0 0.2 -1.3
v 0.1 0.2 -1.3
v -0.2 0.2 -1.4
v -0.1 0.2 -1.4
v 0 0.2 -1.4
v 0.1 0.2 -1.4
v 0 0.3 1.3
v 0.1 0.3 1.3
v 0 0.3 1.2
v 0.1 0.3 1.2
v -0.9 0.3 0.7
v -0.8 0.3 0.7
v 0.6 0.3 0.7
v 0.7 0.3 0.7
v -0.9 0.3 0.6
v -0.8 0.3 0.6
v 0.6 0.3 0.6
v 0.7 0.3 0.6
v -0.9 0.3 -0.6
v -0.8 0.3 -0.6
v 0.6 0.3 -0.6
v 0.7 0.3 -0.6
v -0.9 0.3 -0.7
v -0.8 0.3 -0.7
v 0.6 0.3 -0.7
v 0.7 0.3 -0.7
v 0 0.3 -1.2
v 0.1 0.3 -1.2
v 0 0.3 -1.3
v 0.1 0.3 -1.3
v -0.1 0.4 1.5
v 0 0.4 1.5
v -0.1 0.4 1.4
v 0 0.4 1.4
v -0.2 0.4 1.3
v -0.1 0.4 1.3
v -0.2 0.4 1
v -0.1 0.4 1
v -0.2 0.4 -1
v -0.1 0.4 -1
v -0.2 0.4 -1.3
v -0.1 0.4 -1.3
v -0.1 0.4 -1.4
v 0 0.4 -1.4
v -0.1 0.4 -1.5
v 0 0.4 -1.5
v 0 0.5 1.5
v 0.1 0.5 1.5
v -0.2 0.5 1.4
v 0 0.5 1.4
v 0.1 0.5 1.4
v 0.2 0.5 1.4
v -0.2 0.5 1.3
v -0.1 0.5 1.3
v 0.1 0.5 1.3
v 0.2 0.5 1.3
v 0.1 0.5 1.2
v 0.2 0.5 1.2
v 0 0.5 1.1
v 0.2 0.5 1.1
v -0.2 0.5 1
v -0.1 0.5 1
v -0.2 0.5 0.8
v 0 0.5 0.8
v -0.2 0.5 -0.8
v 0 0.5 -0.8
v -0.2 0.5 -1
v -0.1 0.5 -1
v 0 0.5 -1.1
v 0.2 0.5 -1.1
v 0.1 0.5 -1.2
v 0.2 0.5 -1.2
v -0.2 0.5 -1.3
v -0.1 0.5 -1.3
v 0.1 0.5 -1.3
v 0.2 0.5 -1.3
v -0.2 0.5 -1.4
v 0 0.5 -1.4
v 0.1 0.5 -1.4
v 0.2 0.5 -1.4
v 0 0.5 -1.5
v 0.1 0.5 -1.5
v -1.4 0.7 0.2
v -1.2 0.7 0.2
v -1.3 0.7 0.1
v -1.2 0.7 0.1
v -1.4 0.7 0
v -1.3 0.7 0
v -1.4 0.7 -0.1
v -1.2 0.7 -0.1
v -1.4 0.7 -0.2
v -1.2 0.7 -0.2
v -1.3 1.5 0.4
v -1.2 1.5 0.4
v -1.3 1.5 0.3
v -1.2 1.5 0.3
v -0.9 1.6 1.1
v -0.8 1.6 1.1
v 0.6 1.6 1.1
v 0.7 1.6 1.1
v -1.2 1.6 1
v -1.1 1.6 1
v -0.9 1.6 1
v -0.8 1.6 1
v 0.6 1.6 1
v 0.7 1.6 1
v 0.9 1.6 1
v 1 1.6 1
v -1.2 1.6 0.9
v -1.1 1.6 0.9
v 0.9 1.6 0.9
v 1 1.6 0.9
v 1 1.6 0.7
v 1.1 1.6 0.7
v 1 1.6 0.6
v 1.1 1.6 0.6
v -1.3 1.6 -0.3
v -1.2 1.6 -0.3
v -1.3 1.6 -0.4
v -1.2 1.6 -0.4
v 1 1.6 -0.6
v 1.1 1.6 -0.6
v 1 1.6 -0.7
v 1.1 1.6 -0.7
v -1.2 1.6 -0.9
v -1.1 1.6 -0.9
v 0.9 1.6 -0.9
v 1 1.6 -0.9
v -1.2 1.6 -1
v -1.1 1.6 -1
v -0.9 1.6 -1
v -0.8 1.6 -1
v 0.6 1.6 -1
v 0.7 1.6 -1
v 0.9 1.6 -1
v 1 1.6 -1
v -0.9 1.6 -1.1
v -0.8 1.6 -1.1
v 0.6 1.6 -1.1
v 0.7 1.6 -1.1
v -0.8 1.7 1.1
v 0.6 1.7 1.1
v -1.1 1.7 1
v -1 1.7 1
v -0.8 1.7 1
v 0.6 1.7 1
v 0.8 1.7 1
v 0.9 1.7 1
v -1.2 1.7 0.9
v -1.1 1.7 0.9
v -1 1.7 0.9
v 0.8 1.7 0.9
v 0.9 1.7 0.9
v 1 1.7 0.9
v -1.2 1.7 0.8
v -1.1 1.7 0.8
v 0.9 1.7 0.8
v 1 1.7 0.8
v 1 1.7 0.6
v 1.1 1.7 0.6
v 1 1.7 0.4
v 1 1.7 0.3
v 1 1.7 0.2
v 1 1.7 -0.1
v 1 1.7 -0.2
v 1 1.7 -0.3
v 1 1.7 -0.6
v 1.1 1.7 -0.6
v -1.2 1.7 -0.8
v -1.1 1.7 -0.8
v 0.9 1.7 -0.8
v 1 1.7 -0.8
v -1.2 1.7 -0.9
v -1.1 1.7 -0.9
v -1 1.7 -0.9
v 0.8 1.7 -0.9
v 0.9 1.7 -0.9
v 1 1.7 -0.9
v -1.1 1.7 -1
v -1 1.7 -1
v -0.8 1.7 -1
v -0.3 1.7 -1
v -0.2 1.7 -1
v -0.1 1.7 -1
v 0 1.7 -1
v 0.6 1.7 -1
v 0.8 1.7 -1
v 0.9 1.7 -1
v -0.8 1.7 -1.1
v -0.2 1.7 -1.1
v -0.1 1.7 -1.1
v 0.6 1.7 -1.1
v -1 1.8 1
v 0.8 1.8 1
v -1.1 1.8 0.9
v -1 1.8 0.9
v 0.8 1.8 0.9
v 0.9 1.8 0.9
v -1.2 1.8 0.8
v -1.1 1.8 0.8
v -1 1.8 0.8
v 0.8 1.8 0.8
v 0.9 1.8 0.8
v 1 1.8 0.8
v -1.2 1.8 0.7
v -1.1 1.8 0.7
v 0.9 1.8 0.6
v -1.1 1.8 0.5
v 0.9 1.8 0.5
v 0.9 1.8 0.4
v 1 1.8 0.4
v 0.9 1.8 0.3
v 1 1.8 0.3
v -1.1 1.8 0.2
v 0.9 1.8 0.2
v 1 1.8 0.2
v -1.1 1.8 0.1
v 0.9 1.8 0.1
v 0.9 1.8 0
v 0.9 1.8 -0.1
v 1 1.8 -0.1
v -1.1 1.8 -0.2
v 0.9 1.8 -0.2
v 1 1.8 -0.2
v 0.9 1.8 -0.3
v 1 1.8 -0.3
v -1.1 1.8 -0.4
v 0.9 1.8 -0.4
v 0.9 1.8 -0.6
v 1 1.8 -0.6
v -1.2 1.8 -0.7
v -1.1 1.8 -0.7
v 0.9 1.8 -0.7
v 1 1.8 -0.7
v -1.2 1.8 -0.8
v -1.1 1.8 -0.8
v -1 1.8 -0.8
v 0.8 1.8 -0.8
v 0.9 1.8 -0.8
v 1 1.8 -0.8
v -1.1 1.8 -0.9
v -1 1.8 -0.9
v -0.6 1.8 -0.9
v -0.4 1.8 -0.9
v -0.3 1.8 -0.9
v -0.2 1.8 -0.9
v -0.1 1.8 -0.9
v 0 1.8 -0.9
v 0.8 1.8 -0.9
v 0.9 1.8 -0.9
v -1 1.8 -1
v -0.3 1.8 -1
v -0.2 1.8 -1
v -0.1 1.8 -1
v 0 1.8 -1
v 0.8 1.8 -1
v -1 1.9 0.9
v 0.8 1.9 0.9
v -1.1 1.9 0.8
v -1 1.9 0.8
v -0.9 1.9 0.8
v 0.8 1.9 0.8
v 0.9 1.9 0.8
v -1.1 1.9 0.7
v -1 1.9 0.7
v -0.9 1.9 0.7
v -1 1.9 0.6
v 0.8 1.9 0.6
v 0.9 1.9 0.6
v -1.1 1.9 0.5
v -1 1.9 0.5
v 0.8 1.9 0.5
v 0.9 1.9 0.5
v -1 1.9 0.3
v -1.1 1.9 0.2
v -1 1.9 0.2
v 0.8 1.9 0.2
v -1.1 1.9 0.1
v -1 1.9 0.1
v 0.8 1.9 0.1
v 0.9 1.9 0.1
v 0.8 1.9 0
v 0.9 1.9 0
v 0.8 1.9 -0.1
v 0.9 1.9 -0.1
v -1.1 1.9 -0.2
v -1 1.9 -0.2
v 0.8 1.9 -0.2
v 0.9 1.9 -0.2
v -1 1.9 -0.3
v 0.8 1.9 -0.3
v 0.9 1.9 -0.3
v -1.1 1.9 -0.4
v -1 1.9 -0.4
v 0.8 1.9 -0.4
v 0.9 1.9 -0.4
v 0.8 1.9 -0.5
v 0.8 1.9 -0.6
v -1.1 1.9 -0.7
v -1 1.9 -0.7
v -0.9 1.9 -0.7
v -1.1 1.9 -0.8
v -1 1.9 -0.8
v -0.9 1.9 -0.8
v -0.6 1.9 -0.8
v -0.5 1.9 -0.8
v -0.4 1.9 -0.8
v 0.8 1.9 -0.8
v 0.9 1.9 -0.8
v -1 1.9 -0.9
v -0.6 1.9 -0.9
v -0.4 1.9 -0.9
v 0.8 1.9 -0.9
v -0.9 2 0.8
v 0.8 2 0.8
v -1 2 0.7
v -0.9 2 0.7
v -0.8 2 0.7
v -0.6 2 0.7
v -0.5 2 0.7
v -0.3 2 0.7
v -0.2 2 0.7
v 0.2 2 0.7
v 0.3 2 0.7
v 0.5 2 0.7
v 0.6 2 0.7
v 0.7 2 0.7
v -1 2 0.6
v -0.9 2 0.6
v -0.8 2 0.6
v -0.6 2 0.6
v -0.5 2 0.6
v -0.3 2 0.6
v -0.2 2 0.6
v 0.2 2 0.6
v 0.3 2 0.6
v 0.5 2 0.6
v 0.6 2 0.6
v -0.9 2 0.5
v -0.8 2 0.5
v -0.9 2 0.4
v -0.8 2 0.4
v -1 2 0.3
v -0.9 2 0.3
v -1 2 0.2
v -0.9 2 0.2
v 0.7 2 0.2
v 0.8 2 0.2
v -0.9 2 0.1
v -0.8 2 0.1
v 0.7 2 0.1
v 0.8 2 0.1
v 0.7 2 0
v 0.8 2 0
v -0.9 2 -0.1
v -0.8 2 -0.1
v 0.7 2 -0.1
v 0.8 2 -0.1
v -1 2 -0.2
v -0.9 2 -0.2
v -1 2 -0.3
v -0.9 2 -0.3
v -0.9 2 -0.4
v -0.8 2 -0.4
v -0.9 2 -0.5
v -0.8 2 -0.5
v 0.7 2 -0.5
v 0.8 2 -0.5
v -0.9 2 -0.6
v -0.8 2 -0.6
v -0.6 2 -0.6
v -0.5 2 -0.6
v -0.3 2 -0.6
v -0.2 2 -0.6
v 0.2 2 -0.6
v 0.3 2 -0.6
v 0.5 2 -0.6
v 0.6 2 -0.6
v 0.7 2 -0.6
v 0.8 2 -0.6
v -1 2 -0.7
v -0.9 2 -0.7
v -0.8 2 -0.7
v -0.6 2 -0.7
v -0.5 2 -0.7
v -0.3 2 -0.7
v -0.2 2 -0.7
v 0.2 2 -0.7
v 0.3 2 -0.7
v 0.5 2 -0.7
v 0.6 2 -0.7
v 0.7 2 -0.7
v -0.9 2 -0.8
v -0.6 2 -0.8
v -0.5 2 -0.8
v 0.8 2 -0.8
v -0.8 2.1 0.7
v -0.6 2.1 0.7
v -0.5 2.1 0.7
v -0.3 2.1 0.7
v -0.2 2.1 0.7
v 0.2 2.1 0.7
v 0.3 2.1 0.7
v 0.5 2.1 0.7
v 0.6 2.1 0.7
v 0.7 2.1 0.7
v -0.9 2.1 0.6
v -0.8 2.1 0.6
v -0.6 2.1 0.6
v -0.5 2.1 0.6
v -0.3 2.1 0.6
v -0.2 2.1 0.6
v 0.2 2.1 0.6
v 0.3 2.1 0.6
v 0.5 2.1 0.6
v 0.6 2.1 0.6
v -0.9 2.1 0.5
v -0.8 2.1 0.5
v -0.9 2.1 0.4
v -0.8 2.1 0.4
v -0.5 2.1 0.4
v -0.4 2.1 0.4
v -0.2 2.1 0.4
v -0.1 2.1 0.4
v -0.5 2.1 0.3
v -0.4 2.1 0.3
v -0.2 2.1 0.3
v -0.1 2.1 0.3
v 0.3 2.1 0.3
v 0.4 2.1 0.3
v -0.9 2.1 0.2
v -0.8 2.1 0.2
v 0.3 2.1 0.2
v 0.4 2.1 0.2
v -0.9 2.1 0.1
v -0.8 2.1 0.1
v -0.6 2.1 0.1
v -0.5 2.1 0.1
v -0.2 2.1 0.1
v 0 2.1 0.1
v -0.6 2.1 0
v -0.5 2.1 0
v -0.1 2.1 0
v 0 2.1 0
v 0.1 2.1 0
v 0.2 2.1 0
v -0.9 2.1 -0.1
v -0.8 2.1 -0.1
v -0.2 2.1 -0.1
v -0.1 2.1 -0.1
v 0.1 2.1 -0.1
v 0.2 2.1 -0.1
v -0.4 2.1 -0.2
v -0.2 2.1 -0.2
v -0.7 2.1 -0.3
v -0.6 2.1 -0.3
v -0.4 2.1 -0.3
v -0.3 2.1 -0.3
v 0.2 2.1 -0.3
v 0.3 2.1 -0.3
v -0.9 2.1 -0.4
v -0.8 2.1 -0.4
v -0.7 2.1 -0.4
v -0.6 2.1 -0.4
v -0.3 2.1 -0.4
v -0.2 2.1 -0.4
v 0.2 2.1 -0.4
v 0.3 2.1 -0.4
v -0.9 2.1 -0.5
v -0.8 2.1 -0.5
v -0.9 2.1 -0.6
v -0.8 2.1 -0.6
v -0.6 2.1 -0.6
v -0.5 2.1 -0.6
v -0.3 2.1 -0.6
v -0.2 2.1 -0.6
v 0.2 2.1 -0.6
v 0.3 2.1 -0.6
v 0.5 2.1 -0.6
v 0.6 2.1 -0.6
v -0.8 2.1 -0.7
v -0.6 2.1 -0.7
v -0.5 2.1 -0.7
v -0.3 2.1 -0.7
v -0.2 2.1 -0.7
v 0.2 2.1 -0.7
v 0.3 2.1 -0.7
v 0.5 2.1 -0.7
v 0.6 2.1 -0.7
v 0.7 2.1 -0.7

# faces
f 4/9/1 2/9/1 1/9/1
f 5/9/1 2/9/1 4/9/1
f 6/9/1 2/9/1 5/9/1
f 7/9/1 2/9/1 6/9/1
f 8/9/1 2/9/1 7/9/1
f 9/9/1 2/9/1 8/9/1
f 10/9/1 2/9/1 9/9/1
f 11/9/1 2/9/1 10/9/1
f 12/9/1 2/9/1 11/9/1
f 13/9/1 2/9/1 12/9/1
f 14/9/1 2/9/1 13/9/1
f 15/9/1 2/9/1 14/9/1
f 17/9/1 4/9/1 3/9/1
f 17/9/1 5/9/1 4/9/1
f 18/8/1 6/8/1 5/8/1
f 18/9/1 5/9/1 17/9/1
f 19/9/1 7/9/1 6/9/1
f 20/8/1 8/8/1 7/8/1
f 20/9/1 7/9/1 19/9/1
f 21/9/1 9/9/1 8/9/1
f 21/8/1 8/8/1 20/8/1
f 22/8/1 10/8/1 9/8/1
f 22/9/1 9/9/1 21/9/1
f 23/9/1 11/9/1 10/9/1
f 23/8/1 10/8/1 22/8/1
f 24/8/1 12/8/1 11/8/1
f 24/9/1 11/9/1 23/9/1
f 25/9/1 16/9/1 15/9/1
f 25/9/1 15/9/1 14/9/1
f 25/8/1 14/8/1 13/8/1
f 26/9/1 16/9/1 25/9/1
f 27/9/1 16/9/1 26/9/1
f 28/9/1 16/9/1 27/9/1
f 29/8/1 6/8/1 18/8/1
f 29/9/1 19/9/1 6/9/1
f 30/9/1 19/9/1 29/9/1
f 31/8/1 24/8/1 23/8/1
f 31/9/1 19/9/1 30/9/1
f 31/8/1 20/8/1 19/8/1
f 31/8/1 21/8/1 20/8/1
f 31/8/1 22/8/1 21/8/1
f 31/8/1 23/8/1 22/8/1
f 32/8/1 24/8/1 31/8/1
f 33/8/1 24/8/1 32/8/1
f 34/8/1 12/8/1 24/8/1
f 34/8/1 24/8/1 33/8/1
f 35/9/1 13/9/1 12/9/1
f 35/8/1 12/8/1 34/8/1
f 36/9/1 13/9/1 35/9/1
f 37/8/1 25/8/1 13/8/1
f 37/9/1 13/9/1 36/9/1
f 37/8/1 26/8/1 25/8/1
f 38/8/1 26/8/1 37/8/1
f 39/8/1 26/8/1 38/8/1
f 40/9/1 27/9/1 26/9/1
f 40/8/1 26/8/1 39/8/1
f 41/9/1 27/9/1 40/9/1
f 42/9/1 27/9/1 41/9/1
f 43/8/1 30/8/1 29/8/1
f 43/8/1 29/8/1 18/8/1
f 44/7/1 31/7/1 30/7/1
f 44/8/1 30/8/1 43/8/1
f 45/9/1 32/9/1 31/9/1
f 45/7/1 31/7/1 44/7/1
f 46/8/1 33/8/1 32/8/1
f 46/9/1 32/9/1 45/9/1
f 47/7/1 34/7/1 33/7/1
f 47/8/1 33/8/1 46/8/1
f 48/8/1 36/8/1 35/8/1
f 48/7/1 34/7/1 47/7/1
f 48/8/1 35/8/1 34/8/1
f 49/7/1 37/7/1 36/7/1
f 49/8/1 36/8/1 48/8/1
f 50/8/1 38/8/1 37/8/1
f 50/7/1 37/7/1 49/7/1
f 51/7/1 39/7/1 38/7/1
f 51/8/1 38/8/1 50/8/1
f 52/8/1 40/8/1 39/8/1
f 52/7/1 39/7/1 51/7/1
f 53/7/1 41/7/1 40/7/1
f 53/8/1 40/8/1 52/8/1
f 54/8/1 42/8/1 41/8/1
f 54/7/1 41/7/1 53/7/1
f 55/8/1 42/8/1 54/8/1
f 58/5/1 57/5/1 56/5/1
f 59/5/1 57/5/1 58/5/1
f 63/5/1 61/5/1 60/5/1
f 64/5/1 61/5/1 63/5/1
f 67/4/1 64/4/1 63/4/1
f 67/4/1 63/4/1 62/4/1
f 68/5/1 65/5/1 64/5/1
f 68/4/1 64/4/1 67/4/1
f 69/5/1 65/5/1 68/5/1
f 70/4/1 67/4/1 66/4/1
f 70/4/1 68/4/1 67/4/1
f 70/4/1 69/4/1 68/4/1
f 71/4/1 69/4/1 70/4/1
f 72/4/1 70/4/1 66/4/1
f 73/10/1 71/10/1 70/10/1
f 73/4/1 70/4/1 72/4/1
f 74/4/1 69/4/1 71/4/1
f 74/10/1 71/10/1 73/10/1
f 75/4/1 69/4/1 74/4/1
f 78/9/1 77/9/1 76/9/1
f 79/9/1 77/9/1 78/9/1
f 83/9/1 77/9/1 79/9/1
f 84/9/1 77/9/1 83/9/1
f 85/9/1 81/9/1 80/9/1
f 86/9/1 81/9/1 85/9/1
f 87/9/1 83/9/1 82/9/1
f 88/9/1 83/9/1 87/9/1
f 102/7/1 90/7/1 89/7/1
f 102/7/1 101/7/1 100/7/1
f 102/7/1 100/7/1 99/7/1
f 102/7/1 99/7/1 98/7/1
f 102/7/1 98/7/1 97/7/1
f 102/7/1 97/7/1 96/7/1
f 102/7/1 96/7/1 95/7/1
f 102/7/1 95/7/1 94/7/1
f 102/7/1 94/7/1 93/7/1
f 102/7/1 93/7/1 92/7/1
f 102/7/1 92/7/1 91/7/1
f 102/7/1 91/7/1 90/7/1
f 103/7/1 101/7/1 102/7/1
f 106/6/1 105/6/1 104/6/1
f 107/6/1 105/6/1 106/6/1
f 110/6/1 109/6/1 108/6/1
f 111/6/1 109/6/1 110/6/1
f 114/9/1 113/9/1 112/9/1
f 115/9/1 113/9/1 114/9/1
f 118/9/1 113/9/1 115/9/1
f 121/9/1 117/9/1 116/9/1
f 122/9/1 119/9/1 118/9/1
f 122/9/1 118/9/1 115/9/1
f 123/9/1 119/9/1 122/9/1
f 124/9/1 121/9/1 120/9/1
f 125/9/1 117/9/1 121/9/1
f 125/9/1 121/9/1 124/9/1
f 137/7/1 127/7/1 126/7/1
f 137/8/1 128/8/1 127/8/1
f 138/8/1 128/8/1 137/8/1
f 139/7/1 129/7/1 128/7/1
f 140/8/1 130/8/1 129/8/1
f 140/7/1 129/7/1 139/7/1
f 141/7/1 131/7/1 130/7/1
f 141/8/1 130/8/1 140/8/1
f 142/9/1 132/9/1 131/9/1
f 142/7/1 131/7/1 141/7/1
f 143/7/1 133/7/1 132/7/1
f 143/9/1 132/9/1 142/9/1
f 144/8/1 134/8/1 133/8/1
f 144/7/1 133/7/1 143/7/1
f 145/9/1 135/9/1 134/9/1
f 145/8/1 134/8/1 144/8/1
f 146/9/1 135/9/1 145/9/1
f 147/7/1 136/7/1 135/7/1
f 147/9/1 135/9/1 146/9/1
f 148/7/1 136/7/1 147/7/1
f 149/7/1 136/7/1 148/7/1
f 150/7/1 137/7/1 126/7/1
f 150/7/1 138/7/1 137/7/1
f 151/7/1 138/7/1 150/7/1
f 152/8/1 128/8/1 138/8/1
f 152/7/1 138/7/1 151/7/1
f 153/7/1 139/7/1 128/7/1
f 153/8/1 128/8/1 152/8/1
f 154/7/1 139/7/1 153/7/1
f 155/9/1 140/9/1 139/9/1
f 155/7/1 139/7/1 154/7/1
f 155/9/1 141/9/1 140/9/1
f 156/9/1 141/9/1 155/9/1
f 157/7/1 146/7/1 145/7/1
f 157/9/1 141/9/1 156/9/1
f 157/7/1 144/7/1 143/7/1
f 157/7/1 142/7/1 141/7/1
f 157/7/1 143/7/1 142/7/1
f 157/7/1 145/7/1 144/7/1
f 158/7/1 146/7/1 157/7/1
f 159/7/1 146/7/1 158/7/1
f 160/8/1 147/8/1 146/8/1
f 160/7/1 146/7/1 159/7/1
f 161/7/1 148/7/1 147/7/1
f 161/8/1 147/8/1 160/8/1
f 162/7/1 148/7/1 161/7/1
f 163/9/1 149/9/1 148/9/1
f 163/7/1 148/7/1 162/7/1
f 164/9/1 149/9/1 163/9/1
f 165/7/1 152/7/1 151/7/1
f 165/7/1 153/7/1 152/7/1
f 166/7/1 153/7/1 165/7/1
f 167/7/1 153/7/1 166/7/1
f 168/8/1 154/8/1 153/8/1
f 168/7/1 153/7/1 167/7/1
f 169/8/1 156/8/1 155/8/1
f 169/7/1 155/7/1 154/7/1
f 170/7/1 158/7/1 157/7/1
f 170/8/1 156/8/1 169/8/1
f 170/7/1 157/7/1 156/7/1
f 171/7/1 161/7/1 160/7/1
f 171/7/1 160/7/1 159/7/1
f 171/7/1 162/7/1 161/7/1
f 171/8/1 159/8/1 158/8/1
f 172/7/1 162/7/1 171/7/1
f 173/7/1 162/7/1 172/7/1
f 174/7/1 162/7/1 173/7/1
f 175/7/1 167/7/1 166/7/1
f 176/8/1 168/8/1 167/8/1
f 176/7/1 167/7/1 175/7/1
f 177/8/1 154/8/1 168/8/1
f 177/8/1 168/8/1 176/8/1
f 177/7/1 169/7/1 154/7/1
f 177/7/1 170/7/1 169/7/1
f 178/7/1 158/7/1 170/7/1
f 178/7/1 170/7/1 177/7/1
f 178/8/1 172/8/1 171/8/1
f 178/8/1 171/8/1 158/8/1
f 179/7/1 173/7/1 172/7/1
f 179/8/1 172/8/1 178/8/1
f 180/7/1 173/7/1 179/7/1
f 186/4/1 182/4/1 181/4/1
f 187/10/1 183/10/1 182/10/1
f 188/4/1 184/4/1 183/4/1
f 188/10/1 183/10/1 187/10/1
f 189/4/1 184/4/1 188/4/1
f 192/8/1 186/8/1 185/8/1
f 193/8/1 186/8/1 192/8/1
f 194/4/1 182/4/1 186/4/1
f 194/8/1 186/8/1 193/8/1
f 195/10/1 187/10/1 182/10/1
f 195/4/1 182/4/1 194/4/1
f 196/4/1 189/4/1 188/4/1
f 196/10/1 187/10/1 195/10/1
f 196/4/1 188/4/1 187/4/1
f 197/8/1 190/8/1 189/8/1
f 197/4/1 189/4/1 196/4/1
f 198/8/1 190/8/1 197/8/1
f 199/8/1 190/8/1 198/8/1
f 202/8/1 192/8/1 191/8/1
f 203/7/1 193/7/1 192/7/1
f 203/8/1 192/8/1 202/8/1
f 204/7/1 193/7/1 203/7/1
f 205/7/1 193/7/1 204/7/1
f 206/3/1 194/3/1 193/3/1
f 206/7/1 193/7/1 205/7/1
f 207/4/1 195/4/1 194/4/1
f 207/3/1 194/3/1 206/3/1
f 207/4/1 196/4/1 195/4/1
f 207/4/1 197/4/1 196/4/1
f 208/3/1 198/3/1 197/3/1
f 208/4/1 197/4/1 207/4/1
f 209/7/1 199/7/1 198/7/1
f 209/3/1 198/3/1 208/3/1
f 210/7/1 199/7/1 209/7/1
f 211/7/1 199/7/1 210/7/1
f 212/8/1 200/8/1 199/8/1
f 212/7/1 199/7/1 211/7/1
f 213/8/1 200/8/1 212/8/1
f 215/3/1 206/3/1 205/3/1
f 215/3/1 208/3/1 207/3/1
f 215/7/1 205/7/1 204/7/1
f 215/3/1 207/3/1 206/3/1
f 215/3/1 210/3/1 209/3/1
f 215/3/1 209/3/1 208/3/1
f 216/7/1 211/7/1 210/7/1
f 216/3/1 210/3/1 215/3/1
f 217/9/1 213/9/1 212/9/1
f 217/9/1 212/9/1 211/9/1
f 218/8/1 214/8/1 213/8/1
f 218/9/1 213/9/1 217/9/1
f 219/8/1 202/8/1 201/8/1
f 219/7/1 203/7/1 202/7/1
f 220/9/1 204/9/1 203/9/1
f 220/7/1 203/7/1 219/7/1
f 221/7/1 216/7/1 215/7/1
f 221/9/1 204/9/1 220/9/1
f 221/7/1 215/7/1 204/7/1
f 222/9/1 217/9/1 211/9/1
f 222/7/1 216/7/1 221/7/1
f 222/7/1 211/7/1 216/7/1
f 223/7/1 218/7/1 217/7/1
f 223/9/1 217/9/1 222/9/1
f 224/9/1 220/9/1 219/9/1
f 224/8/1 219/8/1 201/8/1
f 225/7/1 221/7/1 220/7/1
f 225/9/1 220/9/1 224/9/1
f 225/7/1 222/7/1 221/7/1
f 225/7/1 223/7/1 222/7/1
f 226/7/1 223/7/1 225/7/1
f 227/7/1 223/7/1 226/7/1
f 228/7/1 223/7/1 227/7/1
f 229/7/1 223/7/1 228/7/1
f 230/7/1 223/7/1 229/7/1
f 231/7/1 223/7/1 230/7/1
f 232/7/1 225/7/1 224/7/1
f 232/7/1 226/7/1 225/7/1
f 233/1/1 227/1/1 226/1/1
f 233/7/1 226/7/1 232/7/1
f 234/2/1 228/2/1 227/2/1
f 234/1/1 227/1/1 233/1/1
f 235/1/1 229/1/1 228/1/1
f 235/2/1 228/2/1 234/2/1
f 236/7/1 230/7/1 229/7/1
f 236/1/1 229/1/1 235/1/1
f 237/7/1 230/7/1 236/7/1
f 238/1/1 231/1/1 230/1/1
f 238/7/1 230/7/1 237/7/1
f 239/7/1 223/7/1 231/7/1
f 239/1/1 231/1/1 238/1/1
f 240/7/1 223/7/1 239/7/1
f 241/7/1 218/7/1 223/7/1
f 241/7/1 223/7/1 240/7/1
f 242/8/1 214/8/1 218/8/1
f 242/7/1 218/7/1 241/7/1
f 243/2/1 234/2/1 233/2/1
f 244/2/1 236/2/1 235/2/1
f 245/2/1 239/2/1 238/2/1
f 246/2/1 239/2/1 245/2/1
f 247/8/1 224/8/1 201/8/1
f 248/7/1 232/7/1 224/7/1
f 248/8/1 224/8/1 247/8/1
f 249/7/1 232/7/1 248/7/1
f 250/1/1 233/1/1 232/1/1
f 250/7/1 232/7/1 249/7/1
f 251/2/1 243/2/1 233/2/1
f 251/1/1 233/1/1 250/1/1
f 251/2/1 244/2/1 243/2/1
f 252/1/1 238/1/1 237/1/1
f 252/7/1 237/7/1 236/7/1
f 253/2/1 245/2/1 238/2/1
f 253/1/1 238/1/1 252/1/1
f 254/2/1 245/2/1 253/2/1
f 255/2/1 239/2/1 246/2/1
f 256/1/1 240/1/1 239/1/1
f 256/2/1 239/2/1 255/2/1
f 257/7/1 241/7/1 240/7/1
f 257/1/1 240/1/1 256/1/1
f 258/9/1 242/9/1 241/9/1
f 258/7/1 241/7/1 257/7/1
f 259/8/1 214/8/1 242/8/1
f 259/9/1 242/9/1 258/9/1
f 260/8/1 214/8/1 259/8/1
f 261/8/1 249/8/1 248/8/1
f 262/7/1 251/7/1 250/7/1
f 262/8/1 249/8/1 261/8/1
f 262/7/1 250/7/1 249/7/1
f 263/7/1 251/7/1 262/7/1
f 264/2/1 244/2/1 251/2/1
f 264/7/1 251/7/1 263/7/1
f 265/2/1 236/2/1 244/2/1
f 265/2/1 244/2/1 264/2/1
f 265/7/1 252/7/1 236/7/1
f 265/7/1 253/7/1 252/7/1
f 266/2/1 254/2/1 253/2/1
f 266/7/1 253/7/1 265/7/1
f 266/2/1 255/2/1 254/2/1
f 266/2/1 256/2/1 255/2/1
f 267/7/1 258/7/1 257/7/1
f 267/2/1 256/2/1 266/2/1
f 267/7/1 257/7/1 256/7/1
f 268/7/1 258/7/1 267/7/1
f 269/8/1 259/8/1 258/8/1
f 269/7/1 258/7/1 268/7/1
f 270/8/1 259/8/1 269/8/1
f 271/8/1 263/8/1 262/8/1
f 272/7/1 265/7/1 264/7/1
f 272/8/1 263/8/1 271/8/1
f 272/7/1 264/7/1 263/7/1
f 272/7/1 267/7/1 266/7/1
f 272/7/1 268/7/1 267/7/1
f 272/7/1 266/7/1 265/7/1
f 273/8/1 269/8/1 268/8/1
f 273/7/1 268/7/1 272/7/1
f 274/8/1 269/8/1 273/8/1
f 279/9/1 276/9/1 275/9/1
f 280/9/1 276/9/1 279/9/1
f 281/8/1 278/8/1 277/8/1
f 282/8/1 278/8/1 281/8/1
f 283/8/1 280/8/1 279/8/1
f 284/8/1 280/8/1 283/8/1
f 289/7/1 286/7/1 285/7/1
f 290/7/1 286/7/1 289/7/1
f 291/7/1 288/7/1 287/7/1
f 292/7/1 288/7/1 291/7/1
f 297/7/1 294/7/1 293/7/1
f 298/7/1 294/7/1 297/7/1
f 301/7/1 296/7/1 295/7/1
f 302/7/1 296/7/1 301/7/1
f 303/7/1 299/7/1 298/7/1
f 308/7/1 301/7/1 300/7/1
f 309/7/1 307/7/1 306/7/1
f 309/7/1 308/7/1 307/7/1
f 309/7/1 303/7/1 298/7/1
f 309/7/1 304/7/1 303/7/1
f 309/7/1 306/7/1 305/7/1
f 309/7/1 305/7/1 304/7/1
f 310/7/1 301/7/1 308/7/1
f 310/7/1 308/7/1 309/7/1
f 316/8/1 312/8/1 311/8/1
f 317/8/1 312/8/1 316/8/1
f 318/8/1 314/8/1 313/8/1
f 319/8/1 314/8/1 318/8/1
f 322/8/1 316/8/1 315/8/1
f 323/8/1 316/8/1 322/8/1
f 324/8/1 320/8/1 319/8/1
f 325/8/1 320/8/1 324/8/1
f 327/8/1 322/8/1 321/8/1
f 328/8/1 322/8/1 327/8/1
f 329/8/1 326/8/1 325/8/1
f 330/8/1 326/8/1 329/8/1
f 335/8/1 332/8/1 331/8/1
f 336/8/1 332/8/1 335/8/1
f 339/8/1 334/8/1 333/8/1
f 340/8/1 334/8/1 339/8/1
f 341/8/1 337/8/1 336/8/1
f 342/8/1 337/8/1 341/8/1
f 350/8/1 339/8/1 338/8/1
f 351/8/1 339/8/1 350/8/1
f 352/8/1 343/8/1 342/8/1
f 353/9/1 344/9/1 343/9/1
f 353/8/1 343/8/1 352/8/1
f 354/7/1 345/7/1 344/7/1
f 354/9/1 344/9/1 353/9/1
f 355/9/1 346/9/1 345/9/1
f 355/7/1 345/7/1 354/7/1
f 356/7/1 347/7/1 346/7/1
f 356/9/1 346/9/1 355/9/1
f 357/9/1 348/9/1 347/9/1
f 357/7/1 347/7/1 356/7/1
f 358/7/1 349/7/1 348/7/1
f 358/9/1 348/9/1 357/9/1
f 359/8/1 350/8/1 349/8/1
f 359/7/1 349/7/1 358/7/1
f 360/8/1 350/8/1 359/8/1
f 365/7/1 362/7/1 361/7/1
f 366/7/1 362/7/1 365/7/1
f 369/7/1 364/7/1 363/7/1
f 370/7/1 364/7/1 369/7/1
f 371/7/1 367/7/1 366/7/1
f 372/7/1 367/7/1 371/7/1
f 373/7/1 369/7/1 368/7/1
f 374/7/1 369/7/1 373/7/1
f 381/7/1 376/7/1 375/7/1
f 382/7/1 376/7/1 381/7/1
f 383/9/1 377/9/1 376/9/1
f 383/7/1 376/7/1 382/7/1
f 384/9/1 377/9/1 383/9/1
f 385/7/1 378/7/1 377/7/1
f 385/9/1 379/9/1 378/9/1
f 386/7/1 380/7/1 379/7/1
f 386/9/1 379/9/1 385/9/1
f 387/7/1 380/7/1 386/7/1
f 388/7/1 380/7/1 387/7/1
f 389/7/1 381/7/1 375/7/1
f 390/9/1 382/9/1 381/9/1
f 390/7/1 381/7/1 389/7/1
f 391/7/1 384/7/1 383/7/1
f 391/9/1 382/9/1 390/9/1
f 391/7/1 383/7/1 382/7/1
f 392/9/1 377/9/1 384/9/1
f 392/7/1 384/7/1 391/7/1
f 393/7/1 385/7/1 377/7/1
f 393/9/1 377/9/1 392/9/1
f 393/7/1 386/7/1 385/7/1
f 393/7/1 387/7/1 386/7/1
f 394/7/1 387/7/1 393/7/1
f 395/7/1 387/7/1 394/7/1
f 396/9/1 388/9/1 387/9/1
f 396/7/1 387/7/1 395/7/1
f 397/7/1 380/7/1 388/7/1
f 397/9/1 388/9/1 396/9/1
f 398/7/1 380/7/1 397/7/1
f 401/8/1 390/8/1 389/8/1
f 402/7/1 392/7/1 391/7/1
f 402/7/1 391/7/1 390/7/1
f 402/8/1 390/8/1 401/8/1
f 402/7/1 393/7/1 392/7/1
f 402/7/1 394/7/1 393/7/1
f 403/7/1 394/7/1 402/7/1
f 404/7/1 394/7/1 403/7/1
f 405/7/1 396/7/1 395/7/1
f 405/8/1 398/8/1 397/8/1
f 405/7/1 397/7/1 396/7/1
f 406/8/1 398/8/1 405/8/1
f 409/8/1 401/8/1 400/8/1
f 409/7/1 400/7/1 399/7/1
f 410/7/1 403/7/1 402/7/1
f 410/8/1 401/8/1 409/8/1
f 410/7/1 402/7/1 401/7/1
f 411/7/1 403/7/1 410/7/1
f 412/7/1 403/7/1 411/7/1
f 413/9/1 404/9/1 403/9/1
f 413/7/1 403/7/1 412/7/1
f 414/7/1 394/7/1 404/7/1
f 414/9/1 404/9/1 413/9/1
f 415/9/1 395/9/1 394/9/1
f 415/7/1 394/7/1 414/7/1
f 416/7/1 406/7/1 405/7/1
f 416/9/1 395/9/1 415/9/1
f 416/7/1 405/7/1 395/7/1
f 417/8/1 407/8/1 406/8/1
f 417/7/1 406/7/1 416/7/1
f 418/7/1 408/7/1 407/7/1
f 418/8/1 407/8/1 417/8/1
f 420/7/1 409/7/1 399/7/1
f 420/7/1 411/7/1 410/7/1
f 420/7/1 410/7/1 409/7/1
f 421/9/1 412/9/1 411/9/1
f 421/7/1 411/7/1 420/7/1
f 422/7/1 417/7/1 416/7/1
f 422/9/1 412/9/1 421/9/1
f 422/7/1 416/7/1 415/7/1
f 422/7/1 413/7/1 412/7/1
f 422/7/1 418/7/1 417/7/1
f 422/7/1 414/7/1 413/7/1
f 422/7/1 415/7/1 414/7/1
f 423/7/1 408/7/1 418/7/1
f 423/7/1 418/7/1 422/7/1
f 426/8/1 420/8/1 419/8/1
f 427/8/1 420/8/1 426/8/1
f 428/8/1 424/8/1 423/8/1
f 429/8/1 424/8/1 428/8/1
f 431/8/1 426/8/1 425/8/1
f 432/8/1 426/8/1 431/8/1
f 433/8/1 430/8/1 429/8/1
f 434/8/1 430/8/1 433/8/1
f 439/7/1 436/7/1 435/7/1
f 440/7/1 436/7/1 439/7/1
f 443/7/1 438/7/1 437/7/1
f 444/7/1 438/7/1 443/7/1
f 445/8/1 441/8/1 440/8/1
f 446/8/1 441/8/1 445/8/1
f 457/8/1 443/8/1 442/8/1
f 458/8/1 443/8/1 457/8/1
f 459/9/1 448/9/1 447/9/1
f 460/7/1 449/7/1 448/7/1
f 460/9/1 448/9/1 459/9/1
f 460/7/1 450/7/1 449/7/1
f 461/9/1 451/9/1 450/9/1
f 461/7/1 450/7/1 460/7/1
f 462/7/1 452/7/1 451/7/1
f 462/9/1 451/9/1 461/9/1
f 462/7/1 453/7/1 452/7/1
f 463/9/1 454/9/1 453/9/1
f 463/7/1 453/7/1 462/7/1
f 464/7/1 456/7/1 455/7/1
f 464/9/1 454/9/1 463/9/1
f 464/7/1 455/7/1 454/7/1
f 465/7/1 456/7/1 464/7/1
f 470/7/1 467/7/1 466/7/1
f 471/7/1 467/7/1 470/7/1
f 474/7/1 469/7/1 468/7/1
f 475/7/1 469/7/1 474/7/1
f 476/7/1 472/7/1 471/7/1
f 477/7/1 472/7/1 476/7/1
f 482/7/1 474/7/1 473/7/1
f 483/7/1 474/7/1 482/7/1
f 484/7/1 479/7/1 478/7/1
f 485/7/1 479/7/1 484/7/1
f 486/7/1 481/7/1 480/7/1
f 487/7/1 481/7/1 486/7/1
f 492/8/1 489/8/1 488/8/1
f 493/8/1 489/8/1 492/8/1
f 494/8/1 491/8/1 490/8/1
f 495/8/1 491/8/1 494/8/1
f 500/8/1 497/8/1 496/8/1
f 501/8/1 497/8/1 500/8/1
f 502/8/1 499/8/1 498/8/1
f 503/8/1 499/8/1 502/8/1
f 508/8/1 505/8/1 504/8/1
f 509/8/1 505/8/1 508/8/1
f 522/8/1 507/8/1 506/8/1
f 523/8/1 507/8/1 522/8/1
f 524/7/1 511/7/1 510/7/1
f 525/7/1 511/7/1 524/7/1
f 526/7/1 513/7/1 512/7/1
f 526/7/1 514/7/1 513/7/1
f 527/9/1 515/9/1 514/9/1
f 527/7/1 514/7/1 526/7/1
f 528/9/1 515/9/1 527/9/1
f 529/7/1 517/7/1 516/7/1
f 529/7/1 518/7/1 517/7/1
f 529/7/1 519/7/1 518/7/1
f 530/7/1 519/7/1 529/7/1
f 531/9/1 521/9/1 520/9/1
f 532/9/1 521/9/1 531/9/1
f 537/9/1 534/9/1 533/9/1
f 538/9/1 536/9/1 535/9/1
f 539/9/1 537/9/1 533/9/1
f 540/9/1 537/9/1 539/9/1
f 541/9/1 536/9/1 538/9/1
f 542/9/1 536/9/1 541/9/1
f 547/9/1 544/9/1 543/9/1
f 550/9/1 546/9/1 545/9/1
f 551/9/1 548/9/1 547/9/1
f 551/9/1 547/9/1 543/9/1
f 552/9/1 548/9/1 551/9/1
f 553/9/1 550/9/1 549/9/1
f 554/9/1 546/9/1 550/9/1
f 554/9/1 550/9/1 553/9/1
f 559/7/1 556/7/1 555/7/1
f 562/7/1 558/7/1 557/7/1
f 563/7/1 560/7/1 559/7/1
f 563/7/1 559/7/1 555/7/1
f 564/7/1 560/7/1 563/7/1
f 565/7/1 562/7/1 561/7/1
f 566/7/1 558/7/1 562/7/1
f 566/7/1 562/7/1 565/7/1
f 567/7/1 563/7/1 555/7/1
f 568/7/1 563/7/1 567/7/1
f 569/7/1 558/7/1 566/7/1
f 570/7/1 558/7/1 569/7/1
f 575/8/1 572/8/1 571/8/1
f 576/8/1 572/8/1 575/8/1
f 577/8/1 574/8/1 573/8/1
f 578/8/1 574/8/1 577/8/1
f 583/8/1 580/8/1 579/8/1
f 584/8/1 580/8/1 583/8/1
f 585/8/1 582/8/1 581/8/1
f 586/8/1 582/8/1 585/8/1
f 597/7/1 588/7/1 587/7/1
f 598/7/1 588/7/1 597/7/1
f 599/7/1 590/7/1 589/7/1
f 600/7/1 590/7/1 599/7/1
f 601/7/1 592/7/1 591/7/1
f 602/7/1 592/7/1 601/7/1
f 603/7/1 594/7/1 593/7/1
f 604/7/1 594/7/1 603/7/1
f 605/7/1 596/7/1 595/7/1
f 606/7/1 596/7/1 605/7/1
f 611/7/1 608/7/1 607/7/1
f 612/7/1 608/7/1 611/7/1
f 613/7/1 610/7/1 609/7/1
f 614/7/1 610/7/1 613/7/1
f 619/9/1 616/9/1 615/9/1
f 620/9/1 618/9/1 617/9/1
f 621/9/1 619/9/1 615/9/1
f 622/9/1 619/9/1 621/9/1
f 623/9/1 618/9/1 620/9/1
f 624/9/1 618/9/1 623/9/1
f 629/8/1 626/8/1 625/8/1
f 630/8/1 626/8/1 629/8/1
f 631/8/1 628/8/1 627/8/1
f 632/8/1 628/8/1 631/8/1
f 637/8/1 634/8/1 633/8/1
f 638/8/1 634/8/1 637/8/1
f 639/8/1 636/8/1 635/8/1
f 640/8/1 636/8/1 639/8/1
f 645/8/1 642/8/1 641/8/1
f 646/8/1 642/8/1 645/8/1
f 647/8/1 644/8/1 643/8/1
f 648/8/1 644/8/1 647/8/1
f 649/8/1 645/8/1 641/8/1
f 650/8/1 645/8/1 649/8/1
f 651/8/1 642/8/1 646/8/1
f 652/8/1 642/8/1 651/8/1
f 653/8/1 647/8/1 643/8/1
f 654/8/1 647/8/1 653/8/1
f 655/8/1 644/8/1 648/8/1
f 656/8/1 644/8/1 655/8/1
f 661/7/1 658/7/1 657/7/1
f 662/7/1 658/7/1 661/7/1
f 663/7/1 660/7/1 659/7/1
f 664/7/1 660/7/1 663/7/1
f 669/8/1 666/8/1 665/8/1
f 670/8/1 666/8/1 669/8/1
f 671/8/1 668/8/1 667/8/1
f 672/8/1 668/8/1 671/8/1
f 678/8/1 674/8/1 673/8/1
f 679/8/1 674/8/1 678/8/1
f 680/8/1 676/8/1 675/8/1
f 681/8/1 676/8/1 680/8/1
f 683/8/1 678/8/1 677/8/1
f 684/8/1 678/8/1 683/8/1
f 689/8/1 682/8/1 681/8/1
f 690/8/1 682/8/1 689/8/1
f 691/8/1 686/8/1 685/8/1
f 692/8/1 686/8/1 691/8/1
f 693/8/1 688/8/1 687/8/1
f 694/8/1 688/8/1 693/8/1
f 699/8/1 696/8/1 695/8/1
f 700/8/1 696/8/1 699/8/1
f 701/8/1 698/8/1 697/8/1
f 702/8/1 698/8/1 701/8/1
f 705/9/1 704/9/1 703/9/1
f 706/9/1 704/9/1 705/9/1
f 711/7/1 708/7/1 707/7/1
f 712/7/1 708/7/1 711/7/1
f 713/7/1 710/7/1 709/7/1
f 714/7/1 710/7/1 713/7/1
f 719/8/1 716/8/1 715/8/1
f 720/8/1 716/8/1 719/8/1
f 721/8/1 718/8/1 717/8/1
f 722/8/1 718/8/1 721/8/1
f 723/9/2 724/9/2 725/9/2
f 725/9/2 724/9/2 726/9/2
f 727/5/2 728/5/2 729/5/2
f 729/5/2 728/5/2 730/5/2
f 731/5/2 732/5/2 734/5/2
f 734/5/2 732/5/2 735/5/2
f 734/4/2 735/4/2 737/4/2
f 733/4/2 734/4/2 737/4/2
f 735/5/2 736/5/2 738/5/2
f 737/4/2 735/4/2 738/4/2
f 738/5/2 736/5/2 739/5/2
f 738/4/2 739/4/2 740/4/2
f 740/4/2 739/4/2 741/4/2
f 742/4/2 743/4/2 744/4/2
f 744/4/2 743/4/2 745/4/2
f 745/4/2 746/4/2 747/4/2
f 747/4/2 746/4/2 748/4/2
f 749/4/2 750/4/2 751/4/2
f 751/4/2 750/4/2 752/4/2
f 753/9/2 754/9/2 755/9/2
f 755/9/2 754/9/2 756/9/2
f 755/8/2 756/8/2 757/8/2
f 757/8/2 756/8/2 758/8/2
f 759/9/2 760/9/2 763/9/2
f 763/9/2 760/9/2 764/9/2
f 761/9/2 762/9/2 765/9/2
f 765/9/2 762/9/2 766/9/2
f 767/9/2 768/9/2 769/9/2
f 769/9/2 768/9/2 770/9/2
f 770/9/2 768/9/2 771/9/2
f 772/7/2 773/7/2 776/7/2
f 776/7/2 773/7/2 777/7/2
f 774/7/2 775/7/2 778/7/2
f 778/7/2 775/7/2 779/7/2
f 780/9/2 781/9/2 782/9/2
f 782/9/2 781/9/2 783/9/2
f 782/8/2 783/8/2 784/8/2
f 784/8/2 783/8/2 785/8/2
f 786/7/2 787/7/2 790/7/2
f 790/7/2 787/7/2 791/7/2
f 788/7/2 789/7/2 792/7/2
f 792/7/2 789/7/2 793/7/2
f 794/9/2 795/9/2 796/9/2
f 796/9/2 795/9/2 797/9/2
f 796/8/2 797/8/2 798/8/2
f 798/8/2 797/8/2 799/8/2
f 800/8/2 801/8/2 804/8/2
f 804/8/2 801/8/2 805/8/2
f 802/8/2 803/8/2 806/8/2
f 806/8/2 803/8/2 807/8/2
f 808/8/2 809/8/2 812/8/2
f 812/8/2 809/8/2 813/8/2
f 810/8/2 811/8/2 814/8/2
f 814/8/2 811/8/2 815/8/2
f 816/8/2 817/8/2 820/8/2
f 820/8/2 817/8/2 821/8/2
f 818/8/2 819/8/2 822/8/2
f 822/8/2 819/8/2 823/8/2
f 824/8/2 825/8/2 828/8/2
f 828/8/2 825/8/2 829/8/2
f 826/8/2 827/8/2 834/8/2
f 834/8/2 827/8/2 835/8/2
f 829/8/2 830/8/2 836/8/2
f 830/8/2 831/8/2 836/8/2
f 836/8/2 831/8/2 837/8/2
f 832/8/2 833/8/2 838/8/2
f 833/8/2 834/8/2 838/8/2
f 838/8/2 834/8/2 839/8/2
f 837/8/2 831/8/2 840/8/2
f 840/8/2 831/8/2 841/8/2
f 832/8/2 838/8/2 842/8/2
f 842/8/2 838/8/2 843/8/2
f 844/9/2 845/9/2 846/9/2
f 846/9/2 845/9/2 847/9/2
f 848/8/2 849/8/2 852/8/2
f 852/8/2 849/8/2 853/8/2
f 850/8/2 851/8/2 854/8/2
f 854/8/2 851/8/2 855/8/2
f 856/8/2 857/8/2 860/8/2
f 860/8/2 857/8/2 861/8/2
f 858/8/2 859/8/2 862/8/2
f 862/8/2 859/8/2 863/8/2
f 861/8/2 857/8/2 865/8/2
f 865/8/2 857/8/2 866/8/2
f 858/8/2 862/8/2 867/8/2
f 867/8/2 862/8/2 868/8/2
f 864/8/2 865/8/2 870/8/2
f 870/8/2 865/8/2 871/8/2
f 868/8/2 869/8/2 874/8/2
f 874/8/2 869/8/2 875/8/2
f 864/8/2 870/8/2 876/8/2
f 876/8/2 870/8/2 877/8/2
f 871/8/2 872/8/2 878/8/2
f 878/8/2 872/8/2 879/8/2
f 873/8/2 874/8/2 880/8/2
f 880/8/2 874/8/2 881/8/2
f 875/8/2 869/8/2 882/8/2
f 882/8/2 869/8/2 883/8/2
f 884/8/2 885/8/2 888/8/2
f 888/8/2 885/8/2 889/8/2
f 886/8/2 887/8/2 890/8/2
f 890/8/2 887/8/2 891/8/2
f 892/8/2 893/8/2 900/8/2
f 900/8/2 893/8/2 901/8/2
f 894/8/2 895/8/2 902/8/2
f 902/8/2 895/8/2 903/8/2
f 896/8/2 897/8/2 904/8/2
f 904/8/2 897/8/2 905/8/2
f 898/8/2 899/8/2 906/8/2
f 906/8/2 899/8/2 907/8/2
f 908/7/2 909/7/2 912/7/2
f 912/7/2 909/7/2 913/7/2
f 910/7/2 911/7/2 914/7/2
f 914/7/2 911/7/2 915/7/2
f 916/9/2 917/9/2 920/9/2
f 920/9/2 917/9/2 921/9/2
f 918/8/2 919/8/2 922/8/2
f 922/8/2 919/8/2 923/8/2
f 920/8/2 921/8/2 924/8/2
f 924/8/2 921/8/2 925/8/2
f 926/9/2 927/9/2 931/9/2
f 931/9/2 927/9/2 932/9/2
f 928/9/2 929/9/2 933/9/2
f 933/9/2 929/9/2 934/9/2
f 932/9/2 927/9/2 935/9/2
f 935/9/2 927/9/2 936/9/2
f 934/9/2 929/9/2 937/9/2
f 929/8/2 930/8/2 938/8/2
f 937/9/2 929/9/2 938/9/2
f 938/8/2 930/8/2 939/8/2
f 931/8/2 932/8/2 940/8/2
f 932/9/2 935/9/2 941/9/2
f 940/8/2 932/8/2 941/8/2
f 941/9/2 935/9/2 942/9/2
f 943/7/2 944/7/2 947/7/2
f 947/7/2 944/7/2 948/7/2
f 945/7/2 946/7/2 949/7/2
f 949/7/2 946/7/2 950/7/2
f 947/9/2 948/9/2 951/9/2
f 951/9/2 948/9/2 952/9/2
f 949/9/2 950/9/2 953/9/2
f 953/9/2 950/9/2 954/9/2
f 955/7/2 956/7/2 959/7/2
f 959/7/2 956/7/2 960/7/2
f 957/7/2 958/7/2 961/7/2
f 961/7/2 958/7/2 962/7/2
f 963/7/2 964/7/2 967/7/2
f 967/7/2 964/7/2 968/7/2
f 965/7/2 966/7/2 969/7/2
f 969/7/2 966/7/2 970/7/2
f 971/8/2 972/8/2 975/8/2
f 975/8/2 972/8/2 976/8/2
f 973/8/2 974/8/2 977/8/2
f 977/8/2 974/8/2 978/8/2
f 979/8/2 980/8/2 983/8/2
f 983/8/2 980/8/2 984/8/2
f 981/8/2 982/8/2 985/8/2
f 985/8/2 982/8/2 986/8/2
f 987/9/2 988/9/2 989/9/2
f 989/9/2 988/9/2 990/9/2
f 991/7/2 992/7/2 995/7/2
f 995/7/2 992/7/2 996/7/2
f 993/7/2 994/7/2 999/7/2
f 999/7/2 994/7/2 1000/7/2
f 996/7/2 997/7/2 1001/7/2
f 1001/7/2 997/7/2 1002/7/2
f 998/7/2 999/7/2 1007/7/2
f 1007/7/2 999/7/2 1008/7/2
f 1003/7/2 1004/7/2 1009/7/2
f 1009/7/2 1004/7/2 1010/7/2
f 1005/7/2 1006/7/2 1011/7/2
f 1011/7/2 1006/7/2 1012/7/2
f 1010/7/2 1004/7/2 1014/7/2
f 1005/7/2 1011/7/2 1015/7/2
f 1013/7/2 1014/7/2 1018/7/2
f 1014/7/2 1004/7/2 1019/7/2
f 1018/7/2 1014/7/2 1019/7/2
f 1015/7/2 1016/7/2 1020/7/2
f 1005/7/2 1015/7/2 1020/7/2
f 1020/7/2 1016/7/2 1021/7/2
f 1017/7/2 1018/7/2 1023/7/2
f 1023/7/2 1018/7/2 1024/7/2
f 1021/7/2 1022/7/2 1025/7/2
f 1025/7/2 1022/7/2 1026/7/2
f 1027/8/2 1028/8/2 1031/8/2
f 1029/8/2 1030/8/2 1032/8/2
f 1027/8/2 1031/8/2 1033/8/2
f 1032/8/2 1030/8/2 1034/8/2
f 1027/8/2 1033/8/2 1035/8/2
f 1035/8/2 1033/8/2 1036/8/2
f 1034/8/2 1030/8/2 1037/8/2
f 1037/8/2 1030/8/2 1038/8/2
f 1039/8/2 1040/8/2 1047/8/2
f 1045/8/2 1046/8/2 1047/8/2
f 1044/8/2 1045/8/2 1047/8/2
f 1043/8/2 1044/8/2 1047/8/2
f 1042/8/2 1043/8/2 1047/8/2
f 1041/8/2 1042/8/2 1047/8/2
f 1040/8/2 1041/8/2 1047/8/2
f 1047/8/2 1046/8/2 1048/8/2
f 1049/7/2 1050/7/2 1053/7/2
f 1053/7/2 1050/7/2 1054/7/2
f 1051/7/2 1052/7/2 1057/7/2
f 1057/7/2 1052/7/2 1058/7/2
f 1054/7/2 1055/7/2 1059/7/2
f 1059/7/2 1055/7/2 1060/7/2
f 1056/7/2 1057/7/2 1063/7/2
f 1063/7/2 1057/7/2 1064/7/2
f 1060/7/2 1061/7/2 1065/7/2
f 1065/7/2 1061/7/2 1066/7/2
f 1062/7/2 1063/7/2 1073/7/2
f 1073/7/2 1063/7/2 1074/7/2
f 1067/7/2 1068/7/2 1075/7/2
f 1068/9/2 1069/9/2 1076/9/2
f 1075/7/2 1068/7/2 1076/7/2
f 1069/7/2 1070/7/2 1077/7/2
f 1076/9/2 1069/9/2 1077/9/2
f 1077/7/2 1070/7/2 1078/7/2
f 1070/9/2 1071/9/2 1079/9/2
f 1078/7/2 1070/7/2 1079/7/2
f 1071/7/2 1072/7/2 1080/7/2
f 1079/9/2 1071/9/2 1080/9/2
f 1080/7/2 1072/7/2 1081/7/2
f 1067/7/2 1075/7/2 1082/7/2
f 1075/9/2 1076/9/2 1082/9/2
f 1077/7/2 1078/7/2 1083/7/2
f 1082/9/2 1076/9/2 1083/9/2
f 1076/7/2 1077/7/2 1083/7/2
f 1083/7/2 1078/7/2 1084/7/2
f 1078/9/2 1079/9/2 1085/9/2
f 1084/7/2 1078/7/2 1085/7/2
f 1080/9/2 1081/9/2 1086/9/2
f 1079/7/2 1080/7/2 1086/7/2
f 1081/7/2 1072/7/2 1087/7/2
f 1086/9/2 1081/9/2 1087/9/2
f 1083/7/2 1084/7/2 1089/7/2
f 1067/7/2 1082/7/2 1089/7/2
f 1082/7/2 1083/7/2 1089/7/2
f 1084/9/2 1085/9/2 1090/9/2
f 1089/7/2 1084/7/2 1090/7/2
f 1085/9/2 1079/9/2 1091/9/2
f 1090/9/2 1085/9/2 1091/9/2
f 1087/7/2 1072/7/2 1092/7/2
f 1086/7/2 1087/7/2 1092/7/2
f 1091/9/2 1079/9/2 1094/9/2
f 1089/7/2 1090/7/2 1094/7/2
f 1090/7/2 1091/7/2 1094/7/2
f 1088/7/2 1089/7/2 1094/7/2
f 1092/7/2 1093/7/2 1095/7/2
f 1094/9/2 1079/9/2 1095/9/2
f 1079/7/2 1086/7/2 1095/7/2
f 1086/7/2 1092/7/2 1095/7/2
f 1088/7/2 1094/7/2 1098/7/2
f 1094/7/2 1095/7/2 1098/7/2
f 1095/7/2 1093/7/2 1099/7/2
f 1098/7/2 1095/7/2 1099/7/2
f 1096/8/2 1097/8/2 1103/8/2
f 1103/8/2 1097/8/2 1104/8/2
f 1100/8/2 1101/8/2 1105/8/2
f 1105/8/2 1101/8/2 1106/8/2
f 1102/8/2 1103/8/2 1108/8/2
f 1108/8/2 1103/8/2 1109/8/2
f 1106/8/2 1107/8/2 1110/8/2
f 1110/8/2 1107/8/2 1111/8/2
f 1112/7/2 1113/7/2 1116/7/2
f 1116/7/2 1113/7/2 1117/7/2
f 1114/7/2 1115/7/2 1120/7/2
f 1120/7/2 1115/7/2 1121/7/2
f 1117/8/2 1118/8/2 1122/8/2
f 1122/8/2 1118/8/2 1123/8/2
f 1119/8/2 1120/8/2 1135/8/2
f 1135/8/2 1120/8/2 1136/8/2
f 1123/8/2 1124/8/2 1137/8/2
f 1124/8/2 1125/8/2 1137/8/2
f 1125/8/2 1126/8/2 1137/8/2
f 1126/9/2 1127/9/2 1138/9/2
f 1137/8/2 1126/8/2 1138/8/2
f 1127/8/2 1128/8/2 1139/8/2
f 1138/9/2 1127/9/2 1139/9/2
f 1128/9/2 1129/9/2 1140/9/2
f 1139/8/2 1128/8/2 1140/8/2
f 1132/8/2 1133/8/2 1141/8/2
f 1140/9/2 1129/9/2 1141/9/2
f 1129/8/2 1130/8/2 1141/8/2
f 1131/8/2 1132/8/2 1141/8/2
f 1130/8/2 1131/8/2 1141/8/2
f 1133/9/2 1134/9/2 1142/9/2
f 1141/8/2 1133/8/2 1142/8/2
f 1134/8/2 1135/8/2 1143/8/2
f 1142/9/2 1134/9/2 1143/9/2
f 1143/8/2 1135/8/2 1144/8/2
f 1145/9/2 1146/9/2 1147/9/2
f 1147/9/2 1146/9/2 1148/9/2
f 1148/9/2 1146/9/2 1149/9/2
f 1149/9/2 1146/9/2 1150/9/2
f 1151/7/2 1152/7/2 1155/7/2
f 1155/7/2 1152/7/2 1156/7/2
f 1153/7/2 1154/7/2 1157/7/2
f 1157/7/2 1154/7/2 1158/7/2
f 1159/7/2 1160/7/2 1163/7/2
f 1163/7/2 1160/7/2 1164/7/2
f 1161/7/2 1162/7/2 1167/7/2
f 1167/7/2 1162/7/2 1168/7/2
f 1164/7/2 1165/7/2 1169/7/2
f 1169/7/2 1165/7/2 1170/7/2
f 1170/7/2 1165/7/2 1171/7/2
f 1166/7/2 1167/7/2 1172/7/2
f 1172/7/2 1167/7/2 1173/7/2
f 1173/7/2 1167/7/2 1174/7/2
f 1170/7/2 1171/7/2 1175/7/2
f 1172/7/2 1173/7/2 1175/7/2
f 1171/7/2 1172/7/2 1175/7/2
f 1175/7/2 1173/7/2 1176/7/2
f 1177/8/2 1178/8/2 1180/8/2
f 1180/8/2 1178/8/2 1181/8/2
f 1181/8/2 1178/8/2 1182/8/2
f 1182/8/2 1178/8/2 1183/8/2
f 1179/8/2 1180/8/2 1186/8/2
f 1186/8/2 1180/8/2 1187/8/2
f 1183/8/2 1184/8/2 1188/8/2
f 1188/8/2 1184/8/2 1189/8/2
f 1185/8/2 1186/8/2 1191/8/2
f 1191/8/2 1186/8/2 1192/8/2
f 1189/8/2 1190/8/2 1193/8/2
f 1193/8/2 1190/8/2 1194/8/2
f 1195/8/2 1196/8/2 1199/8/2
f 1199/8/2 1196/8/2 1200/8/2
f 1197/8/2 1198/8/2 1203/8/2
f 1203/8/2 1198/8/2 1204/8/2
f 1200/8/2 1201/8/2 1205/8/2
f 1205/8/2 1201/8/2 1206/8/2
f 1202/8/2 1203/8/2 1220/8/2
f 1220/8/2 1203/8/2 1221/8/2
f 1206/8/2 1207/8/2 1222/8/2
f 1207/9/2 1208/9/2 1223/9/2
f 1222/8/2 1207/8/2 1223/8/2
f 1208/8/2 1209/8/2 1224/8/2
f 1223/9/2 1208/9/2 1224/9/2
f 1209/8/2 1210/8/2 1224/8/2
f 1210/8/2 1211/8/2 1224/8/2
f 1211/8/2 1212/8/2 1224/8/2
f 1212/9/2 1213/9/2 1225/9/2
f 1224/8/2 1212/8/2 1225/8/2
f 1213/8/2 1214/8/2 1226/8/2
f 1225/9/2 1213/9/2 1226/9/2
f 1214/9/2 1215/9/2 1227/9/2
f 1226/8/2 1214/8/2 1227/8/2
f 1215/8/2 1216/8/2 1228/8/2
f 1227/9/2 1215/9/2 1228/9/2
f 1216/9/2 1217/9/2 1229/9/2
f 1228/8/2 1216/8/2 1229/8/2
f 1218/8/2 1219/8/2 1230/8/2
f 1229/9/2 1217/9/2 1230/9/2
f 1219/8/2 1220/8/2 1230/8/2
f 1217/8/2 1218/8/2 1230/8/2
f 1230/8/2 1220/8/2 1231/8/2
f 1232/8/2 1233/8/2 1237/8/2
f 1237/8/2 1233/8/2 1238/8/2
f 1234/8/2 1235/8/2 1239/8/2
f 1236/8/2 1237/8/2 1249/8/2
f 1249/8/2 1237/8/2 1250/8/2
f 1234/8/2 1239/8/2 1251/8/2
f 1239/8/2 1240/8/2 1251/8/2
f 1240/8/2 1241/8/2 1251/8/2
f 1251/8/2 1241/8/2 1252/8/2
f 1241/7/2 1242/7/2 1253/7/2
f 1252/8/2 1241/8/2 1253/8/2
f 1242/8/2 1243/8/2 1254/8/2
f 1253/7/2 1242/7/2 1254/7/2
f 1254/8/2 1243/8/2 1255/8/2
f 1243/7/2 1244/7/2 1256/7/2
f 1255/8/2 1243/8/2 1256/8/2
f 1244/9/2 1245/9/2 1257/9/2
f 1256/7/2 1244/7/2 1257/7/2
f 1245/7/2 1246/7/2 1258/7/2
f 1257/9/2 1245/9/2 1258/9/2
f 1258/7/2 1246/7/2 1259/7/2
f 1247/9/2 1248/9/2 1260/9/2
f 1259/7/2 1246/7/2 1260/7/2
f 1249/9/2 1250/9/2 1260/9/2
f 1248/9/2 1249/9/2 1260/9/2
f 1246/9/2 1247/9/2 1260/9/2
f 1260/9/2 1250/9/2 1261/9/2
f 1261/9/2 1250/9/2 1262/9/2
f 1262/9/2 1250/9/2 1263/9/2
f 1251/7/2 1252/7/2 1264/7/2
f 1253/9/2 1254/9/2 1265/9/2
f 1264/7/2 1252/7/2 1265/7/2
f 1252/9/2 1253/9/2 1265/9/2
f 1254/8/2 1255/8/2 1266/8/2
f 1265/9/2 1254/9/2 1266/9/2
f 1255/9/2 1256/9/2 1267/9/2
f 1266/8/2 1255/8/2 1267/8/2
f 1256/9/2 1257/9/2 1267/9/2
f 1267/9/2 1257/9/2 1268/9/2
f 1268/9/2 1257/9/2 1269/9/2
f 1258/7/2 1259/7/2 1270/7/2
f 1269/9/2 1257/9/2 1270/9/2
f 1257/7/2 1258/7/2 1270/7/2
f 1259/9/2 1260/9/2 1271/9/2
f 1260/9/2 1261/9/2 1271/9/2
f 1261/8/2 1262/8/2 1272/8/2
f 1271/9/2 1261/9/2 1272/9/2
f 1262/7/2 1263/7/2 1273/7/2
f 1272/8/2 1262/8/2 1273/8/2
f 1263/9/2 1250/9/2 1274/9/2
f 1273/7/2 1263/7/2 1274/7/2
f 1274/9/2 1250/9/2 1275/9/2
f 1275/9/2 1250/9/2 1276/9/2
f 1267/7/2 1268/7/2 1277/7/2
f 1265/7/2 1266/7/2 1277/7/2
f 1266/7/2 1267/7/2 1277/7/2
f 1277/7/2 1268/7/2 1278/7/2
f 1268/9/2 1269/9/2 1279/9/2
f 1278/7/2 1268/7/2 1279/7/2
f 1269/7/2 1270/7/2 1280/7/2
f 1279/9/2 1269/9/2 1280/9/2
f 1259/9/2 1271/9/2 1281/9/2
f 1280/7/2 1270/7/2 1281/7/2
f 1270/7/2 1259/7/2 1281/7/2
f 1272/7/2 1273/7/2 1282/7/2
f 1281/9/2 1271/9/2 1282/9/2
f 1271/7/2 1272/7/2 1282/7/2
f 1274/7/2 1275/7/2 1282/7/2
f 1273/7/2 1274/7/2 1282/7/2
f 1282/7/2 1275/7/2 1283/7/2
f 1283/7/2 1275/7/2 1284/7/2
f 1280/7/2 1281/7/2 1285/7/2
f 1282/7/2 1283/7/2 1285/7/2
f 1281/7/2 1282/7/2 1285/7/2
f 1278/7/2 1279/7/2 1285/7/2
f 1279/7/2 1280/7/2 1285/7/2
f 1285/7/2 1283/7/2 1286/7/2
f 1287/8/2 1288/8/2 1292/8/2
f 1288/7/2 1289/7/2 1293/7/2
f 1292/8/2 1288/8/2 1293/8/2
f 1293/7/2 1289/7/2 1294/7/2
f 1294/7/2 1289/7/2 1295/7/2
f 1289/8/2 1290/8/2 1296/8/2
f 1295/7/2 1289/7/2 1296/7/2
f 1296/8/2 1290/8/2 1297/8/2
f 1291/8/2 1292/8/2 1300/8/2
f 1292/7/2 1293/7/2 1301/7/2
f 1293/7/2 1294/7/2 1301/7/2
f 1300/8/2 1292/8/2 1301/8/2
f 1301/7/2 1294/7/2 1302/7/2
f 1302/7/2 1294/7/2 1303/7/2
f 1296/7/2 1297/7/2 1304/7/2
f 1295/7/2 1296/7/2 1304/7/2
f 1304/7/2 1297/7/2 1305/7/2
f 1297/8/2 1298/8/2 1306/8/2
f 1305/7/2 1297/7/2 1306/7/2
f 1306/8/2 1298/8/2 1307/8/2
f 1301/7/2 1302/7/2 1309/7/2
f 1300/7/2 1301/7/2 1309/7/2
f 1300/7/2 1309/7/2 1310/7/2
f 1310/7/2 1309/7/2 1311/7/2
f 1306/7/2 1307/7/2 1312/7/2
f 1305/7/2 1306/7/2 1312/7/2
f 1312/7/2 1307/7/2 1313/7/2
f 1310/9/2 1311/9/2 1314/9/2
f 1300/7/2 1310/7/2 1314/7/2
f 1314/9/2 1311/9/2 1315/9/2
f 1312/9/2 1313/9/2 1316/9/2
f 1313/7/2 1307/7/2 1317/7/2
f 1316/9/2 1313/9/2 1317/9/2
f 1299/8/2 1300/8/2 1318/8/2
f 1314/7/2 1315/7/2 1319/7/2
f 1318/8/2 1300/8/2 1319/8/2
f 1300/7/2 1314/7/2 1319/7/2
f 1319/7/2 1315/7/2 1320/7/2
f 1320/7/2 1315/7/2 1321/7/2
f 1316/7/2 1317/7/2 1324/7/2
f 1317/7/2 1307/7/2 1325/7/2
f 1324/7/2 1317/7/2 1325/7/2
f 1307/8/2 1308/8/2 1326/8/2
f 1325/7/2 1307/7/2 1326/7/2
f 1326/8/2 1308/8/2 1327/8/2
f 1319/8/2 1320/8/2 1328/8/2
f 1320/9/2 1321/9/2 1329/9/2
f 1328/8/2 1320/8/2 1329/8/2
f 1321/7/2 1322/7/2 1330/7/2
f 1329/9/2 1321/9/2 1330/9/2
f 1330/7/2 1322/7/2 1331/7/2
f 1323/9/2 1324/9/2 1338/9/2
f 1324/7/2 1325/7/2 1339/7/2
f 1338/9/2 1324/9/2 1339/9/2
f 1325/8/2 1326/8/2 1340/8/2
f 1339/7/2 1325/7/2 1340/7/2
f 1340/8/2 1326/8/2 1341/8/2
f 1329/8/2 1330/8/2 1342/8/2
f 1330/8/2 1331/8/2 1342/8/2
f 1331/8/2 1332/8/2 1342/8/2
f 1332/9/2 1333/9/2 1343/9/2
f 1342/8/2 1332/8/2 1343/8/2
f 1333/8/2 1334/8/2 1344/8/2
f 1343/9/2 1333/9/2 1344/9/2
f 1334/9/2 1335/9/2 1345/9/2
f 1344/8/2 1334/8/2 1345/8/2
f 1335/8/2 1336/8/2 1346/8/2
f 1345/9/2 1335/9/2 1346/9/2
f 1336/9/2 1337/9/2 1347/9/2
f 1346/8/2 1336/8/2 1347/8/2
f 1337/8/2 1338/8/2 1348/8/2
f 1347/9/2 1337/9/2 1348/9/2
f 1338/9/2 1339/9/2 1349/9/2
f 1348/8/2 1338/8/2 1349/8/2
f 1339/8/2 1340/8/2 1350/8/2
f 1349/9/2 1339/9/2 1350/9/2
f 1350/8/2 1340/8/2 1351/8/2
f 1352/8/2 1353/8/2 1354/8/2
f 1354/8/2 1353/8/2 1355/8/2
f 1356/8/2 1357/8/2 1366/8/2
f 1357/7/2 1358/7/2 1367/7/2
f 1366/8/2 1357/8/2 1367/8/2
f 1358/8/2 1359/8/2 1368/8/2
f 1367/7/2 1358/7/2 1368/7/2
f 1359/7/2 1360/7/2 1369/7/2
f 1368/8/2 1359/8/2 1369/8/2
f 1360/9/2 1361/9/2 1370/9/2
f 1369/7/2 1360/7/2 1370/7/2
f 1361/7/2 1362/7/2 1371/7/2
f 1370/9/2 1361/9/2 1371/9/2
f 1362/9/2 1363/9/2 1372/9/2
f 1371/7/2 1362/7/2 1372/7/2
f 1363/7/2 1364/7/2 1373/7/2
f 1372/9/2 1363/9/2 1373/9/2
f 1364/8/2 1365/8/2 1374/8/2
f 1373/7/2 1364/7/2 1374/7/2
f 1374/8/2 1365/8/2 1375/8/2
f 1376/8/2 1377/8/2 1379/8/2
f 1379/8/2 1377/8/2 1380/8/2
f 1380/8/2 1377/8/2 1381/8/2
f 1381/8/2 1377/8/2 1382/8/2
f 1378/8/2 1379/8/2 1384/8/2
f 1379/7/2 1380/7/2 1384/7/2
f 1384/7/2 1380/7/2 1385/7/2
f 1380/8/2 1381/8/2 1386/8/2
f 1385/7/2 1380/7/2 1386/7/2
f 1386/8/2 1381/8/2 1387/8/2
f 1381/7/2 1382/7/2 1388/7/2
f 1388/7/2 1382/7/2 1389/7/2
f 1378/8/2 1384/8/2 1390/8/2
f 1384/9/2 1385/9/2 1391/9/2
f 1390/8/2 1384/8/2 1391/8/2
f 1385/7/2 1386/7/2 1392/7/2
f 1391/9/2 1385/9/2 1392/9/2
f 1386/7/2 1387/7/2 1392/7/2
f 1392/7/2 1387/7/2 1393/7/2
f 1387/8/2 1381/8/2 1394/8/2
f 1393/7/2 1387/7/2 1394/7/2
f 1381/7/2 1388/7/2 1395/7/2
f 1394/8/2 1381/8/2 1395/8/2
f 1388/9/2 1389/9/2 1396/9/2
f 1395/7/2 1388/7/2 1396/7/2
f 1392/7/2 1393/7/2 1397/7/2
f 1393/9/2 1394/9/2 1397/9/2
f 1391/7/2 1392/7/2 1397/7/2
f 1394/7/2 1395/7/2 1398/7/2
f 1397/9/2 1394/9/2 1398/9/2
f 1395/9/2 1396/9/2 1399/9/2
f 1398/7/2 1395/7/2 1399/7/2
f 1396/9/2 1389/9/2 1400/9/2
f 1399/9/2 1396/9/2 1400/9/2
f 1389/7/2 1382/7/2 1400/7/2
f 1390/9/2 1391/9/2 1401/9/2
f 1398/7/2 1399/7/2 1402/7/2
f 1401/9/2 1391/9/2 1402/9/2
f 1397/7/2 1398/7/2 1402/7/2
f 1399/7/2 1400/7/2 1402/7/2
f 1391/7/2 1397/7/2 1402/7/2
f 1402/7/2 1400/7/2 1403/7/2
f 1403/7/2 1400/7/2 1404/7/2
f 1404/7/2 1400/7/2 1405/7/2
f 1405/7/2 1400/7/2 1406/7/2
f 1400/7/2 1382/7/2 1407/7/2
f 1406/7/2 1400/7/2 1407/7/2
f 1407/7/2 1382/7/2 1408/7/2
f 1402/7/2 1403/7/2 1409/7/2
f 1403/9/2 1404/9/2 1409/9/2
f 1404/7/2 1405/7/2 1410/7/2
f 1409/9/2 1404/9/2 1410/9/2
f 1410/7/2 1405/7/2 1411/7/2
f 1411/7/2 1405/7/2 1412/7/2
f 1405/9/2 1406/9/2 1413/9/2
f 1412/7/2 1405/7/2 1413/7/2
f 1406/7/2 1407/7/2 1414/7/2
f 1413/9/2 1406/9/2 1414/9/2
f 1407/9/2 1408/9/2 1415/9/2
f 1414/7/2 1407/7/2 1415/7/2
f 1408/7/2 1382/7/2 1416/7/2
f 1415/9/2 1408/9/2 1416/9/2
f 1401/8/2 1402/8/2 1417/8/2
f 1402/7/2 1409/7/2 1418/7/2
f 1417/8/2 1402/8/2 1418/8/2
f 1409/7/2 1410/7/2 1418/7/2
f 1410/7/2 1411/7/2 1418/7/2
f 1411/9/2 1412/9/2 1419/9/2
f 1418/7/2 1411/7/2 1419/7/2
f 1414/7/2 1415/7/2 1420/7/2
f 1419/9/2 1412/9/2 1420/9/2
f 1413/7/2 1414/7/2 1420/7/2
f 1415/7/2 1416/7/2 1420/7/2
f 1412/7/2 1413/7/2 1420/7/2
f 1382/8/2 1383/8/2 1421/8/2
f 1420/7/2 1416/7/2 1421/7/2
f 1416/7/2 1382/7/2 1421/7/2
f 1421/8/2 1383/8/2 1422/8/2
f 1419/8/2 1420/8/2 1423/8/2
f 1420/8/2 1421/8/2 1423/8/2
f 1418/8/2 1419/8/2 1423/8/2
f 1423/8/2 1421/8/2 1424/8/2
f 1425/8/2 1426/8/2 1427/8/2
f 1427/8/2 1426/8/2 1428/8/2
f 1427/9/2 1428/9/2 1439/9/2
f 1428/9/2 1429/9/2 1439/9/2
f 1429/9/2 1430/9/2 1439/9/2
f 1439/9/2 1430/9/2 1440/9/2
f 1430/8/2 1431/8/2 1441/8/2
f 1440/9/2 1430/9/2 1441/9/2
f 1431/9/2 1432/9/2 1442/9/2
f 1441/8/2 1431/8/2 1442/8/2
f 1432/8/2 1433/8/2 1443/8/2
f 1442/9/2 1432/9/2 1443/9/2
f 1443/8/2 1433/8/2 1444/8/2
f 1433/9/2 1434/9/2 1445/9/2
f 1444/8/2 1433/8/2 1445/8/2
f 1434/8/2 1435/8/2 1446/8/2
f 1445/9/2 1434/9/2 1446/9/2
f 1435/9/2 1436/9/2 1447/9/2
f 1446/8/2 1435/8/2 1447/8/2
f 1438/8/2 1439/8/2 1448/8/2
f 1439/9/2 1440/9/2 1449/9/2
f 1448/8/2 1439/8/2 1449/8/2
f 1440/8/2 1441/8/2 1450/8/2
f 1449/9/2 1440/9/2 1450/9/2
f 1441/8/2 1442/8/2 1450/8/2
f 1443/8/2 1444/8/2 1450/8/2
f 1442/8/2 1443/8/2 1450/8/2
f 1445/9/2 1446/9/2 1451/9/2
f 1450/8/2 1444/8/2 1451/8/2
f 1444/9/2 1445/9/2 1451/9/2
f 1446/9/2 1447/9/2 1451/9/2
f 1436/8/2 1437/8/2 1452/8/2
f 1451/9/2 1447/9/2 1452/9/2
f 1447/9/2 1436/9/2 1452/9/2
f 1452/8/2 1437/8/2 1453/8/2
f 1454/9/2 1455/9/2 1464/9/2
f 1464/9/2 1455/9/2 1465/9/2
f 1456/9/2 1457/9/2 1468/9/2
f 1468/9/2 1457/9/2 1469/9/2
f 1469/9/2 1457/9/2 1470/9/2
f 1458/9/2 1459/9/2 1472/9/2
f 1472/9/2 1459/9/2 1473/9/2
f 1473/9/2 1459/9/2 1474/9/2
f 1460/9/2 1461/9/2 1475/9/2
f 1475/9/2 1461/9/2 1476/9/2
f 1462/8/2 1463/8/2 1477/8/2
f 1477/8/2 1463/8/2 1478/8/2
f 1464/9/2 1465/9/2 1479/9/2
f 1479/9/2 1465/9/2 1480/9/2
f 1466/8/2 1467/8/2 1481/8/2
f 1481/8/2 1467/8/2 1482/8/2
f 1470/8/2 1471/8/2 1483/8/2
f 1483/8/2 1471/8/2 1484/8/2
f 1472/8/2 1473/8/2 1485/8/2
f 1473/9/2 1474/9/2 1486/9/2
f 1485/8/2 1473/8/2 1486/8/2
f 1486/9/2 1474/9/2 1487/9/2
f 1475/8/2 1476/8/2 1488/8/2
f 1488/8/2 1476/8/2 1489/8/2
f 1490/9/2 1491/9/2 1498/9/2
f 1498/9/2 1491/9/2 1499/9/2
f 1499/9/2 1491/9/2 1500/9/2
f 1500/9/2 1491/9/2 1501/9/2
f 1492/9/2 1493/9/2 1503/9/2
f 1503/9/2 1493/9/2 1504/9/2
f 1504/9/2 1493/9/2 1505/9/2
f 1494/9/2 1495/9/2 1506/9/2
f 1506/9/2 1495/9/2 1507/9/2
f 1496/9/2 1497/9/2 1508/9/2
f 1508/9/2 1497/9/2 1509/9/2
f 1498/8/2 1499/8/2 1510/8/2
f 1510/8/2 1499/8/2 1511/8/2
f 1501/9/2 1502/9/2 1512/9/2
f 1500/9/2 1501/9/2 1512/9/2
f 1502/8/2 1503/8/2 1513/8/2
f 1512/9/2 1502/9/2 1513/9/2
f 1513/8/2 1503/8/2 1514/8/2
f 1504/8/2 1505/8/2 1515/8/2
f 1515/8/2 1505/8/2 1516/8/2
f 1506/8/2 1507/8/2 1517/8/2
f 1517/8/2 1507/8/2 1518/8/2
f 1523/8/3 1520/8/3 1519/8/3
f 1524/8/3 1520/8/3 1523/8/3
f 1525/8/3 1522/8/3 1521/8/3
f 1527/8/3 1526/8/3 1525/8/3
f 1527/8/3 1525/8/3 1521/8/3
f 1528/8/3 1526/8/3 1527/8/3
f 1531/9/3 1530/9/3 1529/9/3
f 1533/9/3 1531/9/3 1529/9/3
f 1534/8/3 1532/8/3 1531/8/3
f 1534/9/3 1531/9/3 1533/9/3
f 1535/8/3 1532/8/3 1534/8/3
f 1540/9/3 1539/9/3 1538/9/3
f 1541/9/3 1539/9/3 1540/9/3
f 1542/9/3 1537/9/3 1536/9/3
f 1543/9/3 1537/9/3 1542/9/3
f 1544/9/3 1539/9/3 1541/9/3
f 1545/9/3 1539/9/3 1544/9/3
f 1546/9/3 1542/9/3 1536/9/3
f 1547/8/3 1543/8/3 1542/8/3
f 1547/9/3 1542/9/3 1546/9/3
f 1548/8/3 1543/8/3 1547/8/3
f 1549/9/3 1544/9/3 1541/9/3
f 1550/8/3 1545/8/3 1544/8/3
f 1550/9/3 1544/9/3 1549/9/3
f 1553/8/3 1545/8/3 1550/8/3
f 1553/8/3 1550/8/3 1549/8/3
f 1555/9/3 1552/9/3 1551/9/3
f 1556/9/3 1552/9/3 1555/9/3
f 1557/8/3 1554/8/3 1553/8/3
f 1561/8/3 1553/8/3 1549/8/3
f 1561/8/3 1557/8/3 1553/8/3
f 1561/8/3 1558/8/3 1557/8/3
f 1562/8/3 1558/8/3 1561/8/3
f 1563/8/3 1558/8/3 1562/8/3
f 1564/8/3 1560/8/3 1559/8/3
f 1565/8/3 1560/8/3 1564/8/3
f 1566/8/3 1561/8/3 1549/8/3
f 1567/8/3 1561/8/3 1566/8/3
f 1568/8/3 1561/8/3 1567/8/3
f 1569/8/3 1563/8/3 1562/8/3
f 1569/8/3 1564/8/3 1563/8/3
f 1570/8/3 1564/8/3 1569/8/3
f 1571/8/3 1564/8/3 1570/8/3
f 1572/8/3 1560/8/3 1565/8/3
f 1573/8/3 1560/8/3 1572/8/3
f 1574/9/3 1555/9/3 1551/9/3
f 1575/8/3 1556/8/3 1555/8/3
f 1575/9/3 1555/9/3 1574/9/3
f 1576/8/3 1556/8/3 1575/8/3
f 1577/8/3 1568/8/3 1567/8/3
f 1577/8/3 1570/8/3 1569/8/3
f 1577/8/3 1569/8/3 1568/8/3
f 1578/8/3 1570/8/3 1577/8/3
f 1579/8/3 1570/8/3 1578/8/3
f 1580/8/3 1570/8/3 1579/8/3
f 1583/8/3 1579/8/3 1578/8/3
f 1584/8/3 1579/8/3 1583/8/3
f 1585/8/3 1582/8/3 1581/8/3
f 1586/8/3 1582/8/3 1585/8/3
f 1587/9/3 1576/9/3 1575/9/3
f 1588/9/3 1576/9/3 1587/9/3
f 1589/8/3 1588/8/3 1587/8/3
f 1590/8/3 1588/8/3 1589/8/3
f 1594/9/3 1592/9/3 1591/9/3
f 1595/8/3 1593/8/3 1592/8/3
f 1595/9/3 1592/9/3 1594/9/3
f 1596/8/3 1593/8/3 1595/8/3
f 1600/9/3 1598/9/3 1597/9/3
f 1601/8/3 1599/8/3 1598/8/3
f 1601/9/3 1598/9/3 1600/9/3
f 1602/8/3 1599/8/3 1601/8/3
f 1607/8/3 1604/8/3 1603/8/3
f 1608/8/3 1604/8/3 1607/8/3
f 1609/9/3 1606/9/3 1605/9/3
f 1610/9/3 1609/9/3 1605/9/3
f 1612/9/3 1610/9/3 1605/9/3
f 1612/9/3 1611/9/3 1610/9/3
f 1613/9/3 1611/9/3 1612/9/3
f 1614/9/3 1612/9/3 1605/9/3
f 1615/9/3 1612/9/3 1614/9/3
f 1618/9/3 1617/9/3 1616/9/3
f 1619/9/3 1617/9/3 1618/9/3
f 1622/9/3 1621/9/3 1620/9/3
f 1623/9/3 1621/9/3 1622/9/3
f 1624/9/3 1621/9/3 1623/9/3
f 1625/8/3 1624/8/3 1623/8/3
f 1626/8/3 1624/8/3 1625/8/3
f 1627/9/3 1626/9/3 1625/9/3
f 1628/8/3 1624/8/3 1626/8/3
f 1628/9/3 1626/9/3 1627/9/3
f 1629/8/3 1628/8/3 1627/8/3
f 1630/8/3 1624/8/3 1628/8/3
f 1630/8/3 1628/8/3 1629/8/3
f 1631/9/3 1630/9/3 1629/9/3
f 1632/8/3 1624/8/3 1630/8/3
f 1632/9/3 1630/9/3 1631/9/3
f 1633/8/3 1632/8/3 1631/8/3
f 1636/8/3 1632/8/3 1633/8/3
f 1637/8/3 1624/8/3 1632/8/3
f 1637/8/3 1632/8/3 1636/8/3
f 1638/8/3 1635/8/3 1634/8/3
f 1639/8/3 1635/8/3 1638/8/3
f 1640/9/3 1637/9/3 1636/9/3
f 1641/9/3 1637/9/3 1640/9/3
f 1642/9/3 1637/9/3 1641/9/3
f 1645/9/3 1644/9/3 1643/9/3
f 1646/9/3 1644/9/3 1645/9/3
f 1647/8/3 1642/8/3 1641/8/3
f 1648/8/3 1642/8/3 1647/8/3
f 1651/9/3 1650/9/3 1649/9/3
f 1654/9/3 1651/9/3 1649/9/3
f 1654/9/3 1653/9/3 1652/9/3
f 1654/9/3 1652/9/3 1651/9/3
f 1655/9/3 1653/9/3 1654/9/3
f 1658/7/3 1657/7/3 1656/7/3
f 1659/7/3 1657/7/3 1658/7/3
f 1663/8/3 1661/8/3 1660/8/3
f 1664/8/3 1661/8/3 1663/8/3
f 1666/8/3 1659/8/3 1658/8/3
f 1667/8/3 1659/8/3 1666/8/3
f 1668/8/3 1663/8/3 1662/8/3
f 1668/7/3 1664/7/3 1663/7/3
f 1669/7/3 1664/7/3 1668/7/3
f 1670/7/3 1664/7/3 1669/7/3
f 1671/8/3 1665/8/3 1664/8/3
f 1671/7/3 1664/7/3 1670/7/3
f 1672/8/3 1668/8/3 1662/8/3
f 1672/9/3 1669/9/3 1668/9/3
f 1673/7/3 1670/7/3 1669/7/3
f 1673/9/3 1669/9/3 1672/9/3
f 1674/7/3 1670/7/3 1673/7/3
f 1675/7/3 1670/7/3 1674/7/3
f 1676/9/3 1671/9/3 1670/9/3
f 1676/7/3 1670/7/3 1675/7/3
f 1677/9/3 1671/9/3 1676/9/3
f 1678/8/3 1672/8/3 1662/8/3
f 1678/7/3 1673/7/3 1672/7/3
f 1679/8/3 1674/8/3 1673/8/3
f 1679/7/3 1673/7/3 1678/7/3
f 1680/7/3 1675/7/3 1674/7/3
f 1680/8/3 1674/8/3 1679/8/3
f 1681/8/3 1676/8/3 1675/8/3
f 1681/7/3 1675/7/3 1680/7/3
f 1682/7/3 1677/7/3 1676/7/3
f 1682/8/3 1676/8/3 1681/8/3
f 1683/9/3 1671/9/3 1677/9/3
f 1683/7/3 1677/7/3 1682/7/3
f 1684/8/3 1665/8/3 1671/8/3
f 1684/9/3 1671/9/3 1683/9/3
f 1685/9/3 1667/9/3 1666/9/3
f 1686/9/3 1667/9/3 1685/9/3
f 1687/7/3 1682/7/3 1681/7/3
f 1687/7/3 1683/7/3 1682/7/3
f 1687/8/3 1679/8/3 1678/8/3
f 1687/7/3 1684/7/3 1683/7/3
f 1687/7/3 1680/7/3 1679/7/3
f 1687/7/3 1681/7/3 1680/7/3
f 1688/7/3 1684/7/3 1687/7/3
f 1689/8/3 1678/8/3 1662/8/3
f 1689/8/3 1687/8/3 1678/8/3
f 1689/8/3 1688/8/3 1687/8/3
f 1690/7/3 1684/7/3 1688/7/3
f 1690/8/3 1688/8/3 1689/8/3
f 1691/7/3 1684/7/3 1690/7/3
f 1692/7/3 1684/7/3 1691/7/3
f 1693/7/3 1690/7/3 1689/7/3
f 1693/7/3 1691/7/3 1690/7/3
f 1694/8/3 1692/8/3 1691/8/3
f 1694/7/3 1691/7/3 1693/7/3
f 1695/7/3 1684/7/3 1692/7/3
f 1695/8/3 1692/8/3 1694/8/3
f 1696/7/3 1686/7/3 1685/7/3
f 1697/7/3 1686/7/3 1696/7/3
f 1698/8/3 1694/8/3 1693/8/3
f 1699/9/3 1695/9/3 1694/9/3
f 1699/8/3 1694/8/3 1698/8/3
f 1700/7/3 1684/7/3 1695/7/3
f 1700/9/3 1695/9/3 1699/9/3
f 1701/7/3 1684/7/3 1700/7/3
f 1702/7/3 1693/7/3 1689/7/3
f 1702/8/3 1698/8/3 1693/8/3
f 1703/7/3 1699/7/3 1698/7/3
f 1703/8/3 1698/8/3 1702/8/3
f 1704/9/3 1701/9/3 1700/9/3
f 1704/7/3 1699/7/3 1703/7/3
f 1704/9/3 1700/9/3 1699/9/3
f 1705/7/3 1684/7/3 1701/7/3
f 1705/9/3 1701/9/3 1704/9/3
f 1706/7/3 1702/7/3 1689/7/3
f 1706/8/3 1689/8/3 1662/8/3
f 1706/7/3 1705/7/3 1704/7/3
f 1706/7/3 1704/7/3 1703/7/3
f 1706/7/3 1703/7/3 1702/7/3
f 1707/7/3 1705/7/3 1706/7/3
f 1708/7/3 1705/7/3 1707/7/3
f 1709/7/3 1684/7/3 1705/7/3
f 1709/7/3 1705/7/3 1708/7/3
f 1710/8/3 1697/8/3 1696/8/3
f 1711/8/3 1697/8/3 1710/8/3
f 1712/7/3 1708/7/3 1707/7/3
f 1712/9/3 1707/9/3 1706/9/3
f 1713/9/3 1709/9/3 1708/9/3
f 1713/7/3 1708/7/3 1712/7/3
f 1714/7/3 1684/7/3 1709/7/3
f 1714/9/3 1709/9/3 1713/9/3
f 1715/8/3 1713/8/3 1712/8/3
f 1715/9/3 1712/9/3 1706/9/3
f 1716/8/3 1713/8/3 1715/8/3
f 1717/7/3 1714/7/3 1713/7/3
f 1717/8/3 1713/8/3 1716/8/3
f 1718/8/3 1706/8/3 1662/8/3
f 1718/9/3 1716/9/3 1715/9/3
f 1718/9/3 1715/9/3 1706/9/3
f 1719/9/3 1716/9/3 1718/9/3
f 1720/9/3 1716/9/3 1719/9/3
f 1721/7/3 1717/7/3 1716/7/3
f 1721/9/3 1716/9/3 1720/9/3
f 1722/9/3 1711/9/3 1710/9/3
f 1723/9/3 1711/9/3 1722/9/3
f 1724/9/3 1720/9/3 1719/9/3
f 1724/7/3 1719/7/3 1718/7/3
f 1725/7/3 1721/7/3 1720/7/3
f 1725/9/3 1720/9/3 1724/9/3
f 1726/8/3 1718/8/3 1662/8/3
f 1727/7/3 1724/7/3 1718/7/3
f 1727/8/3 1718/8/3 1726/8/3
f 1727/7/3 1725/7/3 1724/7/3
f 1728/7/3 1717/7/3 1721/7/3
f 1728/7/3 1725/7/3 1727/7/3
f 1728/8/3 1665/8/3 1684/8/3
f 1728/7/3 1684/7/3 1714/7/3
f 1728/7/3 1714/7/3 1717/7/3
f 1728/7/3 1721/7/3 1725/7/3
f 1729/8/3 1665/8/3 1728/8/3
f 1730/8/3 1728/8/3 1727/8/3
f 1731/8/3 1728/8/3 1730/8/3
f 1732/7/3 1723/7/3 1722/7/3
f 1733/7/3 1723/7/3 1732/7/3
f 1736/8/3 1735/8/3 1734/8/3
f 1737/8/3 1735/8/3 1736/8/3
f 1740/8/3 1739/8/3 1738/8/3
f 1741/8/3 1739/8/3 1740/8/3
f 1742/8/3 1739/8/3 1741/8/3
f 1744/7/3 1743/7/3 1742/7/3
f 1744/7/3 1742/7/3 1741/7/3
f 1745/7/3 1743/7/3 1744/7/3
f 1746/7/3 1743/7/3 1745/7/3
f 1750/7/3 1746/7/3 1745/7/3
f 1750/7/3 1747/7/3 1746/7/3
f 1751/7/3 1747/7/3 1750/7/3
f 1753/8/3 1749/8/3 1748/8/3
f 1754/8/3 1749/8/3 1753/8/3
f 1755/8/3 1749/8/3 1754/8/3
f 1757/7/3 1747/7/3 1751/7/3
f 1758/7/3 1747/7/3 1757/7/3
f 1759/7/3 1747/7/3 1758/7/3
f 1762/8/3 1753/8/3 1752/8/3
f 1763/7/3 1754/7/3 1753/7/3
f 1763/8/3 1753/8/3 1762/8/3
f 1764/8/3 1756/8/3 1755/8/3
f 1764/7/3 1754/7/3 1763/7/3
f 1764/8/3 1755/8/3 1754/8/3
f 1765/8/3 1756/8/3 1764/8/3
f 1767/7/3 1760/7/3 1759/7/3
f 1769/8/3 1762/8/3 1761/8/3
f 1770/7/3 1763/7/3 1762/7/3
f 1770/8/3 1762/8/3 1769/8/3
f 1770/7/3 1766/7/3 1765/7/3
f 1770/7/3 1764/7/3 1763/7/3
f 1770/7/3 1765/7/3 1764/7/3
f 1771/7/3 1766/7/3 1770/7/3
f 1772/7/3 1766/7/3 1771/7/3
f 1773/7/3 1766/7/3 1772/7/3
f 1774/7/3 1770/7/3 1769/7/3
f 1774/8/3 1771/8/3 1770/8/3
f 1775/8/3 1771/8/3 1774/8/3
f 1776/8/3 1773/8/3 1772/8/3
f 1777/7/3 1766/7/3 1773/7/3
f 1777/8/3 1773/8/3 1776/8/3
f 1778/8/3 1758/8/3 1757/8/3
f 1779/9/3 1759/9/3 1758/9/3
f 1779/8/3 1758/8/3 1778/8/3
f 1780/7/3 1767/7/3 1759/7/3
f 1780/9/3 1759/9/3 1779/9/3
f 1780/7/3 1768/7/3 1767/7/3
f 1781/8/3 1779/8/3 1778/8/3
f 1781/7/3 1780/7/3 1779/7/3
f 1782/7/3 1768/7/3 1780/7/3
f 1782/7/3 1780/7/3 1781/7/3
f 1783/8/3 1781/8/3 1778/8/3
f 1783/8/3 1782/8/3 1781/8/3
f 1784/7/3 1768/7/3 1782/7/3
f 1784/8/3 1782/8/3 1783/8/3
f 1785/8/3 1783/8/3 1778/8/3
f 1786/7/3 1784/7/3 1783/7/3
f 1786/8/3 1783/8/3 1785/8/3
f 1787/7/3 1768/7/3 1784/7/3
f 1787/7/3 1784/7/3 1786/7/3
f 1788/7/3 1786/7/3 1785/7/3
f 1788/9/3 1787/9/3 1786/9/3
f 1789/7/3 1768/7/3 1787/7/3
f 1789/9/3 1787/9/3 1788/9/3
f 1792/7/3 1788/7/3 1785/7/3
f 1792/7/3 1789/7/3 1788/7/3
f 1793/7/3 1768/7/3 1789/7/3
f 1793/7/3 1789/7/3 1792/7/3
f 1794/8/3 1791/8/3 1790/8/3
f 1795/8/3 1791/8/3 1794/8/3
f 1796/8/3 1793/8/3 1792/8/3
f 1797/7/3 1768/7/3 1793/7/3
f 1797/8/3 1793/8/3 1796/8/3
f 1798/9/3 1797/9/3 1796/9/3
f 1799/7/3 1768/7/3 1797/7/3
f 1799/9/3 1797/9/3 1798/9/3
f 1800/7/3 1768/7/3 1799/7/3
f 1801/8/3 1799/8/3 1798/8/3
f 1801/9/3 1800/9/3 1799/9/3
f 1802/7/3 1768/7/3 1800/7/3
f 1802/9/3 1800/9/3 1801/9/3
f 1803/7/3 1768/7/3 1802/7/3
f 1806/8/3 1801/8/3 1798/8/3
f 1807/8/3 1801/8/3 1806/8/3
f 1808/7/3 1802/7/3 1801/7/3
f 1808/8/3 1801/8/3 1807/8/3
f 1809/9/3 1803/9/3 1802/9/3
f 1809/7/3 1802/7/3 1808/7/3
f 1810/9/3 1803/9/3 1809/9/3
f 1811/8/3 1807/8/3 1806/8/3
f 1811/9/3 1808/9/3 1807/9/3
f 1811/9/3 1809/9/3 1808/9/3
f 1812/7/3 1810/7/3 1809/7/3
f 1812/9/3 1809/9/3 1811/9/3
f 1813/7/3 1774/7/3 1769/7/3
f 1816/7/3 1766/7/3 1777/7/3
f 1817/9/3 1805/9/3 1804/9/3
f 1818/9/3 1805/9/3 1817/9/3
f 1819/7/3 1810/7/3 1812/7/3
f 1819/7/3 1812/7/3 1811/7/3
f 1820/7/3 1810/7/3 1819/7/3
f 1821/7/3 1813/7/3 1769/7/3
f 1822/8/3 1814/8/3 1813/8/3
f 1822/7/3 1813/7/3 1821/7/3
f 1823/8/3 1814/8/3 1822/8/3
f 1826/8/3 1816/8/3 1815/8/3
f 1827/7/3 1766/7/3 1816/7/3
f 1827/8/3 1816/8/3 1826/8/3
f 1828/8/3 1818/8/3 1817/8/3
f 1829/7/3 1819/7/3 1811/7/3
f 1830/7/3 1819/7/3 1829/7/3
f 1831/8/3 1822/8/3 1821/8/3
f 1832/7/3 1823/7/3 1822/7/3
f 1832/8/3 1822/8/3 1831/8/3
f 1832/7/3 1824/7/3 1823/7/3
f 1833/7/3 1824/7/3 1832/7/3
f 1834/8/3 1825/8/3 1824/8/3
f 1835/7/3 1827/7/3 1826/7/3
f 1835/8/3 1825/8/3 1834/8/3
f 1835/7/3 1826/7/3 1825/7/3
f 1836/7/3 1827/7/3 1835/7/3
f 1837/7/3 1766/7/3 1827/7/3
f 1837/7/3 1827/7/3 1836/7/3
f 1838/7/3 1766/7/3 1837/7/3
f 1839/8/3 1828/8/3 1817/8/3
f 1840/8/3 1828/8/3 1839/8/3
f 1842/8/3 1811/8/3 1806/8/3
f 1843/8/3 1833/8/3 1832/8/3
f 1844/7/3 1824/7/3 1833/7/3
f 1844/8/3 1833/8/3 1843/8/3
f 1845/8/3 1834/8/3 1824/8/3
f 1845/7/3 1824/7/3 1844/7/3
f 1846/7/3 1836/7/3 1835/7/3
f 1846/8/3 1834/8/3 1845/8/3
f 1846/7/3 1835/7/3 1834/7/3
f 1847/8/3 1837/8/3 1836/8/3
f 1847/7/3 1836/7/3 1846/7/3
f 1848/8/3 1837/8/3 1847/8/3
f 1849/8/3 1842/8/3 1841/8/3
f 1850/7/3 1829/7/3 1811/7/3
f 1850/8/3 1842/8/3 1849/8/3
f 1850/8/3 1811/8/3 1842/8/3
f 1851/7/3 1829/7/3 1850/7/3
f 1852/8/3 1845/8/3 1844/8/3
f 1852/8/3 1847/8/3 1846/8/3
f 1852/8/3 1846/8/3 1845/8/3
f 1853/8/3 1847/8/3 1852/8/3
f 1854/9/3 1840/9/3 1839/9/3
f 1855/9/3 1840/9/3 1854/9/3
f 1856/8/3 1855/8/3 1854/8/3
f 1857/9/3 1840/9/3 1855/9/3
f 1857/8/3 1855/8/3 1856/8/3
f 1858/9/3 1840/9/3 1857/9/3
f 1866/8/3 1860/8/3 1859/8/3
f 1867/8/3 1860/8/3 1866/8/3
f 1868/8/3 1862/8/3 1861/8/3
f 1869/8/3 1862/8/3 1868/8/3
f 1871/7/3 1864/7/3 1863/7/3
f 1872/7/3 1864/7/3 1871/7/3
f 1875/8/3 1866/8/3 1865/8/3
f 1876/8/3 1866/8/3 1875/8/3
f 1877/8/3 1870/8/3 1869/8/3
f 1878/8/3 1870/8/3 1877/8/3
f 1880/7/3 1873/7/3 1872/7/3
f 1881/7/3 1873/7/3 1880/7/3
f 1883/8/3 1875/8/3 1874/8/3
f 1884/8/3 1875/8/3 1883/8/3
f 1885/7/3 1884/7/3 1883/7/3
f 1886/7/3 1884/7/3 1885/7/3
f 1887/8/3 1886/8/3 1885/8/3
f 1888/8/3 1886/8/3 1887/8/3
f 1889/7/3 1882/7/3 1881/7/3
f 1890/7/3 1882/7/3 1889/7/3
f 1892/7/3 1882/7/3 1890/7/3
f 1893/7/3 1882/7/3 1892/7/3
f 1894/7/3 1888/7/3 1887/7/3
f 1895/7/3 1888/7/3 1894/7/3
f 1897/7/3 1892/7/3 1891/7/3
f 1898/7/3 1892/7/3 1897/7/3
f 1899/8/3 1895/8/3 1894/8/3
f 1900/8/3 1895/8/3 1899/8/3
f 1903/8/3 1879/8/3 1878/8/3
f 1904/8/3 1879/8/3 1903/8/3
f 1905/7/3 1897/7/3 1896/7/3
f 1906/7/3 1897/7/3 1905/7/3
f 1907/8/3 1901/8/3 1900/8/3
f 1908/8/3 1901/8/3 1907/8/3
f 1911/8/3 1903/8/3 1902/8/3
f 1912/8/3 1903/8/3 1911/8/3
f 1915/8/3 1909/8/3 1908/8/3
f 1916/8/3 1909/8/3 1915/8/3
f 1917/8/3 1911/8/3 1910/8/3
f 1918/8/3 1911/8/3 1917/8/3
f 1919/8/3 1914/8/3 1913/8/3
f 1920/8/3 1914/8/3 1919/8/3
f 1923/8/3 1922/8/3 1921/8/3
f 1924/8/3 1922/8/3 1923/8/3
f 1931/7/3 1926/7/3 1925/7/3
f 1932/7/3 1926/7/3 1931/7/3
f 1935/8/3 1928/8/3 1927/8/3
f 1936/8/3 1928/8/3 1935/8/3
f 1937/8/3 1930/8/3 1929/8/3
f 1938/8/3 1930/8/3 1937/8/3
f 1940/7/3 1933/7/3 1932/7/3
f 1941/7/3 1933/7/3 1940/7/3
f 1943/8/3 1935/8/3 1934/8/3
f 1944/8/3 1935/8/3 1943/8/3
f 1945/8/3 1939/8/3 1938/8/3
f 1946/8/3 1939/8/3 1945/8/3
f 1947/7/3 1933/7/3 1941/7/3
f 1948/7/3 1933/7/3 1947/7/3
f 1949/7/3 1943/7/3 1942/7/3
f 1950/7/3 1943/7/3 1949/7/3
f 1951/7/3 1943/7/3 1950/7/3
f 1955/8/3 1950/8/3 1949/8/3
f 1956/7/3 1951/7/3 1950/7/3
f 1956/8/3 1950/8/3 1955/8/3
f 1957/7/3 1951/7/3 1956/7/3
f 1958/7/3 1955/7/3 1954/7/3
f 1958/8/3 1956/8/3 1955/8/3
f 1958/8/3 1957/8/3 1956/8/3
f 1959/8/3 1957/8/3 1958/8/3
f 1960/7/3 1958/7/3 1954/7/3
f 1960/7/3 1959/7/3 1958/7/3
f 1961/7/3 1959/7/3 1960/7/3
f 1962/7/3 1960/7/3 1954/7/3
f 1963/7/3 1960/7/3 1962/7/3
f 1964/9/3 1961/9/3 1960/9/3
f 1964/7/3 1960/7/3 1963/7/3
f 1965/7/3 1959/7/3 1961/7/3
f 1965/9/3 1961/9/3 1964/9/3
f 1966/7/3 1964/7/3 1963/7/3
f 1966/8/3 1963/8/3 1962/8/3
f 1966/7/3 1965/7/3 1964/7/3
f 1967/7/3 1965/7/3 1966/7/3
f 1968/8/3 1967/8/3 1966/8/3
f 1968/7/3 1965/7/3 1967/7/3
f 1969/7/3 1959/7/3 1965/7/3
f 1969/7/3 1965/7/3 1968/7/3
f 1970/8/3 1968/8/3 1966/8/3
f 1970/8/3 1966/8/3 1962/8/3
f 1970/8/3 1969/8/3 1968/8/3
f 1971/8/3 1969/8/3 1970/8/3
f 1972/8/3 1970/8/3 1962/8/3
f 1973/8/3 1969/8/3 1971/8/3
f 1974/8/3 1969/8/3 1973/8/3
f 1974/8/3 1973/8/3 1972/8/3
f 1975/7/3 1959/7/3 1969/7/3
f 1975/8/3 1969/8/3 1974/8/3
f 1976/8/3 1974/8/3 1972/8/3
f 1976/8/3 1972/8/3 1962/8/3
f 1977/7/3 1975/7/3 1974/7/3
f 1977/8/3 1974/8/3 1976/8/3
f 1978/7/3 1959/7/3 1975/7/3
f 1978/7/3 1975/7/3 1977/7/3
f 1979/7/3 1959/7/3 1978/7/3
f 1980/8/3 1976/8/3 1962/8/3
f 1981/7/3 1977/7/3 1976/7/3
f 1981/8/3 1976/8/3 1980/8/3
f 1981/7/3 1978/7/3 1977/7/3
f 1982/8/3 1979/8/3 1978/8/3
f 1983/7/3 1978/7/3 1981/7/3
f 1983/7/3 1981/7/3 1980/7/3
f 1984/7/3 1978/7/3 1983/7/3
f 1985/8/3 1982/8/3 1978/8/3
f 1985/7/3 1978/7/3 1984/7/3
f 1986/8/3 1982/8/3 1985/8/3
f 1987/7/3 1983/7/3 1980/7/3
f 1988/9/3 1984/9/3 1983/9/3
f 1988/7/3 1983/7/3 1987/7/3
f 1989/7/3 1985/7/3 1984/7/3
f 1989/9/3 1984/9/3 1988/9/3
f 1989/7/3 1986/7/3 1985/7/3
f 1992/7/3 1986/7/3 1989/7/3
f 1993/7/3 1986/7/3 1992/7/3
f 1995/7/3 1991/7/3 1990/7/3
f 1996/7/3 1991/7/3 1995/7/3
f 2000/8/3 1953/8/3 1952/8/3
f 2001/8/3 1953/8/3 2000/8/3
f 2003/7/3 1995/7/3 1994/7/3
f 2004/7/3 1995/7/3 2003/7/3
f 2005/8/3 1998/8/3 1997/8/3
f 2006/8/3 1998/8/3 2005/8/3
f 2009/8/3 2000/8/3 1999/8/3
f 2010/8/3 2000/8/3 2009/8/3
f 2011/7/3 2003/7/3 2002/7/3
f 2012/7/3 2003/7/3 2011/7/3
f 2013/8/3 2007/8/3 2006/8/3
f 2014/8/3 2007/8/3 2013/8/3
f 2015/8/3 2009/8/3 2008/8/3
f 2016/8/3 2009/8/3 2015/8/3
f 2019/9/3 2018/9/3 2017/9/3
f 2020/9/3 2018/9/3 2019/9/3
f 2023/7/3 2022/7/3 2021/7/3
f 2024/7/3 2022/7/3 2023/7/3
f 2031/9/3 2026/9/3 2025/9/3
f 2032/9/3 2026/9/3 2031/9/3
f 2033/7/3 2028/7/3 2027/7/3
f 2034/7/3 2028/7/3 2033/7/3
f 2035/8/3 2030/8/3 2029/8/3
f 2036/8/3 2030/8/3 2035/8/3
f 2039/7/3 2038/7/3 2037/7/3
f 2040/7/3 2038/7/3 2039/7/3
f 2043/7/3 2042/7/3 2041/7/3
f 2044/7/3 2042/7/3 2043/7/3
f 2047/7/3 2046/7/3 2045/7/3
f 2048/7/3 2046/7/3 2047/7/3
f 2054/7/3 2050/7/3 2049/7/3
f 2055/7/3 2050/7/3 2054/7/3
f 2056/7/3 2053/7/3 2052/7/3
f 2056/7/3 2052/7/3 2051/7/3
f 2057/7/3 2053/7/3 2056/7/3
f 2060/7/3 2056/7/3 2051/7/3
f 2061/7/3 2056/7/3 2060/7/3
f 2062/7/3 2053/7/3 2057/7/3
f 2063/7/3 2053/7/3 2062/7/3
f 2065/8/3 2059/8/3 2058/8/3
f 2066/8/3 2059/8/3 2065/8/3
f 2069/7/3 2064/7/3 2063/7/3
f 2070/7/3 2064/7/3 2069/7/3
f 2073/7/3 2068/7/3 2067/7/3
f 2074/7/3 2068/7/3 2073/7/3
f 2080/9/3 2072/9/3 2071/9/3
f 2081/8/3 2076/8/3 2075/8/3
f 2082/9/3 2077/9/3 2076/9/3
f 2082/8/3 2076/8/3 2081/8/3
f 2082/9/3 2078/9/3 2077/9/3
f 2083/8/3 2079/8/3 2078/8/3
f 2083/9/3 2078/9/3 2082/9/3
f 2084/8/3 2079/8/3 2083/8/3
f 2085/9/3 2080/9/3 2071/9/3
f 2086/9/3 2080/9/3 2085/9/3
f 2090/7/3 2088/7/3 2087/7/3
f 2091/7/3 2088/7/3 2090/7/3
f 2092/8/3 2089/8/3 2088/8/3
f 2092/7/3 2088/7/3 2091/7/3
f 2093/8/3 2089/8/3 2092/8/3
f 2096/7/3 2092/7/3 2091/7/3
f 2097/7/3 2092/7/3 2096/7/3
f 2098/7/3 2095/7/3 2094/7/3
f 2099/7/3 2095/7/3 2098/7/3
f 2102/7/3 2101/7/3 2100/7/3
f 2103/7/3 2101/7/3 2102/7/3
f 2106/7/3 2105/7/3 2104/7/3
f 2107/7/3 2105/7/3 2106/7/3
f 2110/7/3 2109/7/3 2108/7/3
f 2111/7/3 2109/7/3 2110/7/3
f 2116/7/3 2113/7/3 2112/7/3
f 2117/7/3 2113/7/3 2116/7/3
f 2118/7/3 2115/7/3 2114/7/3
f 2119/7/3 2115/7/3 2118/7/3
f 2122/7/3 2121/7/3 2120/7/3
f 2123/7/3 2121/7/3 2122/7/3
f 2128/8/3 2125/8/3 2124/8/3
f 2129/8/3 2125/8/3 2128/8/3
f 2130/8/3 2127/8/3 2126/8/3
f 2131/8/3 2127/8/3 2130/8/3
f 2134/7/3 2133/7/3 2132/7/3
f 2135/7/3 2133/7/3 2134/7/3
f 2139/9/3 2137/9/3 2136/9/3
f 2140/8/3 2138/8/3 2137/8/3
f 2140/9/3 2137/9/3 2139/9/3
f 2141/8/3 2138/8/3 2140/8/3
f 2144/6/3 2143/6/3 2142/6/3
f 2145/6/3 2143/6/3 2144/6/3
f 2148/7/3 2147/7/3 2146/7/3
f 2149/7/3 2147/7/3 2148/7/3
f 2152/9/3 2151/9/3 2150/9/3
f 2153/9/3 2151/9/3 2152/9/3
f 2156/4/3 2155/4/3 2154/4/3
f 2157/4/3 2155/4/3 2156/4/3
f 2158/4/3 2155/4/3 2157/4/3
f 2160/4/3 2159/4/3 2158/4/3
f 2160/4/3 2158/4/3 2157/4/3
f 2161/4/3 2159/4/3 2160/4/3
f 2162/4/3 2159/4/3 2161/4/3
f 2165/4/3 2164/4/3 2163/4/3
f 2166/4/3 2164/4/3 2165/4/3
f 2171/5/3 2168/5/3 2167/5/3
f 2172/5/3 2168/5/3 2171/5/3
f 2173/5/3 2170/5/3 2169/5/3
f 2174/5/3 2170/5/3 2173/5/3
f 2177/7/3 2176/7/3 2175/7/3
f 2178/7/3 2176/7/3 2177/7/3
f 2181/9/3 2180/9/3 2179/9/3
f 2182/9/3 2180/9/3 2181/9/3
f 2185/6/3 2184/6/3 2183/6/3
f 2186/6/3 2184/6/3 2185/6/3
f 2189/8/3 2188/8/3 2187/8/3
f 2190/8/3 2188/8/3 2189/8/3
f 2193/9/3 2192/9/3 2191/9/3
f 2194/9/3 2192/9/3 2193/9/3
f 2198/9/3 2196/9/3 2195/9/3
f 2199/8/3 2197/8/3 2196/8/3
f 2199/9/3 2196/9/3 2198/9/3
f 2200/8/3 2197/8/3 2199/8/3
f 2203/8/3 2202/8/3 2201/8/3
f 2204/8/3 2202/8/3 2203/8/3
f 2207/9/3 2206/9/3 2205/9/3
f 2208/9/3 2206/9/3 2207/9/3
f 2209/8/3 2208/8/3 2207/8/3
f 2211/8/3 2210/8/3 2209/8/3
f 2213/8/3 2209/8/3 2207/8/3
f 2213/8/3 2212/8/3 2211/8/3
f 2213/8/3 2211/8/3 2209/8/3
f 2214/8/3 2212/8/3 2213/8/3
f 2215/8/3 2212/8/3 2214/8/3
f 2217/8/3 2216/8/3 2215/8/3
f 2217/8/3 2215/8/3 2214/8/3
f 2218/8/3 2217/8/3 2214/8/3
f 2219/8/3 2217/8/3 2218/8/3
f 2220/8/3 2218/8/3 2214/8/3
f 2221/8/3 2218/8/3 2220/8/3
f 2224/9/3 2223/9/3 2222/9/3
f 2225/9/3 2223/9/3 2224/9/3
f 2226/9/3 2223/9/3 2225/9/3
f 2227/9/3 2226/9/3 2225/9/3
f 2228/9/3 2226/9/3 2227/9/3
f 2231/8/3 2228/8/3 2227/8/3
f 2233/8/3 2230/8/3 2229/8/3
f 2234/8/3 2230/8/3 2233/8/3
f 2235/8/3 2232/8/3 2231/8/3
f 2235/8/3 2231/8/3 2227/8/3
f 2236/8/3 2232/8/3 2235/8/3
f 2239/8/3 2232/8/3 2236/8/3
f 2240/8/3 2232/8/3 2239/8/3
f 2241/8/3 2238/8/3 2237/8/3
f 2242/8/3 2238/8/3 2241/8/3
f 2244/8/3 2243/8/3 2242/8/3
f 2245/8/3 2243/8/3 2244/8/3
f 2246/9/4 2247/9/4 2248/9/4
f 2248/9/4 2247/9/4 2249/9/4
f 2249/9/4 2247/9/4 2250/9/4
f 2249/9/4 2250/9/4 2251/9/4
f 2251/9/4 2250/9/4 2252/9/4
f 2251/8/4 2252/8/4 2255/8/4
f 2253/8/4 2254/8/4 2257/8/4
f 2257/8/4 2254/8/4 2258/8/4
f 2255/8/4 2256/8/4 2259/8/4
f 2251/8/4 2255/8/4 2259/8/4
f 2259/8/4 2256/8/4 2260/8/4
f 2260/8/4 2256/8/4 2263/8/4
f 2263/8/4 2256/8/4 2264/8/4
f 2261/8/4 2262/8/4 2265/8/4
f 2265/8/4 2262/8/4 2266/8/4
f 2266/8/4 2267/8/4 2268/8/4
f 2268/8/4 2267/8/4 2269/8/4
f 2270/9/4 2271/9/4 2272/9/4
f 2272/9/4 2271/9/4 2273/9/4
f 2272/8/4 2273/8/4 2274/8/4
f 2274/8/4 2275/8/4 2276/8/4
f 2272/8/4 2274/8/4 2278/8/4
f 2276/8/4 2277/8/4 2278/8/4
f 2274/8/4 2276/8/4 2278/8/4
f 2278/8/4 2277/8/4 2279/8/4
f 2279/8/4 2277/8/4 2280/8/4
f 2280/8/4 2281/8/4 2282/8/4
f 2279/8/4 2280/8/4 2282/8/4
f 2279/8/4 2282/8/4 2283/8/4
f 2283/8/4 2282/8/4 2284/8/4
f 2279/8/4 2283/8/4 2285/8/4
f 2285/8/4 2283/8/4 2286/8/4
f 2287/8/4 2288/8/4 2289/8/4
f 2289/8/4 2288/8/4 2290/8/4
f 2291/9/4 2292/9/4 2293/9/4
f 2293/9/4 2292/9/4 2294/9/4
f 2295/7/4 2296/7/4 2297/7/4
f 2297/7/4 2296/7/4 2298/7/4
f 2299/8/4 2300/8/4 2301/8/4
f 2301/8/4 2300/8/4 2302/8/4
f 2303/6/4 2304/6/4 2305/6/4
f 2305/6/4 2304/6/4 2306/6/4
f 2307/9/4 2308/9/4 2309/9/4
f 2309/9/4 2308/9/4 2310/9/4
f 2311/9/4 2312/9/4 2313/9/4
f 2313/9/4 2312/9/4 2314/9/4
f 2315/5/4 2316/5/4 2319/5/4
f 2319/5/4 2316/5/4 2320/5/4
f 2317/5/4 2318/5/4 2321/5/4
f 2321/5/4 2318/5/4 2322/5/4
f 2323/4/4 2324/4/4 2325/4/4
f 2325/4/4 2324/4/4 2326/4/4
f 2326/4/4 2327/4/4 2328/4/4
f 2328/4/4 2327/4/4 2329/4/4
f 2330/5/4 2331/5/4 2333/5/4
f 2331/4/4 2332/4/4 2334/4/4
f 2333/5/4 2331/5/4 2334/5/4
f 2334/4/4 2332/4/4 2335/4/4
f 2335/4/4 2332/4/4 2336/4/4
f 2336/4/4 2332/4/4 2337/4/4
f 2337/4/4 2338/4/4 2339/4/4
f 2339/4/4 2338/4/4 2340/4/4
f 2341/8/4 2342/8/4 2343/8/4
f 2343/8/4 2342/8/4 2344/8/4
f 2345/6/4 2346/6/4 2347/6/4
f 2347/6/4 2346/6/4 2348/6/4
f 2349/7/4 2350/7/4 2351/7/4
f 2351/7/4 2350/7/4 2352/7/4
f 2353/7/4 2354/7/4 2355/7/4
f 2355/7/4 2354/7/4 2356/7/4
f 2357/9/4 2358/9/4 2360/9/4
f 2358/8/4 2359/8/4 2361/8/4
f 2360/9/4 2358/9/4 2361/9/4
f 2361/8/4 2359/8/4 2362/8/4
f 2363/7/4 2364/7/4 2366/7/4
f 2366/7/4 2364/7/4 2367/7/4
f 2364/8/4 2365/8/4 2368/8/4
f 2367/7/4 2364/7/4 2368/7/4
f 2368/8/4 2365/8/4 2369/8/4
f 2367/7/4 2368/7/4 2372/7/4
f 2372/7/4 2368/7/4 2373/7/4
f 2370/9/4 2371/9/4 2374/9/4
f 2374/9/4 2371/9/4 2375/9/4
f 2376/7/4 2377/7/4 2378/7/4
f 2378/7/4 2377/7/4 2379/7/4
f 2380/7/4 2381/7/4 2382/7/4
f 2382/7/4 2381/7/4 2383/7/4
f 2384/7/4 2385/7/4 2386/7/4
f 2386/7/4 2385/7/4 2387/7/4
f 2388/7/4 2389/7/4 2392/7/4
f 2392/7/4 2389/7/4 2393/7/4
f 2390/7/4 2391/7/4 2394/7/4
f 2394/7/4 2391/7/4 2395/7/4
f 2396/7/4 2397/7/4 2398/7/4
f 2398/7/4 2397/7/4 2399/7/4
f 2400/8/4 2401/8/4 2404/8/4
f 2404/8/4 2401/8/4 2405/8/4
f 2402/8/4 2403/8/4 2406/8/4
f 2406/8/4 2403/8/4 2407/8/4
f 2408/7/4 2409/7/4 2410/7/4
f 2410/7/4 2409/7/4 2411/7/4
f 2412/7/4 2413/7/4 2418/7/4
f 2418/7/4 2413/7/4 2419/7/4
f 2414/7/4 2415/7/4 2420/7/4
f 2420/7/4 2415/7/4 2421/7/4
f 2416/8/4 2417/8/4 2422/8/4
f 2422/8/4 2417/8/4 2423/8/4
f 2424/7/4 2425/7/4 2426/7/4
f 2426/7/4 2425/7/4 2427/7/4
f 2428/7/4 2429/7/4 2430/7/4
f 2430/7/4 2429/7/4 2431/7/4
f 2432/7/4 2433/7/4 2434/7/4
f 2434/7/4 2433/7/4 2435/7/4
f 2436/7/4 2437/7/4 2441/7/4
f 2441/7/4 2437/7/4 2442/7/4
f 2439/7/4 2440/7/4 2443/7/4
f 2438/7/4 2439/7/4 2443/7/4
f 2443/7/4 2440/7/4 2444/7/4
f 2438/7/4 2443/7/4 2447/7/4
f 2447/7/4 2443/7/4 2448/7/4
f 2444/7/4 2440/7/4 2449/7/4
f 2449/7/4 2440/7/4 2450/7/4
f 2445/8/4 2446/8/4 2452/8/4
f 2452/8/4 2446/8/4 2453/8/4
f 2450/7/4 2451/7/4 2456/7/4
f 2456/7/4 2451/7/4 2457/7/4
f 2454/7/4 2455/7/4 2458/7/4
f 2458/7/4 2455/7/4 2459/7/4
f 2460/8/4 2461/8/4 2464/8/4
f 2462/8/4 2463/8/4 2464/8/4
f 2461/8/4 2462/8/4 2464/8/4
f 2464/8/4 2463/8/4 2465/8/4
f 2466/7/4 2467/7/4 2472/7/4
f 2472/7/4 2467/7/4 2473/7/4
f 2468/8/4 2469/8/4 2476/8/4
f 2476/8/4 2469/8/4 2477/8/4
f 2470/8/4 2471/8/4 2478/8/4
f 2478/8/4 2471/8/4 2479/8/4
f 2473/7/4 2474/7/4 2481/7/4
f 2481/7/4 2474/7/4 2482/7/4
f 2475/8/4 2476/8/4 2484/8/4
f 2484/8/4 2476/8/4 2485/8/4
f 2479/8/4 2480/8/4 2486/8/4
f 2486/8/4 2480/8/4 2487/8/4
f 2482/7/4 2474/7/4 2488/7/4
f 2488/7/4 2474/7/4 2489/7/4
f 2483/7/4 2484/7/4 2490/7/4
f 2490/7/4 2484/7/4 2491/7/4
f 2491/7/4 2484/7/4 2492/7/4
f 2490/8/4 2491/8/4 2496/8/4
f 2491/7/4 2492/7/4 2497/7/4
f 2496/8/4 2491/8/4 2497/8/4
f 2497/7/4 2492/7/4 2498/7/4
f 2495/7/4 2496/7/4 2499/7/4
f 2496/8/4 2497/8/4 2499/8/4
f 2497/8/4 2498/8/4 2499/8/4
f 2499/8/4 2498/8/4 2500/8/4
f 2493/8/4 2494/8/4 2501/8/4
f 2501/8/4 2494/8/4 2502/8/4
f 2499/7/4 2500/7/4 2503/7/4
f 2495/7/4 2499/7/4 2503/7/4
f 2503/7/4 2500/7/4 2504/7/4
f 2501/9/4 2502/9/4 2505/9/4
f 2505/9/4 2502/9/4 2506/9/4
f 2504/7/4 2500/7/4 2507/7/4
f 2503/8/4 2504/8/4 2507/8/4
f 2507/7/4 2500/7/4 2508/7/4
f 2505/8/4 2506/8/4 2509/8/4
f 2508/7/4 2500/7/4 2510/7/4
f 2507/8/4 2508/8/4 2510/8/4
f 2510/7/4 2500/7/4 2511/7/4
f 2503/8/4 2507/8/4 2512/8/4
f 2507/8/4 2510/8/4 2512/8/4
f 2510/8/4 2511/8/4 2512/8/4
f 2512/8/4 2511/8/4 2513/8/4
f 2503/8/4 2512/8/4 2514/8/4
f 2513/8/4 2511/8/4 2515/8/4
f 2515/8/4 2511/8/4 2516/8/4
f 2514/8/4 2515/8/4 2516/8/4
f 2511/7/4 2500/7/4 2517/7/4
f 2516/8/4 2511/8/4 2517/8/4
f 2514/8/4 2516/8/4 2518/8/4
f 2503/8/4 2514/8/4 2518/8/4
f 2516/7/4 2517/7/4 2519/7/4
f 2518/8/4 2516/8/4 2519/8/4
f 2517/7/4 2500/7/4 2520/7/4
f 2519/7/4 2517/7/4 2520/7/4
f 2520/7/4 2500/7/4 2521/7/4
f 2503/8/4 2518/8/4 2522/8/4
f 2518/7/4 2519/7/4 2523/7/4
f 2522/8/4 2518/8/4 2523/8/4
f 2519/7/4 2520/7/4 2523/7/4
f 2520/8/4 2521/8/4 2524/8/4
f 2523/7/4 2520/7/4 2525/7/4
f 2522/7/4 2523/7/4 2525/7/4
f 2525/7/4 2520/7/4 2526/7/4
f 2520/8/4 2524/8/4 2527/8/4
f 2526/7/4 2520/7/4 2527/7/4
f 2527/8/4 2524/8/4 2528/8/4
f 2522/7/4 2525/7/4 2529/7/4
f 2525/9/4 2526/9/4 2530/9/4
f 2529/7/4 2525/7/4 2530/7/4
f 2526/7/4 2527/7/4 2531/7/4
f 2530/9/4 2526/9/4 2531/9/4
f 2527/7/4 2528/7/4 2531/7/4
f 2531/7/4 2528/7/4 2534/7/4
f 2534/7/4 2528/7/4 2535/7/4
f 2532/7/4 2533/7/4 2537/7/4
f 2537/7/4 2533/7/4 2538/7/4
f 2509/8/4 2506/8/4 2542/8/4
f 2542/8/4 2506/8/4 2543/8/4
f 2536/7/4 2537/7/4 2545/7/4
f 2545/7/4 2537/7/4 2546/7/4
f 2539/8/4 2540/8/4 2547/8/4
f 2547/8/4 2540/8/4 2548/8/4
f 2541/8/4 2542/8/4 2551/8/4
f 2551/8/4 2542/8/4 2552/8/4
f 2544/7/4 2545/7/4 2553/7/4
f 2553/7/4 2545/7/4 2554/7/4
f 2548/8/4 2549/8/4 2555/8/4
f 2555/8/4 2549/8/4 2556/8/4
f 2550/8/4 2551/8/4 2557/8/4
f 2557/8/4 2551/8/4 2558/8/4
f 2559/8/4 2560/8/4 2566/8/4
f 2566/8/4 2560/8/4 2567/8/4
f 2561/8/4 2562/8/4 2568/8/4
f 2568/8/4 2562/8/4 2569/8/4
f 2563/7/4 2564/7/4 2571/7/4
f 2571/7/4 2564/7/4 2572/7/4
f 2565/8/4 2566/8/4 2575/8/4
f 2575/8/4 2566/8/4 2576/8/4
f 2569/8/4 2570/8/4 2577/8/4
f 2577/8/4 2570/8/4 2578/8/4
f 2572/7/4 2573/7/4 2580/7/4
f 2580/7/4 2573/7/4 2581/7/4
f 2574/8/4 2575/8/4 2583/8/4
f 2583/8/4 2575/8/4 2584/8/4
f 2578/8/4 2579/8/4 2585/8/4
f 2585/8/4 2579/8/4 2586/8/4
f 2585/9/4 2586/9/4 2587/9/4
f 2587/9/4 2586/9/4 2588/9/4
f 2587/8/4 2588/8/4 2589/8/4
f 2589/8/4 2588/8/4 2590/8/4
f 2590/8/4 2588/8/4 2591/8/4
f 2591/8/4 2588/8/4 2592/8/4
f 2583/7/4 2584/7/4 2593/7/4
f 2593/7/4 2584/7/4 2594/7/4
f 2593/8/4 2594/8/4 2595/8/4
f 2595/8/4 2594/8/4 2596/8/4
f 2581/7/4 2582/7/4 2598/7/4
f 2598/7/4 2582/7/4 2599/7/4
f 2595/7/4 2596/7/4 2600/7/4
f 2600/7/4 2596/7/4 2601/7/4
f 2597/7/4 2598/7/4 2603/7/4
f 2603/7/4 2598/7/4 2604/7/4
f 2600/8/4 2601/8/4 2605/8/4
f 2605/8/4 2601/8/4 2606/8/4
f 2592/8/4 2588/8/4 2609/8/4
f 2609/8/4 2588/8/4 2610/8/4
f 2602/7/4 2603/7/4 2611/7/4
f 2611/7/4 2603/7/4 2612/7/4
f 2606/8/4 2607/8/4 2613/8/4
f 2613/8/4 2607/8/4 2614/8/4
f 2608/8/4 2609/8/4 2617/8/4
f 2617/8/4 2609/8/4 2618/8/4
f 2614/8/4 2615/8/4 2621/8/4
f 2621/8/4 2615/8/4 2622/8/4
f 2616/8/4 2617/8/4 2623/8/4
f 2623/8/4 2617/8/4 2624/8/4
f 2619/8/4 2620/8/4 2625/8/4
f 2625/8/4 2620/8/4 2626/8/4
f 2627/9/4 2628/9/4 2630/9/4
f 2628/8/4 2629/8/4 2631/8/4
f 2630/9/4 2628/9/4 2631/9/4
f 2631/8/4 2629/8/4 2632/8/4
f 2633/9/4 2634/9/4 2638/9/4
f 2638/9/4 2634/9/4 2639/9/4
f 2635/9/4 2636/9/4 2640/9/4
f 2636/8/4 2637/8/4 2641/8/4
f 2640/9/4 2636/9/4 2641/9/4
f 2641/8/4 2637/8/4 2642/8/4
f 2642/7/4 2643/7/4 2644/7/4
f 2641/7/4 2642/7/4 2644/7/4
f 2644/7/4 2643/7/4 2645/7/4
f 2645/7/4 2643/7/4 2646/7/4
f 2645/7/4 2646/7/4 2651/7/4
f 2646/7/4 2647/7/4 2651/7/4
f 2651/7/4 2647/7/4 2652/7/4
f 2649/8/4 2650/8/4 2654/8/4
f 2654/8/4 2650/8/4 2655/8/4
f 2655/8/4 2650/8/4 2656/8/4
f 2652/7/4 2647/7/4 2658/7/4
f 2647/9/4 2648/9/4 2659/9/4
f 2658/7/4 2647/7/4 2659/7/4
f 2659/9/4 2648/9/4 2660/9/4
f 2653/8/4 2654/8/4 2663/8/4
f 2654/7/4 2655/7/4 2664/7/4
f 2663/8/4 2654/8/4 2664/8/4
f 2656/8/4 2657/8/4 2665/8/4
f 2664/7/4 2655/7/4 2665/7/4
f 2655/8/4 2656/8/4 2665/8/4
f 2665/8/4 2657/8/4 2666/8/4
f 2660/7/4 2661/7/4 2668/7/4
f 2659/7/4 2660/7/4 2668/7/4
f 2662/8/4 2663/8/4 2670/8/4
f 2663/7/4 2664/7/4 2671/7/4
f 2670/8/4 2663/8/4 2671/8/4
f 2666/7/4 2667/7/4 2671/7/4
f 2665/7/4 2666/7/4 2671/7/4
f 2664/7/4 2665/7/4 2671/7/4
f 2671/7/4 2667/7/4 2672/7/4
f 2672/7/4 2667/7/4 2673/7/4
f 2673/7/4 2667/7/4 2674/7/4
f 2659/7/4 2668/7/4 2675/7/4
f 2668/7/4 2669/7/4 2675/7/4
f 2658/8/4 2659/8/4 2675/8/4
f 2675/7/4 2669/7/4 2676/7/4
f 2671/8/4 2672/8/4 2677/8/4
f 2670/7/4 2671/7/4 2677/7/4
f 2677/8/4 2672/8/4 2678/8/4
f 2673/8/4 2674/8/4 2679/8/4
f 2674/7/4 2667/7/4 2680/7/4
f 2679/8/4 2674/8/4 2680/8/4
f 2658/8/4 2675/8/4 2681/8/4
f 2675/9/4 2676/9/4 2682/9/4
f 2681/8/4 2675/8/4 2682/8/4
f 2676/7/4 2669/7/4 2683/7/4
f 2682/9/4 2676/9/4 2683/9/4
f 2681/8/4 2682/8/4 2684/8/4
f 2682/7/4 2683/7/4 2684/7/4
f 2683/7/4 2669/7/4 2685/7/4
f 2684/7/4 2683/7/4 2685/7/4
f 2681/8/4 2684/8/4 2686/8/4
f 2684/8/4 2685/8/4 2686/8/4
f 2685/7/4 2669/7/4 2687/7/4
f 2686/8/4 2685/8/4 2687/8/4
f 2681/8/4 2686/8/4 2688/8/4
f 2686/7/4 2687/7/4 2689/7/4
f 2688/8/4 2686/8/4 2689/8/4
f 2687/7/4 2669/7/4 2690/7/4
f 2689/7/4 2687/7/4 2690/7/4
f 2680/7/4 2667/7/4 2691/7/4
f 2691/7/4 2667/7/4 2692/7/4
f 2688/7/4 2689/7/4 2693/7/4
f 2689/9/4 2690/9/4 2693/9/4
f 2690/7/4 2669/7/4 2694/7/4
f 2693/9/4 2690/9/4 2694/9/4
f 2691/9/4 2692/9/4 2697/9/4
f 2697/9/4 2692/9/4 2698/9/4
f 2688/7/4 2693/7/4 2699/7/4
f 2693/7/4 2694/7/4 2699/7/4
f 2694/7/4 2669/7/4 2700/7/4
f 2699/7/4 2694/7/4 2700/7/4
f 2695/8/4 2696/8/4 2701/8/4
f 2701/8/4 2696/8/4 2702/8/4
f 2697/7/4 2698/7/4 2703/7/4
f 2703/7/4 2698/7/4 2704/7/4
f 2699/8/4 2700/8/4 2705/8/4
f 2700/7/4 2669/7/4 2706/7/4
f 2705/8/4 2700/8/4 2706/8/4
f 2703/9/4 2704/9/4 2707/9/4
f 2707/9/4 2704/9/4 2708/9/4
f 2699/8/4 2705/8/4 2709/8/4
f 2705/9/4 2706/9/4 2709/9/4
f 2706/7/4 2669/7/4 2710/7/4
f 2709/9/4 2706/9/4 2710/9/4
f 2699/8/4 2709/8/4 2711/8/4
f 2709/8/4 2710/8/4 2711/8/4
f 2711/8/4 2710/8/4 2712/8/4
f 2711/9/4 2712/9/4 2716/9/4
f 2712/8/4 2710/8/4 2716/8/4
f 2710/7/4 2669/7/4 2717/7/4
f 2716/8/4 2710/8/4 2717/8/4
f 2711/9/4 2716/9/4 2718/9/4
f 2716/9/4 2717/9/4 2718/9/4
f 2717/7/4 2669/7/4 2719/7/4
f 2718/9/4 2717/9/4 2719/9/4
f 2670/7/4 2677/7/4 2720/7/4
f 2707/7/4 2708/7/4 2723/7/4
f 2714/9/4 2715/9/4 2724/9/4
f 2713/9/4 2714/9/4 2724/9/4
f 2724/9/4 2715/9/4 2725/9/4
f 2711/9/4 2718/9/4 2726/9/4
f 2718/7/4 2719/7/4 2727/7/4
f 2726/9/4 2718/9/4 2727/9/4
f 2719/7/4 2669/7/4 2728/7/4
f 2727/7/4 2719/7/4 2728/7/4
f 2728/7/4 2669/7/4 2729/7/4
f 2670/7/4 2720/7/4 2730/7/4
f 2720/8/4 2721/8/4 2731/8/4
f 2730/7/4 2720/7/4 2731/7/4
f 2731/8/4 2721/8/4 2732/8/4
f 2722/8/4 2723/8/4 2735/8/4
f 2723/7/4 2708/7/4 2736/7/4
f 2735/8/4 2723/8/4 2736/8/4
f 2724/8/4 2725/8/4 2737/8/4
f 2727/7/4 2728/7/4 2738/7/4
f 2738/7/4 2728/7/4 2739/7/4
f 2730/8/4 2731/8/4 2740/8/4
f 2731/7/4 2732/7/4 2741/7/4
f 2740/8/4 2731/8/4 2741/8/4
f 2732/7/4 2733/7/4 2741/7/4
f 2741/7/4 2733/7/4 2742/7/4
f 2733/8/4 2734/8/4 2743/8/4
f 2734/7/4 2735/7/4 2744/7/4
f 2743/8/4 2734/8/4 2744/8/4
f 2735/7/4 2736/7/4 2744/7/4
f 2744/7/4 2736/7/4 2745/7/4
f 2736/7/4 2708/7/4 2746/7/4
f 2745/7/4 2736/7/4 2746/7/4
f 2746/7/4 2708/7/4 2747/7/4
f 2713/9/4 2724/9/4 2748/9/4
f 2724/8/4 2737/8/4 2748/8/4
f 2748/8/4 2737/8/4 2749/8/4
f 2726/8/4 2727/8/4 2751/8/4
f 2727/7/4 2738/7/4 2752/7/4
f 2751/8/4 2727/8/4 2752/8/4
f 2752/7/4 2738/7/4 2753/7/4
f 2741/8/4 2742/8/4 2754/8/4
f 2742/7/4 2733/7/4 2755/7/4
f 2754/8/4 2742/8/4 2755/8/4
f 2733/8/4 2743/8/4 2756/8/4
f 2755/7/4 2733/7/4 2756/7/4
f 2744/7/4 2745/7/4 2757/7/4
f 2756/8/4 2743/8/4 2757/8/4
f 2743/7/4 2744/7/4 2757/7/4
f 2745/8/4 2746/8/4 2758/8/4
f 2757/7/4 2745/7/4 2758/7/4
f 2758/8/4 2746/8/4 2759/8/4
f 2748/9/4 2749/9/4 2760/9/4
f 2750/8/4 2751/8/4 2761/8/4
f 2752/9/4 2753/9/4 2762/9/4
f 2751/9/4 2752/9/4 2762/9/4
f 2761/8/4 2751/8/4 2762/8/4
f 2762/9/4 2753/9/4 2763/9/4
f 2755/8/4 2756/8/4 2764/8/4
f 2757/8/4 2758/8/4 2764/8/4
f 2756/8/4 2757/8/4 2764/8/4
f 2764/8/4 2758/8/4 2765/8/4
f 2748/9/4 2760/9/4 2766/9/4
f 2713/9/4 2748/9/4 2766/9/4
f 2760/8/4 2761/8/4 2767/8/4
f 2766/9/4 2760/9/4 2767/9/4
f 2766/8/4 2767/8/4 2768/8/4
f 2767/8/4 2761/8/4 2769/8/4
f 2768/8/4 2767/8/4 2769/8/4
f 2713/9/4 2766/9/4 2770/9/4
f 2766/8/4 2768/8/4 2771/8/4
f 2770/9/4 2766/9/4 2771/9/4
f 2771/8/4 2768/8/4 2772/8/4
f 2773/9/4 2774/9/4 2775/9/4
f 2775/9/4 2774/9/4 2776/9/4
f 2776/9/4 2777/9/4 2778/9/4
f 2778/9/4 2777/9/4 2779/9/4
f 2780/7/4 2781/7/4 2782/7/4
f 2782/7/4 2781/7/4 2783/7/4
f 2784/8/4 2785/8/4 2787/8/4
f 2787/8/4 2785/8/4 2788/8/4
f 2782/8/4 2783/8/4 2790/8/4
f 2790/8/4 2783/8/4 2791/8/4
f 2786/8/4 2787/8/4 2792/8/4
f 2787/7/4 2788/7/4 2792/7/4
f 2792/7/4 2788/7/4 2793/7/4
f 2786/8/4 2792/8/4 2794/8/4
f 2792/9/4 2793/9/4 2794/9/4
f 2793/7/4 2788/7/4 2795/7/4
f 2794/9/4 2793/9/4 2795/9/4
f 2795/7/4 2788/7/4 2796/7/4
f 2796/7/4 2788/7/4 2797/7/4
f 2797/7/4 2788/7/4 2798/7/4
f 2798/7/4 2788/7/4 2799/7/4
f 2788/8/4 2789/8/4 2800/8/4
f 2799/7/4 2788/7/4 2800/7/4
f 2786/8/4 2794/8/4 2801/8/4
f 2794/7/4 2795/7/4 2801/7/4
f 2795/8/4 2796/8/4 2802/8/4
f 2801/7/4 2795/7/4 2802/7/4
f 2796/7/4 2797/7/4 2803/7/4
f 2802/8/4 2796/8/4 2803/8/4
f 2797/8/4 2798/8/4 2804/8/4
f 2803/7/4 2797/7/4 2804/7/4
f 2798/7/4 2799/7/4 2805/7/4
f 2804/8/4 2798/8/4 2805/8/4
f 2799/9/4 2800/9/4 2806/9/4
f 2805/7/4 2799/7/4 2806/7/4
f 2800/8/4 2789/8/4 2807/8/4
f 2806/9/4 2800/9/4 2807/9/4
f 2790/9/4 2791/9/4 2808/9/4
f 2808/9/4 2791/9/4 2809/9/4
f 2803/7/4 2804/7/4 2810/7/4
f 2805/7/4 2806/7/4 2810/7/4
f 2804/7/4 2805/7/4 2810/7/4
f 2806/7/4 2807/7/4 2810/7/4
f 2802/7/4 2803/7/4 2810/7/4
f 2801/8/4 2802/8/4 2810/8/4
f 2810/7/4 2807/7/4 2811/7/4
f 2786/8/4 2801/8/4 2812/8/4
f 2801/8/4 2810/8/4 2812/8/4
f 2810/8/4 2811/8/4 2812/8/4
f 2811/7/4 2807/7/4 2813/7/4
f 2812/8/4 2811/8/4 2813/8/4
f 2813/7/4 2807/7/4 2814/7/4
f 2814/7/4 2807/7/4 2815/7/4
f 2812/7/4 2813/7/4 2816/7/4
f 2813/7/4 2814/7/4 2816/7/4
f 2814/8/4 2815/8/4 2817/8/4
f 2816/7/4 2814/7/4 2817/7/4
f 2815/7/4 2807/7/4 2818/7/4
f 2817/8/4 2815/8/4 2818/8/4
f 2807/8/4 2789/8/4 2819/8/4
f 2818/7/4 2807/7/4 2819/7/4
f 2819/8/4 2789/8/4 2820/8/4
f 2808/7/4 2809/7/4 2821/7/4
f 2821/7/4 2809/7/4 2822/7/4
f 2816/8/4 2817/8/4 2823/8/4
f 2817/7/4 2818/7/4 2824/7/4
f 2823/8/4 2817/8/4 2824/8/4
f 2818/7/4 2819/7/4 2824/7/4
f 2824/7/4 2819/7/4 2825/7/4
f 2819/9/4 2820/9/4 2826/9/4
f 2825/7/4 2819/7/4 2826/7/4
f 2826/9/4 2820/9/4 2827/9/4
f 2816/8/4 2823/8/4 2828/8/4
f 2812/7/4 2816/7/4 2828/7/4
f 2823/7/4 2824/7/4 2829/7/4
f 2828/8/4 2823/8/4 2829/8/4
f 2824/9/4 2825/9/4 2830/9/4
f 2829/7/4 2824/7/4 2830/7/4
f 2825/7/4 2826/7/4 2831/7/4
f 2830/9/4 2825/9/4 2831/9/4
f 2786/8/4 2812/8/4 2832/8/4
f 2828/7/4 2829/7/4 2832/7/4
f 2830/7/4 2831/7/4 2832/7/4
f 2829/7/4 2830/7/4 2832/7/4
f 2812/7/4 2828/7/4 2832/7/4
f 2832/7/4 2831/7/4 2833/7/4
f 2831/7/4 2826/7/4 2834/7/4
f 2833/7/4 2831/7/4 2834/7/4
f 2834/7/4 2826/7/4 2835/7/4
f 2832/9/4 2833/9/4 2836/9/4
f 2833/7/4 2834/7/4 2836/7/4
f 2834/9/4 2835/9/4 2837/9/4
f 2836/7/4 2834/7/4 2837/7/4
f 2835/7/4 2826/7/4 2838/7/4
f 2837/9/4 2835/9/4 2838/9/4
f 2832/9/4 2836/9/4 2839/9/4
f 2836/8/4 2837/8/4 2840/8/4
f 2839/9/4 2836/9/4 2840/9/4
f 2837/7/4 2838/7/4 2841/7/4
f 2840/8/4 2837/8/4 2841/8/4
f 2838/7/4 2826/7/4 2842/7/4
f 2841/7/4 2838/7/4 2842/7/4
f 2826/8/4 2827/8/4 2843/8/4
f 2842/7/4 2826/7/4 2843/7/4
f 2821/8/4 2822/8/4 2844/8/4
f 2844/8/4 2822/8/4 2845/8/4
f 2832/9/4 2839/9/4 2846/9/4
f 2786/8/4 2832/8/4 2846/8/4
f 2841/7/4 2842/7/4 2847/7/4
f 2846/9/4 2839/9/4 2847/9/4
f 2840/7/4 2841/7/4 2847/7/4
f 2839/7/4 2840/7/4 2847/7/4
f 2847/7/4 2842/7/4 2848/7/4
f 2842/9/4 2843/9/4 2849/9/4
f 2848/7/4 2842/7/4 2849/7/4
f 2843/8/4 2827/8/4 2850/8/4
f 2849/9/4 2843/9/4 2850/9/4
f 2848/9/4 2849/9/4 2851/9/4
f 2847/7/4 2848/7/4 2851/7/4
f 2846/7/4 2847/7/4 2851/7/4
f 2849/7/4 2850/7/4 2852/7/4
f 2851/9/4 2849/9/4 2852/9/4
f 2786/8/4 2846/8/4 2853/8/4
f 2846/7/4 2851/7/4 2854/7/4
f 2853/8/4 2846/8/4 2854/8/4
f 2851/7/4 2852/7/4 2854/7/4
f 2850/8/4 2827/8/4 2855/8/4
f 2854/7/4 2852/7/4 2855/7/4
f 2852/7/4 2850/7/4 2855/7/4
f 2855/8/4 2827/8/4 2856/8/4
f 2844/9/4 2845/9/4 2857/9/4
f 2857/9/4 2845/9/4 2858/9/4
f 2854/8/4 2855/8/4 2859/8/4
f 2859/8/4 2855/8/4 2860/8/4
f 2857/7/4 2858/7/4 2861/7/4
f 2861/7/4 2858/7/4 2862/7/4
f 2863/9/4 2864/9/4 2865/9/4
f 2863/9/4 2865/9/4 2867/9/4
f 2865/9/4 2866/9/4 2867/9/4
f 2867/9/4 2866/9/4 2868/9/4
f 2868/9/4 2866/9/4 2869/9/4
f 2869/9/4 2866/9/4 2870/9/4
f 2869/8/4 2870/8/4 2871/8/4
f 2871/8/4 2870/8/4 2872/8/4
f 2871/9/4 2872/9/4 2873/9/4
f 2872/8/4 2870/8/4 2873/8/4
f 2873/8/4 2870/8/4 2874/8/4
f 2871/9/4 2873/9/4 2875/9/4
f 2873/9/4 2874/9/4 2875/9/4
f 2875/9/4 2874/9/4 2876/9/4
f 2875/8/4 2876/8/4 2877/8/4
f 2876/9/4 2874/9/4 2878/9/4
f 2877/8/4 2876/8/4 2878/8/4
f 2878/9/4 2874/9/4 2879/9/4
f 2877/9/4 2878/9/4 2880/9/4
f 2878/8/4 2879/8/4 2881/8/4
f 2880/9/4 2878/9/4 2881/9/4
f 2880/8/4 2881/8/4 2882/8/4
f 2882/8/4 2881/8/4 2885/8/4
f 2881/8/4 2879/8/4 2886/8/4
f 2885/8/4 2881/8/4 2886/8/4
f 2883/8/4 2884/8/4 2887/8/4
f 2887/8/4 2884/8/4 2888/8/4
f 2885/9/4 2886/9/4 2889/9/4
f 2886/8/4 2879/8/4 2890/8/4
f 2889/9/4 2886/9/4 2890/9/4
f 2890/8/4 2879/8/4 2891/8/4
f 2891/8/4 2879/8/4 2892/8/4
f 2893/9/4 2894/9/4 2896/9/4
f 2894/8/4 2895/8/4 2897/8/4
f 2896/9/4 2894/9/4 2897/9/4
f 2897/8/4 2895/8/4 2898/8/4
f 2899/9/4 2900/9/4 2902/9/4
f 2900/8/4 2901/8/4 2903/8/4
f 2902/9/4 2900/9/4 2903/9/4
f 2903/8/4 2901/8/4 2904/8/4
f 2906/8/4 2907/8/4 2910/8/4
f 2905/9/4 2906/9/4 2910/9/4
f 2910/8/4 2907/8/4 2911/8/4
f 2908/8/4 2909/8/4 2912/8/4
f 2912/8/4 2909/8/4 2913/8/4
f 2910/9/4 2911/9/4 2914/9/4
f 2905/9/4 2910/9/4 2914/9/4
f 2914/9/4 2911/9/4 2915/9/4
f 2916/9/4 2917/9/4 2919/9/4
f 2917/9/4 2918/9/4 2919/9/4
f 2919/9/4 2918/9/4 2920/9/4
f 2923/9/4 2924/9/4 2925/9/4
f 2925/9/4 2924/9/4 2926/9/4
f 2921/9/4 2922/9/4 2927/9/4
f 2927/9/4 2922/9/4 2928/9/4
f 2926/9/4 2924/9/4 2929/9/4
f 2929/9/4 2924/9/4 2930/9/4
f 2926/9/4 2929/9/4 2931/9/4
f 2929/8/4 2930/8/4 2932/8/4
f 2931/9/4 2929/9/4 2932/9/4
f 2931/8/4 2932/8/4 2935/8/4
f 2932/8/4 2930/8/4 2935/8/4
f 2933/9/4 2934/9/4 2937/9/4
f 2937/9/4 2934/9/4 2938/9/4
f 2935/8/4 2936/8/4 2939/8/4
f 2933/9/4 2937/9/4 2943/9/4
f 2937/8/4 2938/8/4 2944/8/4
f 2943/9/4 2937/9/4 2944/9/4
f 2944/8/4 2938/8/4 2945/8/4
f 2931/8/4 2935/8/4 2946/8/4
f 2935/8/4 2939/8/4 2946/8/4
f 2939/8/4 2940/8/4 2946/8/4
f 2946/8/4 2940/8/4 2947/8/4
f 2947/8/4 2940/8/4 2948/8/4
f 2941/8/4 2942/8/4 2949/8/4
f 2949/8/4 2942/8/4 2950/8/4
f 2931/8/4 2946/8/4 2951/8/4
f 2951/8/4 2946/8/4 2952/8/4
f 2952/8/4 2946/8/4 2953/8/4
f 2947/8/4 2948/8/4 2954/8/4
f 2948/8/4 2949/8/4 2954/8/4
f 2954/8/4 2949/8/4 2955/8/4
f 2955/8/4 2949/8/4 2956/8/4
f 2950/8/4 2942/8/4 2957/8/4
f 2957/8/4 2942/8/4 2958/8/4
f 2952/8/4 2953/8/4 2959/8/4
f 2954/8/4 2955/8/4 2959/8/4
f 2953/8/4 2954/8/4 2959/8/4
f 2959/8/4 2955/8/4 2960/8/4
f 2960/8/4 2955/8/4 2961/8/4
f 2961/8/4 2955/8/4 2962/8/4
f 2960/8/4 2961/8/4 2967/8/4
f 2967/8/4 2961/8/4 2968/8/4
f 2963/8/4 2964/8/4 2969/8/4
f 2969/8/4 2964/8/4 2970/8/4
f 2965/9/4 2966/9/4 2971/9/4
f 2971/9/4 2966/9/4 2972/9/4
f 2965/9/4 2971/9/4 2973/9/4
f 2971/8/4 2972/8/4 2974/8/4
f 2973/9/4 2971/9/4 2974/9/4
f 2974/8/4 2972/8/4 2975/8/4
f 2976/8/4 2977/8/4 2980/8/4
f 2980/8/4 2977/8/4 2981/8/4
f 2978/8/4 2979/8/4 2982/8/4
f 2982/8/4 2983/8/4 2984/8/4
f 2978/8/4 2982/8/4 2984/8/4
f 2984/8/4 2983/8/4 2985/8/4
f 2992/9/5 2987/9/5 2986/9/5
f 2993/9/5 2989/9/5 2988/9/5
f 2994/9/5 2989/9/5 2993/9/5
f 2995/9/5 2991/9/5 2990/9/5
f 2996/9/5 2991/9/5 2995/9/5
f 2998/9/5 2994/9/5 2993/9/5
f 2998/9/5 2997/9/5 2996/9/5
f 2998/9/5 2996/9/5 2995/9/5
f 2998/9/5 2995/9/5 2994/9/5
f 2998/9/5 2993/9/5 2992/9/5
f 3001/9/5 2992/9/5 2986/9/5
f 3001/9/5 2999/9/5 2998/9/5
f 3001/9/5 2998/9/5 2992/9/5
f 3002/9/5 2999/9/5 3001/9/5
f 3002/9/5 3001/9/5 3000/9/5
f 3004/9/5 3003/9/5 3002/9/5
f 3006/9/5 3004/9/5 3002/9/5
f 3006/9/5 3005/9/5 3004/9/5
f 3007/9/5 3005/9/5 3006/9/5
f 3008/9/5 3006/9/5 3002/9/5
f 3010/9/5 3008/9/5 3002/9/5
f 3010/9/5 3009/9/5 3008/9/5
f 3011/9/5 3009/9/5 3010/9/5
f 3012/9/5 3010/9/5 3002/9/5
f 3014/9/5 3012/9/5 3002/9/5
f 3014/9/5 3013/9/5 3012/9/5
f 3015/9/5 3013/9/5 3014/9/5
f 3016/9/5 3002/9/5 3000/9/5
f 3016/9/5 3014/9/5 3002/9/5
f 3017/9/5 3014/9/5 3016/9/5
f 3018/9/5 3014/9/5 3017/9/5
f 3019/9/5 3014/9/5 3018/9/5
f 3020/9/5 3018/9/5 3017/9/5
f 3021/9/5 3018/9/5 3020/9/5
f 3022/9/5 3018/9/5 3021/9/5
f 3023/9/5 3018/9/5 3022/9/5
f 3024/9/5 3018/9/5 3023/9/5
f 3025/9/5 3018/9/5 3024/9/5
f 3026/9/5 3018/9/5 3025/9/5
f 3027/9/5 3018/9/5 3026/9/5
f 3028/9/5 3018/9/5 3027/9/5
f 3029/9/5 3018/9/5 3028/9/5
f 3030/9/5 3024/9/5 3023/9/5
f 3031/9/5 3024/9/5 3030/9/5
f 3032/9/5 3026/9/5 3025/9/5
f 3033/9/5 3026/9/5 3032/9/5
f 3034/9/5 3028/9/5 3027/9/5
f 3035/9/5 3028/9/5 3034/9/5
f 3039/9/5 3037/9/5 3036/9/5
f 3040/8/5 3038/8/5 3037/8/5
f 3040/9/5 3037/9/5 3039/9/5
f 3041/8/5 3038/8/5 3040/8/5
f 3044/9/5 3043/9/5 3042/9/5
f 3045/9/5 3043/9/5 3044/9/5
f 3049/9/5 3047/9/5 3046/9/5
f 3050/8/5 3048/8/5 3047/8/5
f 3050/9/5 3047/9/5 3049/9/5
f 3051/8/5 3048/8/5 3050/8/5
f 3053/8/5 3050/8/5 3049/8/5
f 3053/8/5 3052/8/5 3051/8/5
f 3053/8/5 3051/8/5 3050/8/5
f 3054/8/5 3052/8/5 3053/8/5
f 3056/8/5 3053/8/5 3049/8/5
f 3057/9/5 3055/9/5 3054/9/5
f 3057/8/5 3053/8/5 3056/8/5
f 3057/9/5 3054/9/5 3053/9/5
f 3058/9/5 3055/9/5 3057/9/5
f 3059/9/5 3055/9/5 3058/9/5
f 3062/9/5 3061/9/5 3060/9/5
f 3063/9/5 3061/9/5 3062/9/5
f 3064/8/5 3063/8/5 3062/8/5
f 3065/8/5 3063/8/5 3064/8/5
f 3068/9/5 3067/9/5 3066/9/5
f 3069/9/5 3067/9/5 3068/9/5
f 3072/8/5 3071/8/5 3070/8/5
f 3073/8/5 3071/8/5 3072/8/5
f 3074/8/5 3071/8/5 3073/8/5
f 3076/7/5 3073/7/5 3072/7/5
f 3077/7/5 3073/7/5 3076/7/5
f 3078/8/5 3075/8/5 3074/8/5
f 3078/7/5 3073/7/5 3077/7/5
f 3078/8/5 3074/8/5 3073/8/5
f 3079/8/5 3075/8/5 3078/8/5
f 3080/8/5 3075/8/5 3079/8/5
f 3086/7/5 3082/7/5 3081/7/5
f 3086/7/5 3083/7/5 3082/7/5
f 3087/8/5 3085/8/5 3084/8/5
f 3087/7/5 3083/7/5 3086/7/5
f 3087/8/5 3084/8/5 3083/8/5
f 3088/8/5 3087/8/5 3086/8/5
f 3089/8/5 3085/8/5 3087/8/5
f 3089/8/5 3087/8/5 3088/8/5
f 3092/9/5 3091/9/5 3090/9/5
f 3093/9/5 3091/9/5 3092/9/5
f 3096/9/5 3095/9/5 3094/9/5
f 3097/9/5 3095/9/5 3096/9/5
f 3101/9/5 3099/9/5 3098/9/5
f 3102/8/5 3100/8/5 3099/8/5
f 3102/9/5 3099/9/5 3101/9/5
f 3103/8/5 3100/8/5 3102/8/5
f 3107/9/5 3105/9/5 3104/9/5
f 3108/8/5 3106/8/5 3105/8/5
f 3108/9/5 3105/9/5 3107/9/5
f 3109/8/5 3106/8/5 3108/8/5
f 3116/8/5 3111/8/5 3110/8/5
f 3117/8/5 3111/8/5 3116/8/5
f 3118/9/5 3113/9/5 3112/9/5
f 3119/8/5 3115/8/5 3114/8/5
f 3119/9/5 3113/9/5 3118/9/5
f 3119/8/5 3114/8/5 3113/8/5
f 3120/8/5 3115/8/5 3119/8/5
f 3124/9/5 3122/9/5 3121/9/5
f 3125/8/5 3123/8/5 3122/8/5
f 3125/9/5 3122/9/5 3124/9/5
f 3126/8/5 3123/8/5 3125/8/5
f 3127/8/5 3123/8/5 3126/8/5
f 3130/8/5 3129/8/5 3128/8/5
f 3131/8/5 3129/8/5 3130/8/5
f 3134/8/5 3133/8/5 3132/8/5
f 3135/8/5 3133/8/5 3134/8/5
f 3139/8/5 3137/8/5 3136/8/5
f 3140/8/5 3139/8/5 3138/8/5
f 3141/8/5 3137/8/5 3139/8/5
f 3141/8/5 3139/8/5 3140/8/5
f 3144/8/5 3143/8/5 3142/8/5
f 3145/8/5 3143/8/5 3144/8/5
f 3148/8/5 3143/8/5 3145/8/5
f 3149/8/5 3143/8/5 3148/8/5
f 3150/8/5 3147/8/5 3146/8/5
f 3151/8/5 3147/8/5 3150/8/5
f 3154/5/5 3153/5/5 3152/5/5
f 3155/5/5 3153/5/5 3154/5/5
f 3159/8/5 3157/8/5 3156/8/5
f 3160/8/5 3157/8/5 3159/8/5
f 3161/8/5 3157/8/5 3160/8/5
f 3162/8/5 3157/8/5 3161/8/5
f 3163/8/5 3159/8/5 3158/8/5
f 3165/8/5 3163/8/5 3158/8/5
f 3165/8/5 3164/8/5 3163/8/5
f 3166/8/5 3164/8/5 3165/8/5
f 3169/5/5 3168/5/5 3167/5/5
f 3170/5/5 3168/5/5 3169/5/5
f 3173/8/5 3172/8/5 3171/8/5
f 3174/8/5 3172/8/5 3173/8/5
f 3177/8/5 3173/8/5 3171/8/5
f 3178/8/5 3173/8/5 3177/8/5
f 3179/8/5 3176/8/5 3175/8/5
f 3180/8/5 3179/8/5 3178/8/5
f 3181/8/5 3176/8/5 3179/8/5
f 3181/8/5 3179/8/5 3180/8/5
f 3185/8/5 3183/8/5 3182/8/5
f 3186/8/5 3183/8/5 3185/8/5
f 3187/8/5 3185/8/5 3184/8/5
f 3189/8/5 3187/8/5 3184/8/5
f 3189/8/5 3188/8/5 3187/8/5
f 3190/8/5 3188/8/5 3189/8/5
f 3195/8/5 3192/8/5 3191/8/5
f 3196/8/5 3192/8/5 3195/8/5
f 3197/7/5 3194/7/5 3193/7/5
f 3198/7/5 3194/7/5 3197/7/5
f 3201/4/5 3200/4/5 3199/4/5
f 3202/4/5 3200/4/5 3201/4/5
f 3205/5/5 3204/5/5 3203/5/5
f 3206/5/5 3204/5/5 3205/5/5
f 3211/8/5 3208/8/5 3207/8/5
f 3212/8/5 3208/8/5 3211/8/5
f 3213/7/5 3210/7/5 3209/7/5
f 3214/7/5 3210/7/5 3213/7/5
f 3217/8/5 3216/8/5 3215/8/5
f 3218/8/5 3216/8/5 3217/8/5
f 3219/8/5 3217/8/5 3215/8/5
f 3220/8/5 3217/8/5 3219/8/5
f 3222/8/5 3221/8/5 3220/8/5
f 3223/8/5 3221/8/5 3222/8/5
f 3229/7/5 3225/7/5 3224/7/5
f 3230/8/5 3226/8/5 3225/8/5
f 3230/7/5 3225/7/5 3229/7/5
f 3231/8/5 3226/8/5 3230/8/5
f 3232/7/5 3228/7/5 3227/7/5
f 3233/7/5 3228/7/5 3232/7/5
f 3235/8/5 3230/8/5 3229/8/5
f 3236/8/5 3230/8/5 3235/8/5
f 3237/7/5 3234/7/5 3233/7/5
f 3238/7/5 3234/7/5 3237/7/5
f 3241/4/5 3240/4/5 3239/4/5
f 3242/4/5 3240/4/5 3241/4/5
f 3243/4/5 3240/4/5 3242/4/5
f 3244/4/5 3240/4/5 3243/4/5
f 3249/8/5 3248/8/5 3247/8/5
f 3250/8/5 3248/8/5 3249/8/5
f 3253/7/5 3246/7/5 3245/7/5
f 3254/7/5 3246/7/5 3253/7/5
f 3255/7/5 3250/7/5 3249/7/5
f 3256/8/5 3251/8/5 3250/8/5
f 3256/7/5 3250/7/5 3255/7/5
f 3257/8/5 3251/8/5 3256/8/5
f 3258/7/5 3253/7/5 3252/7/5
f 3259/7/5 3253/7/5 3258/7/5
f 3263/4/5 3261/4/5 3260/4/5
f 3264/4/5 3261/4/5 3263/4/5
f 3265/4/5 3263/4/5 3262/4/5
f 3266/4/5 3263/4/5 3265/4/5
f 3274/8/5 3268/8/5 3267/8/5
f 3275/7/5 3269/7/5 3268/7/5
f 3275/8/5 3268/8/5 3274/8/5
f 3276/7/5 3269/7/5 3275/7/5
f 3277/7/5 3269/7/5 3276/7/5
f 3278/8/5 3270/8/5 3269/8/5
f 3278/7/5 3269/7/5 3277/7/5
f 3279/7/5 3271/7/5 3270/7/5
f 3279/8/5 3270/8/5 3278/8/5
f 3280/7/5 3271/7/5 3279/7/5
f 3281/8/5 3272/8/5 3271/8/5
f 3281/7/5 3271/7/5 3280/7/5
f 3282/8/5 3272/8/5 3281/8/5
f 3284/7/5 3282/7/5 3281/7/5
f 3285/8/5 3283/8/5 3282/8/5
f 3285/7/5 3282/7/5 3284/7/5
f 3286/8/5 3274/8/5 3273/8/5
f 3287/8/5 3286/8/5 3273/8/5
f 3288/8/5 3287/8/5 3273/8/5
f 3290/8/5 3287/8/5 3288/8/5
f 3291/4/5 3290/4/5 3289/4/5
f 3292/8/5 3287/8/5 3290/8/5
f 3292/4/5 3290/4/5 3291/4/5
f 3294/8/5 3283/8/5 3285/8/5
f 3295/8/5 3287/8/5 3292/8/5
f 3296/8/5 3287/8/5 3295/8/5
f 3303/7/5 3294/7/5 3293/7/5
f 3304/8/5 3283/8/5 3294/8/5
f 3304/7/5 3294/7/5 3303/7/5
f 3305/8/5 3283/8/5 3304/8/5
f 3306/8/5 3297/8/5 3296/8/5
f 3307/7/5 3298/7/5 3297/7/5
f 3307/8/5 3297/8/5 3306/8/5
f 3307/7/5 3299/7/5 3298/7/5
f 3307/7/5 3300/7/5 3299/7/5
f 3308/8/5 3301/8/5 3300/8/5
f 3308/7/5 3300/7/5 3307/7/5
f 3309/7/5 3302/7/5 3301/7/5
f 3309/8/5 3301/8/5 3308/8/5
f 3309/7/5 3303/7/5 3302/7/5
f 3310/8/5 3304/8/5 3303/8/5
f 3310/7/5 3303/7/5 3309/7/5
f 3311/8/5 3304/8/5 3310/8/5
f 3317/8/5 3313/8/5 3312/8/5
f 3318/7/5 3314/7/5 3313/7/5
f 3318/8/5 3313/8/5 3317/8/5
f 3319/7/5 3314/7/5 3318/7/5
f 3320/7/5 3314/7/5 3319/7/5
f 3321/8/5 3315/8/5 3314/8/5
f 3321/7/5 3314/7/5 3320/7/5
f 3322/8/5 3315/8/5 3321/8/5
f 3325/8/5 3317/8/5 3316/8/5
f 3326/8/5 3317/8/5 3325/8/5
f 3327/8/5 3323/8/5 3322/8/5
f 3328/8/5 3323/8/5 3327/8/5
f 3330/8/5 3329/8/5 3328/8/5
f 3331/8/5 3329/8/5 3330/8/5
f 3332/8/5 3325/8/5 3324/8/5
f 3333/8/5 3325/8/5 3332/8/5
f 3336/7/5 3331/7/5 3330/7/5
f 3337/7/5 3331/7/5 3336/7/5
f 3338/8/5 3335/8/5 3334/8/5
f 3339/8/5 3335/8/5 3338/8/5
f 3342/8/5 3337/8/5 3336/8/5
f 3343/8/5 3337/8/5 3342/8/5
f 3344/8/5 3340/8/5 3339/8/5
f 3345/8/5 3340/8/5 3344/8/5
f 3350/8/5 3342/8/5 3341/8/5
f 3351/8/5 3342/8/5 3350/8/5
f 3352/8/5 3346/8/5 3345/8/5
f 3353/7/5 3349/7/5 3348/7/5
f 3353/8/5 3346/8/5 3352/8/5
f 3353/7/5 3347/7/5 3346/7/5
f 3353/7/5 3348/7/5 3347/7/5
f 3354/8/5 3350/8/5 3349/8/5
f 3354/7/5 3349/7/5 3353/7/5
f 3355/8/5 3350/8/5 3354/8/5
f 3360/8/5 3357/8/5 3356/8/5
f 3361/8/5 3357/8/5 3360/8/5
f 3365/8/5 3359/8/5 3358/8/5
f 3366/8/5 3359/8/5 3365/8/5
f 3367/8/5 3363/8/5 3362/8/5
f 3368/8/5 3363/8/5 3367/8/5
f 3370/8/5 3365/8/5 3364/8/5
f 3371/8/5 3365/8/5 3370/8/5
f 3372/8/5 3369/8/5 3368/8/5
f 3373/8/5 3369/8/5 3372/8/5
f 3376/8/5 3375/8/5 3374/8/5
f 3377/8/5 3375/8/5 3376/8/5
f 3382/8/5 3379/8/5 3378/8/5
f 3383/8/5 3379/8/5 3382/8/5
f 3386/8/5 3381/8/5 3380/8/5
f 3387/8/5 3381/8/5 3386/8/5
f 3388/8/5 3384/8/5 3383/8/5
f 3389/8/5 3384/8/5 3388/8/5
f 3392/8/5 3386/8/5 3385/8/5
f 3393/8/5 3386/8/5 3392/8/5
f 3394/8/5 3391/8/5 3390/8/5
f 3395/8/5 3391/8/5 3394/8/5
f 3402/8/5 3397/8/5 3396/8/5
f 3403/8/5 3397/8/5 3402/8/5
f 3404/8/5 3399/8/5 3398/8/5
f 3405/8/5 3399/8/5 3404/8/5
f 3408/8/5 3401/8/5 3400/8/5
f 3409/8/5 3401/8/5 3408/8/5
f 3410/8/5 3407/8/5 3406/8/5
f 3411/8/5 3407/8/5 3410/8/5
f 3414/8/5 3413/8/5 3412/8/5
f 3415/8/5 3413/8/5 3414/8/5
f 3418/8/5 3417/8/5 3416/8/5
f 3419/8/5 3417/8/5 3418/8/5
f 3424/8/5 3421/8/5 3420/8/5
f 3425/8/5 3421/8/5 3424/8/5
f 3430/8/5 3423/8/5 3422/8/5
f 3431/8/5 3423/8/5 3430/8/5
f 3432/8/5 3427/8/5 3426/8/5
f 3433/8/5 3427/8/5 3432/8/5
f 3434/8/5 3429/8/5 3428/8/5
f 3435/8/5 3429/8/5 3434/8/5
f 3438/6/5 3437/6/5 3436/6/5
f 3439/6/5 3437/6/5 3438/6/5
f 3442/6/5 3441/6/5 3440/6/5
f 3443/6/5 3441/6/5 3442/6/5
f 3444/9/6 3445/9/6 3448/9/6
f 3448/9/6 3445/9/6 3449/9/6
f 3446/9/6 3447/9/6 3450/9/6
f 3450/9/6 3451/9/6 3452/9/6
f 3446/9/6 3450/9/6 3452/9/6
f 3452/9/6 3451/9/6 3453/9/6
f 3453/9/6 3451/9/6 3454/9/6
f 3454/9/6 3451/9/6 3455/9/6
f 3456/9/6 3457/9/6 3458/9/6
f 3458/9/6 3457/9/6 3459/9/6
f 3460/9/6 3461/9/6 3462/9/6
f 3462/9/6 3461/9/6 3463/9/6
f 3464/8/6 3465/8/6 3474/8/6
f 3466/9/6 3467/9/6 3475/9/6
f 3467/8/6 3468/8/6 3476/8/6
f 3469/9/6 3470/9/6 3477/9/6
f 3472/8/6 3473/8/6 3478/8/6
f 3471/9/6 3472/9/6 3478/9/6
f 3478/8/6 3473/8/6 3479/8/6
f 3464/8/6 3474/8/6 3483/8/6
f 3474/8/6 3475/8/6 3483/8/6
f 3475/9/6 3467/9/6 3484/9/6
f 3483/8/6 3475/8/6 3484/8/6
f 3476/8/6 3477/8/6 3485/8/6
f 3484/9/6 3467/9/6 3485/9/6
f 3467/8/6 3476/8/6 3485/8/6
f 3477/9/6 3470/9/6 3486/9/6
f 3485/8/6 3477/8/6 3486/8/6
f 3470/8/6 3471/8/6 3487/8/6
f 3486/9/6 3470/9/6 3487/9/6
f 3479/9/6 3480/9/6 3488/9/6
f 3487/8/6 3471/8/6 3488/8/6
f 3478/9/6 3479/9/6 3488/9/6
f 3471/9/6 3478/9/6 3488/9/6
f 3488/9/6 3480/9/6 3489/9/6
f 3489/9/6 3480/9/6 3490/9/6
f 3481/9/6 3482/9/6 3491/9/6
f 3481/9/6 3491/9/6 3492/9/6
f 3492/9/6 3491/9/6 3493/9/6
f 3494/8/6 3495/8/6 3496/8/6
f 3496/8/6 3495/8/6 3497/8/6
f 3496/9/6 3497/9/6 3499/9/6
f 3497/9/6 3498/9/6 3499/9/6
f 3499/9/6 3498/9/6 3500/9/6
f 3496/9/6 3499/9/6 3501/9/6
f 3501/9/6 3499/9/6 3502/9/6
f 3501/8/6 3502/8/6 3504/8/6
f 3502/8/6 3503/8/6 3504/8/6
f 3504/8/6 3503/8/6 3505/8/6
f 3501/8/6 3504/8/6 3506/8/6
f 3506/8/6 3504/8/6 3507/8/6
f 3506/9/6 3507/9/6 3509/9/6
f 3507/9/6 3508/9/6 3509/9/6
f 3509/9/6 3508/9/6 3510/9/6
f 3509/8/6 3510/8/6 3511/8/6
f 3511/8/6 3510/8/6 3512/8/6
f 3509/8/6 3511/8/6 3513/8/6
f 3509/8/6 3513/8/6 3515/8/6
f 3513/8/6 3514/8/6 3515/8/6
f 3515/8/6 3514/8/6 3516/8/6
f 3516/8/6 3514/8/6 3517/8/6
f 3517/8/6 3514/8/6 3518/8/6
f 3516/8/6 3517/8/6 3519/8/6
f 3519/8/6 3517/8/6 3520/8/6
f 3519/9/6 3520/9/6 3521/9/6
f 3521/9/6 3520/9/6 3522/9/6
f 3521/8/6 3522/8/6 3524/8/6
f 3522/8/6 3523/8/6 3524/8/6
f 3524/8/6 3523/8/6 3525/8/6
f 3521/8/6 3524/8/6 3528/8/6
f 3528/8/6 3524/8/6 3529/8/6
f 3526/9/6 3527/9/6 3530/9/6
f 3530/9/6 3527/9/6 3531/9/6
f 3531/9/6 3532/9/6 3533/9/6
f 3533/9/6 3532/9/6 3534/9/6
f 3535/8/6 3536/8/6 3543/8/6
f 3536/9/6 3537/9/6 3544/9/6
f 3543/8/6 3536/8/6 3544/8/6
f 3537/8/6 3538/8/6 3545/8/6
f 3544/9/6 3537/9/6 3545/9/6
f 3538/9/6 3539/9/6 3546/9/6
f 3545/8/6 3538/8/6 3546/8/6
f 3539/8/6 3540/8/6 3547/8/6
f 3541/9/6 3542/9/6 3548/9/6
f 3547/8/6 3540/8/6 3548/8/6
f 3540/9/6 3541/9/6 3548/9/6
f 3548/9/6 3542/9/6 3549/9/6
f 3549/9/6 3542/9/6 3550/9/6
f 3550/9/6 3542/9/6 3551/9/6
f 3551/9/6 3542/9/6 3552/9/6
f 3544/9/6 3545/9/6 3553/9/6
f 3553/9/6 3545/9/6 3554/9/6
f 3546/9/6 3539/9/6 3555/9/6
f 3539/8/6 3547/8/6 3556/8/6
f 3555/9/6 3539/9/6 3556/9/6
f 3556/8/6 3547/8/6 3557/8/6
f 3549/9/6 3550/9/6 3558/9/6
f 3550/8/6 3551/8/6 3559/8/6
f 3558/9/6 3550/9/6 3559/9/6
f 3559/8/6 3551/8/6 3560/8/6
f 3561/9/6 3562/9/6 3563/9/6
f 3563/9/6 3562/9/6 3564/9/6
f 3565/9/6 3566/9/6 3567/9/6
f 3567/9/6 3566/9/6 3568/9/6
f 3569/9/6 3570/9/6 3574/9/6
f 3570/8/6 3571/8/6 3574/8/6
f 3574/8/6 3571/8/6 3575/8/6
f 3575/8/6 3571/8/6 3576/8/6
f 3576/8/6 3571/8/6 3577/8/6
f 3577/8/6 3571/8/6 3578/8/6
f 3571/9/6 3572/9/6 3579/9/6
f 3578/8/6 3571/8/6 3579/8/6
f 3572/8/6 3573/8/6 3580/8/6
f 3579/9/6 3572/9/6 3580/9/6
f 3580/8/6 3573/8/6 3581/8/6
f 3581/8/6 3573/8/6 3582/8/6
f 3569/9/6 3574/9/6 3586/9/6
f 3586/9/6 3574/9/6 3587/9/6
f 3582/8/6 3583/8/6 3588/8/6
f 3581/8/6 3582/8/6 3588/8/6
f 3588/8/6 3583/8/6 3589/8/6
f 3589/8/6 3583/8/6 3590/8/6
f 3590/8/6 3583/8/6 3591/8/6
f 3589/8/6 3590/8/6 3592/8/6
f 3590/9/6 3591/9/6 3593/9/6
f 3592/8/6 3590/8/6 3593/8/6
f 3584/8/6 3585/8/6 3594/8/6
f 3594/8/6 3585/8/6 3595/8/6
f 3593/9/6 3591/9/6 3596/9/6
f 3596/9/6 3591/9/6 3597/9/6
f 3594/7/6 3595/7/6 3598/7/6
f 3598/7/6 3595/7/6 3599/7/6
f 3596/8/6 3597/8/6 3600/8/6
f 3598/9/6 3599/9/6 3601/9/6
f 3601/9/6 3599/9/6 3602/9/6
f 3601/8/6 3602/8/6 3603/8/6
f 3603/8/6 3602/8/6 3604/8/6
f 3600/8/6 3597/8/6 3605/8/6
f 3603/7/6 3604/7/6 3606/7/6
f 3606/7/6 3604/7/6 3607/7/6
f 3605/8/6 3597/8/6 3608/8/6
f 3606/8/6 3607/8/6 3609/8/6
f 3609/8/6 3607/8/6 3610/8/6
f 3608/8/6 3597/8/6 3611/8/6
f 3609/7/6 3610/7/6 3612/7/6
f 3612/7/6 3610/7/6 3613/7/6
f 3611/8/6 3597/8/6 3614/8/6
f 3614/8/6 3597/8/6 3615/8/6
f 3612/8/6 3613/8/6 3616/8/6
f 3616/8/6 3613/8/6 3617/8/6
f 3616/7/6 3617/7/6 3618/7/6
f 3618/7/6 3617/7/6 3619/7/6
f 3618/8/6 3619/8/6 3620/8/6
f 3620/8/6 3619/8/6 3621/8/6
f 3614/9/6 3615/9/6 3622/9/6
f 3622/9/6 3615/9/6 3623/9/6
f 3620/7/6 3621/7/6 3624/7/6
f 3624/7/6 3621/7/6 3625/7/6
f 3622/8/6 3623/8/6 3626/8/6
f 3626/8/6 3623/8/6 3628/8/6
f 3624/8/6 3625/8/6 3629/8/6
f 3629/8/6 3625/8/6 3630/8/6
f 3627/8/6 3628/8/6 3634/8/6
f 3628/8/6 3623/8/6 3635/8/6
f 3634/8/6 3628/8/6 3635/8/6
f 3631/9/6 3632/9/6 3636/9/6
f 3633/8/6 3634/8/6 3643/8/6
f 3631/9/6 3636/9/6 3644/9/6
f 3636/8/6 3637/8/6 3645/8/6
f 3644/9/6 3636/9/6 3645/9/6
f 3637/8/6 3638/8/6 3645/8/6
f 3638/9/6 3639/9/6 3646/9/6
f 3645/8/6 3638/8/6 3646/8/6
f 3641/8/6 3642/8/6 3647/8/6
f 3646/9/6 3639/9/6 3647/9/6
f 3642/8/6 3643/8/6 3647/8/6
f 3639/8/6 3640/8/6 3647/8/6
f 3640/8/6 3641/8/6 3647/8/6
f 3643/8/6 3634/8/6 3648/8/6
f 3647/8/6 3643/8/6 3648/8/6
f 3649/7/6 3650/7/6 3659/7/6
f 3650/8/6 3651/8/6 3660/8/6
f 3659/7/6 3650/7/6 3660/7/6
f 3651/9/6 3652/9/6 3661/9/6
f 3660/8/6 3651/8/6 3661/8/6
f 3652/7/6 3653/7/6 3662/7/6
f 3661/9/6 3652/9/6 3662/9/6
f 3653/8/6 3654/8/6 3663/8/6
f 3662/7/6 3653/7/6 3663/7/6
f 3663/8/6 3654/8/6 3664/8/6
f 3654/9/6 3655/9/6 3665/9/6
f 3664/8/6 3654/8/6 3665/8/6
f 3655/7/6 3656/7/6 3666/7/6
f 3665/9/6 3655/9/6 3666/9/6
f 3666/7/6 3656/7/6 3667/7/6
f 3657/7/6 3658/7/6 3670/7/6
f 3668/8/6 3669/8/6 3671/8/6
f 3671/8/6 3669/8/6 3672/8/6
f 3671/7/6 3672/7/6 3673/7/6
f 3673/7/6 3672/7/6 3674/7/6
f 3674/7/6 3672/7/6 3675/7/6
f 3657/7/6 3670/7/6 3676/7/6
f 3674/8/6 3675/8/6 3677/8/6
f 3677/8/6 3675/8/6 3678/8/6
f 3657/7/6 3676/7/6 3679/7/6
f 3677/7/6 3678/7/6 3680/7/6
f 3680/7/6 3678/7/6 3681/7/6
f 3657/7/6 3679/7/6 3682/7/6
f 3657/7/6 3682/7/6 3683/7/6
f 3680/9/6 3681/9/6 3684/9/6
f 3684/9/6 3681/9/6 3685/9/6
f 3657/7/6 3683/7/6 3686/7/6
f 3684/7/6 3685/7/6 3687/7/6
f 3687/7/6 3685/7/6 3688/7/6
f 3657/7/6 3686/7/6 3689/7/6
f 3657/7/6 3689/7/6 3690/7/6
f 3657/7/6 3690/7/6 3691/7/6
f 3687/9/6 3688/9/6 3692/9/6
f 3692/9/6 3688/9/6 3693/9/6
f 3692/7/6 3693/7/6 3694/7/6
f 3694/7/6 3693/7/6 3695/7/6
f 3694/8/6 3695/8/6 3696/8/6
f 3696/8/6 3695/8/6 3697/8/6
f 3657/7/6 3691/7/6 3698/7/6
f 3698/7/6 3691/7/6 3699/7/6
f 3700/7/6 3701/7/6 3708/7/6
f 3701/8/6 3702/8/6 3709/8/6
f 3708/7/6 3701/7/6 3709/7/6
f 3702/9/6 3703/9/6 3710/9/6
f 3709/8/6 3702/8/6 3710/8/6
f 3703/7/6 3704/7/6 3711/7/6
f 3710/9/6 3703/9/6 3711/9/6
f 3704/8/6 3705/8/6 3712/8/6
f 3711/7/6 3704/7/6 3712/7/6
f 3705/9/6 3706/9/6 3713/9/6
f 3712/8/6 3705/8/6 3713/8/6
f 3706/7/6 3707/7/6 3714/7/6
f 3713/9/6 3706/9/6 3714/9/6
f 3714/7/6 3707/7/6 3715/7/6
f 3716/7/6 3717/7/6 3720/7/6
f 3720/7/6 3717/7/6 3721/7/6
f 3718/7/6 3719/7/6 3722/7/6
f 3722/7/6 3719/7/6 3723/7/6
f 3716/7/6 3720/7/6 3724/7/6
f 3724/7/6 3720/7/6 3725/7/6
f 3723/7/6 3719/7/6 3726/7/6
f 3726/7/6 3719/7/6 3727/7/6
f 3728/7/6 3729/7/6 3732/7/6
f 3732/7/6 3729/7/6 3733/7/6
f 3730/9/6 3731/9/6 3736/9/6
f 3733/9/6 3734/9/6 3737/9/6
f 3732/9/6 3733/9/6 3737/9/6
f 3737/9/6 3734/9/6 3738/9/6
f 3735/7/6 3736/7/6 3739/7/6
f 3736/9/6 3731/9/6 3740/9/6
f 3739/7/6 3736/7/6 3740/7/6
f 3740/9/6 3731/9/6 3741/9/6
f 3742/9/6 3743/9/6 3745/9/6
f 3743/8/6 3744/8/6 3746/8/6
f 3745/9/6 3743/9/6 3746/9/6
f 3742/9/6 3745/9/6 3747/9/6
f 3745/8/6 3746/8/6 3748/8/6
f 3747/9/6 3745/9/6 3748/9/6
f 3746/8/6 3744/8/6 3749/8/6
f 3748/8/6 3746/8/6 3749/8/6
f 3750/7/6 3751/7/6 3755/7/6
f 3755/7/6 3751/7/6 3756/7/6
f 3752/7/6 3753/7/6 3757/7/6
f 3757/7/6 3753/7/6 3758/7/6
f 3754/7/6 3755/7/6 3761/7/6
f 3761/7/6 3755/7/6 3762/7/6
f 3758/7/6 3759/7/6 3763/7/6
f 3763/7/6 3759/7/6 3764/7/6
f 3760/7/6 3761/7/6 3766/7/6
f 3766/7/6 3761/7/6 3767/7/6
f 3764/7/6 3765/7/6 3768/7/6
f 3768/7/6 3765/7/6 3769/7/6
f 3772/7/6 3773/7/6 3774/7/6
f 3774/7/6 3773/7/6 3775/7/6
f 3770/7/6 3771/7/6 3778/7/6
f 3778/7/6 3771/7/6 3779/7/6
f 3775/7/6 3776/7/6 3780/7/6
f 3780/7/6 3776/7/6 3781/7/6
f 3777/7/6 3778/7/6 3784/7/6
f 3784/7/6 3778/7/6 3785/7/6
f 3781/7/6 3782/7/6 3786/7/6
f 3786/7/6 3782/7/6 3787/7/6
f 3783/7/6 3784/7/6 3788/7/6
f 3788/7/6 3784/7/6 3789/7/6
f 3790/9/6 3791/9/6 3793/9/6
f 3791/8/6 3792/8/6 3793/8/6
f 3793/8/6 3792/8/6 3794/8/6
f 3790/9/6 3793/9/6 3795/9/6
f 3793/9/6 3794/9/6 3795/9/6
f 3794/8/6 3792/8/6 3796/8/6
f 3795/9/6 3794/9/6 3796/9/6
f 3796/8/6 3792/8/6 3797/8/6
f 3798/8/6 3799/8/6 3802/8/6
f 3802/8/6 3799/8/6 3803/8/6
f 3800/8/6 3801/8/6 3806/8/6
f 3806/8/6 3801/8/6 3807/8/6
f 3804/8/6 3805/8/6 3808/8/6
f 3808/8/6 3805/8/6 3809/8/6
f 3810/7/6 3811/7/6 3815/7/6
f 3811/9/6 3812/9/6 3816/9/6
f 3815/7/6 3811/7/6 3816/7/6
f 3812/7/6 3813/7/6 3817/7/6
f 3816/9/6 3812/9/6 3817/9/6
f 3817/7/6 3813/7/6 3818/7/6
f 3814/7/6 3815/7/6 3820/7/6
f 3820/7/6 3815/7/6 3821/7/6
f 3818/7/6 3819/7/6 3822/7/6
f 3822/7/6 3819/7/6 3823/7/6
f 3823/7/6 3824/7/6 3827/7/6
f 3827/7/6 3824/7/6 3828/7/6
f 3825/7/6 3826/7/6 3831/7/6
f 3831/7/6 3826/7/6 3832/7/6
f 3831/8/6 3832/8/6 3833/8/6
f 3833/8/6 3832/8/6 3834/8/6
f 3833/7/6 3834/7/6 3835/7/6
f 3835/7/6 3834/7/6 3836/7/6
f 3835/8/6 3836/8/6 3837/8/6
f 3837/8/6 3836/8/6 3838/8/6
f 3829/7/6 3830/7/6 3839/7/6
f 3839/7/6 3830/7/6 3840/7/6
f 3837/7/6 3838/7/6 3841/7/6
f 3841/7/6 3838/7/6 3842/7/6
f 3843/7/6 3844/7/6 3848/7/6
f 3848/7/6 3844/7/6 3849/7/6
f 3845/7/6 3846/7/6 3850/7/6
f 3850/7/6 3846/7/6 3851/7/6
f 3847/7/6 3848/7/6 3852/7/6
f 3852/7/6 3848/7/6 3853/7/6
f 3851/7/6 3852/7/6 3854/7/6
f 3854/7/6 3852/7/6 3855/7/6
f 3856/8/6 3857/8/6 3860/8/6
f 3860/8/6 3857/8/6 3861/8/6
f 3858/8/6 3859/8/6 3864/8/6
f 3864/8/6 3859/8/6 3865/8/6
f 3862/8/6 3863/8/6 3866/8/6
f 3866/8/6 3863/8/6 3867/8/6
f 3870/8/6 3871/8/6 3872/8/6
f 3872/8/6 3871/8/6 3873/8/6
f 3868/8/6 3869/8/6 3874/8/6
f 3874/8/6 3869/8/6 3875/8/6
f 3876/7/6 3877/7/6 3879/7/6
f 3879/7/6 3877/7/6 3880/7/6
f 3880/7/6 3877/7/6 3881/7/6
f 3881/7/6 3877/7/6 3882/7/6
f 3882/7/6 3877/7/6 3883/7/6
f 3883/7/6 3877/7/6 3884/7/6
f 3878/7/6 3879/7/6 3886/7/6
f 3879/7/6 3880/7/6 3886/7/6
f 3886/7/6 3880/7/6 3887/7/6
f 3884/7/6 3885/7/6 3888/7/6
f 3883/7/6 3884/7/6 3888/7/6
f 3888/7/6 3885/7/6 3889/7/6
f 3889/7/6 3885/7/6 3890/7/6
f 3878/7/6 3886/7/6 3892/7/6
f 3892/7/6 3886/7/6 3893/7/6
f 3890/7/6 3891/7/6 3894/7/6
f 3889/7/6 3890/7/6 3894/7/6
f 3894/7/6 3891/7/6 3895/7/6
f 3878/7/6 3892/7/6 3896/7/6
f 3895/7/6 3891/7/6 3897/7/6
f 3897/7/6 3891/7/6 3898/7/6
f 3878/7/6 3896/7/6 3901/7/6
f 3899/5/6 3900/5/6 3902/5/6
f 3902/5/6 3900/5/6 3903/5/6
f 3898/7/6 3891/7/6 3904/7/6
f 3878/7/6 3901/7/6 3905/7/6
f 3904/7/6 3891/7/6 3906/7/6
f 3878/7/6 3905/7/6 3907/7/6
f 3906/7/6 3891/7/6 3909/7/6
f 3878/7/6 3907/7/6 3910/7/6
f 3910/7/6 3911/7/6 3912/7/6
f 3908/7/6 3909/7/6 3915/7/6
f 3909/7/6 3891/7/6 3916/7/6
f 3915/7/6 3909/7/6 3916/7/6
f 3916/7/6 3891/7/6 3917/7/6
f 3912/7/6 3913/7/6 3918/7/6
f 3878/7/6 3910/7/6 3918/7/6
f 3910/7/6 3912/7/6 3918/7/6
f 3918/7/6 3913/7/6 3919/7/6
f 3919/7/6 3913/7/6 3920/7/6
f 3914/7/6 3915/7/6 3923/7/6
f 3915/7/6 3916/7/6 3923/7/6
f 3923/7/6 3916/7/6 3924/7/6
f 3924/7/6 3916/7/6 3925/7/6
f 3921/7/6 3922/7/6 3926/7/6
f 3920/7/6 3921/7/6 3926/7/6
f 3923/7/6 3924/7/6 3926/7/6
f 3922/7/6 3923/7/6 3926/7/6
f 3919/7/6 3920/7/6 3926/7/6
f 3926/7/6 3924/7/6 3927/7/6
f 3928/8/6 3929/8/6 3932/8/6
f 3932/8/6 3929/8/6 3933/8/6
f 3930/8/6 3931/8/6 3934/8/6
f 3934/8/6 3931/8/6 3935/8/6
f 3936/8/6 3937/8/6 3938/8/6
f 3938/8/6 3937/8/6 3939/8/6
f 3940/7/6 3941/7/6 3944/7/6
f 3944/7/6 3941/7/6 3945/7/6
f 3942/7/6 3943/7/6 3946/7/6
f 3946/7/6 3943/7/6 3947/7/6
f 3948/7/6 3949/7/6 3952/7/6
f 3952/7/6 3949/7/6 3953/7/6
f 3950/7/6 3951/7/6 3954/7/6
f 3954/7/6 3951/7/6 3955/7/6
f 3956/8/6 3957/8/6 3958/8/6
f 3958/8/6 3957/8/6 3959/8/6
f 3960/8/6 3961/8/6 3962/8/6
f 3962/8/6 3961/8/6 3963/8/6
f 3964/8/6 3965/8/6 3966/8/6
f 3966/8/6 3965/8/6 3967/8/6
f 3968/8/6 3969/8/6 3970/8/6
f 3970/8/6 3969/8/6 3971/8/6
f 3972/8/6 3973/8/6 3974/8/6
f 3974/8/6 3973/8/6 3975/8/6
f 3976/8/6 3977/8/6 3979/8/6
f 3979/8/6 3977/8/6 3980/8/6
f 3978/8/6 3979/8/6 3982/8/6
f 3980/8/6 3981/8/6 3982/8/6
f 3979/8/6 3980/8/6 3982/8/6
f 3982/8/6 3981/8/6 3983/8/6
f 3983/8/6 3981/8/6 3984/8/6
f 3984/8/6 3981/8/6 3985/8/6
f 3983/8/6 3984/8/6 3986/8/6
f 3983/8/6 3986/8/6 3988/8/6
f 3986/8/6 3987/8/6 3988/8/6
f 3988/8/6 3987/8/6 3989/8/6
f 3983/8/6 3988/8/6 3991/8/6
f 3990/8/6 3991/8/6 3992/8/6
f 3991/8/6 3988/8/6 3993/8/6
f 3992/8/6 3991/8/6 3993/8/6
f 3994/8/6 3995/8/6 3996/8/6
f 3996/8/6 3995/8/6 3997/8/6
f 3997/8/6 3995/8/6 3998/8/6
f 3998/8/6 3999/8/6 4000/8/6
f 4000/8/6 3999/8/6 4001/8/6
f 3997/8/6 3998/8/6 4003/8/6
f 3998/8/6 4000/8/6 4003/8/6
f 4003/8/6 4000/8/6 4004/8/6
f 4002/8/6 4003/8/6 4006/8/6
f 4004/8/6 4005/8/6 4006/8/6
f 4003/8/6 4004/8/6 4006/8/6
f 4006/8/6 4005/8/6 4007/8/6
f 4007/8/6 4005/8/6 4008/8/6
f 4008/8/6 4005/8/6 4009/8/6
f 4007/8/6 4008/8/6 4010/8/6
f 4010/8/6 4008/8/6 4011/8/6
f 4012/4/6 4013/4/6 4014/4/6
f 4014/4/6 4013/4/6 4015/4/6
f 4012/4/6 4014/4/6 4016/4/6
f 4014/10/6 4015/10/6 4017/10/6
f 4016/4/6 4014/4/6 4017/4/6
f 4016/10/6 4017/10/6 4018/10/6
f 4017/10/6 4015/10/6 4019/10/6
f 4018/10/6 4017/10/6 4019/10/6
f 4018/4/6 4019/4/6 4020/4/6
f 4020/4/6 4019/4/6 4021/4/6
f 4022/6/6 4023/6/6 4024/6/6
f 4024/6/6 4023/6/6 4025/6/6
f 4026/8/6 4027/8/6 4032/8/6
f 4032/8/6 4027/8/6 4033/8/6
f 4028/8/6 4029/8/6 4034/8/6
f 4034/8/6 4029/8/6 4035/8/6
f 4030/8/6 4031/8/6 4038/8/6
f 4038/8/6 4031/8/6 4039/8/6
f 4036/8/6 4037/8/6 4040/8/6
f 4040/8/6 4037/8/6 4041/8/6
f 4042/8/6 4043/8/6 4044/8/6
f 4044/8/6 4043/8/6 4045/8/6
f 4046/6/6 4047/6/6 4048/6/6
f 4048/6/6 4047/6/6 4049/6/6
f 4050/8/6 4051/8/6 4052/8/6
f 4052/8/6 4051/8/6 4053/8/6
f 4054/8/6 4055/8/6 4058/8/6
f 4058/8/6 4055/8/6 4059/8/6
f 4056/8/6 4057/8/6 4064/8/6
f 4064/8/6 4057/8/6 4065/8/6
f 4060/8/6 4061/8/6 4066/8/6
f 4066/8/6 4061/8/6 4067/8/6
f 4062/8/6 4063/8/6 4068/8/6
f 4068/8/6 4063/8/6 4069/8/6
f 4070/8/6 4071/8/6 4074/8/6
f 4074/8/6 4071/8/6 4075/8/6
f 4072/8/6 4073/8/6 4079/8/6
f 4079/8/6 4073/8/6 4080/8/6
f 4076/8/6 4077/8/6 4081/8/6
f 4081/8/6 4077/8/6 4082/8/6
f 4078/8/6 4079/8/6 4084/8/6
f 4084/8/6 4079/8/6 4085/8/6
f 4082/8/6 4083/8/6 4086/8/6
f 4086/8/6 4083/8/6 4087/8/6
f 4088/8/6 4089/8/6 4090/8/6
f 4090/8/6 4089/8/6 4091/8/6
f 4091/8/6 4089/8/6 4092/8/6
f 4092/8/6 4089/8/6 4093/8/6
f 4093/8/6 4089/8/6 4094/8/6
f 4094/8/6 4089/8/6 4095/8/6
f 4095/8/6 4089/8/6 4096/8/6
f 4096/8/6 4089/8/6 4097/8/6
f 4098/8/6 4099/8/6 4102/8/6
f 4102/8/6 4099/8/6 4103/8/6
f 4100/8/6 4101/8/6 4106/8/6
f 4106/8/6 4101/8/6 4107/8/6
f 4103/8/6 4104/8/6 4108/8/6
f 4108/8/6 4104/8/6 4109/8/6
f 4105/8/6 4106/8/6 4116/8/6
f 4116/8/6 4106/8/6 4117/8/6
f 4110/8/6 4111/8/6 4118/8/6
f 4111/8/6 4112/8/6 4118/8/6
f 4112/9/6 4113/9/6 4119/9/6
f 4118/8/6 4112/8/6 4119/8/6
f 4114/8/6 4115/8/6 4120/8/6
f 4119/9/6 4113/9/6 4120/9/6
f 4113/8/6 4114/8/6 4120/8/6
f 4120/8/6 4115/8/6 4121/8/6
f 4122/7/6 4123/7/6 4125/7/6
f 4125/7/6 4123/7/6 4126/7/6
f 4124/8/6 4125/8/6 4129/8/6
f 4129/8/6 4125/8/6 4130/8/6
f 4126/8/6 4127/8/6 4131/8/6
f 4131/8/6 4127/8/6 4132/8/6
f 4128/8/6 4129/8/6 4134/8/6
f 4134/8/6 4129/8/6 4135/8/6
f 4132/8/6 4133/8/6 4136/8/6
f 4134/7/6 4135/7/6 4137/7/6
f 4136/8/6 4133/8/6 4138/8/6
f 4138/8/6 4133/8/6 4139/8/6
f 4139/8/6 4133/8/6 4140/8/6
f 4139/9/6 4140/9/6 4141/9/6
f 4141/9/6 4140/9/6 4142/9/6
f 4134/7/6 4137/7/6 4143/7/6
f 4141/8/6 4142/8/6 4144/8/6
f 4144/8/6 4142/8/6 4145/8/6
f 4134/7/6 4143/7/6 4146/7/6
f 4144/9/6 4145/9/6 4147/9/6
f 4147/9/6 4145/9/6 4148/9/6
f 4148/9/6 4145/9/6 4149/9/6
f 4149/9/6 4145/9/6 4150/9/6
f 4134/7/6 4146/7/6 4151/7/6
f 4149/8/6 4150/8/6 4152/8/6
f 4152/8/6 4150/8/6 4153/8/6
f 4152/9/6 4153/9/6 4154/9/6
f 4154/9/6 4153/9/6 4155/9/6
f 4134/7/6 4151/7/6 4156/7/6
f 4154/8/6 4155/8/6 4157/8/6
f 4157/8/6 4155/8/6 4158/8/6
f 4158/8/6 4155/8/6 4159/8/6
f 4134/7/6 4156/7/6 4160/7/6
f 4160/7/6 4156/7/6 4161/7/6
f 4158/9/6 4159/9/6 4162/9/6
f 4162/9/6 4159/9/6 4163/9/6
f 4160/8/6 4161/8/6 4164/8/6
f 4164/8/6 4161/8/6 4165/8/6
f 4162/8/6 4163/8/6 4168/8/6
f 4168/8/6 4163/8/6 4169/8/6
f 4165/8/6 4166/8/6 4170/8/6
f 4170/8/6 4166/8/6 4171/8/6
f 4167/8/6 4168/8/6 4178/8/6
f 4178/8/6 4168/8/6 4179/8/6
f 4171/7/6 4172/7/6 4180/7/6
f 4172/7/6 4173/7/6 4180/7/6
f 4173/7/6 4174/7/6 4180/7/6
f 4174/9/6 4175/9/6 4181/9/6
f 4180/7/6 4174/7/6 4181/7/6
f 4175/7/6 4176/7/6 4182/7/6
f 4181/9/6 4175/9/6 4182/9/6
f 4176/9/6 4177/9/6 4183/9/6
f 4182/7/6 4176/7/6 4183/7/6
f 4177/7/6 4178/7/6 4184/7/6
f 4183/9/6 4177/9/6 4184/9/6
f 4184/7/6 4178/7/6 4185/7/6
f 4186/8/6 4187/8/6 4189/8/6
f 4189/8/6 4187/8/6 4190/8/6
f 4190/8/6 4187/8/6 4191/8/6
f 4188/8/6 4189/8/6 4193/8/6
f 4189/8/6 4190/8/6 4193/8/6
f 4193/8/6 4190/8/6 4194/8/6
f 4194/8/6 4190/8/6 4195/8/6
f 4193/9/6 4194/9/6 4196/9/6
f 4191/8/6 4192/8/6 4197/8/6
f 4197/8/6 4192/8/6 4198/8/6
f 4193/9/6 4196/9/6 4199/9/6
f 4199/9/6 4196/9/6 4200/9/6
f 4197/9/6 4198/9/6 4201/9/6
f 4201/9/6 4198/9/6 4202/9/6
f 4199/7/6 4200/7/6 4203/7/6
f 4199/7/6 4203/7/6 4204/7/6
f 4204/7/6 4203/7/6 4205/7/6
f 4201/8/6 4202/8/6 4206/8/6
f 4204/9/6 4205/9/6 4207/9/6
f 4207/9/6 4205/9/6 4208/9/6
f 4206/8/6 4202/8/6 4209/8/6
f 4209/8/6 4202/8/6 4210/8/6
f 4209/9/6 4210/9/6 4211/9/6
f 4211/9/6 4210/9/6 4212/9/6
f 4211/8/6 4212/8/6 4213/8/6
f 4213/8/6 4212/8/6 4214/8/6
f 4207/7/6 4208/7/6 4215/7/6
f 4215/7/6 4208/7/6 4216/7/6
f 4213/9/6 4214/9/6 4217/9/6
f 4217/9/6 4214/9/6 4218/9/6
f 4215/9/6 4216/9/6 4219/9/6
f 4217/8/6 4218/8/6 4220/8/6
f 4220/8/6 4218/8/6 4221/8/6
f 4215/9/6 4219/9/6 4222/9/6
f 4222/9/6 4219/9/6 4223/9/6
f 4220/9/6 4221/9/6 4224/9/6
f 4224/9/6 4221/9/6 4225/9/6
f 4224/8/6 4225/8/6 4226/8/6
f 4226/8/6 4225/8/6 4227/8/6
f 4222/7/6 4223/7/6 4228/7/6
f 4228/7/6 4223/7/6 4229/7/6
f 4228/8/6 4229/8/6 4231/8/6
f 4229/8/6 4230/8/6 4231/8/6
f 4231/8/6 4230/8/6 4232/8/6
f 4232/8/6 4230/8/6 4233/8/6
f 4227/8/6 4225/8/6 4237/8/6
f 4237/8/6 4225/8/6 4238/8/6
f 4232/8/6 4233/8/6 4239/8/6
f 4233/8/6 4234/8/6 4239/8/6
f 4235/9/6 4236/9/6 4240/9/6
f 4239/8/6 4234/8/6 4240/8/6
f 4234/9/6 4235/9/6 4240/9/6
f 4236/8/6 4237/8/6 4241/8/6
f 4240/9/6 4236/9/6 4241/9/6
f 4241/8/6 4237/8/6 4242/8/6
f 4243/8/6 4244/8/6 4246/8/6
f 4246/8/6 4244/8/6 4247/8/6
f 4247/8/6 4244/8/6 4248/8/6
f 4248/8/6 4244/8/6 4249/8/6
f 4249/8/6 4244/8/6 4250/8/6
f 4250/8/6 4244/8/6 4251/8/6
f 4251/8/6 4244/8/6 4252/8/6
f 4252/8/6 4244/8/6 4253/8/6
f 4253/8/6 4244/8/6 4254/8/6
f 4254/8/6 4244/8/6 4255/8/6
f 4255/8/6 4244/8/6 4256/8/6
f 4245/9/6 4246/9/6 4257/9/6
f 4246/7/6 4247/7/6 4258/7/6
f 4257/9/6 4246/9/6 4258/9/6
f 4258/7/6 4247/7/6 4259/7/6
f 4248/7/6 4249/7/6 4260/7/6
f 4260/7/6 4249/7/6 4261/7/6
f 4250/7/6 4251/7/6 4262/7/6
f 4262/7/6 4251/7/6 4263/7/6
f 4252/7/6 4253/7/6 4264/7/6
f 4264/7/6 4253/7/6 4265/7/6
f 4254/7/6 4255/7/6 4266/7/6
f 4266/7/6 4255/7/6 4267/7/6
f 4257/7/6 4258/7/6 4268/7/6
f 4257/7/6 4268/7/6 4270/7/6
f 4268/7/6 4269/7/6 4270/7/6
f 4270/7/6 4269/7/6 4271/7/6
f 4257/7/6 4270/7/6 4272/7/6
f 4272/7/6 4270/7/6 4273/7/6
f 4272/9/6 4273/9/6 4274/9/6
f 4274/9/6 4273/9/6 4275/9/6
f 4256/8/6 4244/8/6 4276/8/6
f 4276/8/6 4244/8/6 4277/8/6
f 4274/7/6 4275/7/6 4278/7/6
f 4276/9/6 4277/9/6 4280/9/6
f 4280/9/6 4277/9/6 4281/9/6
f 4280/8/6 4281/8/6 4282/8/6
f 4282/8/6 4281/8/6 4283/8/6
f 4278/7/6 4279/7/6 4284/7/6
f 4274/7/6 4278/7/6 4284/7/6
f 4284/7/6 4279/7/6 4285/7/6
f 4282/9/6 4283/9/6 4286/9/6
f 4286/9/6 4283/9/6 4287/9/6
f 4274/7/6 4284/7/6 4288/7/6
f 4288/7/6 4284/7/6 4289/7/6
f 4288/9/6 4289/9/6 4290/9/6
f 4290/9/6 4289/9/6 4291/9/6
f 4290/7/6 4291/7/6 4292/7/6
f 4290/7/6 4292/7/6 4294/7/6
f 4292/7/6 4293/7/6 4294/7/6
f 4294/7/6 4293/7/6 4295/7/6
f 4286/8/6 4287/8/6 4296/8/6
f 4296/8/6 4287/8/6 4297/8/6
f 4290/7/6 4294/7/6 4298/7/6
f 4296/9/6 4297/9/6 4308/9/6
f 4308/9/6 4297/9/6 4309/9/6
f 4290/7/6 4298/7/6 4310/7/6
f 4298/7/6 4299/7/6 4310/7/6
f 4310/7/6 4299/7/6 4311/7/6
f 4311/7/6 4299/7/6 4312/7/6
f 4300/7/6 4301/7/6 4313/7/6
f 4313/7/6 4301/7/6 4314/7/6
f 4302/7/6 4303/7/6 4315/7/6
f 4315/7/6 4303/7/6 4316/7/6
f 4304/7/6 4305/7/6 4317/7/6
f 4317/7/6 4305/7/6 4318/7/6
f 4306/7/6 4307/7/6 4319/7/6
f 4319/7/6 4307/7/6 4320/7/6
f 4308/8/6 4309/8/6 4321/8/6
f 4311/8/6 4312/8/6 4322/8/6
f 4312/8/6 4313/8/6 4322/8/6
f 4313/9/6 4314/9/6 4323/9/6
f 4322/8/6 4313/8/6 4323/8/6
f 4317/8/6 4318/8/6 4324/8/6
f 4323/9/6 4314/9/6 4324/9/6
f 4319/8/6 4320/8/6 4324/8/6
f 4318/8/6 4319/8/6 4324/8/6
f 4320/8/6 4321/8/6 4324/8/6
f 4316/8/6 4317/8/6 4324/8/6
f 4315/8/6 4316/8/6 4324/8/6
f 4314/8/6 4315/8/6 4324/8/6
f 4321/8/6 4309/8/6 4325/8/6
f 4324/8/6 4321/8/6 4325/8/6
f 4326/7/6 4327/7/6 4337/7/6
f 4337/7/6 4327/7/6 4338/7/6
f 4328/7/6 4329/7/6 4339/7/6
f 4339/7/6 4329/7/6 4340/7/6
f 4330/7/6 4331/7/6 4341/7/6
f 4341/7/6 4331/7/6 4342/7/6
f 4332/7/6 4333/7/6 4343/7/6
f 4343/7/6 4333/7/6 4344/7/6
f 4334/8/6 4335/8/6 4345/8/6
f 4343/7/6 4344/7/6 4346/7/6
f 4344/7/6 4345/7/6 4346/7/6
f 4337/7/6 4338/7/6 4346/7/6
f 4339/7/6 4340/7/6 4346/7/6
f 4342/7/6 4343/7/6 4346/7/6
f 4341/7/6 4342/7/6 4346/7/6
f 4340/7/6 4341/7/6 4346/7/6
f 4336/7/6 4337/7/6 4346/7/6
f 4338/7/6 4339/7/6 4346/7/6
f 4346/7/6 4345/7/6 4347/7/6
f 4347/7/6 4345/7/6 4349/7/6
f 4349/7/6 4345/7/6 4350/7/6
f 4350/7/6 4345/7/6 4351/7/6
f 4351/7/6 4345/7/6 4352/7/6
f 4352/7/6 4345/7/6 4353/7/6
f 4348/7/6 4349/7/6 4354/7/6
f 4349/7/6 4350/7/6 4354/7/6
f 4350/9/6 4351/9/6 4354/9/6
f 4351/7/6 4352/7/6 4355/7/6
f 4354/9/6 4351/9/6 4355/9/6
f 4352/9/6 4353/9/6 4356/9/6
f 4355/7/6 4352/7/6 4356/7/6
f 4353/7/6 4345/7/6 4357/7/6
f 4356/9/6 4353/9/6 4357/9/6
f 4357/7/6 4345/7/6 4358/7/6
f 4358/7/6 4345/7/6 4359/7/6
f 4355/7/6 4356/7/6 4360/7/6
f 4354/7/6 4355/7/6 4360/7/6
f 4348/7/6 4354/7/6 4360/7/6
f 4357/7/6 4358/7/6 4360/7/6
f 4356/7/6 4357/7/6 4360/7/6
f 4360/7/6 4358/7/6 4361/7/6
f 4358/9/6 4359/9/6 4362/9/6
f 4361/7/6 4358/7/6 4362/7/6
f 4359/7/6 4345/7/6 4363/7/6
f 4362/9/6 4359/9/6 4363/9/6
f 4360/9/6 4361/9/6 4364/9/6
f 4361/7/6 4362/7/6 4365/7/6
f 4364/9/6 4361/9/6 4365/9/6
f 4362/7/6 4363/7/6 4365/7/6
f 4365/7/6 4363/7/6 4366/7/6
f 4366/7/6 4363/7/6 4367/7/6
f 4367/7/6 4363/7/6 4368/7/6
f 4368/7/6 4363/7/6 4369/7/6
f 4365/7/6 4366/7/6 4370/7/6
f 4366/9/6 4367/9/6 4370/9/6
f 4367/7/6 4368/7/6 4371/7/6
f 4370/9/6 4367/9/6 4371/9/6
f 4368/9/6 4369/9/6 4372/9/6
f 4369/7/6 4363/7/6 4373/7/6
f 4372/9/6 4369/9/6 4373/9/6
f 4373/7/6 4363/7/6 4374/7/6
f 4374/7/6 4363/7/6 4375/7/6
f 4365/7/6 4370/7/6 4377/7/6
f 4370/7/6 4371/7/6 4377/7/6
f 4368/9/6 4372/9/6 4378/9/6
f 4371/7/6 4368/7/6 4378/7/6
f 4377/7/6 4371/7/6 4378/7/6
f 4372/7/6 4373/7/6 4379/7/6
f 4378/9/6 4372/9/6 4379/9/6
f 4373/7/6 4374/7/6 4379/7/6
f 4374/9/6 4375/9/6 4380/9/6
f 4379/7/6 4374/7/6 4380/7/6
f 4375/7/6 4363/7/6 4381/7/6
f 4380/9/6 4375/9/6 4381/9/6
f 4376/7/6 4377/7/6 4382/7/6
f 4379/7/6 4380/7/6 4382/7/6
f 4380/7/6 4381/7/6 4382/7/6
f 4377/7/6 4378/7/6 4382/7/6
f 4378/7/6 4379/7/6 4382/7/6
f 4382/7/6 4381/7/6 4383/7/6
f 4376/7/6 4382/7/6 4384/7/6
f 4384/7/6 4382/7/6 4385/7/6
f 4382/9/6 4383/9/6 4386/9/6
f 4385/7/6 4382/7/6 4386/7/6
f 4386/9/6 4383/9/6 4387/9/6
f 4381/7/6 4363/7/6 4388/7/6
f 4383/7/6 4381/7/6 4388/7/6
f 4388/7/6 4363/7/6 4389/7/6
f 4376/7/6 4384/7/6 4390/7/6
f 4390/7/6 4384/7/6 4391/7/6
f 4384/9/6 4385/9/6 4392/9/6
f 4391/7/6 4384/7/6 4392/7/6
f 4386/7/6 4387/7/6 4393/7/6
f 4392/9/6 4385/9/6 4393/9/6
f 4385/7/6 4386/7/6 4393/7/6
f 4387/9/6 4383/9/6 4394/9/6
f 4393/7/6 4387/7/6 4394/7/6
f 4383/7/6 4388/7/6 4395/7/6
f 4394/9/6 4383/9/6 4395/9/6
f 4388/9/6 4389/9/6 4396/9/6
f 4395/7/6 4388/7/6 4396/7/6
f 4389/7/6 4363/7/6 4397/7/6
f 4396/9/6 4389/9/6 4397/9/6
f 4392/7/6 4393/7/6 4399/7/6
f 4396/7/6 4397/7/6 4399/7/6
f 4394/7/6 4395/7/6 4399/7/6
f 4393/7/6 4394/7/6 4399/7/6
f 4391/7/6 4392/7/6 4399/7/6
f 4395/7/6 4396/7/6 4399/7/6
f 4398/9/6 4399/9/6 4400/9/6
f 4399/7/6 4397/7/6 4401/7/6
f 4400/9/6 4399/9/6 4401/9/6
f 4401/7/6 4397/7/6 4402/7/6
f 4402/7/6 4397/7/6 4403/7/6
f 4403/7/6 4397/7/6 4404/7/6
f 4404/7/6 4397/7/6 4405/7/6
f 4405/7/6 4397/7/6 4406/7/6
f 4397/7/6 4363/7/6 4407/7/6
f 4406/7/6 4397/7/6 4407/7/6
f 4363/7/6 4345/7/6 4408/7/6
f 4407/7/6 4363/7/6 4408/7/6
f 4345/8/6 4335/8/6 4409/8/6
f 4408/7/6 4345/7/6 4409/7/6
f 4401/7/6 4402/7/6 4410/7/6
f 4410/7/6 4402/7/6 4411/7/6
f 4403/7/6 4404/7/6 4412/7/6
f 4412/7/6 4404/7/6 4413/7/6
f 4405/7/6 4406/7/6 4414/7/6
f 4414/7/6 4406/7/6 4415/7/6
f 4407/7/6 4408/7/6 4416/7/6
f 4416/7/6 4408/7/6 4417/7/6
f 4409/8/6 4335/8/6 4418/8/6
f 4418/8/6 4335/8/6 4419/8/6
