# MagicaVoxel @ Ephtracy

# group
o 

# material
mtllib zombie.mtl
usemtl palette

# normals
vn -1 0 0
vn 1 0 0
vn 0 0 1
vn 0 0 -1
vn 0 -1 0
vn 0 1 0

# texcoords
vt 0.861328 0.5
vt 0.892578 0.5
vt 0.904297 0.5
vt 0.919922 0.5
vt 0.923828 0.5
vt 0.931641 0.5
vt 0.935547 0.5
vt 0.939453 0.5
vt 0.947266 0.5
vt 0.951172 0.5
vt 0.955078 0.5
vt 0.958984 0.5
vt 0.962891 0.5
vt 0.966797 0.5
vt 0.970703 0.5
vt 0.974609 0.5
vt 0.982422 0.5
vt 0.986328 0.5
vt 0.990234 0.5
vt 0.994141 0.5

# verts
v -1.6 0.5 -2.98023e-08
v -1.6 0.5 -0.1
v -1.6 0.5 -0.2
v -1.6 0.5 -0.3
v -1.6 0.5 -0.4
v -1.6 0.6 -2.98023e-08
v -1.6 0.6 -0.1
v -1.6 0.6 -0.2
v -1.6 0.6 -0.3
v -1.6 0.6 -0.4
v -1.6 0.8 -2.98023e-08
v -1.6 0.8 -0.4
v -1.5 0.8 -0.1
v -1.5 0.8 -0.3
v -1.5 0.9 -0.1
v -1.5 0.9 -0.3
v -1.3 0.5 -0.1
v -1.3 0.5 -0.3
v -1.3 0.6 -0.1
v -1.3 0.6 -0.3
v -1.1 0.6 -2.98023e-08
v -1.1 0.6 -0.1
v -1.1 0.6 -0.3
v -1.1 0.6 -0.4
v -1.1 0.8 -2.98023e-08
v -1.1 0.8 -0.1
v -1.1 0.8 -0.3
v -1.1 0.8 -0.4
v -1.1 0.9 -0.1
v -1.1 0.9 -0.3
v -1 0.5 -0.1
v -1 0.5 -0.3
v -1 0.6 -0.1
v -1 0.6 -0.3
v -1 0.8 -2.98023e-08
v -1 0.8 -0.1
v -1 0.8 -0.3
v -1 0.8 -0.4
v -1 0.9 -2.98023e-08
v -1 0.9 -0.1
v -1 0.9 -0.3
v -1 0.9 -0.4
v -0.9 0.5 -2.98023e-08
v -0.9 0.5 -0.1
v -0.9 0.5 -0.3
v -0.9 0.5 -0.4
v -0.9 0.6 -2.98023e-08
v -0.9 0.6 -0.1
v -0.9 0.6 -0.3
v -0.9 0.6 -0.4
v -0.8 1.5 -0.1
v -0.8 1.5 -0.2
v -0.8 1.5 -0.4
v -0.8 1.6 -0.1
v -0.8 1.6 -0.2
v -0.8 1.6 -0.3
v -0.8 1.7 -0.1
v -0.8 1.7 -0.2
v -0.8 1.7 -0.3
v -0.8 1.7 -0.4
v -0.7 1.2 -0.1
v -0.7 1.2 -0.4
v -0.7 1.3 0.1
v -0.7 1.3 -2.98023e-08
v -0.7 1.3 -0.1
v -0.7 1.3 -0.2
v -0.7 1.3 -0.3
v -0.7 1.3 -0.4
v -0.7 1.3 -0.5
v -0.7 1.3 -0.6
v -0.7 1.4 0.1
v -0.7 1.4 -2.98023e-08
v -0.7 1.4 -0.1
v -0.7 1.4 -0.2
v -0.7 1.4 -0.3
v -0.7 1.4 -0.4
v -0.7 1.4 -0.5
v -0.7 1.5 -2.98023e-08
v -0.7 1.5 -0.1
v -0.7 1.5 -0.2
v -0.7 1.5 -0.3
v -0.7 1.5 -0.4
v -0.7 1.5 -0.5
v -0.7 1.6 0.1
v -0.7 1.6 -2.98023e-08
v -0.7 1.6 -0.1
v -0.7 1.6 -0.5
v -0.7 1.6 -0.6
v -0.7 1.7 0.1
v -0.7 1.7 -2.98023e-08
v -0.7 1.7 -0.1
v -0.7 1.7 -0.2
v -0.7 1.7 -0.3
v -0.7 1.7 -0.4
v -0.7 1.7 -0.5
v -0.7 1.8 -2.98023e-08
v -0.7 1.8 -0.1
v -0.7 1.8 -0.2
v -0.7 1.8 -0.3
v -0.7 1.8 -0.4
v -0.7 1.9 -2.98023e-08
v -0.7 1.9 -0.1
v -0.7 1.9 -0.2
v -0.7 1.9 -0.4
v -0.7 2 0.1
v -0.7 2 -2.98023e-08
v -0.7 2 -0.3
v -0.7 2 -0.4
v -0.7 2 -0.5
v -0.7 2 -0.6
v -0.7 2.1 -2.98023e-08
v -0.7 2.1 -0.3
v -0.7 2.1 -0.4
v -0.7 2.1 -0.5
v -0.6 -0.8 -2.98023e-08
v -0.6 -0.8 -0.1
v -0.6 -0.8 -0.2
v -0.6 -0.7 0.1
v -0.6 -0.7 -2.98023e-08
v -0.6 -0.7 -0.1
v -0.6 -0.7 -0.2
v -0.6 -0.7 -0.4
v -0.6 -0.6 0.1
v -0.6 -0.6 -2.98023e-08
v -0.6 -0.6 -0.1
v -0.6 -0.6 -0.2
v -0.6 -0.6 -0.3
v -0.6 -0.6 -0.4
v -0.6 -0.5 -0.2
v -0.6 -0.5 -0.3
v -0.6 -0.5 -0.4
v -0.6 -0.4 -0.1
v -0.6 -0.4 -0.2
v -0.6 -0.4 -0.3
v -0.6 -0.3 -0.1
v -0.6 -0.3 -0.2
v -0.6 -0.2 -0.1
v -0.6 -0.2 -0.2
v -0.6 -0.1 -0.2
v -0.6 -0.1 -0.3
v -0.6 0.1 -2.98023e-08
v -0.6 0.1 -0.1
v -0.6 0.1 -0.3
v -0.6 0.1 -0.4
v -0.6 0.2 -2.98023e-08
v -0.6 0.2 -0.1
v -0.6 0.2 -0.3
v -0.6 0.2 -0.4
v -0.6 0.3 -2.98023e-08
v -0.6 0.3 -0.1
v -0.6 0.3 -0.2
v -0.6 0.3 -0.3
v -0.6 0.3 -0.4
v -0.6 0.4 -2.98023e-08
v -0.6 0.4 -0.1
v -0.6 0.4 -0.2
v -0.6 0.4 -0.3
v -0.6 0.4 -0.4
v -0.6 0.5 -2.98023e-08
v -0.6 0.5 -0.1
v -0.6 0.5 -0.2
v -0.6 0.5 -0.4
v -0.6 1.2 0.2
v -0.6 1.2 0.1
v -0.6 1.2 -0.1
v -0.6 1.2 -0.4
v -0.6 1.2 -0.6
v -0.6 1.3 0.2
v -0.6 1.3 0.1
v -0.6 1.3 -2.98023e-08
v -0.6 1.3 -0.1
v -0.6 1.3 -0.4
v -0.6 1.3 -0.5
v -0.6 1.3 -0.6
v -0.6 1.4 0.1
v -0.6 1.4 -0.6
v -0.6 1.4 -0.7
v -0.6 1.5 -0.6
v -0.6 1.5 -0.7
v -0.6 1.6 0.1
v -0.6 1.6 -0.6
v -0.6 1.6 -0.7
v -0.6 1.7 0.2
v -0.6 1.7 0.1
v -0.6 1.7 -0.6
v -0.6 1.7 -0.7
v -0.6 1.8 -0.6
v -0.6 1.8 -0.7
v -0.6 1.9 0.2
v -0.6 1.9 0.1
v -0.6 1.9 -0.6
v -0.6 1.9 -0.7
v -0.6 2 0.2
v -0.6 2 0.1
v -0.6 2 -2.98023e-08
v -0.6 2 -0.5
v -0.6 2 -0.6
v -0.6 2.1 0.2
v -0.6 2.1 -2.98023e-08
v -0.6 2.1 -0.1
v -0.6 2.1 -0.3
v -0.6 2.1 -0.4
v -0.6 2.1 -0.5
v -0.6 2.1 -0.6
v -0.6 2.2 -0.1
v -0.6 2.2 -0.5
v -0.5 -0.8 0.2
v -0.5 -0.8 0.1
v -0.5 -0.8 -2.98023e-08
v -0.5 -0.8 -0.2
v -0.5 -0.8 -0.4
v -0.5 -0.7 0.2
v -0.5 -0.7 0.1
v -0.5 -0.7 -2.98023e-08
v -0.5 -0.7 -0.2
v -0.5 -0.7 -0.4
v -0.5 -0.6 0.2
v -0.5 -0.6 0.1
v -0.5 -0.6 -2.98023e-08
v -0.5 -0.6 -0.1
v -0.5 -0.6 -0.2
v -0.5 -0.6 -0.3
v -0.5 -0.5 -2.98023e-08
v -0.5 -0.5 -0.1
v -0.5 -0.5 -0.2
v -0.5 -0.5 -0.3
v -0.5 -0.5 -0.4
v -0.5 -0.4 -0.1
v -0.5 -0.4 -0.3
v -0.5 -0.4 -0.4
v -0.5 -0.3 -0.1
v -0.5 -0.3 -0.3
v -0.5 -0.3 -0.4
v -0.5 -0.2 -0.1
v -0.5 -0.2 -0.3
v -0.5 -0.2 -0.4
v -0.5 -0.1 -2.98023e-08
v -0.5 -0.1 -0.1
v -0.5 -0.1 -0.3
v -0.5 -0.1 -0.4
v -0.5 0 -0.3
v -0.5 0 -0.4
v -0.5 0.1 -2.98023e-08
v -0.5 0.1 -0.1
v -0.5 0.1 -0.3
v -0.5 0.1 -0.4
v -0.5 0.3 -2.98023e-08
v -0.5 0.3 -0.1
v -0.5 0.4 -2.98023e-08
v -0.5 0.4 -0.1
v -0.5 0.6 0.1
v -0.5 0.6 -2.98023e-08
v -0.5 0.8 -2.98023e-08
v -0.5 0.9 0.1
v -0.5 0.9 -2.98023e-08
v -0.5 1.2 -0.6
v -0.5 1.2 -0.7
v -0.5 1.3 -0.6
v -0.5 1.3 -0.7
v -0.5 1.4 -0.6
v -0.5 1.4 -0.7
v -0.5 1.9 0.2
v -0.5 1.9 0.1
v -0.5 1.9 -0.6
v -0.5 1.9 -0.7
v -0.5 2 0.2
v -0.5 2 0.1
v -0.5 2.1 0.1
v -0.5 2.1 -0.1
v -0.5 2.1 -0.5
v -0.5 2.1 -0.6
v -0.5 2.1 -0.7
v -0.5 2.2 0.1
v -0.5 2.2 -2.98023e-08
v -0.5 2.2 -0.1
v -0.5 2.2 -0.2
v -0.5 2.2 -0.3
v -0.5 2.2 -0.5
v -0.5 2.2 -0.6
v -0.5 2.2 -0.7
v -0.5 2.3 0.1
v -0.5 2.3 -2.98023e-08
v -0.5 2.3 -0.2
v -0.5 2.3 -0.3
v -0.5 2.3 -0.6
v -0.4 0.5 0.1
v -0.4 0.5 -2.98023e-08
v -0.4 0.6 0.1
v -0.4 0.6 -2.98023e-08
v -0.4 0.9 -0.2
v -0.4 0.9 -0.3
v -0.4 1 -0.1
v -0.4 1 -0.2
v -0.4 1.1 0.2
v -0.4 1.1 -2.98023e-08
v -0.4 1.1 -0.1
v -0.4 1.1 -0.2
v -0.4 1.1 -0.3
v -0.4 1.1 -0.5
v -0.4 1.1 -0.6
v -0.4 1.2 0.2
v -0.4 1.2 -2.98023e-08
v -0.4 1.2 -0.1
v -0.4 1.2 -0.2
v -0.4 1.2 -0.3
v -0.4 1.2 -0.5
v -0.4 1.2 -0.6
v -0.4 1.3 0.3
v -0.4 1.3 0.2
v -0.4 1.3 -0.7
v -0.4 1.3 -0.8
v -0.4 1.4 0.3
v -0.4 1.4 0.2
v -0.4 1.5 0.3
v -0.4 1.5 0.2
v -0.4 1.5 -0.7
v -0.4 1.6 0.3
v -0.4 1.6 0.2
v -0.4 1.6 -0.7
v -0.4 1.6 -0.8
v -0.4 1.8 0.3
v -0.4 1.8 0.2
v -0.4 1.8 -0.7
v -0.4 1.8 -0.8
v -0.4 2 -0.7
v -0.4 2 -0.8
v -0.4 2.1 0.2
v -0.4 2.1 0.1
v -0.4 2.1 -0.7
v -0.4 2.1 -0.8
v -0.4 2.2 0.2
v -0.4 2.2 0.1
v -0.4 2.3 0.1
v -0.4 2.3 -2.98023e-08
v -0.4 2.3 -0.1
v -0.4 2.3 -0.2
v -0.4 2.3 -0.3
v -0.4 2.3 -0.4
v -0.4 2.3 -0.5
v -0.4 2.4 0.1
v -0.4 2.4 -0.1
v -0.4 2.4 -0.2
v -0.4 2.4 -0.3
v -0.4 2.4 -0.4
v -0.4 2.4 -0.5
v -0.3 -0.8 0.2
v -0.3 -0.8 0.1
v -0.3 -0.7 0.2
v -0.3 -0.7 0.1
v -0.3 0.2 0.1
v -0.3 0.2 -2.98023e-08
v -0.3 0.3 0.1
v -0.3 0.3 -2.98023e-08
v -0.3 0.4 -2.98023e-08
v -0.3 0.5 0.1
v -0.3 0.5 -2.98023e-08
v -0.3 0.9 -0.1
v -0.3 0.9 -0.2
v -0.3 0.9 -0.3
v -0.3 0.9 -0.4
v -0.3 1 -2.98023e-08
v -0.3 1 -0.1
v -0.3 1 -0.2
v -0.3 1 -0.3
v -0.3 1 -0.4
v -0.3 1 -0.5
v -0.3 1.1 0.3
v -0.3 1.1 0.2
v -0.3 1.1 -2.98023e-08
v -0.3 1.1 -0.1
v -0.3 1.1 -0.3
v -0.3 1.1 -0.5
v -0.3 1.1 -0.6
v -0.3 1.1 -0.7
v -0.3 1.2 0.3
v -0.3 1.2 0.2
v -0.3 1.2 -0.6
v -0.3 1.2 -0.7
v -0.3 1.3 0.3
v -0.3 1.3 0.2
v -0.3 1.8 0.3
v -0.3 1.8 0.2
v -0.3 1.8 -0.7
v -0.3 1.8 -0.8
v -0.3 1.9 0.3
v -0.3 1.9 0.2
v -0.3 1.9 -0.7
v -0.3 1.9 -0.8
v -0.3 2 0.3
v -0.3 2 0.2
v -0.3 2 -0.7
v -0.3 2 -0.8
v -0.3 2.1 0.3
v -0.3 2.1 0.2
v -0.3 2.1 -0.7
v -0.3 2.1 -0.8
v -0.3 2.2 -0.6
v -0.3 2.2 -0.7
v -0.3 2.2 -0.8
v -0.3 2.3 -0.5
v -0.3 2.3 -0.6
v -0.3 2.3 -0.7
v -0.3 2.4 -0.5
v -0.3 2.4 -0.6
v -0.2 0.9 0.1
v -0.2 0.9 -2.98023e-08
v -0.2 0.9 -0.1
v -0.2 0.9 -0.4
v -0.2 0.9 -0.5
v -0.2 1 0.1
v -0.2 1 -2.98023e-08
v -0.2 1 -0.1
v -0.2 1 -0.4
v -0.2 1 -0.5
v -0.2 1.1 0.1
v -0.2 1.1 -2.98023e-08
v -0.1 2.3 -0.5
v -0.1 2.3 -0.6
v -0.1 2.4 -0.5
v -0.1 2.4 -0.6
v 0.1 2 -0.2
v 0.1 2 -0.4
v 0.1 2.1 -0.2
v 0.1 2.1 -0.4
v 0.2 -0.8 0.2
v 0.2 -0.8 0.1
v 0.2 -0.8 -2.98023e-08
v 0.2 -0.8 -0.3
v 0.2 -0.8 -0.4
v 0.2 -0.7 0.2
v 0.2 -0.7 0.1
v 0.2 -0.7 -2.98023e-08
v 0.2 -0.7 -0.3
v 0.2 -0.7 -0.4
v 0.2 -0.6 0.1
v 0.2 -0.6 -2.98023e-08
v 0.2 -0.6 -0.3
v 0.2 -0.6 -0.4
v 0.2 -0.5 -2.98023e-08
v 0.2 -0.5 -0.1
v 0.2 -0.5 -0.3
v 0.2 -0.5 -0.4
v 0.2 -0.4 -0.1
v 0.2 -0.4 -0.2
v 0.2 -0.4 -0.3
v 0.2 -0.3 -0.1
v 0.2 -0.3 -0.2
v 0.2 -0.3 -0.3
v 0.2 -0.2 -0.3
v 0.2 -0.2 -0.4
v 0.2 -0.1 -0.3
v 0.2 -0.1 -0.4
v 0.2 0.1 -0.1
v 0.2 0.1 -0.2
v 0.2 0.1 -0.3
v 0.2 0.1 -0.4
v 0.2 2.1 -0.1
v 0.2 2.1 -0.2
v 0.2 2.1 -0.3
v 0.2 2.1 -0.4
v 0.2 2.2 -0.1
v 0.2 2.2 -0.2
v 0.2 2.2 -0.3
v 0.2 2.2 -0.4
v 0.3 -0.8 -2.98023e-08
v 0.3 -0.8 -0.3
v 0.3 -0.7 0.2
v 0.3 -0.7 0.1
v 0.3 -0.7 -2.98023e-08
v 0.3 -0.7 -0.3
v 0.3 -0.7 -0.4
v 0.3 -0.6 0.2
v 0.3 -0.6 0.1
v 0.3 -0.6 -0.3
v 0.3 -0.6 -0.4
v 0.3 -0.5 -2.98023e-08
v 0.3 -0.5 -0.1
v 0.3 -0.5 -0.3
v 0.3 -0.5 -0.4
v 0.3 -0.4 -0.1
v 0.3 -0.4 -0.3
v 0.3 -0.4 -0.4
v 0.3 -0.3 -2.98023e-08
v 0.3 -0.3 -0.1
v 0.3 -0.3 -0.3
v 0.3 -0.2 -0.3
v 0.3 -0.2 -0.4
v 0.3 -0.1 -2.98023e-08
v 0.3 -0.1 -0.1
v 0.3 0 -2.98023e-08
v 0.3 0 -0.1
v 0.3 0.1 -2.98023e-08
v 0.3 0.1 -0.1
v 0.4 -0.8 0.2
v 0.4 -0.8 0.1
v 0.4 -0.7 0.2
v 0.4 -0.7 0.1
v 0.4 2 -2.98023e-08
v 0.4 2 -0.1
v 0.4 2.1 -2.98023e-08
v 0.4 2.1 -0.1
v 0.4 2.3 -0.5
v 0.4 2.3 -0.6
v 0.4 2.4 -0.5
v 0.4 2.4 -0.6
v 0.5 2 -0.2
v 0.5 2 -0.4
v 0.5 2.1 -0.2
v 0.5 2.1 -0.4
v 0.5 2.2 -0.2
v 0.5 2.2 -0.4
v 1.1 0.5 -0.1
v 1.1 0.5 -0.3
v 1.1 0.6 -0.1
v 1.1 0.6 -0.3
v 1.2 0.6 -2.98023e-08
v 1.2 0.6 -0.1
v 1.2 0.6 -0.3
v 1.2 0.6 -0.4
v 1.2 0.7 -2.98023e-08
v 1.2 0.7 -0.1
v 1.2 0.8 -2.98023e-08
v 1.2 0.8 -0.1
v 1.2 0.8 -0.2
v 1.2 0.8 -0.3
v 1.2 0.8 -0.4
v 1.2 0.9 -0.1
v 1.2 0.9 -0.2
v 1.2 0.9 -0.3
v 1.5 0.5 -2.98023e-08
v 1.5 0.5 -0.1
v 1.5 0.5 -0.2
v 1.5 0.5 -0.3
v 1.5 0.5 -0.4
v 1.5 0.6 -2.98023e-08
v 1.5 0.6 -0.1
v 1.5 0.6 -0.2
v 1.5 0.6 -0.3
v 1.5 0.6 -0.4
v -1.5 0.5 -2.98023e-08
v -1.5 0.5 -0.1
v -1.5 0.5 -0.2
v -1.5 0.5 -0.3
v -1.5 0.5 -0.4
v -1.5 0.6 -2.98023e-08
v -1.5 0.6 -0.1
v -1.5 0.6 -0.2
v -1.5 0.6 -0.3
v -1.5 0.6 -0.4
v -1.2 0.6 -2.98023e-08
v -1.2 0.6 -0.1
v -1.2 0.6 -0.3
v -1.2 0.6 -0.4
v -1.2 0.7 -2.98023e-08
v -1.2 0.7 -0.1
v -1.2 0.8 -2.98023e-08
v -1.2 0.8 -0.1
v -1.2 0.8 -0.2
v -1.2 0.8 -0.3
v -1.2 0.8 -0.4
v -1.2 0.9 -0.1
v -1.2 0.9 -0.2
v -1.2 0.9 -0.3
v -1.1 0.5 -0.1
v -1.1 0.5 -0.3
v -1.1 0.6 -0.1
v -1.1 0.6 -0.3
v -0.4 -0.8 0.2
v -0.4 -0.8 0.1
v -0.4 -0.7 0.2
v -0.4 -0.7 0.1
v -0.3 -0.8 -2.98023e-08
v -0.3 -0.8 -0.3
v -0.3 -0.7 0.2
v -0.3 -0.7 0.1
v -0.3 -0.7 -2.98023e-08
v -0.3 -0.7 -0.1
v -0.3 -0.7 -0.2
v -0.3 -0.7 -0.3
v -0.3 -0.7 -0.4
v -0.3 -0.6 0.2
v -0.3 -0.6 0.1
v -0.3 -0.6 -0.3
v -0.3 -0.6 -0.4
v -0.3 -0.5 -2.98023e-08
v -0.3 -0.5 -0.1
v -0.3 -0.5 -0.3
v -0.3 -0.5 -0.4
v -0.3 -0.4 -2.98023e-08
v -0.3 -0.4 -0.1
v -0.3 -0.4 -0.3
v -0.3 -0.4 -0.4
v -0.3 -0.3 -2.98023e-08
v -0.3 -0.3 -0.1
v -0.3 -0.2 -2.98023e-08
v -0.3 -0.2 -0.1
v -0.3 -0.2 -0.3
v -0.3 -0.2 -0.4
v -0.3 -0.1 -0.1
v -0.3 0 -2.98023e-08
v -0.3 0 -0.1
v -0.3 0.1 -2.98023e-08
v -0.3 0.1 -0.1
v -0.2 -0.8 0.2
v -0.2 -0.8 0.1
v -0.2 -0.8 -2.98023e-08
v -0.2 -0.8 -0.3
v -0.2 -0.8 -0.4
v -0.2 -0.7 0.2
v -0.2 -0.7 0.1
v -0.2 -0.7 -2.98023e-08
v -0.2 -0.7 -0.1
v -0.2 -0.7 -0.2
v -0.2 -0.7 -0.3
v -0.2 -0.7 -0.4
v -0.2 -0.6 0.1
v -0.2 -0.6 -2.98023e-08
v -0.2 -0.6 -0.1
v -0.2 -0.6 -0.2
v -0.2 -0.6 -0.3
v -0.2 -0.6 -0.4
v -0.2 -0.5 -2.98023e-08
v -0.2 -0.5 -0.1
v -0.2 -0.5 -0.3
v -0.2 -0.5 -0.4
v -0.2 -0.4 -0.2
v -0.2 -0.4 -0.3
v -0.2 -0.3 -0.1
v -0.2 -0.3 -0.2
v -0.2 -0.2 -0.2
v -0.2 -0.2 -0.3
v -0.2 -0.2 -0.4
v -0.2 -0.1 -0.1
v -0.2 -0.1 -0.2
v -0.2 -0.1 -0.3
v -0.2 -0.1 -0.4
v -0.2 0 -0.3
v -0.2 0 -0.4
v -0.2 0.1 -0.1
v -0.2 0.1 -0.2
v -0.2 0.1 -0.3
v -0.2 0.1 -0.4
v -0.2 2.3 -0.5
v -0.2 2.3 -0.6
v -0.2 2.4 -0.5
v -0.2 2.4 -0.6
v 0 2 -0.2
v 0 2 -0.3
v 0 2 -0.4
v 0 2.1 -0.2
v 0 2.1 -0.3
v 0 2.1 -0.4
v 0.1 2.1 -2.98023e-08
v 0.1 2.1 -0.1
v 0.1 2.1 -0.2
v 0.1 2.1 -0.3
v 0.1 2.1 -0.4
v 0.1 2.2 0.1
v 0.1 2.2 -2.98023e-08
v 0.1 2.2 -0.1
v 0.1 2.2 -0.2
v 0.1 2.2 -0.3
v 0.1 2.2 -0.4
v 0.1 2.3 0.1
v 0.1 2.3 -2.98023e-08
v 0.1 2.3 -0.2
v 0.1 2.3 -0.4
v 0.1 2.4 0.1
v 0.1 2.4 -2.98023e-08
v 0.1 2.4 -0.2
v 0.2 0.5 0.1
v 0.2 0.5 -2.98023e-08
v 0.2 0.6 0.1
v 0.2 0.6 -2.98023e-08
v 0.2 0.7 0.1
v 0.2 0.7 -2.98023e-08
v 0.2 0.8 0.1
v 0.2 0.8 -2.98023e-08
v 0.2 0.9 0.1
v 0.2 0.9 -0.1
v 0.2 0.9 -0.4
v 0.2 0.9 -0.5
v 0.2 1 0.1
v 0.2 1 -2.98023e-08
v 0.2 1 -0.1
v 0.2 1 -0.4
v 0.2 1 -0.5
v 0.2 1.1 0.1
v 0.2 1.1 -2.98023e-08
v 0.2 2 -2.98023e-08
v 0.2 2 -0.1
v 0.2 2.1 0.1
v 0.2 2.1 -2.98023e-08
v 0.2 2.1 -0.1
v 0.2 2.2 0.1
v 0.2 2.2 -2.98023e-08
v 0.2 2.3 -0.2
v 0.2 2.3 -0.4
v 0.2 2.4 -0.2
v 0.2 2.4 -0.4
v 0.3 -0.8 0.2
v 0.3 -0.8 0.1
v 0.3 -0.7 0.2
v 0.3 -0.7 0.1
v 0.3 0.2 0.1
v 0.3 0.2 -2.98023e-08
v 0.3 0.3 0.1
v 0.3 0.3 -2.98023e-08
v 0.3 0.4 0.1
v 0.3 0.4 -2.98023e-08
v 0.3 0.5 0.1
v 0.3 0.5 -2.98023e-08
v 0.3 0.9 -0.1
v 0.3 0.9 -0.2
v 0.3 0.9 -0.3
v 0.3 0.9 -0.4
v 0.3 1 -2.98023e-08
v 0.3 1 -0.1
v 0.3 1 -0.2
v 0.3 1 -0.3
v 0.3 1 -0.4
v 0.3 1 -0.5
v 0.3 1.1 0.3
v 0.3 1.1 0.2
v 0.3 1.1 -2.98023e-08
v 0.3 1.1 -0.1
v 0.3 1.1 -0.3
v 0.3 1.1 -0.5
v 0.3 1.1 -0.6
v 0.3 1.1 -0.7
v 0.3 1.2 0.3
v 0.3 1.2 0.2
v 0.3 1.2 -0.6
v 0.3 1.2 -0.7
v 0.3 1.3 0.3
v 0.3 1.3 0.2
v 0.3 1.8 0.3
v 0.3 1.8 0.2
v 0.3 1.8 -0.7
v 0.3 1.8 -0.8
v 0.3 1.9 0.3
v 0.3 1.9 0.2
v 0.3 2 0.3
v 0.3 2 0.2
v 0.3 2 -0.7
v 0.3 2 -0.8
v 0.3 2.1 0.3
v 0.3 2.1 0.2
v 0.3 2.1 -0.2
v 0.3 2.1 -0.3
v 0.3 2.1 -0.6
v 0.3 2.1 -0.7
v 0.3 2.2 -0.2
v 0.3 2.2 -0.3
v 0.3 2.2 -0.6
v 0.3 2.2 -0.7
v 0.3 2.3 -0.5
v 0.3 2.3 -0.6
v 0.3 2.4 -0.5
v 0.3 2.4 -0.6
v 0.4 0.9 -0.2
v 0.4 0.9 -0.3
v 0.4 1 -0.1
v 0.4 1 -0.2
v 0.4 1.1 0.2
v 0.4 1.1 -2.98023e-08
v 0.4 1.1 -0.1
v 0.4 1.1 -0.3
v 0.4 1.1 -0.6
v 0.4 1.2 0.2
v 0.4 1.2 -2.98023e-08
v 0.4 1.2 -0.1
v 0.4 1.2 -0.6
v 0.4 1.3 0.3
v 0.4 1.3 0.2
v 0.4 1.3 -0.7
v 0.4 1.3 -0.8
v 0.4 1.4 0.2
v 0.4 1.4 -0.7
v 0.4 1.4 -0.8
v 0.4 1.5 0.2
v 0.4 1.5 -0.7
v 0.4 1.5 -0.8
v 0.4 1.6 0.3
v 0.4 1.6 0.2
v 0.4 1.6 -0.7
v 0.4 1.6 -0.8
v 0.4 1.8 0.3
v 0.4 1.8 0.2
v 0.4 1.8 -0.7
v 0.4 1.8 -0.8
v 0.4 2 -0.2
v 0.4 2 -0.4
v 0.4 2 -0.7
v 0.4 2 -0.8
v 0.4 2.1 0.2
v 0.4 2.1 0.1
v 0.4 2.1 -0.2
v 0.4 2.1 -0.3
v 0.4 2.1 -0.4
v 0.4 2.1 -0.7
v 0.4 2.1 -0.8
v 0.4 2.2 0.2
v 0.4 2.2 0.1
v 0.4 2.2 -0.3
v 0.4 2.2 -0.4
v 0.4 2.2 -0.5
v 0.4 2.2 -0.7
v 0.4 2.2 -0.8
v 0.4 2.3 -0.4
v 0.4 2.3 -0.5
v 0.4 2.4 -0.4
v 0.4 2.4 -0.5
v 0.5 -0.8 0.2
v 0.5 -0.8 0.1
v 0.5 -0.8 -2.98023e-08
v 0.5 -0.8 -0.2
v 0.5 -0.8 -0.3
v 0.5 -0.8 -0.4
v 0.5 -0.7 0.2
v 0.5 -0.7 0.1
v 0.5 -0.7 -2.98023e-08
v 0.5 -0.7 -0.2
v 0.5 -0.7 -0.3
v 0.5 -0.7 -0.4
v 0.5 -0.6 0.2
v 0.5 -0.6 0.1
v 0.5 -0.6 -2.98023e-08
v 0.5 -0.6 -0.1
v 0.5 -0.6 -0.2
v 0.5 -0.6 -0.3
v 0.5 -0.5 -2.98023e-08
v 0.5 -0.5 -0.1
v 0.5 -0.5 -0.2
v 0.5 -0.5 -0.3
v 0.5 -0.5 -0.4
v 0.5 -0.4 -2.98023e-08
v 0.5 -0.4 -0.1
v 0.5 -0.4 -0.3
v 0.5 -0.4 -0.4
v 0.5 -0.3 -0.1
v 0.5 -0.3 -0.3
v 0.5 -0.3 -0.4
v 0.5 -0.2 -2.98023e-08
v 0.5 -0.2 -0.1
v 0.5 -0.1 -2.98023e-08
v 0.5 -0.1 -0.1
v 0.5 -0.1 -0.3
v 0.5 -0.1 -0.4
v 0.5 0 -2.98023e-08
v 0.5 0 -0.1
v 0.5 0 -0.3
v 0.5 0 -0.4
v 0.5 0.1 -2.98023e-08
v 0.5 0.1 -0.1
v 0.5 0.1 -0.3
v 0.5 0.1 -0.4
v 0.5 0.3 -2.98023e-08
v 0.5 0.3 -0.1
v 0.5 0.4 -2.98023e-08
v 0.5 0.4 -0.1
v 0.5 0.8 0.1
v 0.5 0.8 -2.98023e-08
v 0.5 0.9 0.1
v 0.5 0.9 -2.98023e-08
v 0.5 1.2 -0.6
v 0.5 1.2 -0.7
v 0.5 1.3 -0.6
v 0.5 1.3 -0.7
v 0.5 1.4 -0.6
v 0.5 1.4 -0.7
v 0.5 1.9 -0.6
v 0.5 1.9 -0.7
v 0.5 2 -0.6
v 0.5 2 -0.7
v 0.5 2.1 -0.1
v 0.5 2.1 -0.2
v 0.5 2.1 -0.5
v 0.5 2.1 -0.6
v 0.5 2.1 -0.7
v 0.5 2.2 -0.1
v 0.5 2.2 -0.2
v 0.5 2.2 -0.5
v 0.5 2.2 -0.6
v 0.5 2.2 -0.7
v 0.5 2.3 -0.6
v 0.5 2.3 -0.7
v 0.5 2.4 -0.5
v 0.5 2.4 -0.6
v 0.6 -0.8 -2.98023e-08
v 0.6 -0.8 -0.1
v 0.6 -0.8 -0.2
v 0.6 -0.7 0.1
v 0.6 -0.7 -2.98023e-08
v 0.6 -0.7 -0.1
v 0.6 -0.7 -0.2
v 0.6 -0.7 -0.4
v 0.6 -0.6 0.1
v 0.6 -0.6 -2.98023e-08
v 0.6 -0.6 -0.1
v 0.6 -0.6 -0.2
v 0.6 -0.6 -0.3
v 0.6 -0.5 -0.2
v 0.6 -0.5 -0.3
v 0.6 -0.5 -0.4
v 0.6 -0.4 -0.1
v 0.6 -0.4 -0.2
v 0.6 -0.4 -0.3
v 0.6 -0.3 -0.1
v 0.6 -0.3 -0.2
v 0.6 -0.1 -0.1
v 0.6 -0.1 -0.2
v 0.6 0.1 -2.98023e-08
v 0.6 0.1 -0.1
v 0.6 0.1 -0.2
v 0.6 0.1 -0.3
v 0.6 0.1 -0.4
v 0.6 0.2 -2.98023e-08
v 0.6 0.2 -0.1
v 0.6 0.2 -0.2
v 0.6 0.2 -0.3
v 0.6 0.2 -0.4
v 0.6 0.3 -2.98023e-08
v 0.6 0.3 -0.1
v 0.6 0.3 -0.2
v 0.6 0.3 -0.3
v 0.6 0.3 -0.4
v 0.6 0.4 -2.98023e-08
v 0.6 0.4 -0.1
v 0.6 0.4 -0.2
v 0.6 0.4 -0.3
v 0.6 0.4 -0.4
v 0.6 0.5 -2.98023e-08
v 0.6 0.5 -0.1
v 0.6 0.5 -0.3
v 0.6 0.5 -0.4
v 0.6 1.2 0.2
v 0.6 1.2 0.1
v 0.6 1.2 -0.1
v 0.6 1.2 -0.4
v 0.6 1.2 -0.6
v 0.6 1.3 0.2
v 0.6 1.3 0.1
v 0.6 1.3 -2.98023e-08
v 0.6 1.3 -0.1
v 0.6 1.3 -0.4
v 0.6 1.3 -0.5
v 0.6 1.3 -0.6
v 0.6 1.4 -0.6
v 0.6 1.4 -0.7
v 0.6 1.5 -0.6
v 0.6 1.5 -0.7
v 0.6 1.6 0.1
v 0.6 1.7 0.1
v 0.6 1.7 -0.6
v 0.6 1.7 -0.7
v 0.6 1.8 -0.6
v 0.6 1.8 -0.7
v 0.6 1.9 0.2
v 0.6 1.9 0.1
v 0.6 1.9 -0.6
v 0.6 1.9 -0.7
v 0.6 2 0.2
v 0.6 2 0.1
v 0.6 2 -2.98023e-08
v 0.6 2 -0.5
v 0.6 2 -0.6
v 0.6 2.1 0.2
v 0.6 2.1 0.1
v 0.6 2.1 -2.98023e-08
v 0.6 2.1 -0.2
v 0.6 2.1 -0.4
v 0.6 2.1 -0.5
v 0.6 2.1 -0.6
v 0.6 2.2 -0.2
v 0.6 2.2 -0.4
v 0.6 2.2 -0.5
v 0.7 1.2 -0.1
v 0.7 1.2 -0.4
v 0.7 1.3 0.1
v 0.7 1.3 -2.98023e-08
v 0.7 1.3 -0.1
v 0.7 1.3 -0.2
v 0.7 1.3 -0.3
v 0.7 1.3 -0.4
v 0.7 1.3 -0.5
v 0.7 1.3 -0.6
v 0.7 1.4 -2.98023e-08
v 0.7 1.4 -0.1
v 0.7 1.4 -0.2
v 0.7 1.4 -0.3
v 0.7 1.4 -0.4
v 0.7 1.4 -0.5
v 0.7 1.5 -2.98023e-08
v 0.7 1.5 -0.1
v 0.7 1.5 -0.2
v 0.7 1.5 -0.3
v 0.7 1.5 -0.4
v 0.7 1.5 -0.5
v 0.7 1.6 0.1
v 0.7 1.6 -2.98023e-08
v 0.7 1.6 -0.1
v 0.7 1.6 -0.4
v 0.7 1.6 -0.5
v 0.7 1.7 0.1
v 0.7 1.7 -2.98023e-08
v 0.7 1.7 -0.1
v 0.7 1.7 -0.2
v 0.7 1.7 -0.3
v 0.7 1.7 -0.4
v 0.7 1.7 -0.5
v 0.7 1.8 -2.98023e-08
v 0.7 1.8 -0.1
v 0.7 1.8 -0.2
v 0.7 1.8 -0.3
v 0.7 1.8 -0.4
v 0.7 1.8 -0.5
v 0.7 1.9 -0.1
v 0.7 1.9 -0.2
v 0.7 1.9 -0.3
v 0.7 1.9 -0.4
v 0.7 1.9 -0.5
v 0.7 2 0.1
v 0.7 2 -2.98023e-08
v 0.7 2 -0.1
v 0.7 2 -0.2
v 0.7 2 -0.3
v 0.7 2 -0.4
v 0.7 2 -0.5
v 0.7 2 -0.6
v 0.7 2.1 -2.98023e-08
v 0.7 2.1 -0.2
v 0.7 2.1 -0.5
v 0.8 1.5 -0.1
v 0.8 1.5 -0.2
v 0.8 1.5 -0.3
v 0.8 1.5 -0.4
v 0.8 1.6 -0.1
v 0.8 1.6 -0.2
v 0.8 1.6 -0.3
v 0.8 1.6 -0.4
v 0.8 1.7 -0.1
v 0.8 1.7 -0.4
v 0.9 0.5 -2.98023e-08
v 0.9 0.5 -0.1
v 0.9 0.5 -0.3
v 0.9 0.5 -0.4
v 0.9 0.6 -2.98023e-08
v 0.9 0.6 -0.1
v 0.9 0.6 -0.3
v 0.9 0.6 -0.4
v 1 0.5 -0.1
v 1 0.5 -0.3
v 1 0.6 -0.1
v 1 0.6 -0.3
v 1 0.8 -2.98023e-08
v 1 0.8 -0.1
v 1 0.8 -0.3
v 1 0.8 -0.4
v 1 0.9 -2.98023e-08
v 1 0.9 -0.1
v 1 0.9 -0.3
v 1 0.9 -0.4
v 1.1 0.6 -2.98023e-08
v 1.1 0.6 -0.1
v 1.1 0.6 -0.3
v 1.1 0.6 -0.4
v 1.1 0.8 -2.98023e-08
v 1.1 0.8 -0.1
v 1.1 0.8 -0.3
v 1.1 0.8 -0.4
v 1.1 0.9 -0.1
v 1.1 0.9 -0.3
v 1.3 0.5 -0.1
v 1.3 0.5 -0.3
v 1.3 0.6 -0.1
v 1.3 0.6 -0.3
v 1.5 0.8 -0.1
v 1.5 0.8 -0.3
v 1.5 0.9 -0.1
v 1.5 0.9 -0.3
v 1.6 0.5 -2.98023e-08
v 1.6 0.5 -0.1
v 1.6 0.5 -0.2
v 1.6 0.5 -0.3
v 1.6 0.5 -0.4
v 1.6 0.6 -2.98023e-08
v 1.6 0.6 -0.1
v 1.6 0.6 -0.2
v 1.6 0.6 -0.3
v 1.6 0.6 -0.4
v 1.6 0.8 -2.98023e-08
v 1.6 0.8 -0.4
v -0.4 1.3 0.3
v -0.4 1.4 0.3
v -0.4 1.5 0.3
v -0.4 1.6 0.3
v -0.4 1.8 0.3
v -0.3 1.1 0.3
v -0.3 1.2 0.3
v -0.3 1.3 0.3
v -0.3 1.4 0.3
v -0.3 1.5 0.3
v -0.3 1.6 0.3
v -0.3 1.7 0.3
v -0.3 1.8 0.3
v -0.3 1.9 0.3
v -0.3 2 0.3
v -0.3 2.1 0.3
v -0.2 1.2 0.3
v -0.2 1.3 0.3
v -0.2 1.4 0.3
v -0.2 1.5 0.3
v -0.2 1.7 0.3
v -0.2 1.8 0.3
v -0.2 1.9 0.3
v -0.2 2 0.3
v -0.2 2.1 0.3
v -0.1 1.1 0.3
v -0.1 1.2 0.3
v -0.1 1.3 0.3
v -0.1 1.4 0.3
v -0.1 1.5 0.3
v -0.1 1.6 0.3
v -0.1 1.7 0.3
v -0.1 1.9 0.3
v -0.1 2 0.3
v -0.1 2.1 0.3
v 0 1.6 0.3
v 0 1.7 0.3
v 0 1.8 0.3
v 0 1.9 0.3
v 0 2 0.3
v 0 2.1 0.3
v 0.1 1.1 0.3
v 0.1 1.2 0.3
v 0.1 1.3 0.3
v 0.1 1.4 0.3
v 0.1 1.5 0.3
v 0.1 1.6 0.3
v 0.1 1.8 0.3
v 0.1 1.9 0.3
v 0.1 2 0.3
v 0.1 2.1 0.3
v 0.2 1.2 0.3
v 0.2 1.3 0.3
v 0.2 1.4 0.3
v 0.2 1.5 0.3
v 0.2 1.6 0.3
v 0.2 1.7 0.3
v 0.2 1.8 0.3
v 0.2 1.9 0.3
v 0.2 2 0.3
v 0.3 1.1 0.3
v 0.3 1.2 0.3
v 0.3 1.3 0.3
v 0.3 1.5 0.3
v 0.3 1.6 0.3
v 0.3 1.7 0.3
v 0.3 1.8 0.3
v 0.3 1.9 0.3
v 0.3 2 0.3
v 0.3 2.1 0.3
v 0.4 1.3 0.3
v 0.4 1.6 0.3
v 0.4 1.8 0.3
v -0.6 1.2 0.2
v -0.6 1.3 0.2
v -0.6 1.7 0.2
v -0.6 1.9 0.2
v -0.6 2 0.2
v -0.6 2.1 0.2
v -0.5 -0.8 0.2
v -0.5 -0.7 0.2
v -0.5 -0.6 0.2
v -0.5 1.2 0.2
v -0.5 1.3 0.2
v -0.5 1.7 0.2
v -0.5 1.8 0.2
v -0.5 1.9 0.2
v -0.5 2 0.2
v -0.4 -0.8 0.2
v -0.4 -0.7 0.2
v -0.4 -0.6 0.2
v -0.4 1.1 0.2
v -0.4 1.2 0.2
v -0.4 1.3 0.2
v -0.4 1.4 0.2
v -0.4 1.5 0.2
v -0.4 1.6 0.2
v -0.4 1.8 0.2
v -0.4 1.9 0.2
v -0.4 2 0.2
v -0.4 2.1 0.2
v -0.4 2.2 0.2
v -0.3 -0.8 0.2
v -0.3 -0.7 0.2
v -0.3 -0.6 0.2
v -0.3 1.1 0.2
v -0.3 1.2 0.2
v -0.3 1.3 0.2
v -0.3 1.8 0.2
v -0.3 1.9 0.2
v -0.3 2 0.2
v -0.3 2.1 0.2
v -0.3 2.2 0.2
v -0.2 -0.8 0.2
v -0.2 -0.7 0.2
v -0.2 2.1 0.2
v -0.2 2.2 0.2
v -0.1 2.1 0.2
v 0 2.1 0.2
v 0 2.2 0.2
v 0.1 2.1 0.2
v 0.1 2.2 0.2
v 0.2 -0.8 0.2
v 0.2 -0.7 0.2
v 0.3 -0.8 0.2
v 0.3 -0.7 0.2
v 0.3 -0.6 0.2
v 0.3 1.1 0.2
v 0.3 1.2 0.2
v 0.3 1.3 0.2
v 0.3 1.8 0.2
v 0.3 1.9 0.2
v 0.3 2 0.2
v 0.3 2.1 0.2
v 0.4 -0.8 0.2
v 0.4 -0.7 0.2
v 0.4 -0.6 0.2
v 0.4 1.1 0.2
v 0.4 1.2 0.2
v 0.4 1.3 0.2
v 0.4 1.4 0.2
v 0.4 1.5 0.2
v 0.4 1.6 0.2
v 0.4 1.8 0.2
v 0.4 1.9 0.2
v 0.4 2 0.2
v 0.4 2.1 0.2
v 0.4 2.2 0.2
v 0.5 -0.8 0.2
v 0.5 -0.7 0.2
v 0.5 -0.6 0.2
v 0.5 1.2 0.2
v 0.5 1.3 0.2
v 0.5 1.4 0.2
v 0.5 1.5 0.2
v 0.5 1.9 0.2
v 0.5 2 0.2
v 0.5 2.1 0.2
v 0.6 1.2 0.2
v 0.6 1.3 0.2
v 0.6 1.9 0.2
v 0.6 2 0.2
v 0.6 2.1 0.2
v -0.7 1.3 0.1
v -0.7 1.4 0.1
v -0.7 1.6 0.1
v -0.7 1.7 0.1
v -0.7 2 0.1
v -0.6 -0.7 0.1
v -0.6 -0.6 0.1
v -0.6 1.3 0.1
v -0.6 1.4 0.1
v -0.6 1.6 0.1
v -0.6 1.7 0.1
v -0.6 1.9 0.1
v -0.6 2 0.1
v -0.5 -0.7 0.1
v -0.5 -0.6 0.1
v -0.5 0.6 0.1
v -0.5 0.9 0.1
v -0.5 1.9 0.1
v -0.5 2 0.1
v -0.5 2.1 0.1
v -0.5 2.2 0.1
v -0.5 2.3 0.1
v -0.4 -0.8 0.1
v -0.4 -0.7 0.1
v -0.4 0.5 0.1
v -0.4 0.6 0.1
v -0.4 0.7 0.1
v -0.4 0.8 0.1
v -0.4 2.1 0.1
v -0.4 2.2 0.1
v -0.4 2.3 0.1
v -0.4 2.4 0.1
v -0.3 -0.8 0.1
v -0.3 -0.7 0.1
v -0.3 -0.6 0.1
v -0.3 0.2 0.1
v -0.3 0.3 0.1
v -0.3 0.5 0.1
v -0.3 0.6 0.1
v -0.3 0.8 0.1
v -0.3 0.9 0.1
v -0.3 2.2 0.1
v -0.3 2.4 0.1
v -0.2 -0.7 0.1
v -0.2 -0.6 0.1
v -0.2 0.2 0.1
v -0.2 0.3 0.1
v -0.2 0.5 0.1
v -0.2 0.6 0.1
v -0.2 0.7 0.1
v -0.2 0.8 0.1
v -0.2 0.9 0.1
v -0.2 1 0.1
v -0.2 1.1 0.1
v -0.2 2.2 0.1
v -0.2 2.4 0.1
v -0.1 0.2 0.1
v -0.1 0.3 0.1
v -0.1 0.5 0.1
v -0.1 0.7 0.1
v -0.1 0.8 0.1
v -0.1 0.9 0.1
v -0.1 1 0.1
v -0.1 1.1 0.1
v -0.1 2.2 0.1
v -0.1 2.3 0.1
v 0 0.3 0.1
v 0 0.4 0.1
v 0 0.5 0.1
v 0 0.7 0.1
v 0 0.9 0.1
v 0 1 0.1
v 0 2.2 0.1
v 0 2.3 0.1
v 0 2.4 0.1
v 0.1 0.2 0.1
v 0.1 0.3 0.1
v 0.1 0.4 0.1
v 0.1 0.6 0.1
v 0.1 0.7 0.1
v 0.1 0.8 0.1
v 0.1 1 0.1
v 0.1 1.1 0.1
v 0.1 2.2 0.1
v 0.1 2.3 0.1
v 0.1 2.4 0.1
v 0.2 -0.7 0.1
v 0.2 -0.6 0.1
v 0.2 0.2 0.1
v 0.2 0.3 0.1
v 0.2 0.4 0.1
v 0.2 0.5 0.1
v 0.2 0.6 0.1
v 0.2 0.7 0.1
v 0.2 0.8 0.1
v 0.2 0.9 0.1
v 0.2 1 0.1
v 0.2 1.1 0.1
v 0.3 -0.8 0.1
v 0.3 -0.7 0.1
v 0.3 -0.6 0.1
v 0.3 0.2 0.1
v 0.3 0.3 0.1
v 0.3 0.4 0.1
v 0.3 0.5 0.1
v 0.3 0.8 0.1
v 0.3 0.9 0.1
v 0.4 -0.8 0.1
v 0.4 -0.7 0.1
v 0.5 -0.7 0.1
v 0.5 -0.6 0.1
v 0.5 0.8 0.1
v 0.5 0.9 0.1
v 0.6 -0.7 0.1
v 0.6 -0.6 0.1
v 0.6 1.3 0.1
v 0.6 1.6 0.1
v 0.6 1.7 0.1
v 0.6 1.9 0.1
v 0.6 2 0.1
v 0.7 1.3 0.1
v 0.7 1.6 0.1
v 0.7 1.7 0.1
v 0.7 2 0.1
v -1.6 0.5 -2.98023e-08
v -1.6 0.6 -2.98023e-08
v -1.6 0.8 -2.98023e-08
v -1.5 0.5 -2.98023e-08
v -1.5 0.6 -2.98023e-08
v -1.5 0.8 -2.98023e-08
v -1.4 0.6 -2.98023e-08
v -1.4 0.8 -2.98023e-08
v -1.3 0.7 -2.98023e-08
v -1.3 0.8 -2.98023e-08
v -1.2 0.6 -2.98023e-08
v -1.2 0.7 -2.98023e-08
v -1.2 0.8 -2.98023e-08
v -1.1 0.6 -2.98023e-08
v -1.1 0.8 -2.98023e-08
v -1 0.6 -2.98023e-08
v -1 0.8 -2.98023e-08
v -1 0.9 -2.98023e-08
v -0.9 0.5 -2.98023e-08
v -0.9 0.6 -2.98023e-08
v -0.8 0.6 -2.98023e-08
v -0.8 0.7 -2.98023e-08
v -0.8 0.8 -2.98023e-08
v -0.8 0.9 -2.98023e-08
v -0.7 0.5 -2.98023e-08
v -0.7 0.6 -2.98023e-08
v -0.7 0.7 -2.98023e-08
v -0.7 0.8 -2.98023e-08
v -0.7 2 -2.98023e-08
v -0.7 2.1 -2.98023e-08
v -0.6 -0.8 -2.98023e-08
v -0.6 -0.7 -2.98023e-08
v -0.6 0.1 -2.98023e-08
v -0.6 0.2 -2.98023e-08
v -0.6 0.3 -2.98023e-08
v -0.6 0.4 -2.98023e-08
v -0.6 0.5 -2.98023e-08
v -0.6 0.6 -2.98023e-08
v -0.6 0.7 -2.98023e-08
v -0.6 0.8 -2.98023e-08
v -0.6 0.9 -2.98023e-08
v -0.6 2 -2.98023e-08
v -0.6 2.1 -2.98023e-08
v -0.5 -0.8 -2.98023e-08
v -0.5 -0.7 -2.98023e-08
v -0.5 -0.6 -2.98023e-08
v -0.5 -0.5 -2.98023e-08
v -0.5 -0.1 -2.98023e-08
v -0.5 0.1 -2.98023e-08
v -0.5 0.2 -2.98023e-08
v -0.5 0.3 -2.98023e-08
v -0.5 0.4 -2.98023e-08
v -0.5 0.5 -2.98023e-08
v -0.5 0.6 -2.98023e-08
v -0.5 0.8 -2.98023e-08
v -0.5 0.9 -2.98023e-08
v -0.4 -0.6 -2.98023e-08
v -0.4 -0.5 -2.98023e-08
v -0.4 -0.4 -2.98023e-08
v -0.4 -0.3 -2.98023e-08
v -0.4 -0.2 -2.98023e-08
v -0.4 -0.1 -2.98023e-08
v -0.4 0 -2.98023e-08
v -0.4 0.1 -2.98023e-08
v -0.4 0.2 -2.98023e-08
v -0.4 0.3 -2.98023e-08
v -0.4 0.5 -2.98023e-08
v -0.4 0.6 -2.98023e-08
v -0.3 -0.6 -2.98023e-08
v -0.3 -0.5 -2.98023e-08
v -0.3 -0.4 -2.98023e-08
v -0.3 -0.3 -2.98023e-08
v -0.3 -0.2 -2.98023e-08
v -0.3 0 -2.98023e-08
v -0.3 0.1 -2.98023e-08
v -0.3 0.2 -2.98023e-08
v -0.3 0.3 -2.98023e-08
v -0.3 0.4 -2.98023e-08
v -0.3 0.5 -2.98023e-08
v -0.3 1 -2.98023e-08
v -0.3 1.1 -2.98023e-08
v -0.2 -0.6 -2.98023e-08
v -0.2 -0.5 -2.98023e-08
v -0.2 0.1 -2.98023e-08
v -0.2 0.2 -2.98023e-08
v -0.2 1 -2.98023e-08
v -0.2 1.1 -2.98023e-08
v -0.1 0.1 -2.98023e-08
v -0.1 0.2 -2.98023e-08
v 0 0.1 -2.98023e-08
v 0 0.2 -2.98023e-08
v 0.1 0.1 -2.98023e-08
v 0.1 0.2 -2.98023e-08
v 0.2 -0.6 -2.98023e-08
v 0.2 -0.5 -2.98023e-08
v 0.2 0.2 -2.98023e-08
v 0.2 0.5 -2.98023e-08
v 0.2 0.6 -2.98023e-08
v 0.2 0.7 -2.98023e-08
v 0.2 0.8 -2.98023e-08
v 0.2 1 -2.98023e-08
v 0.2 1.1 -2.98023e-08
v 0.3 -0.6 -2.98023e-08
v 0.3 -0.5 -2.98023e-08
v 0.3 -0.3 -2.98023e-08
v 0.3 -0.1 -2.98023e-08
v 0.3 0 -2.98023e-08
v 0.3 0.1 -2.98023e-08
v 0.3 0.2 -2.98023e-08
v 0.3 0.3 -2.98023e-08
v 0.3 0.4 -2.98023e-08
v 0.3 0.5 -2.98023e-08
v 0.3 0.6 -2.98023e-08
v 0.3 0.7 -2.98023e-08
v 0.3 0.8 -2.98023e-08
v 0.3 1 -2.98023e-08
v 0.3 1.1 -2.98023e-08
v 0.4 -0.6 -2.98023e-08
v 0.4 -0.5 -2.98023e-08
v 0.4 -0.4 -2.98023e-08
v 0.4 -0.3 -2.98023e-08
v 0.4 -0.2 -2.98023e-08
v 0.4 -0.1 -2.98023e-08
v 0.4 0 -2.98023e-08
v 0.4 0.1 -2.98023e-08
v 0.4 0.2 -2.98023e-08
v 0.4 0.3 -2.98023e-08
v 0.4 0.5 -2.98023e-08
v 0.4 0.6 -2.98023e-08
v 0.4 0.7 -2.98023e-08
v 0.5 -0.8 -2.98023e-08
v 0.5 -0.7 -2.98023e-08
v 0.5 -0.6 -2.98023e-08
v 0.5 -0.5 -2.98023e-08
v 0.5 -0.4 -2.98023e-08
v 0.5 -0.2 -2.98023e-08
v 0.5 -0.1 -2.98023e-08
v 0.5 0 -2.98023e-08
v 0.5 0.1 -2.98023e-08
v 0.5 0.2 -2.98023e-08
v 0.5 0.3 -2.98023e-08
v 0.5 0.4 -2.98023e-08
v 0.5 0.5 -2.98023e-08
v 0.5 0.6 -2.98023e-08
v 0.5 0.7 -2.98023e-08
v 0.5 0.8 -2.98023e-08
v 0.5 0.9 -2.98023e-08
v 0.6 -0.8 -2.98023e-08
v 0.6 -0.7 -2.98023e-08
v 0.6 0.1 -2.98023e-08
v 0.6 0.2 -2.98023e-08
v 0.6 0.3 -2.98023e-08
v 0.6 0.4 -2.98023e-08
v 0.6 0.5 -2.98023e-08
v 0.6 0.6 -2.98023e-08
v 0.6 0.7 -2.98023e-08
v 0.6 0.8 -2.98023e-08
v 0.6 0.9 -2.98023e-08
v 0.6 2 -2.98023e-08
v 0.6 2.1 -2.98023e-08
v 0.7 0.5 -2.98023e-08
v 0.7 0.6 -2.98023e-08
v 0.7 0.7 -2.98023e-08
v 0.7 2 -2.98023e-08
v 0.7 2.1 -2.98023e-08
v 0.8 0.6 -2.98023e-08
v 0.8 0.7 -2.98023e-08
v 0.8 0.8 -2.98023e-08
v 0.8 0.9 -2.98023e-08
v 0.9 0.5 -2.98023e-08
v 0.9 0.6 -2.98023e-08
v 0.9 0.7 -2.98023e-08
v 1 0.6 -2.98023e-08
v 1 0.8 -2.98023e-08
v 1 0.9 -2.98023e-08
v 1.1 0.6 -2.98023e-08
v 1.1 0.8 -2.98023e-08
v 1.2 0.6 -2.98023e-08
v 1.2 0.7 -2.98023e-08
v 1.2 0.8 -2.98023e-08
v 1.3 0.7 -2.98023e-08
v 1.3 0.8 -2.98023e-08
v 1.4 0.6 -2.98023e-08
v 1.4 0.8 -2.98023e-08
v 1.5 0.5 -2.98023e-08
v 1.5 0.6 -2.98023e-08
v 1.5 0.8 -2.98023e-08
v 1.6 0.5 -2.98023e-08
v 1.6 0.6 -2.98023e-08
v 1.6 0.8 -2.98023e-08
v -1.5 0.8 -0.1
v -1.5 0.9 -0.1
v -1.4 0.8 -0.1
v -1.4 0.9 -0.1
v -1.3 0.5 -0.1
v -1.3 0.6 -0.1
v -1.3 0.8 -0.1
v -1.3 0.9 -0.1
v -1.2 0.5 -0.1
v -1.2 0.6 -0.1
v -1.2 0.7 -0.1
v -1.2 0.8 -0.1
v -1.2 0.9 -0.1
v -1.1 0.5 -0.1
v -1.1 0.6 -0.1
v -1.1 0.8 -0.1
v -1.1 0.9 -0.1
v -1 0.5 -0.1
v -1 0.6 -0.1
v -1 0.8 -0.1
v -1 0.9 -0.1
v -0.9 0.5 -0.1
v -0.9 0.6 -0.1
v -0.8 1.5 -0.1
v -0.8 1.6 -0.1
v -0.8 1.7 -0.1
v -0.7 1.2 -0.1
v -0.7 1.3 -0.1
v -0.7 1.5 -0.1
v -0.7 1.6 -0.1
v -0.7 1.7 -0.1
v -0.6 -0.6 -0.1
v -0.6 -0.4 -0.1
v -0.6 -0.3 -0.1
v -0.6 -0.2 -0.1
v -0.6 0.1 -0.1
v -0.6 0.3 -0.1
v -0.6 0.4 -0.1
v -0.6 1.2 -0.1
v -0.6 1.3 -0.1
v -0.6 2.1 -0.1
v -0.6 2.2 -0.1
v -0.5 -0.6 -0.1
v -0.5 -0.5 -0.1
v -0.5 -0.4 -0.1
v -0.5 -0.3 -0.1
v -0.5 -0.2 -0.1
v -0.5 -0.1 -0.1
v -0.5 0.1 -0.1
v -0.5 0.3 -0.1
v -0.5 0.4 -0.1
v -0.5 2.1 -0.1
v -0.5 2.2 -0.1
v -0.4 1 -0.1
v -0.4 1.1 -0.1
v -0.3 -0.5 -0.1
v -0.3 -0.4 -0.1
v -0.3 -0.3 -0.1
v -0.3 -0.2 -0.1
v -0.3 -0.1 -0.1
v -0.3 0 -0.1
v -0.3 0.1 -0.1
v -0.3 0.9 -0.1
v -0.3 1 -0.1
v -0.3 1.1 -0.1
v -0.2 -0.5 -0.1
v -0.2 -0.3 -0.1
v -0.2 -0.1 -0.1
v -0.2 0.1 -0.1
v -0.2 0.9 -0.1
v -0.2 1 -0.1
v 0.2 -0.5 -0.1
v 0.2 -0.4 -0.1
v 0.2 -0.3 -0.1
v 0.2 0.1 -0.1
v 0.2 0.9 -0.1
v 0.2 1 -0.1
v 0.2 2 -0.1
v 0.2 2.1 -0.1
v 0.2 2.2 -0.1
v 0.3 -0.5 -0.1
v 0.3 -0.4 -0.1
v 0.3 -0.3 -0.1
v 0.3 -0.1 -0.1
v 0.3 0 -0.1
v 0.3 0.1 -0.1
v 0.3 0.9 -0.1
v 0.3 1 -0.1
v 0.3 1.1 -0.1
v 0.3 2 -0.1
v 0.3 2.1 -0.1
v 0.3 2.2 -0.1
v 0.4 1 -0.1
v 0.4 1.1 -0.1
v 0.4 2 -0.1
v 0.4 2.1 -0.1
v 0.4 2.2 -0.1
v 0.5 -0.6 -0.1
v 0.5 -0.5 -0.1
v 0.5 -0.4 -0.1
v 0.5 -0.3 -0.1
v 0.5 -0.2 -0.1
v 0.5 -0.1 -0.1
v 0.5 0 -0.1
v 0.5 0.1 -0.1
v 0.5 0.3 -0.1
v 0.5 0.4 -0.1
v 0.5 2.1 -0.1
v 0.5 2.2 -0.1
v 0.6 -0.6 -0.1
v 0.6 -0.4 -0.1
v 0.6 -0.3 -0.1
v 0.6 -0.1 -0.1
v 0.6 0.1 -0.1
v 0.6 0.3 -0.1
v 0.6 0.4 -0.1
v 0.6 1.2 -0.1
v 0.6 1.3 -0.1
v 0.7 1.2 -0.1
v 0.7 1.3 -0.1
v 0.7 1.5 -0.1
v 0.7 1.6 -0.1
v 0.7 1.7 -0.1
v 0.8 1.5 -0.1
v 0.8 1.6 -0.1
v 0.8 1.7 -0.1
v 0.9 0.5 -0.1
v 0.9 0.6 -0.1
v 1 0.5 -0.1
v 1 0.6 -0.1
v 1 0.8 -0.1
v 1 0.9 -0.1
v 1.1 0.5 -0.1
v 1.1 0.6 -0.1
v 1.1 0.8 -0.1
v 1.1 0.9 -0.1
v 1.2 0.5 -0.1
v 1.2 0.6 -0.1
v 1.2 0.7 -0.1
v 1.2 0.8 -0.1
v 1.2 0.9 -0.1
v 1.3 0.5 -0.1
v 1.3 0.6 -0.1
v 1.3 0.8 -0.1
v 1.3 0.9 -0.1
v 1.4 0.8 -0.1
v 1.4 0.9 -0.1
v 1.5 0.8 -0.1
v 1.5 0.9 -0.1
v -0.4 0.9 -0.2
v -0.4 1 -0.2
v -0.3 0.9 -0.2
v -0.3 1 -0.2
v 0.1 2.1 -0.2
v 0.1 2.2 -0.2
v 0.1 2.3 -0.2
v 0.1 2.4 -0.2
v 0.2 2.1 -0.2
v 0.2 2.2 -0.2
v 0.2 2.3 -0.2
v 0.2 2.4 -0.2
v 0.3 0.9 -0.2
v 0.3 1 -0.2
v 0.4 0.9 -0.2
v 0.4 1 -0.2
v 0.5 2.1 -0.2
v 0.5 2.2 -0.2
v 0.6 2.1 -0.2
v 0.6 2.2 -0.2
v -0.6 -0.6 -0.3
v -0.6 -0.5 -0.3
v -0.5 -0.6 -0.3
v -0.5 -0.5 -0.3
v -0.3 -0.8 -0.3
v -0.3 -0.7 -0.3
v -0.2 -0.8 -0.3
v -0.2 -0.7 -0.3
v 0.2 -0.8 -0.3
v 0.2 -0.7 -0.3
v 0.3 -0.8 -0.3
v 0.3 -0.7 -0.3
v 0.3 2.1 -0.3
v 0.3 2.2 -0.3
v 0.4 2.1 -0.3
v 0.4 2.2 -0.3
v 0.5 -0.6 -0.3
v 0.5 -0.5 -0.3
v 0.6 -0.6 -0.3
v 0.6 -0.5 -0.3
v 0 2 -0.4
v 0 2.1 -0.4
v 0.1 2 -0.4
v 0.1 2.1 -0.4
v 0.1 2.2 -0.4
v 0.1 2.3 -0.4
v 0.2 2.1 -0.4
v 0.2 2.2 -0.4
v 0.2 2.3 -0.4
v 0.2 2.4 -0.4
v 0.3 2.2 -0.4
v 0.4 2 -0.4
v 0.4 2.1 -0.4
v 0.4 2.2 -0.4
v 0.4 2.3 -0.4
v 0.4 2.4 -0.4
v 0.5 2 -0.4
v 0.5 2.1 -0.4
v 0.5 2.2 -0.4
v 0.4 2.2 -0.5
v 0.4 2.3 -0.5
v 0.4 2.4 -0.5
v 0.5 2.2 -0.5
v 0.5 2.4 -0.5
v 0.3 2.1 -0.7
v 0.3 2.2 -0.7
v 0.4 2.1 -0.7
v 0.4 2.2 -0.7
v 0.2 2.1 0.1
v 0.2 2.2 0.1
v 0.3 2.1 0.1
v 0.4 2.1 0.1
v 0.4 2.2 0.1
v -0.3 -0.8 -2.98023e-08
v -0.3 -0.7 -2.98023e-08
v -0.2 -0.8 -2.98023e-08
v -0.2 -0.7 -2.98023e-08
v 0.1 2.1 -2.98023e-08
v 0.1 2.2 -2.98023e-08
v 0.2 -0.8 -2.98023e-08
v 0.2 -0.7 -2.98023e-08
v 0.2 2 -2.98023e-08
v 0.2 2.1 -2.98023e-08
v 0.2 2.2 -2.98023e-08
v 0.3 -0.8 -2.98023e-08
v 0.3 -0.7 -2.98023e-08
v 0.3 2 -2.98023e-08
v 0.3 2.1 -2.98023e-08
v 0.4 2 -2.98023e-08
v 0.4 2.1 -2.98023e-08
v -0.6 -0.8 -0.2
v -0.6 -0.7 -0.2
v -0.6 -0.6 -0.2
v -0.6 -0.5 -0.2
v -0.5 -0.8 -0.2
v -0.5 -0.7 -0.2
v -0.5 -0.6 -0.2
v -0.5 -0.5 -0.2
v 0 2 -0.2
v 0 2.1 -0.2
v 0.1 2 -0.2
v 0.1 2.1 -0.2
v 0.3 2.1 -0.2
v 0.3 2.2 -0.2
v 0.4 2 -0.2
v 0.4 2.1 -0.2
v 0.4 2.2 -0.2
v 0.5 -0.8 -0.2
v 0.5 -0.7 -0.2
v 0.5 -0.6 -0.2
v 0.5 -0.5 -0.2
v 0.5 2 -0.2
v 0.5 2.1 -0.2
v 0.5 2.2 -0.2
v 0.6 -0.8 -0.2
v 0.6 -0.7 -0.2
v 0.6 -0.6 -0.2
v 0.6 -0.5 -0.2
v -1.5 0.8 -0.3
v -1.5 0.9 -0.3
v -1.4 0.8 -0.3
v -1.4 0.9 -0.3
v -1.3 0.5 -0.3
v -1.3 0.6 -0.3
v -1.3 0.8 -0.3
v -1.3 0.9 -0.3
v -1.2 0.5 -0.3
v -1.2 0.6 -0.3
v -1.2 0.8 -0.3
v -1.2 0.9 -0.3
v -1.1 0.5 -0.3
v -1.1 0.6 -0.3
v -1.1 0.8 -0.3
v -1.1 0.9 -0.3
v -1 0.5 -0.3
v -1 0.6 -0.3
v -1 0.8 -0.3
v -1 0.9 -0.3
v -0.9 0.5 -0.3
v -0.9 0.6 -0.3
v -0.6 -0.5 -0.3
v -0.6 -0.4 -0.3
v -0.6 -0.1 -0.3
v -0.6 0.1 -0.3
v -0.5 -0.5 -0.3
v -0.5 -0.4 -0.3
v -0.5 -0.3 -0.3
v -0.5 -0.2 -0.3
v -0.5 -0.1 -0.3
v -0.5 0 -0.3
v -0.5 0.1 -0.3
v -0.4 0.9 -0.3
v -0.4 1.1 -0.3
v -0.3 -0.7 -0.3
v -0.3 -0.6 -0.3
v -0.3 -0.5 -0.3
v -0.3 -0.4 -0.3
v -0.3 -0.2 -0.3
v -0.3 0.9 -0.3
v -0.3 1 -0.3
v -0.3 1.1 -0.3
v -0.2 -0.7 -0.3
v -0.2 -0.6 -0.3
v -0.2 -0.5 -0.3
v -0.2 -0.4 -0.3
v -0.2 -0.2 -0.3
v 0.1 2.1 -0.3
v 0.1 2.2 -0.3
v 0.2 -0.7 -0.3
v 0.2 -0.6 -0.3
v 0.2 -0.5 -0.3
v 0.2 -0.4 -0.3
v 0.2 -0.3 -0.3
v 0.2 -0.2 -0.3
v 0.2 2.1 -0.3
v 0.2 2.2 -0.3
v 0.3 -0.7 -0.3
v 0.3 -0.6 -0.3
v 0.3 -0.5 -0.3
v 0.3 -0.4 -0.3
v 0.3 -0.3 -0.3
v 0.3 -0.2 -0.3
v 0.3 0.9 -0.3
v 0.3 1 -0.3
v 0.3 1.1 -0.3
v 0.4 0.9 -0.3
v 0.4 1.1 -0.3
v 0.5 -0.5 -0.3
v 0.5 -0.4 -0.3
v 0.5 -0.3 -0.3
v 0.5 -0.1 -0.3
v 0.5 0 -0.3
v 0.5 0.1 -0.3
v 0.6 -0.5 -0.3
v 0.6 -0.4 -0.3
v 0.6 0.1 -0.3
v 0.9 0.5 -0.3
v 0.9 0.6 -0.3
v 1 0.5 -0.3
v 1 0.6 -0.3
v 1 0.8 -0.3
v 1 0.9 -0.3
v 1.1 0.5 -0.3
v 1.1 0.6 -0.3
v 1.1 0.8 -0.3
v 1.1 0.9 -0.3
v 1.2 0.5 -0.3
v 1.2 0.6 -0.3
v 1.2 0.8 -0.3
v 1.2 0.9 -0.3
v 1.3 0.5 -0.3
v 1.3 0.6 -0.3
v 1.3 0.8 -0.3
v 1.3 0.9 -0.3
v 1.4 0.8 -0.3
v 1.4 0.9 -0.3
v 1.5 0.8 -0.3
v 1.5 0.9 -0.3
v -1.6 0.5 -0.4
v -1.6 0.6 -0.4
v -1.6 0.8 -0.4
v -1.5 0.5 -0.4
v -1.5 0.6 -0.4
v -1.5 0.8 -0.4
v -1.4 0.6 -0.4
v -1.4 0.8 -0.4
v -1.2 0.6 -0.4
v -1.2 0.8 -0.4
v -1.1 0.6 -0.4
v -1.1 0.8 -0.4
v -1 0.7 -0.4
v -1 0.8 -0.4
v -1 0.9 -0.4
v -0.9 0.5 -0.4
v -0.9 0.6 -0.4
v -0.9 0.7 -0.4
v -0.8 0.6 -0.4
v -0.8 0.7 -0.4
v -0.8 0.8 -0.4
v -0.8 0.9 -0.4
v -0.8 1.5 -0.4
v -0.8 1.7 -0.4
v -0.7 0.5 -0.4
v -0.7 0.6 -0.4
v -0.7 0.7 -0.4
v -0.7 0.8 -0.4
v -0.7 0.9 -0.4
v -0.7 1.2 -0.4
v -0.7 1.3 -0.4
v -0.7 1.5 -0.4
v -0.7 1.7 -0.4
v -0.6 -0.7 -0.4
v -0.6 -0.6 -0.4
v -0.6 -0.5 -0.4
v -0.6 0.1 -0.4
v -0.6 0.2 -0.4
v -0.6 0.3 -0.4
v -0.6 0.4 -0.4
v -0.6 0.5 -0.4
v -0.6 0.6 -0.4
v -0.6 0.7 -0.4
v -0.6 0.8 -0.4
v -0.6 0.9 -0.4
v -0.6 1.2 -0.4
v -0.6 1.3 -0.4
v -0.5 -0.8 -0.4
v -0.5 -0.7 -0.4
v -0.5 -0.6 -0.4
v -0.5 -0.5 -0.4
v -0.5 -0.4 -0.4
v -0.5 -0.3 -0.4
v -0.5 -0.2 -0.4
v -0.5 -0.1 -0.4
v -0.5 0 -0.4
v -0.5 0.1 -0.4
v -0.5 0.2 -0.4
v -0.5 0.3 -0.4
v -0.5 0.4 -0.4
v -0.5 0.6 -0.4
v -0.5 0.8 -0.4
v -0.4 -0.8 -0.4
v -0.4 -0.7 -0.4
v -0.4 -0.6 -0.4
v -0.4 -0.5 -0.4
v -0.4 -0.4 -0.4
v -0.4 -0.3 -0.4
v -0.4 -0.2 -0.4
v -0.4 -0.1 -0.4
v -0.4 0 -0.4
v -0.4 0.2 -0.4
v -0.4 0.3 -0.4
v -0.4 0.5 -0.4
v -0.4 0.6 -0.4
v -0.4 0.7 -0.4
v -0.4 0.8 -0.4
v -0.3 -0.8 -0.4
v -0.3 -0.7 -0.4
v -0.3 -0.6 -0.4
v -0.3 -0.5 -0.4
v -0.3 -0.4 -0.4
v -0.3 -0.2 -0.4
v -0.3 -0.1 -0.4
v -0.3 0 -0.4
v -0.3 0.5 -0.4
v -0.3 0.6 -0.4
v -0.3 0.7 -0.4
v -0.3 0.8 -0.4
v -0.3 0.9 -0.4
v -0.3 1 -0.4
v -0.2 -0.8 -0.4
v -0.2 -0.7 -0.4
v -0.2 -0.6 -0.4
v -0.2 -0.5 -0.4
v -0.2 -0.2 -0.4
v -0.2 -0.1 -0.4
v -0.2 0 -0.4
v -0.2 0.1 -0.4
v -0.2 0.2 -0.4
v -0.2 0.4 -0.4
v -0.2 0.5 -0.4
v -0.2 0.8 -0.4
v -0.2 0.9 -0.4
v -0.2 1 -0.4
v -0.1 0.4 -0.4
v -0.1 0.5 -0.4
v -0.1 0.7 -0.4
v -0.1 0.8 -0.4
v -0.1 0.9 -0.4
v 0 0.5 -0.4
v 0 0.7 -0.4
v 0 0.8 -0.4
v 0 0.9 -0.4
v 0.1 0.7 -0.4
v 0.1 0.8 -0.4
v 0.1 0.9 -0.4
v 0.2 -0.8 -0.4
v 0.2 -0.7 -0.4
v 0.2 -0.6 -0.4
v 0.2 -0.5 -0.4
v 0.2 -0.2 -0.4
v 0.2 -0.1 -0.4
v 0.2 0.1 -0.4
v 0.2 0.2 -0.4
v 0.2 0.4 -0.4
v 0.2 0.5 -0.4
v 0.2 0.8 -0.4
v 0.2 0.9 -0.4
v 0.2 1 -0.4
v 0.3 -0.7 -0.4
v 0.3 -0.6 -0.4
v 0.3 -0.5 -0.4
v 0.3 -0.4 -0.4
v 0.3 -0.2 -0.4
v 0.3 -0.1 -0.4
v 0.3 0.4 -0.4
v 0.3 0.5 -0.4
v 0.3 0.8 -0.4
v 0.3 0.9 -0.4
v 0.3 1 -0.4
v 0.4 -0.7 -0.4
v 0.4 -0.6 -0.4
v 0.4 -0.5 -0.4
v 0.4 -0.4 -0.4
v 0.4 -0.3 -0.4
v 0.4 -0.2 -0.4
v 0.4 -0.1 -0.4
v 0.4 0 -0.4
v 0.4 0.2 -0.4
v 0.4 0.3 -0.4
v 0.4 0.4 -0.4
v 0.4 0.5 -0.4
v 0.4 0.7 -0.4
v 0.4 0.8 -0.4
v 0.4 0.9 -0.4
v 0.5 -0.8 -0.4
v 0.5 -0.7 -0.4
v 0.5 -0.6 -0.4
v 0.5 -0.5 -0.4
v 0.5 -0.4 -0.4
v 0.5 -0.3 -0.4
v 0.5 -0.1 -0.4
v 0.5 0 -0.4
v 0.5 0.1 -0.4
v 0.5 0.2 -0.4
v 0.5 0.3 -0.4
v 0.5 0.4 -0.4
v 0.5 0.5 -0.4
v 0.5 0.7 -0.4
v 0.6 -0.7 -0.4
v 0.6 -0.5 -0.4
v 0.6 0.1 -0.4
v 0.6 0.2 -0.4
v 0.6 0.3 -0.4
v 0.6 0.4 -0.4
v 0.6 0.5 -0.4
v 0.6 0.6 -0.4
v 0.6 0.7 -0.4
v 0.6 0.9 -0.4
v 0.6 1.2 -0.4
v 0.6 1.3 -0.4
v 0.7 0.5 -0.4
v 0.7 0.6 -0.4
v 0.7 0.7 -0.4
v 0.7 0.8 -0.4
v 0.7 0.9 -0.4
v 0.7 1.2 -0.4
v 0.7 1.3 -0.4
v 0.7 1.5 -0.4
v 0.7 1.6 -0.4
v 0.7 1.7 -0.4
v 0.8 0.8 -0.4
v 0.8 0.9 -0.4
v 0.8 1.5 -0.4
v 0.8 1.6 -0.4
v 0.8 1.7 -0.4
v 0.9 0.5 -0.4
v 0.9 0.6 -0.4
v 0.9 0.7 -0.4
v 1 0.6 -0.4
v 1 0.7 -0.4
v 1 0.8 -0.4
v 1 0.9 -0.4
v 1.1 0.6 -0.4
v 1.1 0.8 -0.4
v 1.2 0.6 -0.4
v 1.2 0.8 -0.4
v 1.4 0.6 -0.4
v 1.4 0.8 -0.4
v 1.5 0.5 -0.4
v 1.5 0.6 -0.4
v 1.5 0.8 -0.4
v 1.6 0.5 -0.4
v 1.6 0.6 -0.4
v 1.6 0.8 -0.4
v -0.7 2 -0.5
v -0.7 2.1 -0.5
v -0.6 2 -0.5
v -0.6 2.1 -0.5
v -0.6 2.2 -0.5
v -0.5 2.1 -0.5
v -0.5 2.2 -0.5
v -0.4 2.3 -0.5
v -0.4 2.4 -0.5
v -0.3 1 -0.5
v -0.3 1.1 -0.5
v -0.3 2.3 -0.5
v -0.3 2.4 -0.5
v -0.2 0.9 -0.5
v -0.2 1 -0.5
v -0.2 2.3 -0.5
v -0.2 2.4 -0.5
v -0.1 0.9 -0.5
v -0.1 1 -0.5
v -0.1 2.3 -0.5
v -0.1 2.4 -0.5
v 0 0.9 -0.5
v 0 1 -0.5
v 0 1.1 -0.5
v 0.1 0.9 -0.5
v 0.1 1 -0.5
v 0.1 1.1 -0.5
v 0.2 0.9 -0.5
v 0.2 1 -0.5
v 0.2 1.1 -0.5
v 0.3 1 -0.5
v 0.3 1.1 -0.5
v 0.3 2.3 -0.5
v 0.3 2.4 -0.5
v 0.4 2.3 -0.5
v 0.4 2.4 -0.5
v 0.5 2.1 -0.5
v 0.5 2.2 -0.5
v 0.6 2 -0.5
v 0.6 2.1 -0.5
v 0.6 2.2 -0.5
v 0.7 2 -0.5
v 0.7 2.1 -0.5
v -0.7 1.3 -0.6
v -0.7 1.6 -0.6
v -0.7 2 -0.6
v -0.6 1.2 -0.6
v -0.6 1.3 -0.6
v -0.6 1.4 -0.6
v -0.6 1.5 -0.6
v -0.6 1.6 -0.6
v -0.6 1.7 -0.6
v -0.6 1.8 -0.6
v -0.6 1.9 -0.6
v -0.6 2 -0.6
v -0.6 2.1 -0.6
v -0.5 1.2 -0.6
v -0.5 1.3 -0.6
v -0.5 1.4 -0.6
v -0.5 1.9 -0.6
v -0.5 2.1 -0.6
v -0.5 2.2 -0.6
v -0.5 2.3 -0.6
v -0.4 1.1 -0.6
v -0.4 1.2 -0.6
v -0.4 2.2 -0.6
v -0.3 1.1 -0.6
v -0.3 1.2 -0.6
v -0.3 2.2 -0.6
v -0.3 2.3 -0.6
v -0.3 2.4 -0.6
v -0.2 2.3 -0.6
v -0.2 2.4 -0.6
v -0.1 2.3 -0.6
v -0.1 2.4 -0.6
v 0.3 1.1 -0.6
v 0.3 1.2 -0.6
v 0.3 2.1 -0.6
v 0.3 2.2 -0.6
v 0.3 2.3 -0.6
v 0.3 2.4 -0.6
v 0.4 1.1 -0.6
v 0.4 1.2 -0.6
v 0.4 2.1 -0.6
v 0.4 2.2 -0.6
v 0.4 2.3 -0.6
v 0.4 2.4 -0.6
v 0.5 1.2 -0.6
v 0.5 1.3 -0.6
v 0.5 1.4 -0.6
v 0.5 1.9 -0.6
v 0.5 2 -0.6
v 0.5 2.1 -0.6
v 0.5 2.2 -0.6
v 0.5 2.3 -0.6
v 0.5 2.4 -0.6
v 0.6 1.2 -0.6
v 0.6 1.3 -0.6
v 0.6 1.4 -0.6
v 0.6 1.5 -0.6
v 0.6 1.7 -0.6
v 0.6 1.8 -0.6
v 0.6 1.9 -0.6
v 0.6 2 -0.6
v 0.6 2.1 -0.6
v 0.7 1.3 -0.6
v 0.7 2 -0.6
v -0.6 1.4 -0.7
v -0.6 1.5 -0.7
v -0.6 1.6 -0.7
v -0.6 1.7 -0.7
v -0.6 1.8 -0.7
v -0.6 1.9 -0.7
v -0.5 1.2 -0.7
v -0.5 1.3 -0.7
v -0.5 1.4 -0.7
v -0.5 1.6 -0.7
v -0.5 1.7 -0.7
v -0.5 1.8 -0.7
v -0.5 1.9 -0.7
v -0.5 2.1 -0.7
v -0.5 2.2 -0.7
v -0.4 1.3 -0.7
v -0.4 1.5 -0.7
v -0.4 1.6 -0.7
v -0.4 1.8 -0.7
v -0.4 1.9 -0.7
v -0.4 2 -0.7
v -0.4 2.1 -0.7
v -0.4 2.2 -0.7
v -0.3 1.1 -0.7
v -0.3 1.2 -0.7
v -0.3 1.3 -0.7
v -0.3 1.8 -0.7
v -0.3 1.9 -0.7
v -0.3 2 -0.7
v -0.3 2.1 -0.7
v -0.3 2.2 -0.7
v -0.3 2.3 -0.7
v -0.2 1.2 -0.7
v -0.2 1.3 -0.7
v -0.1 1.2 -0.7
v -0.1 1.3 -0.7
v 0 1.2 -0.7
v 0 1.3 -0.7
v 0.1 1.3 -0.7
v 0.1 2.2 -0.7
v 0.2 1.2 -0.7
v 0.2 1.3 -0.7
v 0.2 2.2 -0.7
v 0.3 1.1 -0.7
v 0.3 1.2 -0.7
v 0.3 1.3 -0.7
v 0.3 1.8 -0.7
v 0.3 2 -0.7
v 0.3 2.2 -0.7
v 0.4 1.3 -0.7
v 0.4 1.4 -0.7
v 0.4 1.5 -0.7
v 0.4 1.6 -0.7
v 0.4 1.8 -0.7
v 0.4 1.9 -0.7
v 0.4 2 -0.7
v 0.4 2.1 -0.7
v 0.4 2.2 -0.7
v 0.5 1.2 -0.7
v 0.5 1.3 -0.7
v 0.5 1.4 -0.7
v 0.5 1.5 -0.7
v 0.5 1.7 -0.7
v 0.5 1.8 -0.7
v 0.5 1.9 -0.7
v 0.5 2 -0.7
v 0.5 2.1 -0.7
v 0.5 2.2 -0.7
v 0.5 2.3 -0.7
v 0.6 1.4 -0.7
v 0.6 1.5 -0.7
v 0.6 1.7 -0.7
v 0.6 1.8 -0.7
v 0.6 1.9 -0.7
v -0.4 1.3 -0.8
v -0.4 1.6 -0.8
v -0.4 1.8 -0.8
v -0.4 2 -0.8
v -0.4 2.1 -0.8
v -0.3 1.3 -0.8
v -0.3 1.4 -0.8
v -0.3 1.5 -0.8
v -0.3 1.6 -0.8
v -0.3 1.8 -0.8
v -0.3 1.9 -0.8
v -0.3 2 -0.8
v -0.3 2.1 -0.8
v -0.3 2.2 -0.8
v -0.2 1.4 -0.8
v -0.2 1.5 -0.8
v -0.2 1.6 -0.8
v -0.2 1.7 -0.8
v -0.2 1.9 -0.8
v -0.2 2 -0.8
v -0.2 2.1 -0.8
v -0.1 1.4 -0.8
v -0.1 1.5 -0.8
v -0.1 1.6 -0.8
v -0.1 1.7 -0.8
v -0.1 1.8 -0.8
v -0.1 2 -0.8
v -0.1 2.1 -0.8
v 0 1.3 -0.8
v 0 1.4 -0.8
v 0 1.5 -0.8
v 0 1.6 -0.8
v 0 1.7 -0.8
v 0 1.8 -0.8
v 0 1.9 -0.8
v 0 2 -0.8
v 0.1 1.3 -0.8
v 0.1 1.4 -0.8
v 0.1 1.5 -0.8
v 0.1 1.6 -0.8
v 0.1 1.7 -0.8
v 0.1 1.9 -0.8
v 0.1 2 -0.8
v 0.1 2.1 -0.8
v 0.1 2.2 -0.8
v 0.2 1.3 -0.8
v 0.2 1.4 -0.8
v 0.2 1.5 -0.8
v 0.2 1.6 -0.8
v 0.2 1.8 -0.8
v 0.2 2.1 -0.8
v 0.2 2.2 -0.8
v 0.3 1.3 -0.8
v 0.3 1.4 -0.8
v 0.3 1.5 -0.8
v 0.3 1.6 -0.8
v 0.3 1.8 -0.8
v 0.3 2 -0.8
v 0.3 2.1 -0.8
v 0.3 2.2 -0.8
v 0.4 1.3 -0.8
v 0.4 1.4 -0.8
v 0.4 1.5 -0.8
v 0.4 1.6 -0.8
v 0.4 1.8 -0.8
v 0.4 2 -0.8
v 0.4 2.1 -0.8
v 0.4 2.2 -0.8
v -0.5 -0.8 0.2
v -0.4 -0.8 0.2
v -0.3 -0.8 0.2
v -0.2 -0.8 0.2
v 0.2 -0.8 0.2
v 0.3 -0.8 0.2
v 0.4 -0.8 0.2
v 0.5 -0.8 0.2
v -0.5 -0.8 0.1
v -0.4 -0.8 0.1
v -0.3 -0.8 0.1
v -0.2 -0.8 0.1
v 0.2 -0.8 0.1
v 0.3 -0.8 0.1
v 0.4 -0.8 0.1
v 0.5 -0.8 0.1
v -0.6 -0.8 -2.98023e-08
v -0.5 -0.8 -2.98023e-08
v -0.3 -0.8 -2.98023e-08
v -0.2 -0.8 -2.98023e-08
v 0.2 -0.8 -2.98023e-08
v 0.3 -0.8 -2.98023e-08
v 0.5 -0.8 -2.98023e-08
v 0.6 -0.8 -2.98023e-08
v -0.6 -0.8 -0.1
v -0.5 -0.8 -0.1
v 0.5 -0.8 -0.1
v 0.6 -0.8 -0.1
v -0.6 -0.8 -0.2
v -0.5 -0.8 -0.2
v 0.4 -0.8 -0.2
v 0.5 -0.8 -0.2
v 0.6 -0.8 -0.2
v -0.4 -0.8 -0.3
v -0.3 -0.8 -0.3
v -0.2 -0.8 -0.3
v 0.2 -0.8 -0.3
v 0.3 -0.8 -0.3
v 0.4 -0.8 -0.3
v 0.5 -0.8 -0.3
v -0.5 -0.8 -0.4
v -0.4 -0.8 -0.4
v -0.3 -0.8 -0.4
v -0.2 -0.8 -0.4
v 0.2 -0.8 -0.4
v 0.5 -0.8 -0.4
v -0.4 -0.7 0.2
v -0.3 -0.7 0.2
v 0.3 -0.7 0.2
v 0.4 -0.7 0.2
v -0.6 -0.7 0.1
v -0.5 -0.7 0.1
v -0.4 -0.7 0.1
v -0.3 -0.7 0.1
v 0.3 -0.7 0.1
v 0.4 -0.7 0.1
v 0.5 -0.7 0.1
v 0.6 -0.7 0.1
v -0.6 -0.7 -2.98023e-08
v -0.5 -0.7 -2.98023e-08
v -0.3 -0.7 -2.98023e-08
v -0.2 -0.7 -2.98023e-08
v 0.2 -0.7 -2.98023e-08
v 0.3 -0.7 -2.98023e-08
v 0.5 -0.7 -2.98023e-08
v 0.6 -0.7 -2.98023e-08
v -0.3 -0.7 -0.1
v -0.2 -0.7 -0.1
v -0.6 -0.7 -0.2
v -0.5 -0.7 -0.2
v -0.3 -0.7 -0.2
v -0.2 -0.7 -0.2
v 0.5 -0.7 -0.2
v 0.6 -0.7 -0.2
v -0.3 -0.7 -0.3
v -0.2 -0.7 -0.3
v 0.2 -0.7 -0.3
v 0.3 -0.7 -0.3
v 0.5 -0.7 -0.3
v -0.6 -0.7 -0.4
v -0.5 -0.7 -0.4
v 0.5 -0.7 -0.4
v 0.6 -0.7 -0.4
v -0.3 -0.6 -0.3
v -0.2 -0.6 -0.3
v 0.2 -0.6 -0.3
v 0.3 -0.6 -0.3
v -0.3 -0.6 -0.4
v -0.2 -0.6 -0.4
v 0.2 -0.6 -0.4
v 0.3 -0.6 -0.4
v -0.6 -0.5 -0.2
v -0.5 -0.5 -0.2
v 0.5 -0.5 -0.2
v 0.6 -0.5 -0.2
v -0.6 -0.5 -0.3
v -0.5 -0.5 -0.3
v 0.5 -0.5 -0.3
v 0.6 -0.5 -0.3
v -0.3 -0.2 -0.3
v -0.2 -0.2 -0.3
v 0.2 -0.2 -0.3
v 0.3 -0.2 -0.3
v -0.3 -0.2 -0.4
v -0.2 -0.2 -0.4
v 0.2 -0.2 -0.4
v 0.3 -0.2 -0.4
v -0.6 0.1 -2.98023e-08
v -0.5 0.1 -2.98023e-08
v -0.3 0.1 -2.98023e-08
v -0.2 0.1 -2.98023e-08
v -0.1 0.1 -2.98023e-08
v 0 0.1 -2.98023e-08
v 0.1 0.1 -2.98023e-08
v 0.3 0.1 -2.98023e-08
v 0.5 0.1 -2.98023e-08
v 0.6 0.1 -2.98023e-08
v -0.6 0.1 -0.1
v -0.5 0.1 -0.1
v -0.3 0.1 -0.1
v -0.2 0.1 -0.1
v -0.1 0.1 -0.1
v 0 0.1 -0.1
v 0.1 0.1 -0.1
v 0.2 0.1 -0.1
v 0.3 0.1 -0.1
v 0.5 0.1 -0.1
v 0.6 0.1 -0.1
v -0.2 0.1 -0.2
v 0.2 0.1 -0.2
v -0.6 0.1 -0.3
v -0.5 0.1 -0.3
v -0.2 0.1 -0.3
v 0.2 0.1 -0.3
v 0.5 0.1 -0.3
v 0.6 0.1 -0.3
v -0.6 0.1 -0.4
v -0.5 0.1 -0.4
v -0.2 0.1 -0.4
v 0.2 0.1 -0.4
v 0.5 0.1 -0.4
v 0.6 0.1 -0.4
v -0.3 0.2 0.1
v -0.2 0.2 0.1
v -0.1 0.2 0.1
v 0.1 0.2 0.1
v 0.2 0.2 0.1
v 0.3 0.2 0.1
v -0.3 0.2 -2.98023e-08
v -0.2 0.2 -2.98023e-08
v -0.1 0.2 -2.98023e-08
v 0 0.2 -2.98023e-08
v 0.1 0.2 -2.98023e-08
v 0.2 0.2 -2.98023e-08
v 0.3 0.2 -2.98023e-08
v -0.6 0.4 -2.98023e-08
v -0.5 0.4 -2.98023e-08
v 0.5 0.4 -2.98023e-08
v 0.6 0.4 -2.98023e-08
v -0.6 0.4 -0.1
v -0.5 0.4 -0.1
v 0.5 0.4 -0.1
v 0.6 0.4 -0.1
v -0.4 0.5 0.1
v -0.3 0.5 0.1
v -1.6 0.5 -2.98023e-08
v -1.5 0.5 -2.98023e-08
v -0.9 0.5 -2.98023e-08
v -0.7 0.5 -2.98023e-08
v -0.6 0.5 -2.98023e-08
v -0.4 0.5 -2.98023e-08
v -0.3 0.5 -2.98023e-08
v 0.6 0.5 -2.98023e-08
v 0.7 0.5 -2.98023e-08
v 0.9 0.5 -2.98023e-08
v 1.5 0.5 -2.98023e-08
v 1.6 0.5 -2.98023e-08
v -1.6 0.5 -0.1
v -1.5 0.5 -0.1
v -1.3 0.5 -0.1
v -1.2 0.5 -0.1
v -1.1 0.5 -0.1
v -1 0.5 -0.1
v -0.9 0.5 -0.1
v -0.8 0.5 -0.1
v -0.7 0.5 -0.1
v -0.6 0.5 -0.1
v 0.6 0.5 -0.1
v 0.7 0.5 -0.1
v 0.8 0.5 -0.1
v 0.9 0.5 -0.1
v 1 0.5 -0.1
v 1.1 0.5 -0.1
v 1.2 0.5 -0.1
v 1.3 0.5 -0.1
v 1.5 0.5 -0.1
v 1.6 0.5 -0.1
v -1.6 0.5 -0.2
v -1.5 0.5 -0.2
v -0.6 0.5 -0.2
v 1.5 0.5 -0.2
v 1.6 0.5 -0.2
v -1.6 0.5 -0.3
v -1.5 0.5 -0.3
v -1.3 0.5 -0.3
v -1.2 0.5 -0.3
v -1.1 0.5 -0.3
v -1 0.5 -0.3
v -0.9 0.5 -0.3
v -0.8 0.5 -0.3
v -0.7 0.5 -0.3
v 0.6 0.5 -0.3
v 0.7 0.5 -0.3
v 0.8 0.5 -0.3
v 0.9 0.5 -0.3
v 1 0.5 -0.3
v 1.1 0.5 -0.3
v 1.2 0.5 -0.3
v 1.3 0.5 -0.3
v 1.5 0.5 -0.3
v 1.6 0.5 -0.3
v -1.6 0.5 -0.4
v -1.5 0.5 -0.4
v -0.9 0.5 -0.4
v -0.7 0.5 -0.4
v -0.6 0.5 -0.4
v 0.6 0.5 -0.4
v 0.7 0.5 -0.4
v 0.9 0.5 -0.4
v 1.5 0.5 -0.4
v 1.6 0.5 -0.4
v -0.5 0.6 0.1
v -0.4 0.6 0.1
v -1.5 0.6 -2.98023e-08
v -1.4 0.6 -2.98023e-08
v -1.2 0.6 -2.98023e-08
v -1.1 0.6 -2.98023e-08
v -1 0.6 -2.98023e-08
v -0.9 0.6 -2.98023e-08
v -0.5 0.6 -2.98023e-08
v -0.4 0.6 -2.98023e-08
v 0.9 0.6 -2.98023e-08
v 1 0.6 -2.98023e-08
v 1.1 0.6 -2.98023e-08
v 1.2 0.6 -2.98023e-08
v 1.4 0.6 -2.98023e-08
v 1.5 0.6 -2.98023e-08
v -1.5 0.6 -0.1
v -1.4 0.6 -0.1
v -1.3 0.6 -0.1
v -1.2 0.6 -0.1
v -1.1 0.6 -0.1
v -1 0.6 -0.1
v -0.9 0.6 -0.1
v 0.9 0.6 -0.1
v 1 0.6 -0.1
v 1.1 0.6 -0.1
v 1.2 0.6 -0.1
v 1.3 0.6 -0.1
v 1.4 0.6 -0.1
v 1.5 0.6 -0.1
v -1.5 0.6 -0.2
v 1.5 0.6 -0.2
v -1.5 0.6 -0.3
v -1.4 0.6 -0.3
v -1.3 0.6 -0.3
v -1.2 0.6 -0.3
v -1.1 0.6 -0.3
v -1 0.6 -0.3
v -0.9 0.6 -0.3
v 0.9 0.6 -0.3
v 1 0.6 -0.3
v 1.1 0.6 -0.3
v 1.2 0.6 -0.3
v 1.3 0.6 -0.3
v 1.4 0.6 -0.3
v 1.5 0.6 -0.3
v -1.5 0.6 -0.4
v -1.4 0.6 -0.4
v -1.2 0.6 -0.4
v -1.1 0.6 -0.4
v -0.9 0.6 -0.4
v 0.9 0.6 -0.4
v 1 0.6 -0.4
v 1.1 0.6 -0.4
v 1.2 0.6 -0.4
v 1.4 0.6 -0.4
v 1.5 0.6 -0.4
v 0.2 0.8 0.1
v 0.3 0.8 0.1
v 0.5 0.8 0.1
v 0.2 0.8 -2.98023e-08
v 0.3 0.8 -2.98023e-08
v 0.5 0.8 -2.98023e-08
v -0.2 0.9 -0.4
v -0.1 0.9 -0.4
v 0 0.9 -0.4
v 0.1 0.9 -0.4
v 0.2 0.9 -0.4
v -0.2 0.9 -0.5
v -0.1 0.9 -0.5
v 0 0.9 -0.5
v 0.1 0.9 -0.5
v 0.2 0.9 -0.5
v -0.3 1 -2.98023e-08
v -0.2 1 -2.98023e-08
v 0.2 1 -2.98023e-08
v 0.3 1 -2.98023e-08
v -0.4 1 -0.1
v -0.3 1 -0.1
v -0.2 1 -0.1
v 0.2 1 -0.1
v 0.3 1 -0.1
v 0.4 1 -0.1
v -0.4 1 -0.2
v -0.3 1 -0.2
v 0.3 1 -0.2
v 0.4 1 -0.2
v -0.3 1 -0.4
v -0.2 1 -0.4
v 0.2 1 -0.4
v 0.3 1 -0.4
v -0.3 1 -0.5
v -0.2 1 -0.5
v 0.2 1 -0.5
v 0.3 1 -0.5
v -0.3 1.1 0.3
v -0.1 1.1 0.3
v 0.1 1.1 0.3
v 0.3 1.1 0.3
v -0.4 1.1 0.2
v -0.3 1.1 0.2
v -0.1 1.1 0.2
v 0.1 1.1 0.2
v 0.3 1.1 0.2
v 0.4 1.1 0.2
v -0.2 1.1 0.1
v -0.1 1.1 0.1
v 0.1 1.1 0.1
v 0.2 1.1 0.1
v -0.4 1.1 -2.98023e-08
v -0.3 1.1 -2.98023e-08
v -0.2 1.1 -2.98023e-08
v 0.2 1.1 -2.98023e-08
v 0.3 1.1 -2.98023e-08
v 0.4 1.1 -2.98023e-08
v -0.4 1.1 -0.1
v -0.3 1.1 -0.1
v 0.3 1.1 -0.1
v 0.4 1.1 -0.1
v -0.4 1.1 -0.3
v -0.3 1.1 -0.3
v 0.3 1.1 -0.3
v 0.4 1.1 -0.3
v -0.4 1.1 -0.5
v -0.3 1.1 -0.5
v 0 1.1 -0.5
v 0.1 1.1 -0.5
v 0.2 1.1 -0.5
v 0.3 1.1 -0.5
v -0.4 1.1 -0.6
v -0.3 1.1 -0.6
v 0.1 1.1 -0.6
v 0.3 1.1 -0.6
v 0.4 1.1 -0.6
v -0.3 1.1 -0.7
v 0.3 1.1 -0.7
v -0.6 1.2 0.2
v -0.5 1.2 0.2
v -0.4 1.2 0.2
v 0.4 1.2 0.2
v 0.5 1.2 0.2
v 0.6 1.2 0.2
v -0.6 1.2 0.1
v -0.5 1.2 0.1
v 0.5 1.2 0.1
v 0.6 1.2 0.1
v -0.4 1.2 -2.98023e-08
v 0.4 1.2 -2.98023e-08
v -0.7 1.2 -0.1
v -0.6 1.2 -0.1
v -0.4 1.2 -0.1
v 0.4 1.2 -0.1
v 0.6 1.2 -0.1
v 0.7 1.2 -0.1
v -0.4 1.2 -0.2
v -0.4 1.2 -0.3
v -0.7 1.2 -0.4
v -0.6 1.2 -0.4
v 0.6 1.2 -0.4
v 0.7 1.2 -0.4
v -0.4 1.2 -0.5
v -0.6 1.2 -0.6
v -0.5 1.2 -0.6
v -0.4 1.2 -0.6
v -0.3 1.2 -0.6
v 0.3 1.2 -0.6
v 0.4 1.2 -0.6
v 0.5 1.2 -0.6
v 0.6 1.2 -0.6
v -0.5 1.2 -0.7
v -0.3 1.2 -0.7
v 0.3 1.2 -0.7
v 0.5 1.2 -0.7
v -0.4 1.3 0.3
v -0.3 1.3 0.3
v 0.3 1.3 0.3
v 0.4 1.3 0.3
v -0.4 1.3 0.2
v -0.3 1.3 0.2
v 0.3 1.3 0.2
v 0.4 1.3 0.2
v -0.7 1.3 0.1
v -0.6 1.3 0.1
v 0.6 1.3 0.1
v 0.7 1.3 0.1
v -0.7 1.3 -2.98023e-08
v -0.6 1.3 -2.98023e-08
v 0.6 1.3 -2.98023e-08
v 0.7 1.3 -2.98023e-08
v -0.7 1.3 -0.1
v -0.6 1.3 -0.1
v 0.6 1.3 -0.1
v 0.7 1.3 -0.1
v -0.7 1.3 -0.4
v -0.6 1.3 -0.4
v 0.6 1.3 -0.4
v 0.7 1.3 -0.4
v -0.7 1.3 -0.5
v -0.6 1.3 -0.5
v 0.6 1.3 -0.5
v 0.7 1.3 -0.5
v -0.7 1.3 -0.6
v -0.6 1.3 -0.6
v 0.6 1.3 -0.6
v 0.7 1.3 -0.6
v -0.4 1.3 -0.7
v -0.3 1.3 -0.7
v -0.2 1.3 -0.7
v -0.1 1.3 -0.7
v 0 1.3 -0.7
v 0.1 1.3 -0.7
v 0.2 1.3 -0.7
v 0.3 1.3 -0.7
v 0.4 1.3 -0.7
v -0.4 1.3 -0.8
v -0.3 1.3 -0.8
v 0 1.3 -0.8
v 0.1 1.3 -0.8
v 0.2 1.3 -0.8
v 0.3 1.3 -0.8
v 0.4 1.3 -0.8
v -0.6 1.4 -0.6
v -0.5 1.4 -0.6
v 0.5 1.4 -0.6
v 0.6 1.4 -0.6
v -0.6 1.4 -0.7
v -0.5 1.4 -0.7
v 0.5 1.4 -0.7
v 0.6 1.4 -0.7
v -0.8 1.5 -0.1
v -0.7 1.5 -0.1
v 0.7 1.5 -0.1
v 0.8 1.5 -0.1
v -0.8 1.5 -0.2
v -0.7 1.5 -0.2
v 0.7 1.5 -0.2
v 0.8 1.5 -0.2
v -0.7 1.5 -0.3
v 0.7 1.5 -0.3
v 0.8 1.5 -0.3
v -0.8 1.5 -0.4
v -0.7 1.5 -0.4
v 0.7 1.5 -0.4
v 0.8 1.5 -0.4
v -0.6 2 0.2
v -0.5 2 0.2
v -0.6 2 0.1
v -0.5 2 0.1
v -0.4 2 -0.7
v -0.3 2 -0.7
v 0.3 2 -0.7
v 0.4 2 -0.7
v -0.4 2 -0.8
v -0.3 2 -0.8
v 0.3 2 -0.8
v 0.4 2 -0.8
v 0 2.1 -0.2
v 0.1 2.1 -0.2
v 0 2.1 -0.3
v 0 2.1 -0.4
v 0.1 2.1 -0.4
v 0.3 2.2 -0.6
v 0.4 2.2 -0.6
v 0.5 2.2 -0.6
v 0.3 2.2 -0.7
v 0.4 2.2 -0.7
v 0.5 2.2 -0.7
v 0.1 2.3 -0.2
v 0.2 2.3 -0.2
v 0.1 2.3 -0.4
v 0.2 2.3 -0.4
v -0.3 -0.7 0.2
v -0.2 -0.7 0.2
v 0.2 -0.7 0.2
v 0.3 -0.7 0.2
v -0.3 -0.7 0.1
v -0.2 -0.7 0.1
v 0.2 -0.7 0.1
v 0.3 -0.7 0.1
v -0.3 -0.7 -0.3
v -0.2 -0.7 -0.3
v 0.2 -0.7 -0.3
v 0.3 -0.7 -0.3
v -0.3 -0.7 -0.4
v -0.2 -0.7 -0.4
v 0.2 -0.7 -0.4
v 0.3 -0.7 -0.4
v -0.5 -0.6 0.2
v -0.4 -0.6 0.2
v -0.3 -0.6 0.2
v 0.3 -0.6 0.2
v 0.4 -0.6 0.2
v 0.5 -0.6 0.2
v -0.6 -0.6 0.1
v -0.5 -0.6 0.1
v -0.4 -0.6 0.1
v -0.3 -0.6 0.1
v -0.2 -0.6 0.1
v 0.2 -0.6 0.1
v 0.3 -0.6 0.1
v 0.4 -0.6 0.1
v 0.5 -0.6 0.1
v 0.6 -0.6 0.1
v -0.6 -0.6 -2.98023e-08
v -0.5 -0.6 -2.98023e-08
v -0.4 -0.6 -2.98023e-08
v -0.3 -0.6 -2.98023e-08
v -0.2 -0.6 -2.98023e-08
v 0.2 -0.6 -2.98023e-08
v 0.3 -0.6 -2.98023e-08
v 0.4 -0.6 -2.98023e-08
v 0.5 -0.6 -2.98023e-08
v 0.6 -0.6 -2.98023e-08
v -0.6 -0.6 -0.1
v -0.5 -0.6 -0.1
v 0.5 -0.6 -0.1
v 0.6 -0.6 -0.1
v -0.6 -0.6 -0.2
v -0.5 -0.6 -0.2
v 0.5 -0.6 -0.2
v 0.6 -0.6 -0.2
v -0.6 -0.6 -0.3
v -0.5 -0.6 -0.3
v 0.5 -0.6 -0.3
v 0.6 -0.6 -0.3
v -0.3 -0.5 -2.98023e-08
v -0.2 -0.5 -2.98023e-08
v 0.2 -0.5 -2.98023e-08
v 0.3 -0.5 -2.98023e-08
v -0.3 -0.5 -0.1
v -0.2 -0.5 -0.1
v 0.2 -0.5 -0.1
v 0.3 -0.5 -0.1
v -0.6 -0.5 -0.3
v -0.5 -0.5 -0.3
v -0.3 -0.5 -0.3
v -0.2 -0.5 -0.3
v 0.2 -0.5 -0.3
v 0.3 -0.5 -0.3
v 0.5 -0.5 -0.3
v 0.6 -0.5 -0.3
v -0.6 -0.5 -0.4
v -0.5 -0.5 -0.4
v -0.3 -0.5 -0.4
v -0.2 -0.5 -0.4
v 0.2 -0.5 -0.4
v 0.3 -0.5 -0.4
v 0.5 -0.5 -0.4
v 0.6 -0.5 -0.4
v -0.6 0.3 -2.98023e-08
v -0.5 0.3 -2.98023e-08
v 0.5 0.3 -2.98023e-08
v 0.6 0.3 -2.98023e-08
v -0.6 0.3 -0.1
v -0.5 0.3 -0.1
v 0.5 0.3 -0.1
v 0.6 0.3 -0.1
v 0.2 0.5 0.1
v 0.3 0.5 0.1
v 0.2 0.5 -2.98023e-08
v 0.3 0.5 -2.98023e-08
v -1.6 0.8 -2.98023e-08
v -1.5 0.8 -2.98023e-08
v -1.4 0.8 -2.98023e-08
v -1.3 0.8 -2.98023e-08
v -1.2 0.8 -2.98023e-08
v -1.1 0.8 -2.98023e-08
v -1 0.8 -2.98023e-08
v 1 0.8 -2.98023e-08
v 1.1 0.8 -2.98023e-08
v 1.2 0.8 -2.98023e-08
v 1.3 0.8 -2.98023e-08
v 1.4 0.8 -2.98023e-08
v 1.5 0.8 -2.98023e-08
v 1.6 0.8 -2.98023e-08
v -1.5 0.8 -0.1
v -1.4 0.8 -0.1
v -1.3 0.8 -0.1
v -1.2 0.8 -0.1
v -1.1 0.8 -0.1
v -1 0.8 -0.1
v 1 0.8 -0.1
v 1.1 0.8 -0.1
v 1.2 0.8 -0.1
v 1.3 0.8 -0.1
v 1.4 0.8 -0.1
v 1.5 0.8 -0.1
v -1.2 0.8 -0.2
v 1.2 0.8 -0.2
v -1.5 0.8 -0.3
v -1.4 0.8 -0.3
v -1.3 0.8 -0.3
v -1.2 0.8 -0.3
v -1.1 0.8 -0.3
v -1 0.8 -0.3
v 1 0.8 -0.3
v 1.1 0.8 -0.3
v 1.2 0.8 -0.3
v 1.3 0.8 -0.3
v 1.4 0.8 -0.3
v 1.5 0.8 -0.3
v -1.6 0.8 -0.4
v -1.5 0.8 -0.4
v -1.4 0.8 -0.4
v -1.2 0.8 -0.4
v -1.1 0.8 -0.4
v -1 0.8 -0.4
v 1 0.8 -0.4
v 1.1 0.8 -0.4
v 1.2 0.8 -0.4
v 1.4 0.8 -0.4
v 1.5 0.8 -0.4
v 1.6 0.8 -0.4
v -0.5 0.9 0.1
v -0.3 0.9 0.1
v -0.2 0.9 0.1
v 0.2 0.9 0.1
v 0.3 0.9 0.1
v 0.5 0.9 0.1
v -1 0.9 -2.98023e-08
v -0.8 0.9 -2.98023e-08
v -0.6 0.9 -2.98023e-08
v -0.5 0.9 -2.98023e-08
v -0.3 0.9 -2.98023e-08
v -0.2 0.9 -2.98023e-08
v 0.3 0.9 -2.98023e-08
v 0.5 0.9 -2.98023e-08
v 0.6 0.9 -2.98023e-08
v 0.8 0.9 -2.98023e-08
v 1 0.9 -2.98023e-08
v -1.5 0.9 -0.1
v -1.4 0.9 -0.1
v -1.3 0.9 -0.1
v -1.2 0.9 -0.1
v -1.1 0.9 -0.1
v -1 0.9 -0.1
v -0.8 0.9 -0.1
v -0.7 0.9 -0.1
v -0.6 0.9 -0.1
v -0.4 0.9 -0.1
v -0.3 0.9 -0.1
v -0.2 0.9 -0.1
v 0.2 0.9 -0.1
v 0.3 0.9 -0.1
v 0.4 0.9 -0.1
v 0.6 0.9 -0.1
v 0.7 0.9 -0.1
v 0.8 0.9 -0.1
v 1 0.9 -0.1
v 1.1 0.9 -0.1
v 1.2 0.9 -0.1
v 1.3 0.9 -0.1
v 1.4 0.9 -0.1
v 1.5 0.9 -0.1
v -1.4 0.9 -0.2
v -1.3 0.9 -0.2
v -1.2 0.9 -0.2
v -0.8 0.9 -0.2
v -0.7 0.9 -0.2
v -0.6 0.9 -0.2
v -0.5 0.9 -0.2
v -0.4 0.9 -0.2
v -0.3 0.9 -0.2
v 0.3 0.9 -0.2
v 0.4 0.9 -0.2
v 0.5 0.9 -0.2
v 0.6 0.9 -0.2
v 0.7 0.9 -0.2
v 1.2 0.9 -0.2
v 1.3 0.9 -0.2
v 1.4 0.9 -0.2
v -1.5 0.9 -0.3
v -1.4 0.9 -0.3
v -1.3 0.9 -0.3
v -1.2 0.9 -0.3
v -1.1 0.9 -0.3
v -1 0.9 -0.3
v -0.8 0.9 -0.3
v -0.7 0.9 -0.3
v -0.6 0.9 -0.3
v -0.5 0.9 -0.3
v -0.4 0.9 -0.3
v -0.3 0.9 -0.3
v 0.3 0.9 -0.3
v 0.4 0.9 -0.3
v 0.5 0.9 -0.3
v 0.6 0.9 -0.3
v 0.7 0.9 -0.3
v 0.8 0.9 -0.3
v 1 0.9 -0.3
v 1.1 0.9 -0.3
v 1.2 0.9 -0.3
v 1.3 0.9 -0.3
v 1.4 0.9 -0.3
v 1.5 0.9 -0.3
v -1 0.9 -0.4
v -0.8 0.9 -0.4
v -0.7 0.9 -0.4
v -0.6 0.9 -0.4
v -0.3 0.9 -0.4
v 0.3 0.9 -0.4
v 0.4 0.9 -0.4
v 0.6 0.9 -0.4
v 0.7 0.9 -0.4
v 0.8 0.9 -0.4
v 1 0.9 -0.4
v -0.8 1.7 -0.1
v -0.7 1.7 -0.1
v 0.7 1.7 -0.1
v 0.8 1.7 -0.1
v -0.8 1.7 -0.2
v -0.7 1.7 -0.2
v 0.7 1.7 -0.2
v -0.8 1.7 -0.3
v -0.7 1.7 -0.3
v 0.7 1.7 -0.3
v -0.8 1.7 -0.4
v -0.7 1.7 -0.4
v 0.7 1.7 -0.4
v 0.8 1.7 -0.4
v -0.4 1.8 0.3
v -0.3 1.8 0.3
v 0.3 1.8 0.3
v 0.4 1.8 0.3
v -0.4 1.8 0.2
v -0.3 1.8 0.2
v 0.3 1.8 0.2
v 0.4 1.8 0.2
v -0.4 1.8 -0.7
v -0.3 1.8 -0.7
v 0.3 1.8 -0.7
v 0.4 1.8 -0.7
v -0.4 1.8 -0.8
v -0.3 1.8 -0.8
v 0.3 1.8 -0.8
v 0.4 1.8 -0.8
v -0.6 1.9 0.2
v -0.5 1.9 0.2
v -0.6 1.9 0.1
v -0.5 1.9 0.1
v -0.6 1.9 -0.6
v -0.5 1.9 -0.6
v 0.5 1.9 -0.6
v 0.6 1.9 -0.6
v -0.6 1.9 -0.7
v -0.5 1.9 -0.7
v 0.5 1.9 -0.7
v 0.6 1.9 -0.7
v -0.7 2 0.1
v -0.6 2 0.1
v 0.6 2 0.1
v 0.7 2 0.1
v -0.7 2 -2.98023e-08
v -0.6 2 -2.98023e-08
v 0.2 2 -2.98023e-08
v 0.3 2 -2.98023e-08
v 0.4 2 -2.98023e-08
v 0.6 2 -2.98023e-08
v 0.7 2 -2.98023e-08
v 0.2 2 -0.1
v 0.3 2 -0.1
v 0.4 2 -0.1
v 0 2 -0.2
v 0.1 2 -0.2
v 0.4 2 -0.2
v 0.5 2 -0.2
v 0 2 -0.3
v 0 2 -0.4
v 0.1 2 -0.4
v 0.4 2 -0.4
v 0.5 2 -0.4
v -0.7 2 -0.5
v -0.6 2 -0.5
v 0.6 2 -0.5
v 0.7 2 -0.5
v -0.7 2 -0.6
v -0.6 2 -0.6
v 0.6 2 -0.6
v 0.7 2 -0.6
v -0.3 2.1 0.3
v -0.2 2.1 0.3
v -0.1 2.1 0.3
v 0 2.1 0.3
v 0.1 2.1 0.3
v 0.3 2.1 0.3
v -0.6 2.1 0.2
v -0.4 2.1 0.2
v -0.3 2.1 0.2
v -0.2 2.1 0.2
v -0.1 2.1 0.2
v 0 2.1 0.2
v 0.1 2.1 0.2
v 0.3 2.1 0.2
v 0.4 2.1 0.2
v 0.5 2.1 0.2
v 0.6 2.1 0.2
v -0.5 2.1 0.1
v -0.4 2.1 0.1
v 0.2 2.1 0.1
v 0.3 2.1 0.1
v 0.4 2.1 0.1
v 0.5 2.1 0.1
v 0.6 2.1 0.1
v -0.7 2.1 -2.98023e-08
v -0.6 2.1 -2.98023e-08
v 0.1 2.1 -2.98023e-08
v 0.2 2.1 -2.98023e-08
v 0.3 2.1 -2.98023e-08
v 0.4 2.1 -2.98023e-08
v 0.5 2.1 -2.98023e-08
v 0.6 2.1 -2.98023e-08
v 0.7 2.1 -2.98023e-08
v -0.6 2.1 -0.1
v -0.5 2.1 -0.1
v 0.1 2.1 -0.1
v 0.2 2.1 -0.1
v 0.4 2.1 -0.1
v 0.5 2.1 -0.1
v 0.6 2.1 -0.1
v 0.1 2.1 -0.2
v 0.2 2.1 -0.2
v 0.3 2.1 -0.2
v 0.4 2.1 -0.2
v 0.5 2.1 -0.2
v 0.6 2.1 -0.2
v 0.7 2.1 -0.2
v -0.7 2.1 -0.3
v -0.6 2.1 -0.3
v 0.1 2.1 -0.3
v 0.2 2.1 -0.3
v 0.3 2.1 -0.3
v 0.4 2.1 -0.3
v -0.7 2.1 -0.4
v -0.6 2.1 -0.4
v 0.1 2.1 -0.4
v 0.2 2.1 -0.4
v 0.6 2.1 -0.4
v -0.7 2.1 -0.5
v -0.6 2.1 -0.5
v -0.5 2.1 -0.5
v 0.5 2.1 -0.5
v 0.6 2.1 -0.5
v 0.7 2.1 -0.5
v -0.6 2.1 -0.6
v -0.5 2.1 -0.6
v 0.3 2.1 -0.6
v 0.4 2.1 -0.6
v 0.5 2.1 -0.6
v 0.6 2.1 -0.6
v -0.4 2.1 -0.7
v -0.3 2.1 -0.7
v 0.3 2.1 -0.7
v 0.4 2.1 -0.7
v 0.5 2.1 -0.7
v -0.4 2.1 -0.8
v -0.3 2.1 -0.8
v -0.4 2.2 0.2
v -0.3 2.2 0.2
v -0.2 2.2 0.2
v 0 2.2 0.2
v 0.1 2.2 0.2
v 0.4 2.2 0.2
v -0.4 2.2 0.1
v -0.3 2.2 0.1
v -0.2 2.2 0.1
v -0.1 2.2 0.1
v 0 2.2 0.1
v 0.1 2.2 0.1
v 0.2 2.2 0.1
v 0.4 2.2 0.1
v 0.1 2.2 -2.98023e-08
v 0.2 2.2 -2.98023e-08
v -0.6 2.2 -0.1
v -0.5 2.2 -0.1
v 0.2 2.2 -0.1
v 0.3 2.2 -0.1
v 0.4 2.2 -0.1
v 0.5 2.2 -0.1
v -0.5 2.2 -0.2
v 0.1 2.2 -0.2
v 0.2 2.2 -0.2
v 0.3 2.2 -0.2
v 0.4 2.2 -0.2
v 0.5 2.2 -0.2
v 0.6 2.2 -0.2
v -0.5 2.2 -0.3
v 0.1 2.2 -0.3
v 0.2 2.2 -0.3
v 0.3 2.2 -0.3
v 0.4 2.2 -0.3
v 0.2 2.2 -0.4
v 0.3 2.2 -0.4
v 0.4 2.2 -0.4
v 0.5 2.2 -0.4
v 0.6 2.2 -0.4
v -0.6 2.2 -0.5
v -0.5 2.2 -0.5
v 0.4 2.2 -0.5
v 0.5 2.2 -0.5
v 0.6 2.2 -0.5
v -0.5 2.2 -0.6
v -0.4 2.2 -0.6
v -0.3 2.2 -0.6
v -0.5 2.2 -0.7
v -0.4 2.2 -0.7
v -0.3 2.2 -0.7
v 0.1 2.2 -0.7
v 0.2 2.2 -0.7
v 0.3 2.2 -0.7
v 0.4 2.2 -0.7
v -0.3 2.2 -0.8
v 0.1 2.2 -0.8
v 0.2 2.2 -0.8
v 0.3 2.2 -0.8
v 0.4 2.2 -0.8
v -0.5 2.3 0.1
v -0.4 2.3 0.1
v -0.5 2.3 -2.98023e-08
v -0.4 2.3 -2.98023e-08
v -0.4 2.3 -0.1
v -0.5 2.3 -0.2
v -0.4 2.3 -0.2
v -0.5 2.3 -0.3
v -0.4 2.3 -0.3
v -0.4 2.3 -0.4
v -0.4 2.3 -0.5
v -0.3 2.3 -0.5
v -0.2 2.3 -0.5
v -0.1 2.3 -0.5
v 0.3 2.3 -0.5
v 0.4 2.3 -0.5
v -0.5 2.3 -0.6
v -0.3 2.3 -0.6
v -0.2 2.3 -0.6
v -0.1 2.3 -0.6
v 0.3 2.3 -0.6
v 0.4 2.3 -0.6
v 0.5 2.3 -0.6
v -0.3 2.3 -0.7
v 0.5 2.3 -0.7
v -0.4 2.4 0.1
v -0.3 2.4 0.1
v -0.2 2.4 0.1
v 0 2.4 0.1
v 0.1 2.4 0.1
v -0.3 2.4 -2.98023e-08
v -0.2 2.4 -2.98023e-08
v 0 2.4 -2.98023e-08
v 0.1 2.4 -2.98023e-08
v -0.4 2.4 -0.1
v -0.3 2.4 -0.1
v -0.1 2.4 -0.1
v 0 2.4 -0.1
v -0.4 2.4 -0.2
v -0.3 2.4 -0.2
v -0.1 2.4 -0.2
v 0 2.4 -0.2
v 0.1 2.4 -0.2
v 0.2 2.4 -0.2
v -0.4 2.4 -0.3
v -0.3 2.4 -0.3
v -0.2 2.4 -0.3
v 0 2.4 -0.3
v -0.4 2.4 -0.4
v -0.3 2.4 -0.4
v 0.1 2.4 -0.4
v 0.2 2.4 -0.4
v 0.4 2.4 -0.4
v -0.4 2.4 -0.5
v -0.3 2.4 -0.5
v -0.2 2.4 -0.5
v -0.1 2.4 -0.5
v 0 2.4 -0.5
v 0.1 2.4 -0.5
v 0.2 2.4 -0.5
v 0.3 2.4 -0.5
v 0.4 2.4 -0.5
v 0.5 2.4 -0.5
v -0.3 2.4 -0.6
v -0.2 2.4 -0.6
v -0.1 2.4 -0.6
v 0.3 2.4 -0.6
v 0.4 2.4 -0.6
v 0.5 2.4 -0.6

# faces
f 6/20/1 2/20/1 1/20/1
f 7/14/1 3/14/1 2/14/1
f 7/20/1 2/20/1 6/20/1
f 8/15/1 4/15/1 3/15/1
f 8/14/1 3/14/1 7/14/1
f 9/3/1 5/3/1 4/3/1
f 9/15/1 4/15/1 8/15/1
f 10/3/1 5/3/1 9/3/1
f 11/17/1 8/17/1 7/17/1
f 11/17/1 7/17/1 6/17/1
f 11/17/1 10/17/1 9/17/1
f 11/17/1 9/17/1 8/17/1
f 12/17/1 10/17/1 11/17/1
f 15/4/1 14/4/1 13/4/1
f 16/4/1 14/4/1 15/4/1
f 19/16/1 18/16/1 17/16/1
f 20/16/1 18/16/1 19/16/1
f 25/4/1 22/4/1 21/4/1
f 26/4/1 22/4/1 25/4/1
f 27/4/1 24/4/1 23/4/1
f 28/4/1 24/4/1 27/4/1
f 29/10/1 27/10/1 26/10/1
f 30/10/1 27/10/1 29/10/1
f 33/16/1 32/16/1 31/16/1
f 34/16/1 32/16/1 33/16/1
f 39/10/1 36/10/1 35/10/1
f 40/10/1 36/10/1 39/10/1
f 41/10/1 38/10/1 37/10/1
f 42/10/1 38/10/1 41/10/1
f 47/4/1 44/4/1 43/4/1
f 48/4/1 44/4/1 47/4/1
f 49/4/1 46/4/1 45/4/1
f 50/4/1 46/4/1 49/4/1
f 54/10/1 52/10/1 51/10/1
f 55/17/1 53/17/1 52/17/1
f 55/10/1 52/10/1 54/10/1
f 56/17/1 53/17/1 55/17/1
f 57/17/1 55/17/1 54/17/1
f 58/4/1 56/4/1 55/4/1
f 58/17/1 55/17/1 57/17/1
f 59/17/1 53/17/1 56/17/1
f 59/4/1 56/4/1 58/4/1
f 60/17/1 53/17/1 59/17/1
f 65/10/1 62/10/1 61/10/1
f 66/10/1 62/10/1 65/10/1
f 67/10/1 62/10/1 66/10/1
f 68/10/1 62/10/1 67/10/1
f 71/10/1 64/10/1 63/10/1
f 72/4/1 65/4/1 64/4/1
f 72/10/1 64/10/1 71/10/1
f 72/4/1 66/4/1 65/4/1
f 73/4/1 66/4/1 72/4/1
f 74/16/1 67/16/1 66/16/1
f 74/4/1 66/4/1 73/4/1
f 75/4/1 68/4/1 67/4/1
f 75/16/1 67/16/1 74/16/1
f 76/17/1 69/17/1 68/17/1
f 76/4/1 68/4/1 75/4/1
f 77/10/1 70/10/1 69/10/1
f 77/17/1 69/17/1 76/17/1
f 78/4/1 73/4/1 72/4/1
f 78/8/1 72/8/1 71/8/1
f 79/16/1 75/16/1 74/16/1
f 79/4/1 73/4/1 78/4/1
f 79/16/1 74/16/1 73/16/1
f 80/16/1 75/16/1 79/16/1
f 81/17/1 76/17/1 75/17/1
f 81/16/1 75/16/1 80/16/1
f 82/4/1 77/4/1 76/4/1
f 82/17/1 76/17/1 81/17/1
f 83/10/1 70/10/1 77/10/1
f 83/4/1 77/4/1 82/4/1
f 84/8/1 78/8/1 71/8/1
f 85/16/1 79/16/1 78/16/1
f 85/8/1 78/8/1 84/8/1
f 86/16/1 79/16/1 85/16/1
f 87/10/1 70/10/1 83/10/1
f 87/16/1 83/16/1 82/16/1
f 88/10/1 70/10/1 87/10/1
f 89/6/1 85/6/1 84/6/1
f 90/8/1 86/8/1 85/8/1
f 90/6/1 85/6/1 89/6/1
f 91/8/1 86/8/1 90/8/1
f 94/16/1 87/16/1 82/16/1
f 95/8/1 88/8/1 87/8/1
f 95/16/1 87/16/1 94/16/1
f 96/8/1 90/8/1 89/8/1
f 96/8/1 91/8/1 90/8/1
f 97/16/1 92/16/1 91/16/1
f 97/8/1 91/8/1 96/8/1
f 98/17/1 93/17/1 92/17/1
f 98/16/1 92/16/1 97/16/1
f 99/16/1 94/16/1 93/16/1
f 99/17/1 93/17/1 98/17/1
f 100/8/1 95/8/1 94/8/1
f 100/16/1 94/16/1 99/16/1
f 101/6/1 97/6/1 96/6/1
f 101/8/1 96/8/1 89/8/1
f 102/8/1 98/8/1 97/8/1
f 102/6/1 97/6/1 101/6/1
f 103/6/1 99/6/1 98/6/1
f 103/8/1 98/8/1 102/8/1
f 103/6/1 100/6/1 99/6/1
f 104/8/1 95/8/1 100/8/1
f 104/6/1 100/6/1 103/6/1
f 105/8/1 103/8/1 102/8/1
f 105/8/1 101/8/1 89/8/1
f 105/8/1 104/8/1 103/8/1
f 105/8/1 102/8/1 101/8/1
f 106/8/1 104/8/1 105/8/1
f 107/8/1 104/8/1 106/8/1
f 108/8/1 95/8/1 104/8/1
f 108/8/1 104/8/1 107/8/1
f 109/8/1 88/8/1 95/8/1
f 109/8/1 95/8/1 108/8/1
f 110/8/1 88/8/1 109/8/1
f 111/8/1 107/8/1 106/8/1
f 112/6/1 108/6/1 107/6/1
f 112/8/1 107/8/1 111/8/1
f 113/8/1 109/8/1 108/8/1
f 113/6/1 108/6/1 112/6/1
f 114/8/1 109/8/1 113/8/1
f 119/3/1 116/3/1 115/3/1
f 120/17/1 117/17/1 116/17/1
f 120/3/1 116/3/1 119/3/1
f 121/17/1 117/17/1 120/17/1
f 123/17/1 119/17/1 118/17/1
f 124/4/1 120/4/1 119/4/1
f 124/17/1 119/17/1 123/17/1
f 124/4/1 121/4/1 120/4/1
f 125/4/1 121/4/1 124/4/1
f 126/17/1 122/17/1 121/17/1
f 126/4/1 121/4/1 125/4/1
f 127/17/1 122/17/1 126/17/1
f 128/17/1 122/17/1 127/17/1
f 129/4/1 126/4/1 125/4/1
f 130/4/1 128/4/1 127/4/1
f 131/4/1 128/4/1 130/4/1
f 132/4/1 129/4/1 125/4/1
f 133/17/1 130/17/1 129/17/1
f 133/4/1 129/4/1 132/4/1
f 134/17/1 130/17/1 133/17/1
f 135/17/1 133/17/1 132/17/1
f 136/4/1 134/4/1 133/4/1
f 136/17/1 133/17/1 135/17/1
f 137/16/1 136/16/1 135/16/1
f 138/4/1 134/4/1 136/4/1
f 138/16/1 136/16/1 137/16/1
f 139/6/1 138/6/1 137/6/1
f 139/4/1 134/4/1 138/4/1
f 140/4/1 134/4/1 139/4/1
f 142/6/1 139/6/1 137/6/1
f 142/6/1 140/6/1 139/6/1
f 143/6/1 140/6/1 142/6/1
f 145/6/1 143/6/1 142/6/1
f 145/6/1 144/6/1 143/6/1
f 145/6/1 142/6/1 141/6/1
f 146/6/1 144/6/1 145/6/1
f 147/6/1 144/6/1 146/6/1
f 148/6/1 144/6/1 147/6/1
f 149/20/1 146/20/1 145/20/1
f 150/6/1 147/6/1 146/6/1
f 150/20/1 146/20/1 149/20/1
f 151/6/1 147/6/1 150/6/1
f 152/20/1 148/20/1 147/20/1
f 152/6/1 147/6/1 151/6/1
f 153/20/1 148/20/1 152/20/1
f 155/18/1 151/18/1 150/18/1
f 156/4/1 152/4/1 151/4/1
f 156/18/1 151/18/1 155/18/1
f 157/17/1 153/17/1 152/17/1
f 157/4/1 152/4/1 156/4/1
f 158/17/1 153/17/1 157/17/1
f 159/18/1 155/18/1 154/18/1
f 160/4/1 156/4/1 155/4/1
f 160/18/1 155/18/1 159/18/1
f 161/18/1 157/18/1 156/18/1
f 161/4/1 156/4/1 160/4/1
f 161/18/1 158/18/1 157/18/1
f 162/18/1 158/18/1 161/18/1
f 168/10/1 164/10/1 163/10/1
f 169/16/1 165/16/1 164/16/1
f 169/10/1 164/10/1 168/10/1
f 170/16/1 165/16/1 169/16/1
f 171/16/1 165/16/1 170/16/1
f 172/16/1 167/16/1 166/16/1
f 173/16/1 167/16/1 172/16/1
f 174/16/1 167/16/1 173/16/1
f 175/17/1 169/17/1 168/17/1
f 178/4/1 177/4/1 176/4/1
f 179/4/1 177/4/1 178/4/1
f 180/17/1 175/17/1 168/17/1
f 181/8/1 179/8/1 178/8/1
f 182/8/1 179/8/1 181/8/1
f 183/17/1 180/17/1 168/17/1
f 184/17/1 180/17/1 183/17/1
f 185/6/1 182/6/1 181/6/1
f 186/6/1 182/6/1 185/6/1
f 187/8/1 186/8/1 185/8/1
f 188/8/1 186/8/1 187/8/1
f 189/6/1 184/6/1 183/6/1
f 190/6/1 184/6/1 189/6/1
f 191/6/1 188/6/1 187/6/1
f 192/6/1 188/6/1 191/6/1
f 198/8/1 194/8/1 193/8/1
f 198/8/1 195/8/1 194/8/1
f 199/8/1 195/8/1 198/8/1
f 203/8/1 197/8/1 196/8/1
f 204/8/1 197/8/1 203/8/1
f 205/8/1 202/8/1 201/8/1
f 205/8/1 203/8/1 202/8/1
f 205/8/1 201/8/1 200/8/1
f 206/8/1 203/8/1 205/8/1
f 212/3/1 208/3/1 207/3/1
f 213/17/1 209/17/1 208/17/1
f 213/3/1 208/3/1 212/3/1
f 214/17/1 209/17/1 213/17/1
f 215/17/1 211/17/1 210/17/1
f 216/17/1 211/17/1 215/17/1
f 217/4/1 213/4/1 212/4/1
f 218/4/1 213/4/1 217/4/1
f 223/4/1 220/4/1 219/4/1
f 224/4/1 220/4/1 223/4/1
f 225/4/1 222/4/1 221/4/1
f 226/4/1 222/4/1 225/4/1
f 228/17/1 224/17/1 223/17/1
f 229/17/1 227/17/1 226/17/1
f 230/17/1 227/17/1 229/17/1
f 231/17/1 228/17/1 223/17/1
f 232/4/1 230/4/1 229/4/1
f 233/4/1 230/4/1 232/4/1
f 234/17/1 231/17/1 223/17/1
f 235/17/1 233/17/1 232/17/1
f 236/17/1 233/17/1 235/17/1
f 237/17/1 234/17/1 223/17/1
f 238/17/1 234/17/1 237/17/1
f 239/4/1 236/4/1 235/4/1
f 240/4/1 236/4/1 239/4/1
f 241/17/1 240/17/1 239/17/1
f 242/17/1 240/17/1 241/17/1
f 243/6/1 238/6/1 237/6/1
f 244/6/1 238/6/1 243/6/1
f 245/6/1 242/6/1 241/6/1
f 246/6/1 242/6/1 245/6/1
f 249/16/1 248/16/1 247/16/1
f 250/16/1 248/16/1 249/16/1
f 253/18/1 252/18/1 251/18/1
f 254/18/1 253/18/1 251/18/1
f 255/18/1 253/18/1 254/18/1
f 258/10/1 257/10/1 256/10/1
f 259/10/1 257/10/1 258/10/1
f 260/4/1 259/4/1 258/4/1
f 261/4/1 259/4/1 260/4/1
f 266/6/1 263/6/1 262/6/1
f 267/6/1 263/6/1 266/6/1
f 271/8/1 265/8/1 264/8/1
f 272/8/1 265/8/1 271/8/1
f 273/8/1 269/8/1 268/8/1
f 274/8/1 269/8/1 273/8/1
f 275/8/1 269/8/1 274/8/1
f 278/6/1 271/6/1 270/6/1
f 278/6/1 272/6/1 271/6/1
f 279/6/1 272/6/1 278/6/1
f 280/6/1 272/6/1 279/6/1
f 281/6/1 274/6/1 273/6/1
f 282/8/1 276/8/1 275/8/1
f 282/6/1 274/6/1 281/6/1
f 282/8/1 275/8/1 274/8/1
f 283/6/1 277/6/1 276/6/1
f 283/8/1 276/8/1 282/8/1
f 284/8/1 279/8/1 278/8/1
f 284/6/1 277/6/1 283/6/1
f 284/8/1 278/8/1 277/8/1
f 285/8/1 279/8/1 284/8/1
f 288/18/1 287/18/1 286/18/1
f 289/18/1 287/18/1 288/18/1
f 293/16/1 291/16/1 290/16/1
f 296/16/1 293/16/1 292/16/1
f 297/16/1 291/16/1 293/16/1
f 297/16/1 293/16/1 296/16/1
f 298/16/1 291/16/1 297/16/1
f 301/16/1 295/16/1 294/16/1
f 302/17/1 296/17/1 295/17/1
f 302/16/1 295/16/1 301/16/1
f 303/16/1 297/16/1 296/16/1
f 303/17/1 296/17/1 302/17/1
f 304/17/1 298/17/1 297/17/1
f 304/16/1 297/16/1 303/16/1
f 305/16/1 299/16/1 298/16/1
f 305/17/1 298/17/1 304/17/1
f 306/4/1 300/4/1 299/4/1
f 306/16/1 299/16/1 305/16/1
f 307/4/1 300/4/1 306/4/1
f 312/17/1 309/17/1 308/17/1
f 313/17/1 309/17/1 312/17/1
f 314/10/1 313/10/1 312/10/1
f 315/10/1 313/10/1 314/10/1
f 316/10/1 311/10/1 310/10/1
f 317/17/1 315/17/1 314/17/1
f 318/17/1 315/17/1 317/17/1
f 319/10/1 311/10/1 316/10/1
f 320/10/1 311/10/1 319/10/1
f 321/9/1 318/9/1 317/9/1
f 322/9/1 318/9/1 321/9/1
f 323/8/1 320/8/1 319/8/1
f 324/8/1 320/8/1 323/8/1
f 329/8/1 326/8/1 325/8/1
f 330/8/1 326/8/1 329/8/1
f 331/8/1 328/8/1 327/8/1
f 332/8/1 328/8/1 331/8/1
f 340/8/1 334/8/1 333/8/1
f 340/8/1 335/8/1 334/8/1
f 341/6/1 336/6/1 335/6/1
f 341/8/1 335/8/1 340/8/1
f 342/8/1 337/8/1 336/8/1
f 342/6/1 336/6/1 341/6/1
f 343/6/1 338/6/1 337/6/1
f 343/8/1 337/8/1 342/8/1
f 344/8/1 339/8/1 338/8/1
f 344/6/1 338/6/1 343/6/1
f 345/8/1 339/8/1 344/8/1
f 348/3/1 347/3/1 346/3/1
f 349/3/1 347/3/1 348/3/1
f 352/17/1 351/17/1 350/17/1
f 353/17/1 351/17/1 352/17/1
f 354/18/1 353/18/1 352/18/1
f 355/18/1 354/18/1 352/18/1
f 356/18/1 354/18/1 355/18/1
f 362/18/1 358/18/1 357/18/1
f 363/18/1 358/18/1 362/18/1
f 364/11/1 360/11/1 359/11/1
f 365/11/1 360/11/1 364/11/1
f 369/16/1 362/16/1 361/16/1
f 370/16/1 362/16/1 369/16/1
f 371/16/1 366/16/1 365/16/1
f 371/16/1 365/16/1 364/16/1
f 372/16/1 366/16/1 371/16/1
f 375/10/1 368/10/1 367/10/1
f 376/10/1 368/10/1 375/10/1
f 377/10/1 374/10/1 373/10/1
f 378/10/1 374/10/1 377/10/1
f 379/14/1 376/14/1 375/14/1
f 380/14/1 376/14/1 379/14/1
f 385/9/1 382/9/1 381/9/1
f 386/9/1 382/9/1 385/9/1
f 387/8/1 384/8/1 383/8/1
f 388/8/1 384/8/1 387/8/1
f 389/4/1 386/4/1 385/4/1
f 390/4/1 386/4/1 389/4/1
f 391/6/1 388/6/1 387/6/1
f 392/6/1 388/6/1 391/6/1
f 393/10/1 390/10/1 389/10/1
f 394/10/1 390/10/1 393/10/1
f 398/8/1 396/8/1 395/8/1
f 399/8/1 396/8/1 398/8/1
f 401/8/1 398/8/1 397/8/1
f 402/8/1 398/8/1 401/8/1
f 403/8/1 401/8/1 400/8/1
f 404/8/1 401/8/1 403/8/1
f 410/16/1 406/16/1 405/16/1
f 410/16/1 407/16/1 406/16/1
f 411/16/1 407/16/1 410/16/1
f 412/16/1 407/16/1 411/16/1
f 413/16/1 409/16/1 408/16/1
f 414/16/1 409/16/1 413/16/1
f 415/17/1 411/17/1 410/17/1
f 416/17/1 411/17/1 415/17/1
f 419/8/1 418/8/1 417/8/1
f 420/8/1 418/8/1 419/8/1
f 423/2/1 422/2/1 421/2/1
f 424/2/1 422/2/1 423/2/1
f 430/3/1 426/3/1 425/3/1
f 431/17/1 427/17/1 426/17/1
f 431/3/1 426/3/1 430/3/1
f 432/17/1 427/17/1 431/17/1
f 433/17/1 429/17/1 428/17/1
f 434/17/1 429/17/1 433/17/1
f 435/17/1 432/17/1 431/17/1
f 435/17/1 433/17/1 432/17/1
f 436/17/1 433/17/1 435/17/1
f 437/17/1 433/17/1 436/17/1
f 439/4/1 437/4/1 436/4/1
f 440/4/1 437/4/1 439/4/1
f 441/17/1 438/17/1 437/17/1
f 441/4/1 437/4/1 440/4/1
f 442/17/1 438/17/1 441/17/1
f 443/17/1 441/17/1 440/17/1
f 444/17/1 441/17/1 443/17/1
f 445/17/1 441/17/1 444/17/1
f 446/4/1 444/4/1 443/4/1
f 447/10/1 445/10/1 444/10/1
f 447/4/1 444/4/1 446/4/1
f 448/10/1 445/10/1 447/10/1
f 449/6/1 447/6/1 446/6/1
f 449/6/1 448/6/1 447/6/1
f 451/6/1 449/6/1 446/6/1
f 451/20/1 450/20/1 449/20/1
f 452/20/1 450/20/1 451/20/1
f 453/6/1 451/6/1 446/6/1
f 453/6/1 452/6/1 451/6/1
f 454/6/1 452/6/1 453/6/1
f 455/6/1 452/6/1 454/6/1
f 456/6/1 452/6/1 455/6/1
f 461/1/1 458/1/1 457/1/1
f 462/1/1 458/1/1 461/1/1
f 463/1/1 460/1/1 459/1/1
f 464/1/1 460/1/1 463/1/1
f 469/17/1 466/17/1 465/17/1
f 470/17/1 466/17/1 469/17/1
f 472/4/1 468/4/1 467/4/1
f 473/4/1 468/4/1 472/4/1
f 474/4/1 471/4/1 470/4/1
f 475/4/1 471/4/1 474/4/1
f 480/4/1 477/4/1 476/4/1
f 481/4/1 479/4/1 478/4/1
f 482/4/1 479/4/1 481/4/1
f 483/4/1 480/4/1 476/4/1
f 484/4/1 480/4/1 483/4/1
f 485/16/1 482/16/1 481/16/1
f 486/16/1 482/16/1 485/16/1
f 487/16/1 482/16/1 486/16/1
f 488/6/1 484/6/1 483/6/1
f 489/6/1 484/6/1 488/6/1
f 490/17/1 489/17/1 488/17/1
f 491/17/1 489/17/1 490/17/1
f 492/6/1 491/6/1 490/6/1
f 493/6/1 491/6/1 492/6/1
f 496/3/1 495/3/1 494/3/1
f 497/3/1 495/3/1 496/3/1
f 500/2/1 499/2/1 498/2/1
f 501/2/1 499/2/1 500/2/1
f 504/8/1 503/8/1 502/8/1
f 505/8/1 503/8/1 504/8/1
f 508/2/1 507/2/1 506/2/1
f 509/2/1 507/2/1 508/2/1
f 510/7/1 509/7/1 508/7/1
f 511/7/1 509/7/1 510/7/1
f 514/10/1 513/10/1 512/10/1
f 515/10/1 513/10/1 514/10/1
f 520/16/1 517/16/1 516/16/1
f 521/16/1 517/16/1 520/16/1
f 522/15/1 521/15/1 520/15/1
f 523/15/1 521/15/1 522/15/1
f 525/16/1 519/16/1 518/16/1
f 526/16/1 519/16/1 525/16/1
f 527/10/1 524/10/1 523/10/1
f 528/15/1 525/15/1 524/15/1
f 528/10/1 524/10/1 527/10/1
f 529/15/1 525/15/1 528/15/1
f 535/20/1 531/20/1 530/20/1
f 536/3/1 532/3/1 531/3/1
f 536/20/1 531/20/1 535/20/1
f 537/15/1 533/15/1 532/15/1
f 537/3/1 532/3/1 536/3/1
f 538/14/1 534/14/1 533/14/1
f 538/15/1 533/15/1 537/15/1
f 539/14/1 534/14/1 538/14/1
f 540/20/2 541/20/2 545/20/2
f 541/14/2 542/14/2 546/14/2
f 545/20/2 541/20/2 546/20/2
f 542/15/2 543/15/2 547/15/2
f 546/14/2 542/14/2 547/14/2
f 543/3/2 544/3/2 548/3/2
f 547/15/2 543/15/2 548/15/2
f 548/3/2 544/3/2 549/3/2
f 550/16/2 551/16/2 554/16/2
f 554/16/2 551/16/2 555/16/2
f 554/15/2 555/15/2 556/15/2
f 556/15/2 555/15/2 557/15/2
f 552/16/2 553/16/2 559/16/2
f 559/16/2 553/16/2 560/16/2
f 557/10/2 558/10/2 561/10/2
f 558/15/2 559/15/2 562/15/2
f 561/10/2 558/10/2 562/10/2
f 562/15/2 559/15/2 563/15/2
f 564/10/2 565/10/2 566/10/2
f 566/10/2 565/10/2 567/10/2
f 568/3/2 569/3/2 570/3/2
f 570/3/2 569/3/2 571/3/2
f 572/17/2 573/17/2 576/17/2
f 576/17/2 573/17/2 577/17/2
f 577/17/2 573/17/2 578/17/2
f 578/17/2 573/17/2 579/17/2
f 574/17/2 575/17/2 581/17/2
f 581/17/2 575/17/2 582/17/2
f 579/17/2 580/17/2 583/17/2
f 583/17/2 580/17/2 584/17/2
f 585/17/2 586/17/2 589/17/2
f 589/17/2 586/17/2 590/17/2
f 587/17/2 588/17/2 591/17/2
f 591/17/2 588/17/2 592/17/2
f 589/14/2 590/14/2 593/14/2
f 593/14/2 590/14/2 594/14/2
f 593/3/2 594/3/2 595/3/2
f 595/3/2 594/3/2 596/3/2
f 591/16/2 592/16/2 597/16/2
f 597/16/2 592/16/2 598/16/2
f 595/6/2 596/6/2 599/6/2
f 595/6/2 599/6/2 600/6/2
f 600/6/2 599/6/2 601/6/2
f 600/20/2 601/20/2 602/20/2
f 602/20/2 601/20/2 603/20/2
f 604/3/2 605/3/2 609/3/2
f 605/17/2 606/17/2 610/17/2
f 609/3/2 605/3/2 610/3/2
f 610/17/2 606/17/2 611/17/2
f 607/17/2 608/17/2 614/17/2
f 614/17/2 608/17/2 615/17/2
f 610/17/2 611/17/2 616/17/2
f 611/17/2 612/17/2 616/17/2
f 616/17/2 612/17/2 617/17/2
f 612/4/2 613/4/2 618/4/2
f 617/17/2 612/17/2 618/17/2
f 613/17/2 614/17/2 619/17/2
f 618/4/2 613/4/2 619/4/2
f 619/17/2 614/17/2 620/17/2
f 617/4/2 618/4/2 622/4/2
f 619/17/2 620/17/2 623/17/2
f 622/4/2 618/4/2 623/4/2
f 618/17/2 619/17/2 623/17/2
f 620/4/2 621/4/2 624/4/2
f 623/17/2 620/17/2 624/17/2
f 624/4/2 621/4/2 625/4/2
f 623/17/2 624/17/2 626/17/2
f 626/17/2 624/17/2 627/17/2
f 623/17/2 626/17/2 628/17/2
f 626/10/2 627/10/2 629/10/2
f 628/17/2 626/17/2 629/17/2
f 628/7/2 629/7/2 630/7/2
f 629/10/2 627/10/2 630/10/2
f 630/10/2 627/10/2 631/10/2
f 628/7/2 630/7/2 633/7/2
f 630/17/2 631/17/2 634/17/2
f 633/7/2 630/7/2 634/7/2
f 631/10/2 632/10/2 635/10/2
f 634/17/2 631/17/2 635/17/2
f 635/10/2 632/10/2 636/10/2
f 633/6/2 634/6/2 637/6/2
f 634/6/2 635/6/2 637/6/2
f 635/20/2 636/20/2 637/20/2
f 637/20/2 636/20/2 638/20/2
f 633/6/2 637/6/2 639/6/2
f 637/6/2 638/6/2 639/6/2
f 639/6/2 638/6/2 640/6/2
f 640/6/2 638/6/2 641/6/2
f 641/6/2 638/6/2 642/6/2
f 643/8/2 644/8/2 645/8/2
f 645/8/2 644/8/2 646/8/2
f 647/2/2 648/2/2 650/2/2
f 648/5/2 649/5/2 651/5/2
f 650/2/2 648/2/2 651/2/2
f 651/5/2 649/5/2 652/5/2
f 653/2/2 654/2/2 659/2/2
f 654/1/2 655/1/2 660/1/2
f 659/2/2 654/2/2 660/2/2
f 660/1/2 655/1/2 661/1/2
f 656/2/2 657/2/2 662/2/2
f 662/2/2 657/2/2 663/2/2
f 658/8/2 659/8/2 664/8/2
f 660/7/2 661/7/2 665/7/2
f 664/8/2 659/8/2 665/8/2
f 659/7/2 660/7/2 665/7/2
f 662/7/2 663/7/2 665/7/2
f 661/7/2 662/7/2 665/7/2
f 665/7/2 663/7/2 666/7/2
f 666/7/2 663/7/2 667/7/2
f 664/6/2 665/6/2 668/6/2
f 665/8/2 666/8/2 669/8/2
f 668/6/2 665/6/2 669/6/2
f 669/8/2 666/8/2 670/8/2
f 671/18/2 672/18/2 673/18/2
f 673/18/2 672/18/2 674/18/2
f 673/11/2 674/11/2 675/11/2
f 675/11/2 674/11/2 676/11/2
f 675/18/2 676/18/2 677/18/2
f 677/18/2 676/18/2 678/18/2
f 679/16/2 680/16/2 683/16/2
f 683/16/2 680/16/2 684/16/2
f 684/16/2 680/16/2 685/16/2
f 681/17/2 682/17/2 686/17/2
f 686/17/2 682/17/2 687/17/2
f 683/17/2 684/17/2 688/17/2
f 688/17/2 684/17/2 689/17/2
f 690/2/2 691/2/2 693/2/2
f 693/2/2 691/2/2 694/2/2
f 692/2/2 693/2/2 695/2/2
f 695/2/2 693/2/2 696/2/2
f 697/8/2 698/8/2 699/8/2
f 699/8/2 698/8/2 700/8/2
f 701/3/2 702/3/2 703/3/2
f 703/3/2 702/3/2 704/3/2
f 705/17/2 706/17/2 707/17/2
f 707/17/2 706/17/2 708/17/2
f 707/18/2 708/18/2 709/18/2
f 709/18/2 708/18/2 710/18/2
f 709/11/2 710/11/2 711/11/2
f 711/11/2 710/11/2 712/11/2
f 713/18/2 714/18/2 718/18/2
f 718/18/2 714/18/2 719/18/2
f 715/18/2 716/18/2 720/18/2
f 720/18/2 716/18/2 721/18/2
f 717/16/2 718/16/2 725/16/2
f 725/16/2 718/16/2 726/16/2
f 721/16/2 722/16/2 727/16/2
f 720/16/2 721/16/2 727/16/2
f 727/16/2 722/16/2 728/16/2
f 723/10/2 724/10/2 731/10/2
f 731/10/2 724/10/2 732/10/2
f 729/10/2 730/10/2 733/10/2
f 733/10/2 730/10/2 734/10/2
f 731/14/2 732/14/2 735/14/2
f 735/14/2 732/14/2 736/14/2
f 737/9/2 738/9/2 741/9/2
f 741/9/2 738/9/2 742/9/2
f 741/4/2 742/4/2 743/4/2
f 743/4/2 742/4/2 744/4/2
f 739/8/2 740/8/2 745/8/2
f 745/8/2 740/8/2 746/8/2
f 743/10/2 744/10/2 747/10/2
f 747/10/2 744/10/2 748/10/2
f 749/2/2 750/2/2 753/2/2
f 753/2/2 750/2/2 754/2/2
f 751/4/2 752/4/2 755/4/2
f 755/4/2 752/4/2 756/4/2
f 757/8/2 758/8/2 759/8/2
f 759/8/2 758/8/2 760/8/2
f 761/16/2 762/16/2 764/16/2
f 763/16/2 764/16/2 767/16/2
f 764/16/2 762/16/2 768/16/2
f 767/16/2 764/16/2 768/16/2
f 765/16/2 766/16/2 770/16/2
f 766/17/2 767/17/2 771/17/2
f 770/16/2 766/16/2 771/16/2
f 768/16/2 769/16/2 772/16/2
f 771/17/2 767/17/2 772/17/2
f 767/16/2 768/16/2 772/16/2
f 772/16/2 769/16/2 773/16/2
f 774/10/2 775/10/2 778/10/2
f 776/10/2 777/10/2 779/10/2
f 779/10/2 777/10/2 780/10/2
f 774/10/2 778/10/2 781/10/2
f 779/17/2 780/17/2 782/17/2
f 782/17/2 780/17/2 783/17/2
f 774/10/2 781/10/2 784/10/2
f 784/10/2 781/10/2 785/10/2
f 782/10/2 783/10/2 786/10/2
f 786/10/2 783/10/2 787/10/2
f 784/9/2 785/9/2 788/9/2
f 788/9/2 785/9/2 789/9/2
f 786/17/2 787/17/2 790/17/2
f 790/17/2 787/17/2 791/17/2
f 792/2/2 793/2/2 798/2/2
f 798/2/2 793/2/2 799/2/2
f 799/2/2 793/2/2 800/2/2
f 794/8/2 795/8/2 801/8/2
f 801/8/2 795/8/2 802/8/2
f 796/10/2 797/10/2 803/10/2
f 803/10/2 797/10/2 804/10/2
f 799/7/2 800/7/2 805/7/2
f 805/7/2 800/7/2 806/7/2
f 801/6/2 802/6/2 808/6/2
f 808/6/2 802/6/2 809/6/2
f 806/7/2 807/7/2 810/7/2
f 810/7/2 807/7/2 811/7/2
f 810/8/2 811/8/2 812/8/2
f 812/8/2 811/8/2 813/8/2
f 814/3/2 815/3/2 820/3/2
f 815/17/2 816/17/2 821/17/2
f 820/3/2 815/3/2 821/3/2
f 821/17/2 816/17/2 822/17/2
f 817/4/2 818/4/2 823/4/2
f 818/17/2 819/17/2 824/17/2
f 823/4/2 818/4/2 824/4/2
f 824/17/2 819/17/2 825/17/2
f 820/17/2 821/17/2 826/17/2
f 826/17/2 821/17/2 827/17/2
f 828/4/2 829/4/2 832/4/2
f 832/4/2 829/4/2 833/4/2
f 830/4/2 831/4/2 834/4/2
f 834/4/2 831/4/2 835/4/2
f 832/17/2 833/17/2 837/17/2
f 837/17/2 833/17/2 838/17/2
f 835/17/2 836/17/2 839/17/2
f 839/17/2 836/17/2 840/17/2
f 837/6/2 838/6/2 841/6/2
f 839/4/2 840/4/2 842/4/2
f 842/4/2 840/4/2 843/4/2
f 837/6/2 841/6/2 844/6/2
f 844/6/2 841/6/2 845/6/2
f 844/17/2 845/17/2 846/17/2
f 846/17/2 845/17/2 847/17/2
f 842/20/2 843/20/2 848/20/2
f 848/20/2 843/20/2 849/20/2
f 846/20/2 847/20/2 850/20/2
f 850/20/2 847/20/2 851/20/2
f 848/17/2 849/17/2 852/17/2
f 852/17/2 849/17/2 853/17/2
f 850/6/2 851/6/2 854/6/2
f 854/6/2 851/6/2 855/6/2
f 852/6/2 853/6/2 856/6/2
f 856/6/2 853/6/2 857/6/2
f 858/16/2 859/16/2 860/16/2
f 860/16/2 859/16/2 861/16/2
f 862/11/2 863/11/2 864/11/2
f 864/11/2 863/11/2 865/11/2
f 866/10/2 867/10/2 868/10/2
f 868/10/2 867/10/2 869/10/2
f 868/17/2 869/17/2 870/17/2
f 870/17/2 869/17/2 871/17/2
f 872/17/2 873/17/2 874/17/2
f 874/17/2 873/17/2 875/17/2
f 874/4/2 875/4/2 879/4/2
f 879/4/2 875/4/2 880/4/2
f 876/1/2 877/1/2 881/1/2
f 881/1/2 877/1/2 882/1/2
f 878/4/2 879/4/2 883/4/2
f 883/4/2 879/4/2 884/4/2
f 884/8/2 885/8/2 886/8/2
f 883/8/2 884/8/2 886/8/2
f 886/8/2 885/8/2 887/8/2
f 883/8/2 886/8/2 888/8/2
f 888/8/2 886/8/2 889/8/2
f 890/3/2 891/3/2 894/3/2
f 891/4/2 892/4/2 895/4/2
f 894/3/2 891/3/2 895/3/2
f 895/4/2 892/4/2 896/4/2
f 893/17/2 894/17/2 898/17/2
f 896/4/2 897/4/2 899/4/2
f 898/17/2 894/17/2 899/17/2
f 894/4/2 895/4/2 899/4/2
f 895/4/2 896/4/2 899/4/2
f 899/4/2 897/4/2 900/4/2
f 900/4/2 897/4/2 901/4/2
f 901/4/2 897/4/2 902/4/2
f 900/4/2 901/4/2 903/4/2
f 902/4/2 897/4/2 904/4/2
f 904/4/2 897/4/2 905/4/2
f 900/4/2 903/4/2 906/4/2
f 903/17/2 904/17/2 907/17/2
f 906/4/2 903/4/2 907/4/2
f 907/17/2 904/17/2 908/17/2
f 906/6/2 907/6/2 909/6/2
f 907/6/2 908/6/2 909/6/2
f 909/6/2 908/6/2 910/6/2
f 909/20/2 910/20/2 911/20/2
f 910/6/2 908/6/2 912/6/2
f 911/20/2 910/20/2 912/20/2
f 911/6/2 912/6/2 914/6/2
f 912/6/2 908/6/2 915/6/2
f 914/6/2 912/6/2 915/6/2
f 915/6/2 908/6/2 916/6/2
f 913/6/2 914/6/2 918/6/2
f 914/6/2 915/6/2 918/6/2
f 918/6/2 915/6/2 919/6/2
f 915/20/2 916/20/2 920/20/2
f 919/6/2 915/6/2 920/6/2
f 916/6/2 917/6/2 921/6/2
f 920/20/2 916/20/2 921/20/2
f 921/6/2 917/6/2 922/6/2
f 918/20/2 919/20/2 923/20/2
f 919/6/2 920/6/2 924/6/2
f 923/20/2 919/20/2 924/20/2
f 920/6/2 921/6/2 924/6/2
f 924/6/2 921/6/2 925/6/2
f 921/20/2 922/20/2 926/20/2
f 925/6/2 921/6/2 926/6/2
f 926/20/2 922/20/2 927/20/2
f 924/18/2 925/18/2 929/18/2
f 926/17/2 927/17/2 930/17/2
f 925/17/2 926/17/2 930/17/2
f 929/18/2 925/18/2 930/18/2
f 930/17/2 927/17/2 931/17/2
f 931/17/2 927/17/2 932/17/2
f 928/18/2 929/18/2 933/18/2
f 929/17/2 930/17/2 934/17/2
f 933/18/2 929/18/2 934/18/2
f 930/17/2 931/17/2 934/17/2
f 931/18/2 932/18/2 935/18/2
f 934/17/2 931/17/2 935/17/2
f 935/18/2 932/18/2 936/18/2
f 937/10/2 938/10/2 942/10/2
f 938/16/2 939/16/2 943/16/2
f 942/10/2 938/10/2 943/10/2
f 943/16/2 939/16/2 944/16/2
f 944/16/2 939/16/2 945/16/2
f 940/16/2 941/16/2 946/16/2
f 946/16/2 941/16/2 947/16/2
f 947/16/2 941/16/2 948/16/2
f 949/4/2 950/4/2 951/4/2
f 951/4/2 950/4/2 952/4/2
f 942/17/2 943/17/2 953/17/2
f 942/17/2 953/17/2 954/17/2
f 951/17/2 952/17/2 955/17/2
f 955/17/2 952/17/2 956/17/2
f 955/4/2 956/4/2 957/4/2
f 957/4/2 956/4/2 958/4/2
f 942/17/2 954/17/2 959/17/2
f 959/17/2 954/17/2 960/17/2
f 957/17/2 958/17/2 961/17/2
f 961/17/2 958/17/2 962/17/2
f 959/10/2 960/10/2 963/10/2
f 963/10/2 960/10/2 964/10/2
f 963/4/2 964/4/2 968/4/2
f 964/7/2 965/7/2 969/7/2
f 968/4/2 964/4/2 969/4/2
f 969/7/2 965/7/2 970/7/2
f 966/10/2 967/10/2 973/10/2
f 973/10/2 967/10/2 974/10/2
f 971/7/2 972/7/2 975/7/2
f 972/4/2 973/4/2 976/4/2
f 975/7/2 972/7/2 976/7/2
f 976/4/2 973/4/2 977/4/2
f 978/10/2 979/10/2 982/10/2
f 982/10/2 979/10/2 983/10/2
f 983/10/2 979/10/2 984/10/2
f 984/10/2 979/10/2 985/10/2
f 980/10/2 981/10/2 988/10/2
f 981/4/2 982/4/2 988/4/2
f 982/17/2 983/17/2 989/17/2
f 988/4/2 982/4/2 989/4/2
f 983/16/2 984/16/2 990/16/2
f 989/17/2 983/17/2 990/17/2
f 984/4/2 985/4/2 991/4/2
f 990/16/2 984/16/2 991/16/2
f 985/17/2 986/17/2 992/17/2
f 991/4/2 985/4/2 992/4/2
f 986/10/2 987/10/2 993/10/2
f 992/17/2 986/17/2 993/17/2
f 980/10/2 988/10/2 994/10/2
f 988/17/2 989/17/2 994/17/2
f 991/16/2 992/16/2 995/16/2
f 994/17/2 989/17/2 995/17/2
f 990/16/2 991/16/2 995/16/2
f 989/16/2 990/16/2 995/16/2
f 995/16/2 992/16/2 996/16/2
f 996/16/2 992/16/2 997/16/2
f 992/4/2 993/4/2 998/4/2
f 997/16/2 992/16/2 998/16/2
f 993/10/2 987/10/2 999/10/2
f 998/4/2 993/4/2 999/4/2
f 980/10/2 994/10/2 1000/10/2
f 994/16/2 995/16/2 1001/16/2
f 1000/10/2 994/10/2 1001/10/2
f 1001/16/2 995/16/2 1002/16/2
f 998/16/2 999/16/2 1003/16/2
f 999/10/2 987/10/2 1004/10/2
f 1003/16/2 999/16/2 1004/16/2
f 1000/17/2 1001/17/2 1005/17/2
f 1001/16/2 1002/16/2 1006/16/2
f 1005/17/2 1001/17/2 1006/17/2
f 1006/16/2 1002/16/2 1007/16/2
f 1003/17/2 1004/17/2 1010/17/2
f 1004/10/2 987/10/2 1011/10/2
f 1010/17/2 1004/17/2 1011/17/2
f 1005/10/2 1006/10/2 1012/10/2
f 1006/16/2 1007/16/2 1012/16/2
f 1007/17/2 1008/17/2 1013/17/2
f 1012/16/2 1007/16/2 1013/16/2
f 1008/16/2 1009/16/2 1014/16/2
f 1013/17/2 1008/17/2 1014/17/2
f 1009/17/2 1010/17/2 1015/17/2
f 1014/16/2 1009/16/2 1015/16/2
f 1010/16/2 1011/16/2 1016/16/2
f 1015/17/2 1010/17/2 1016/17/2
f 1011/10/2 987/10/2 1017/10/2
f 1016/16/2 1011/16/2 1017/16/2
f 1013/16/2 1014/16/2 1018/16/2
f 1012/4/2 1013/4/2 1018/4/2
f 1015/16/2 1016/16/2 1018/16/2
f 1014/16/2 1015/16/2 1018/16/2
f 1018/16/2 1016/16/2 1019/16/2
f 1019/16/2 1016/16/2 1020/16/2
f 1016/4/2 1017/4/2 1021/4/2
f 1020/16/2 1016/16/2 1021/16/2
f 1017/10/2 987/10/2 1022/10/2
f 1021/4/2 1017/4/2 1022/4/2
f 1005/10/2 1012/10/2 1023/10/2
f 1012/4/2 1018/4/2 1024/4/2
f 1023/10/2 1012/10/2 1024/10/2
f 1018/7/2 1019/7/2 1025/7/2
f 1024/4/2 1018/4/2 1025/4/2
f 1019/17/2 1020/17/2 1026/17/2
f 1025/7/2 1019/7/2 1026/7/2
f 1020/4/2 1021/4/2 1027/4/2
f 1026/17/2 1020/17/2 1027/17/2
f 1021/17/2 1022/17/2 1028/17/2
f 1027/4/2 1021/4/2 1028/4/2
f 1022/10/2 987/10/2 1029/10/2
f 1028/17/2 1022/17/2 1029/17/2
f 1029/10/2 987/10/2 1030/10/2
f 1025/7/2 1026/7/2 1031/7/2
f 1024/7/2 1025/7/2 1031/7/2
f 1028/10/2 1029/10/2 1032/10/2
f 1031/7/2 1026/7/2 1032/7/2
f 1027/10/2 1028/10/2 1032/10/2
f 1026/10/2 1027/10/2 1032/10/2
f 1032/10/2 1029/10/2 1033/10/2
f 1034/17/2 1035/17/2 1038/17/2
f 1035/10/2 1036/10/2 1039/10/2
f 1038/17/2 1035/17/2 1039/17/2
f 1036/17/2 1037/17/2 1040/17/2
f 1039/10/2 1036/10/2 1040/10/2
f 1040/17/2 1037/17/2 1041/17/2
f 1038/4/2 1039/4/2 1042/4/2
f 1039/4/2 1040/4/2 1042/4/2
f 1040/4/2 1041/4/2 1042/4/2
f 1042/4/2 1041/4/2 1043/4/2
f 1044/4/2 1045/4/2 1048/4/2
f 1048/4/2 1045/4/2 1049/4/2
f 1046/4/2 1047/4/2 1050/4/2
f 1050/4/2 1047/4/2 1051/4/2
f 1052/16/2 1053/16/2 1054/16/2
f 1054/16/2 1053/16/2 1055/16/2
f 1056/10/2 1057/10/2 1060/10/2
f 1060/10/2 1057/10/2 1061/10/2
f 1058/10/2 1059/10/2 1062/10/2
f 1062/10/2 1059/10/2 1063/10/2
f 1064/4/2 1065/4/2 1068/4/2
f 1068/4/2 1065/4/2 1069/4/2
f 1066/4/2 1067/4/2 1070/4/2
f 1070/4/2 1067/4/2 1071/4/2
f 1069/10/2 1070/10/2 1072/10/2
f 1072/10/2 1070/10/2 1073/10/2
f 1074/16/2 1075/16/2 1076/16/2
f 1076/16/2 1075/16/2 1077/16/2
f 1078/4/2 1079/4/2 1080/4/2
f 1080/4/2 1079/4/2 1081/4/2
f 1082/20/2 1083/20/2 1087/20/2
f 1083/3/2 1084/3/2 1088/3/2
f 1087/20/2 1083/20/2 1088/20/2
f 1084/15/2 1085/15/2 1089/15/2
f 1088/3/2 1084/3/2 1089/3/2
f 1085/14/2 1086/14/2 1090/14/2
f 1089/15/2 1085/15/2 1090/15/2
f 1090/14/2 1086/14/2 1091/14/2
f 1088/17/2 1089/17/2 1092/17/2
f 1087/17/2 1088/17/2 1092/17/2
f 1090/17/2 1091/17/2 1092/17/2
f 1089/17/2 1090/17/2 1092/17/2
f 1092/17/2 1091/17/2 1093/17/2
f 1101/17/3 1095/17/3 1094/17/3
f 1102/10/3 1096/10/3 1095/10/3
f 1102/17/3 1095/17/3 1101/17/3
f 1103/17/3 1097/17/3 1096/17/3
f 1103/10/3 1096/10/3 1102/10/3
f 1104/9/3 1098/9/3 1097/9/3
f 1104/17/3 1097/17/3 1103/17/3
f 1105/9/3 1098/9/3 1104/9/3
f 1106/9/3 1098/9/3 1105/9/3
f 1110/10/3 1100/10/3 1099/10/3
f 1110/14/3 1101/14/3 1100/14/3
f 1111/20/3 1102/20/3 1101/20/3
f 1111/14/3 1101/14/3 1110/14/3
f 1111/20/3 1103/20/3 1102/20/3
f 1112/20/3 1103/20/3 1111/20/3
f 1113/16/3 1104/16/3 1103/16/3
f 1113/20/3 1103/20/3 1112/20/3
f 1114/9/3 1105/9/3 1104/9/3
f 1114/19/3 1106/19/3 1105/19/3
f 1115/9/3 1107/9/3 1106/9/3
f 1115/19/3 1106/19/3 1114/19/3
f 1116/4/3 1108/4/3 1107/4/3
f 1116/9/3 1107/9/3 1115/9/3
f 1117/10/3 1109/10/3 1108/10/3
f 1117/4/3 1108/4/3 1116/4/3
f 1118/10/3 1109/10/3 1117/10/3
f 1119/10/3 1110/10/3 1099/10/3
f 1120/20/3 1112/20/3 1111/20/3
f 1120/10/3 1110/10/3 1119/10/3
f 1120/20/3 1111/20/3 1110/20/3
f 1121/20/3 1112/20/3 1120/20/3
f 1122/14/3 1113/14/3 1112/14/3
f 1122/20/3 1112/20/3 1121/20/3
f 1123/16/3 1104/16/3 1113/16/3
f 1123/14/3 1113/14/3 1122/14/3
f 1124/9/3 1116/9/3 1115/9/3
f 1124/16/3 1104/16/3 1123/16/3
f 1124/9/3 1115/9/3 1114/9/3
f 1124/9/3 1114/9/3 1104/9/3
f 1125/9/3 1116/9/3 1124/9/3
f 1126/16/3 1117/16/3 1116/16/3
f 1126/9/3 1116/9/3 1125/9/3
f 1127/8/3 1118/8/3 1117/8/3
f 1127/16/3 1117/16/3 1126/16/3
f 1128/8/3 1118/8/3 1127/8/3
f 1129/17/3 1125/17/3 1124/17/3
f 1129/16/3 1124/16/3 1123/16/3
f 1130/16/3 1126/16/3 1125/16/3
f 1130/17/3 1125/17/3 1129/17/3
f 1130/16/3 1127/16/3 1126/16/3
f 1131/16/3 1127/16/3 1130/16/3
f 1132/16/3 1127/16/3 1131/16/3
f 1133/10/3 1128/10/3 1127/10/3
f 1133/16/3 1127/16/3 1132/16/3
f 1134/10/3 1128/10/3 1133/10/3
f 1135/4/3 1120/4/3 1119/4/3
f 1136/14/3 1121/14/3 1120/14/3
f 1136/4/3 1120/4/3 1135/4/3
f 1137/20/3 1123/20/3 1122/20/3
f 1137/14/3 1121/14/3 1136/14/3
f 1137/20/3 1122/20/3 1121/20/3
f 1138/20/3 1123/20/3 1137/20/3
f 1139/16/3 1129/16/3 1123/16/3
f 1139/20/3 1123/20/3 1138/20/3
f 1139/16/3 1130/16/3 1129/16/3
f 1139/16/3 1131/16/3 1130/16/3
f 1140/16/3 1131/16/3 1139/16/3
f 1141/17/3 1132/17/3 1131/17/3
f 1141/16/3 1131/16/3 1140/16/3
f 1142/16/3 1133/16/3 1132/16/3
f 1142/17/3 1132/17/3 1141/17/3
f 1143/8/3 1134/8/3 1133/8/3
f 1143/16/3 1133/16/3 1142/16/3
f 1144/8/3 1134/8/3 1143/8/3
f 1145/10/3 1136/10/3 1135/10/3
f 1145/20/3 1138/20/3 1137/20/3
f 1145/20/3 1137/20/3 1136/20/3
f 1146/20/3 1138/20/3 1145/20/3
f 1147/3/3 1139/3/3 1138/3/3
f 1147/20/3 1138/20/3 1146/20/3
f 1148/17/3 1140/17/3 1139/17/3
f 1148/3/3 1139/3/3 1147/3/3
f 1149/9/3 1142/9/3 1141/9/3
f 1149/17/3 1140/17/3 1148/17/3
f 1149/9/3 1141/9/3 1140/9/3
f 1150/9/3 1142/9/3 1149/9/3
f 1151/9/3 1142/9/3 1150/9/3
f 1152/16/3 1143/16/3 1142/16/3
f 1152/9/3 1142/9/3 1151/9/3
f 1153/10/3 1144/10/3 1143/10/3
f 1153/16/3 1143/16/3 1152/16/3
f 1154/10/3 1145/10/3 1135/10/3
f 1155/14/3 1146/14/3 1145/14/3
f 1155/10/3 1145/10/3 1154/10/3
f 1156/20/3 1148/20/3 1147/20/3
f 1156/14/3 1146/14/3 1155/14/3
f 1156/20/3 1147/20/3 1146/20/3
f 1157/16/3 1149/16/3 1148/16/3
f 1157/20/3 1148/20/3 1156/20/3
f 1158/9/3 1150/9/3 1149/9/3
f 1158/16/3 1149/16/3 1157/16/3
f 1159/12/3 1151/12/3 1150/12/3
f 1159/9/3 1150/9/3 1158/9/3
f 1160/9/3 1152/9/3 1151/9/3
f 1160/12/3 1151/12/3 1159/12/3
f 1161/4/3 1153/4/3 1152/4/3
f 1161/9/3 1152/9/3 1160/9/3
f 1162/10/3 1144/10/3 1153/10/3
f 1162/4/3 1153/4/3 1161/4/3
f 1163/10/3 1144/10/3 1162/10/3
f 1164/10/3 1158/10/3 1157/10/3
f 1164/10/3 1157/10/3 1156/10/3
f 1165/9/3 1159/9/3 1158/9/3
f 1165/10/3 1158/10/3 1164/10/3
f 1165/9/3 1160/9/3 1159/9/3
f 1166/9/3 1160/9/3 1165/9/3
f 1176/10/3 1168/10/3 1167/10/3
f 1177/17/3 1169/17/3 1168/17/3
f 1177/10/3 1168/10/3 1176/10/3
f 1178/6/3 1170/6/3 1169/6/3
f 1178/17/3 1169/17/3 1177/17/3
f 1179/6/3 1170/6/3 1178/6/3
f 1180/6/3 1170/6/3 1179/6/3
f 1181/8/3 1172/8/3 1171/8/3
f 1182/3/3 1174/3/3 1173/3/3
f 1183/4/3 1175/4/3 1174/4/3
f 1183/3/3 1174/3/3 1182/3/3
f 1184/4/3 1175/4/3 1183/4/3
f 1186/16/3 1177/16/3 1176/16/3
f 1186/16/3 1178/16/3 1177/16/3
f 1186/16/3 1179/16/3 1178/16/3
f 1187/16/3 1179/16/3 1186/16/3
f 1188/16/3 1179/16/3 1187/16/3
f 1189/16/3 1179/16/3 1188/16/3
f 1190/16/3 1179/16/3 1189/16/3
f 1191/8/3 1180/8/3 1179/8/3
f 1191/16/3 1179/16/3 1190/16/3
f 1192/6/3 1181/6/3 1180/6/3
f 1192/8/3 1180/8/3 1191/8/3
f 1193/8/3 1172/8/3 1181/8/3
f 1193/6/3 1181/6/3 1192/6/3
f 1194/8/3 1172/8/3 1193/8/3
f 1197/17/3 1184/17/3 1183/17/3
f 1198/17/3 1184/17/3 1197/17/3
f 1199/16/3 1187/16/3 1186/16/3
f 1199/16/3 1186/16/3 1185/16/3
f 1200/16/3 1187/16/3 1199/16/3
f 1201/16/3 1187/16/3 1200/16/3
f 1202/9/3 1192/9/3 1191/9/3
f 1203/16/3 1193/16/3 1192/16/3
f 1203/9/3 1192/9/3 1202/9/3
f 1204/8/3 1195/8/3 1194/8/3
f 1204/16/3 1193/16/3 1203/16/3
f 1204/8/3 1194/8/3 1193/8/3
f 1205/8/3 1195/8/3 1204/8/3
f 1206/8/3 1195/8/3 1205/8/3
f 1207/3/3 1197/3/3 1196/3/3
f 1208/3/3 1197/3/3 1207/3/3
f 1209/6/3 1206/6/3 1205/6/3
f 1210/6/3 1206/6/3 1209/6/3
f 1211/8/3 1210/8/3 1209/8/3
f 1212/8/3 1210/8/3 1211/8/3
f 1213/8/3 1210/8/3 1212/8/3
f 1214/6/3 1213/6/3 1212/6/3
f 1215/6/3 1213/6/3 1214/6/3
f 1218/3/3 1217/3/3 1216/3/3
f 1219/3/3 1217/3/3 1218/3/3
f 1227/10/3 1215/10/3 1214/10/3
f 1229/4/3 1220/4/3 1219/4/3
f 1230/4/3 1220/4/3 1229/4/3
f 1231/16/3 1222/16/3 1221/16/3
f 1231/16/3 1223/16/3 1222/16/3
f 1232/16/3 1223/16/3 1231/16/3
f 1233/16/3 1223/16/3 1232/16/3
f 1237/9/3 1225/9/3 1224/9/3
f 1238/16/3 1226/16/3 1225/16/3
f 1238/9/3 1225/9/3 1237/9/3
f 1239/4/3 1227/4/3 1226/4/3
f 1239/16/3 1226/16/3 1238/16/3
f 1240/10/3 1215/10/3 1227/10/3
f 1240/4/3 1227/4/3 1239/4/3
f 1241/10/3 1215/10/3 1240/10/3
f 1242/3/3 1229/3/3 1228/3/3
f 1243/17/3 1230/17/3 1229/17/3
f 1243/3/3 1229/3/3 1242/3/3
f 1244/17/3 1230/17/3 1243/17/3
f 1245/16/3 1233/16/3 1232/16/3
f 1245/16/3 1234/16/3 1233/16/3
f 1246/16/3 1234/16/3 1245/16/3
f 1247/17/3 1235/17/3 1234/17/3
f 1247/16/3 1234/16/3 1246/16/3
f 1248/16/3 1237/16/3 1236/16/3
f 1248/17/3 1235/17/3 1247/17/3
f 1248/16/3 1238/16/3 1237/16/3
f 1248/16/3 1239/16/3 1238/16/3
f 1248/16/3 1236/16/3 1235/16/3
f 1248/16/3 1240/16/3 1239/16/3
f 1249/16/3 1240/16/3 1248/16/3
f 1250/16/3 1240/16/3 1249/16/3
f 1251/16/3 1240/16/3 1250/16/3
f 1252/10/3 1246/10/3 1245/10/3
f 1253/17/3 1247/17/3 1246/17/3
f 1253/10/3 1246/10/3 1252/10/3
f 1253/17/3 1248/17/3 1247/17/3
f 1253/17/3 1249/17/3 1248/17/3
f 1254/10/3 1250/10/3 1249/10/3
f 1254/17/3 1249/17/3 1253/17/3
f 1255/4/3 1251/4/3 1250/4/3
f 1255/10/3 1250/10/3 1254/10/3
f 1256/4/3 1251/4/3 1255/4/3
f 1264/10/3 1258/10/3 1257/10/3
f 1265/8/3 1259/8/3 1258/8/3
f 1265/10/3 1258/10/3 1264/10/3
f 1266/6/3 1260/6/3 1259/6/3
f 1266/8/3 1259/8/3 1265/8/3
f 1267/8/3 1261/8/3 1260/8/3
f 1267/6/3 1260/6/3 1266/6/3
f 1268/8/3 1261/8/3 1267/8/3
f 1269/8/3 1261/8/3 1268/8/3
f 1270/17/3 1263/17/3 1262/17/3
f 1271/17/3 1263/17/3 1270/17/3
f 1274/8/3 1269/8/3 1268/8/3
f 1275/8/3 1269/8/3 1274/8/3
f 1282/18/3 1273/18/3 1272/18/3
f 1283/18/3 1273/18/3 1282/18/3
f 1284/18/3 1273/18/3 1283/18/3
f 1285/8/3 1277/8/3 1276/8/3
f 1286/6/3 1278/6/3 1277/6/3
f 1286/8/3 1277/8/3 1285/8/3
f 1287/6/3 1278/6/3 1286/6/3
f 1289/17/3 1280/17/3 1279/17/3
f 1290/17/3 1280/17/3 1289/17/3
f 1294/18/3 1282/18/3 1281/18/3
f 1294/18/3 1283/18/3 1282/18/3
f 1295/18/3 1283/18/3 1294/18/3
f 1296/18/3 1273/18/3 1284/18/3
f 1296/11/3 1284/11/3 1283/11/3
f 1297/18/3 1273/18/3 1296/18/3
f 1298/8/3 1288/8/3 1287/8/3
f 1298/8/3 1287/8/3 1286/8/3
f 1299/8/3 1288/8/3 1298/8/3
f 1300/17/3 1291/17/3 1290/17/3
f 1301/17/3 1291/17/3 1300/17/3
f 1302/17/3 1293/17/3 1292/17/3
f 1303/18/3 1294/18/3 1293/18/3
f 1303/17/3 1293/17/3 1302/17/3
f 1304/11/3 1295/11/3 1294/11/3
f 1304/18/3 1294/18/3 1303/18/3
f 1305/18/3 1283/18/3 1295/18/3
f 1305/11/3 1295/11/3 1304/11/3
f 1306/11/3 1297/11/3 1296/11/3
f 1306/18/3 1283/18/3 1305/18/3
f 1306/11/3 1296/11/3 1283/11/3
f 1307/11/3 1297/11/3 1306/11/3
f 1308/11/3 1297/11/3 1307/11/3
f 1311/6/3 1299/6/3 1298/6/3
f 1312/6/3 1299/6/3 1311/6/3
f 1313/18/3 1305/18/3 1304/18/3
f 1313/18/3 1304/18/3 1303/18/3
f 1313/18/3 1303/18/3 1302/18/3
f 1313/18/3 1306/18/3 1305/18/3
f 1313/18/3 1307/18/3 1306/18/3
f 1314/18/3 1307/18/3 1313/18/3
f 1315/18/3 1307/18/3 1314/18/3
f 1316/18/3 1307/18/3 1315/18/3
f 1317/16/3 1309/16/3 1308/16/3
f 1317/18/3 1307/18/3 1316/18/3
f 1317/16/3 1308/16/3 1307/16/3
f 1318/16/3 1309/16/3 1317/16/3
f 1319/17/3 1310/17/3 1309/17/3
f 1319/16/3 1309/16/3 1318/16/3
f 1320/17/3 1310/17/3 1319/17/3
f 1321/8/3 1312/8/3 1311/8/3
f 1322/8/3 1312/8/3 1321/8/3
f 1323/18/3 1315/18/3 1314/18/3
f 1323/17/3 1314/17/3 1313/17/3
f 1324/18/3 1315/18/3 1323/18/3
f 1325/11/3 1316/11/3 1315/11/3
f 1325/18/3 1315/18/3 1324/18/3
f 1326/16/3 1317/16/3 1316/16/3
f 1326/11/3 1316/11/3 1325/11/3
f 1327/16/3 1320/16/3 1319/16/3
f 1327/17/3 1318/17/3 1317/17/3
f 1327/16/3 1319/16/3 1318/16/3
f 1328/16/3 1320/16/3 1327/16/3
f 1329/6/3 1322/6/3 1321/6/3
f 1330/8/3 1312/8/3 1322/8/3
f 1330/6/3 1322/6/3 1329/6/3
f 1331/8/3 1312/8/3 1330/8/3
f 1332/17/3 1323/17/3 1313/17/3
f 1333/11/3 1324/11/3 1323/11/3
f 1333/17/3 1323/17/3 1332/17/3
f 1334/18/3 1326/18/3 1325/18/3
f 1334/11/3 1324/11/3 1333/11/3
f 1334/18/3 1325/18/3 1324/18/3
f 1335/18/3 1326/18/3 1334/18/3
f 1336/16/3 1317/16/3 1326/16/3
f 1336/18/3 1326/18/3 1335/18/3
f 1337/17/3 1327/17/3 1317/17/3
f 1337/16/3 1317/16/3 1336/16/3
f 1337/17/3 1328/17/3 1327/17/3
f 1338/16/3 1320/16/3 1328/16/3
f 1338/17/3 1328/17/3 1337/17/3
f 1339/16/3 1320/16/3 1338/16/3
f 1340/8/3 1330/8/3 1329/8/3
f 1341/6/3 1331/6/3 1330/6/3
f 1341/8/3 1330/8/3 1340/8/3
f 1342/6/3 1331/6/3 1341/6/3
f 1345/16/3 1333/16/3 1332/16/3
f 1346/18/3 1335/18/3 1334/18/3
f 1346/16/3 1333/16/3 1345/16/3
f 1346/18/3 1334/18/3 1333/18/3
f 1347/18/3 1335/18/3 1346/18/3
f 1348/18/3 1335/18/3 1347/18/3
f 1349/11/3 1336/11/3 1335/11/3
f 1349/18/3 1335/18/3 1348/18/3
f 1350/18/3 1337/18/3 1336/18/3
f 1350/11/3 1336/11/3 1349/11/3
f 1351/16/3 1338/16/3 1337/16/3
f 1351/18/3 1337/18/3 1350/18/3
f 1352/16/3 1338/16/3 1351/16/3
f 1353/17/3 1339/17/3 1338/17/3
f 1353/16/3 1338/16/3 1352/16/3
f 1354/17/3 1339/17/3 1353/17/3
f 1356/17/3 1344/17/3 1343/17/3
f 1357/17/3 1344/17/3 1356/17/3
f 1358/17/3 1346/17/3 1345/17/3
f 1359/18/3 1347/18/3 1346/18/3
f 1359/17/3 1346/17/3 1358/17/3
f 1360/11/3 1348/11/3 1347/11/3
f 1360/18/3 1347/18/3 1359/18/3
f 1361/11/3 1348/11/3 1360/11/3
f 1362/18/3 1352/18/3 1351/18/3
f 1363/18/3 1352/18/3 1362/18/3
f 1364/17/3 1356/17/3 1355/17/3
f 1365/17/3 1356/17/3 1364/17/3
f 1368/11/3 1363/11/3 1362/11/3
f 1369/11/3 1363/11/3 1368/11/3
f 1370/17/3 1367/17/3 1366/17/3
f 1371/17/3 1367/17/3 1370/17/3
f 1377/10/3 1373/10/3 1372/10/3
f 1378/17/3 1374/17/3 1373/17/3
f 1378/10/3 1373/10/3 1377/10/3
f 1379/10/3 1376/10/3 1375/10/3
f 1379/17/3 1374/17/3 1378/17/3
f 1379/10/3 1375/10/3 1374/10/3
f 1380/10/3 1376/10/3 1379/10/3
f 1384/20/3 1382/20/3 1381/20/3
f 1385/17/3 1383/17/3 1382/17/3
f 1385/20/3 1382/20/3 1384/20/3
f 1386/17/3 1383/17/3 1385/17/3
f 1387/4/3 1386/4/3 1385/4/3
f 1388/4/3 1386/4/3 1387/4/3
f 1389/16/3 1388/16/3 1387/16/3
f 1390/16/3 1388/16/3 1389/16/3
f 1391/16/3 1389/16/3 1387/16/3
f 1392/15/3 1390/15/3 1389/15/3
f 1392/16/3 1389/16/3 1391/16/3
f 1393/15/3 1390/15/3 1392/15/3
f 1396/4/3 1395/4/3 1394/4/3
f 1397/4/3 1395/4/3 1396/4/3
f 1400/16/3 1397/16/3 1396/16/3
f 1401/16/3 1397/16/3 1400/16/3
f 1401/4/3 1400/4/3 1399/4/3
f 1402/16/3 1397/16/3 1401/16/3
f 1403/10/3 1398/10/3 1397/10/3
f 1403/16/3 1397/16/3 1402/16/3
f 1404/10/3 1398/10/3 1403/10/3
f 1405/4/3 1401/4/3 1399/4/3
f 1406/17/3 1402/17/3 1401/17/3
f 1406/4/3 1401/4/3 1405/4/3
f 1407/16/3 1403/16/3 1402/16/3
f 1407/17/3 1402/17/3 1406/17/3
f 1407/16/3 1404/16/3 1403/16/3
f 1408/16/3 1404/16/3 1407/16/3
f 1417/10/3 1406/10/3 1405/10/3
f 1418/16/3 1407/16/3 1406/16/3
f 1418/10/3 1406/10/3 1417/10/3
f 1419/17/3 1408/17/3 1407/17/3
f 1419/16/3 1407/16/3 1418/16/3
f 1420/16/3 1404/16/3 1408/16/3
f 1420/17/3 1408/17/3 1419/17/3
f 1421/16/3 1404/16/3 1420/16/3
f 1422/8/3 1410/8/3 1409/8/3
f 1423/8/3 1410/8/3 1422/8/3
f 1424/3/3 1412/3/3 1411/3/3
f 1425/3/3 1412/3/3 1424/3/3
f 1429/6/3 1414/6/3 1413/6/3
f 1430/20/3 1415/20/3 1414/20/3
f 1430/6/3 1414/6/3 1429/6/3
f 1431/20/3 1415/20/3 1430/20/3
f 1432/18/3 1417/18/3 1416/18/3
f 1433/16/3 1419/16/3 1418/16/3
f 1433/16/3 1418/16/3 1417/16/3
f 1433/18/3 1417/18/3 1432/18/3
f 1433/16/3 1420/16/3 1419/16/3
f 1434/16/3 1420/16/3 1433/16/3
f 1435/18/3 1421/18/3 1420/18/3
f 1435/16/3 1420/16/3 1434/16/3
f 1436/18/3 1421/18/3 1435/18/3
f 1437/4/3 1427/4/3 1426/4/3
f 1438/17/3 1428/17/3 1427/17/3
f 1438/4/3 1427/4/3 1437/4/3
f 1439/17/3 1428/17/3 1438/17/3
f 1440/17/3 1428/17/3 1439/17/3
f 1441/17/3 1428/17/3 1440/17/3
f 1442/6/3 1429/6/3 1428/6/3
f 1442/17/3 1428/17/3 1441/17/3
f 1443/6/3 1429/6/3 1442/6/3
f 1444/20/3 1430/20/3 1429/20/3
f 1444/6/3 1429/6/3 1443/6/3
f 1445/13/3 1431/13/3 1430/13/3
f 1445/20/3 1430/20/3 1444/20/3
f 1446/16/3 1432/16/3 1431/16/3
f 1446/13/3 1431/13/3 1445/13/3
f 1447/18/3 1434/18/3 1433/18/3
f 1447/18/3 1433/18/3 1432/18/3
f 1448/18/3 1434/18/3 1447/18/3
f 1449/17/3 1438/17/3 1437/17/3
f 1449/17/3 1439/17/3 1438/17/3
f 1450/17/3 1439/17/3 1449/17/3
f 1451/14/3 1440/14/3 1439/14/3
f 1451/17/3 1439/17/3 1450/17/3
f 1452/3/3 1441/3/3 1440/3/3
f 1452/14/3 1440/14/3 1451/14/3
f 1453/6/3 1443/6/3 1442/6/3
f 1453/3/3 1441/3/3 1452/3/3
f 1453/6/3 1442/6/3 1441/6/3
f 1454/20/3 1444/20/3 1443/20/3
f 1454/6/3 1443/6/3 1453/6/3
f 1455/13/3 1445/13/3 1444/13/3
f 1455/20/3 1444/20/3 1454/20/3
f 1456/16/3 1446/16/3 1445/16/3
f 1456/13/3 1445/13/3 1455/13/3
f 1457/16/3 1432/16/3 1446/16/3
f 1457/16/3 1446/16/3 1456/16/3
f 1458/18/3 1447/18/3 1432/18/3
f 1458/16/3 1432/16/3 1457/16/3
f 1459/18/3 1447/18/3 1458/18/3
f 1462/4/3 1450/4/3 1449/4/3
f 1463/4/3 1450/4/3 1462/4/3
f 1464/17/3 1456/17/3 1455/17/3
f 1465/17/3 1456/17/3 1464/17/3
f 1466/16/3 1461/16/3 1460/16/3
f 1467/16/3 1461/16/3 1466/16/3
f 1468/16/3 1465/16/3 1464/16/3
f 1469/16/3 1465/16/3 1468/16/3
f 1470/17/3 1469/17/3 1468/17/3
f 1471/17/3 1469/17/3 1470/17/3
f 1472/16/3 1471/16/3 1470/16/3
f 1473/16/3 1471/16/3 1472/16/3
f 1476/17/3 1473/17/3 1472/17/3
f 1483/4/3 1475/4/3 1474/4/3
f 1484/4/3 1475/4/3 1483/4/3
f 1488/17/3 1476/17/3 1472/17/3
f 1489/17/3 1476/17/3 1488/17/3
f 1492/7/3 1478/7/3 1477/7/3
f 1492/7/3 1479/7/3 1478/7/3
f 1492/7/3 1480/7/3 1479/7/3
f 1493/7/3 1480/7/3 1492/7/3
f 1494/7/3 1480/7/3 1493/7/3
f 1495/7/3 1480/7/3 1494/7/3
f 1496/16/3 1482/16/3 1481/16/3
f 1497/16/3 1482/16/3 1496/16/3
f 1498/17/3 1484/17/3 1483/17/3
f 1499/4/3 1485/4/3 1484/4/3
f 1499/17/3 1484/17/3 1498/17/3
f 1500/4/3 1485/4/3 1499/4/3
f 1501/6/3 1486/6/3 1485/6/3
f 1501/4/3 1485/4/3 1500/4/3
f 1502/6/3 1486/6/3 1501/6/3
f 1503/17/3 1487/17/3 1486/17/3
f 1503/6/3 1486/6/3 1502/6/3
f 1504/6/3 1488/6/3 1487/6/3
f 1504/17/3 1487/17/3 1503/17/3
f 1505/13/3 1489/13/3 1488/13/3
f 1505/6/3 1488/6/3 1504/6/3
f 1506/16/3 1491/16/3 1490/16/3
f 1506/13/3 1489/13/3 1505/13/3
f 1506/16/3 1490/16/3 1489/16/3
f 1507/16/3 1491/16/3 1506/16/3
f 1508/18/3 1492/18/3 1491/18/3
f 1508/3/3 1493/3/3 1492/3/3
f 1509/14/3 1494/14/3 1493/14/3
f 1509/3/3 1493/3/3 1508/3/3
f 1510/7/3 1495/7/3 1494/7/3
f 1510/14/3 1494/14/3 1509/14/3
f 1513/4/3 1499/4/3 1498/4/3
f 1514/17/3 1500/17/3 1499/17/3
f 1514/4/3 1499/4/3 1513/4/3
f 1515/6/3 1502/6/3 1501/6/3
f 1515/17/3 1500/17/3 1514/17/3
f 1515/6/3 1501/6/3 1500/6/3
f 1516/17/3 1503/17/3 1502/17/3
f 1516/6/3 1502/6/3 1515/6/3
f 1517/20/3 1504/20/3 1503/20/3
f 1517/17/3 1503/17/3 1516/17/3
f 1518/6/3 1505/6/3 1504/6/3
f 1518/20/3 1504/20/3 1517/20/3
f 1519/20/3 1506/20/3 1505/20/3
f 1519/6/3 1505/6/3 1518/6/3
f 1520/13/3 1507/13/3 1506/13/3
f 1520/20/3 1506/20/3 1519/20/3
f 1521/16/3 1491/16/3 1507/16/3
f 1521/13/3 1507/13/3 1520/13/3
f 1522/18/3 1509/18/3 1508/18/3
f 1522/16/3 1491/16/3 1521/16/3
f 1522/18/3 1508/18/3 1491/18/3
f 1523/18/3 1509/18/3 1522/18/3
f 1524/7/3 1510/7/3 1509/7/3
f 1524/18/3 1509/18/3 1523/18/3
f 1525/7/3 1495/7/3 1510/7/3
f 1525/7/3 1510/7/3 1524/7/3
f 1526/7/3 1495/7/3 1525/7/3
f 1528/3/3 1512/3/3 1511/3/3
f 1529/3/3 1512/3/3 1528/3/3
f 1530/6/3 1520/6/3 1519/6/3
f 1531/20/3 1521/20/3 1520/20/3
f 1531/6/3 1520/6/3 1530/6/3
f 1532/20/3 1521/20/3 1531/20/3
f 1533/18/3 1523/18/3 1522/18/3
f 1534/17/3 1524/17/3 1523/17/3
f 1534/18/3 1523/18/3 1533/18/3
f 1535/7/3 1525/7/3 1524/7/3
f 1535/17/3 1524/17/3 1534/17/3
f 1536/17/3 1526/17/3 1525/17/3
f 1536/7/3 1525/7/3 1535/7/3
f 1537/18/3 1527/18/3 1526/18/3
f 1537/17/3 1526/17/3 1536/17/3
f 1538/18/3 1527/18/3 1537/18/3
f 1541/10/3 1535/10/3 1534/10/3
f 1542/18/3 1536/18/3 1535/18/3
f 1542/10/3 1535/10/3 1541/10/3
f 1543/16/3 1538/16/3 1537/16/3
f 1543/18/3 1536/18/3 1542/18/3
f 1543/16/3 1537/16/3 1536/16/3
f 1544/7/3 1540/7/3 1539/7/3
f 1545/7/3 1540/7/3 1544/7/3
f 1546/4/3 1542/4/3 1541/4/3
f 1546/16/3 1543/16/3 1542/16/3
f 1547/16/3 1538/16/3 1543/16/3
f 1547/16/3 1543/16/3 1546/16/3
f 1548/16/3 1538/16/3 1547/16/3
f 1549/16/3 1538/16/3 1548/16/3
f 1550/4/3 1546/4/3 1541/4/3
f 1551/17/3 1547/17/3 1546/17/3
f 1551/4/3 1546/4/3 1550/4/3
f 1552/16/3 1548/16/3 1547/16/3
f 1552/17/3 1547/17/3 1551/17/3
f 1553/16/3 1552/16/3 1551/16/3
f 1554/16/3 1548/16/3 1552/16/3
f 1554/16/3 1552/16/3 1553/16/3
f 1554/10/3 1549/10/3 1548/10/3
f 1555/10/3 1549/10/3 1554/10/3
f 1556/4/3 1554/4/3 1553/4/3
f 1557/4/3 1554/4/3 1556/4/3
f 1561/16/3 1559/16/3 1558/16/3
f 1561/15/3 1560/15/3 1559/15/3
f 1562/15/3 1560/15/3 1561/15/3
f 1563/16/3 1561/16/3 1558/16/3
f 1563/16/3 1562/16/3 1561/16/3
f 1564/16/3 1562/16/3 1563/16/3
f 1566/4/3 1564/4/3 1563/4/3
f 1567/4/3 1564/4/3 1566/4/3
f 1568/20/3 1566/20/3 1565/20/3
f 1569/17/3 1567/17/3 1566/17/3
f 1569/20/3 1566/20/3 1568/20/3
f 1570/17/3 1567/17/3 1569/17/3
f 1573/4/3 1572/4/3 1571/4/3
f 1574/4/3 1572/4/3 1573/4/3
f 1577/15/3 1574/15/3 1573/15/3
f 1578/15/3 1574/15/3 1577/15/3
f 1579/16/3 1576/16/3 1575/16/3
f 1580/16/3 1576/16/3 1579/16/3
f 1582/10/3 1578/10/3 1577/10/3
f 1583/10/3 1578/10/3 1582/10/3
f 1584/10/3 1580/10/3 1579/10/3
f 1585/17/3 1581/17/3 1580/17/3
f 1585/10/3 1580/10/3 1584/10/3
f 1585/17/3 1582/17/3 1581/17/3
f 1586/17/3 1582/17/3 1585/17/3
f 1590/10/3 1587/10/3 1586/10/3
f 1591/10/3 1587/10/3 1590/10/3
f 1592/16/3 1589/16/3 1588/16/3
f 1593/16/3 1589/16/3 1592/16/3
f 1599/10/3 1595/10/3 1594/10/3
f 1600/17/3 1596/17/3 1595/17/3
f 1600/10/3 1595/10/3 1599/10/3
f 1601/17/3 1596/17/3 1600/17/3
f 1609/10/3 1598/10/3 1597/10/3
f 1610/10/3 1598/10/3 1609/10/3
f 1613/4/3 1603/4/3 1602/4/3
f 1614/4/3 1603/4/3 1613/4/3
f 1615/17/3 1604/17/3 1603/17/3
f 1615/4/3 1603/4/3 1614/4/3
f 1616/16/3 1605/16/3 1604/16/3
f 1616/17/3 1604/17/3 1615/17/3
f 1617/6/3 1606/6/3 1605/6/3
f 1617/16/3 1605/16/3 1616/16/3
f 1618/6/3 1606/6/3 1617/6/3
f 1619/6/3 1606/6/3 1618/6/3
f 1620/18/3 1608/18/3 1607/18/3
f 1621/18/3 1608/18/3 1620/18/3
f 1622/8/3 1612/8/3 1611/8/3
f 1623/8/3 1612/8/3 1622/8/3
f 1634/16/3 1625/16/3 1624/16/3
f 1635/16/3 1625/16/3 1634/16/3
f 1636/17/3 1627/17/3 1626/17/3
f 1636/17/3 1628/17/3 1627/17/3
f 1637/7/3 1629/7/3 1628/7/3
f 1637/17/3 1628/17/3 1636/17/3
f 1637/7/3 1630/7/3 1629/7/3
f 1638/6/3 1632/6/3 1631/6/3
f 1638/7/3 1630/7/3 1637/7/3
f 1638/6/3 1631/6/3 1630/6/3
f 1639/6/3 1632/6/3 1638/6/3
f 1640/18/3 1634/18/3 1633/18/3
f 1641/18/3 1634/18/3 1640/18/3
f 1651/17/3 1643/17/3 1642/17/3
f 1652/4/3 1644/4/3 1643/4/3
f 1652/17/3 1643/17/3 1651/17/3
f 1653/6/3 1645/6/3 1644/6/3
f 1653/4/3 1644/4/3 1652/4/3
f 1654/6/3 1645/6/3 1653/6/3
f 1655/6/3 1645/6/3 1654/6/3
f 1656/6/3 1645/6/3 1655/6/3
f 1657/18/3 1647/18/3 1646/18/3
f 1658/18/3 1647/18/3 1657/18/3
f 1660/2/3 1649/2/3 1648/2/3
f 1661/1/3 1650/1/3 1649/1/3
f 1661/2/3 1649/2/3 1660/2/3
f 1662/1/3 1650/1/3 1661/1/3
f 1663/16/3 1659/16/3 1658/16/3
f 1664/16/3 1659/16/3 1663/16/3
f 1665/2/3 1662/2/3 1661/2/3
f 1665/2/3 1661/2/3 1660/2/3
f 1666/2/3 1662/2/3 1665/2/3
f 1667/2/3 1662/2/3 1666/2/3
f 1678/1/3 1667/1/3 1666/1/3
f 1679/1/3 1667/1/3 1678/1/3
f 1680/4/3 1669/4/3 1668/4/3
f 1680/4/3 1670/4/3 1669/4/3
f 1681/6/3 1671/6/3 1670/6/3
f 1681/4/3 1670/4/3 1680/4/3
f 1682/20/3 1672/20/3 1671/20/3
f 1682/6/3 1671/6/3 1681/6/3
f 1682/20/3 1673/20/3 1672/20/3
f 1683/6/3 1675/6/3 1674/6/3
f 1683/20/3 1673/20/3 1682/20/3
f 1683/6/3 1674/6/3 1673/6/3
f 1684/6/3 1675/6/3 1683/6/3
f 1685/18/3 1677/18/3 1676/18/3
f 1686/18/3 1677/18/3 1685/18/3
f 1689/10/3 1688/10/3 1687/10/3
f 1690/10/3 1688/10/3 1689/10/3
f 1694/17/3 1692/17/3 1691/17/3
f 1695/4/3 1693/4/3 1692/4/3
f 1695/17/3 1692/17/3 1694/17/3
f 1696/4/3 1693/4/3 1695/4/3
f 1699/16/3 1698/16/3 1697/16/3
f 1700/16/3 1698/16/3 1699/16/3
f 1705/10/3 1702/10/3 1701/10/3
f 1706/10/3 1702/10/3 1705/10/3
f 1707/10/3 1704/10/3 1703/10/3
f 1708/17/3 1705/17/3 1704/17/3
f 1708/10/3 1704/10/3 1707/10/3
f 1709/17/3 1705/17/3 1708/17/3
f 1710/17/3 1705/17/3 1709/17/3
f 1712/16/3 1708/16/3 1707/16/3
f 1713/16/3 1708/16/3 1712/16/3
f 1714/10/3 1711/10/3 1710/10/3
f 1715/10/3 1711/10/3 1714/10/3
f 1716/15/3 1715/15/3 1714/15/3
f 1717/15/3 1715/15/3 1716/15/3
f 1718/4/3 1717/4/3 1716/4/3
f 1719/4/3 1717/4/3 1718/4/3
f 1722/16/3 1721/16/3 1720/16/3
f 1723/16/3 1721/16/3 1722/16/3
f 1728/2/3 1725/2/3 1724/2/3
f 1729/2/3 1725/2/3 1728/2/3
f 1730/8/3 1727/8/3 1726/8/3
f 1731/8/3 1727/8/3 1730/8/3
f 1734/16/3 1733/16/3 1732/16/3
f 1735/16/3 1733/16/3 1734/16/3
f 1738/7/3 1737/7/3 1736/7/3
f 1739/7/3 1737/7/3 1738/7/3
f 1742/4/3 1741/4/3 1740/4/3
f 1743/4/3 1741/4/3 1742/4/3
f 1746/17/3 1745/17/3 1744/17/3
f 1747/17/3 1745/17/3 1746/17/3
f 1750/17/3 1749/17/3 1748/17/3
f 1751/17/3 1749/17/3 1750/17/3
f 1754/7/3 1753/7/3 1752/7/3
f 1755/7/3 1753/7/3 1754/7/3
f 1758/4/3 1757/4/3 1756/4/3
f 1759/4/3 1757/4/3 1758/4/3
f 1762/5/3 1761/5/3 1760/5/3
f 1763/5/3 1761/5/3 1762/5/3
f 1766/5/3 1764/5/3 1763/5/3
f 1767/7/3 1765/7/3 1764/7/3
f 1767/5/3 1764/5/3 1766/5/3
f 1768/7/3 1765/7/3 1767/7/3
f 1770/7/3 1768/7/3 1767/7/3
f 1773/7/3 1768/7/3 1770/7/3
f 1774/8/3 1769/8/3 1768/8/3
f 1774/7/3 1768/7/3 1773/7/3
f 1775/8/3 1769/8/3 1774/8/3
f 1776/2/3 1772/2/3 1771/2/3
f 1777/7/3 1773/7/3 1772/7/3
f 1777/2/3 1772/2/3 1776/2/3
f 1778/7/3 1773/7/3 1777/7/3
f 1782/8/3 1780/8/3 1779/8/3
f 1782/8/3 1781/8/3 1780/8/3
f 1783/8/3 1781/8/3 1782/8/3
f 1786/6/3 1785/6/3 1784/6/3
f 1787/6/3 1785/6/3 1786/6/3
f 1788/10/4 1789/10/4 1790/10/4
f 1790/10/4 1789/10/4 1791/10/4
f 1791/10/4 1789/10/4 1792/10/4
f 1793/17/4 1794/17/4 1795/17/4
f 1795/17/4 1794/17/4 1796/17/4
f 1797/2/4 1798/2/4 1802/2/4
f 1802/2/4 1798/2/4 1803/2/4
f 1799/17/4 1800/17/4 1804/17/4
f 1804/17/4 1800/17/4 1805/17/4
f 1801/1/4 1802/1/4 1806/1/4
f 1806/1/4 1802/1/4 1807/1/4
f 1806/2/4 1807/2/4 1808/2/4
f 1808/2/4 1807/2/4 1809/2/4
f 1810/17/4 1811/17/4 1814/17/4
f 1814/17/4 1811/17/4 1815/17/4
f 1812/4/4 1813/4/4 1816/4/4
f 1816/4/4 1813/4/4 1817/4/4
f 1818/2/4 1819/2/4 1820/2/4
f 1820/2/4 1819/2/4 1821/2/4
f 1822/2/4 1823/2/4 1825/2/4
f 1825/2/4 1823/2/4 1826/2/4
f 1824/2/4 1825/2/4 1831/2/4
f 1825/1/4 1826/1/4 1832/1/4
f 1831/2/4 1825/2/4 1832/2/4
f 1832/1/4 1826/1/4 1833/1/4
f 1827/4/4 1828/4/4 1834/4/4
f 1834/4/4 1828/4/4 1835/4/4
f 1829/4/4 1830/4/4 1836/4/4
f 1836/4/4 1830/4/4 1837/4/4
f 1838/4/4 1839/4/4 1840/4/4
f 1840/4/4 1839/4/4 1841/4/4
f 1840/16/4 1841/16/4 1844/16/4
f 1844/16/4 1841/16/4 1845/16/4
f 1842/16/4 1843/16/4 1846/16/4
f 1846/16/4 1843/16/4 1847/16/4
f 1844/15/4 1845/15/4 1848/15/4
f 1848/15/4 1845/15/4 1849/15/4
f 1846/10/4 1847/10/4 1850/10/4
f 1847/17/4 1848/17/4 1851/17/4
f 1850/10/4 1847/10/4 1851/10/4
f 1851/17/4 1848/17/4 1852/17/4
f 1852/10/4 1853/10/4 1856/10/4
f 1856/10/4 1853/10/4 1857/10/4
f 1854/16/4 1855/16/4 1858/16/4
f 1858/16/4 1855/16/4 1859/16/4
f 1860/17/4 1861/17/4 1864/17/4
f 1861/4/4 1862/4/4 1865/4/4
f 1864/17/4 1861/17/4 1865/17/4
f 1865/4/4 1862/4/4 1866/4/4
f 1866/4/4 1862/4/4 1867/4/4
f 1862/6/4 1863/6/4 1868/6/4
f 1867/4/4 1862/4/4 1868/4/4
f 1868/6/4 1863/6/4 1869/6/4
f 1869/6/4 1863/6/4 1870/6/4
f 1871/16/4 1872/16/4 1878/16/4
f 1878/16/4 1872/16/4 1879/16/4
f 1879/16/4 1872/16/4 1880/16/4
f 1873/17/4 1874/17/4 1881/17/4
f 1881/17/4 1874/17/4 1882/17/4
f 1875/17/4 1876/17/4 1883/17/4
f 1876/10/4 1877/10/4 1884/10/4
f 1883/17/4 1876/17/4 1884/17/4
f 1884/10/4 1877/10/4 1885/10/4
f 1886/2/4 1887/2/4 1894/2/4
f 1894/2/4 1887/2/4 1895/2/4
f 1888/17/4 1889/17/4 1896/17/4
f 1896/17/4 1889/17/4 1897/17/4
f 1890/17/4 1891/17/4 1898/17/4
f 1891/10/4 1892/10/4 1899/10/4
f 1898/17/4 1891/17/4 1899/17/4
f 1892/6/4 1893/6/4 1900/6/4
f 1899/10/4 1892/10/4 1900/10/4
f 1900/6/4 1893/6/4 1901/6/4
f 1903/16/4 1904/16/4 1905/16/4
f 1902/16/4 1903/16/4 1905/16/4
f 1905/16/4 1904/16/4 1906/16/4
f 1907/17/4 1908/17/4 1913/17/4
f 1911/6/4 1912/6/4 1914/6/4
f 1913/17/4 1908/17/4 1914/17/4
f 1908/6/4 1909/6/4 1914/6/4
f 1910/6/4 1911/6/4 1914/6/4
f 1909/6/4 1910/6/4 1914/6/4
f 1914/6/4 1912/6/4 1915/6/4
f 1916/16/4 1917/16/4 1918/16/4
f 1918/16/4 1917/16/4 1919/16/4
f 1920/10/4 1921/10/4 1924/10/4
f 1924/10/4 1921/10/4 1925/10/4
f 1922/10/4 1923/10/4 1926/10/4
f 1923/17/4 1924/17/4 1927/17/4
f 1926/10/4 1923/10/4 1927/10/4
f 1927/17/4 1924/17/4 1928/17/4
f 1926/16/4 1927/16/4 1930/16/4
f 1930/16/4 1927/16/4 1931/16/4
f 1928/15/4 1929/15/4 1932/15/4
f 1932/15/4 1929/15/4 1933/15/4
f 1932/16/4 1933/16/4 1934/16/4
f 1934/16/4 1933/16/4 1935/16/4
f 1934/4/4 1935/4/4 1936/4/4
f 1936/4/4 1935/4/4 1937/4/4
f 1938/3/4 1939/3/4 1941/3/4
f 1939/17/4 1940/17/4 1942/17/4
f 1941/3/4 1939/3/4 1942/3/4
f 1942/17/4 1940/17/4 1943/17/4
f 1942/4/4 1943/4/4 1944/4/4
f 1944/4/4 1943/4/4 1945/4/4
f 1944/16/4 1945/16/4 1946/16/4
f 1946/16/4 1945/16/4 1947/16/4
f 1948/4/4 1949/4/4 1950/4/4
f 1950/4/4 1949/4/4 1951/4/4
f 1948/4/4 1950/4/4 1954/4/4
f 1950/16/4 1951/16/4 1955/16/4
f 1954/4/4 1950/4/4 1955/4/4
f 1953/4/4 1954/4/4 1956/4/4
f 1954/17/4 1955/17/4 1956/17/4
f 1955/16/4 1951/16/4 1957/16/4
f 1956/17/4 1955/17/4 1957/17/4
f 1951/10/4 1952/10/4 1958/10/4
f 1957/16/4 1951/16/4 1958/16/4
f 1958/10/4 1952/10/4 1959/10/4
f 1953/4/4 1956/4/4 1962/4/4
f 1956/16/4 1957/16/4 1963/16/4
f 1962/4/4 1956/4/4 1963/4/4
f 1957/16/4 1958/16/4 1963/16/4
f 1958/16/4 1959/16/4 1963/16/4
f 1963/16/4 1959/16/4 1964/16/4
f 1964/16/4 1959/16/4 1965/16/4
f 1965/16/4 1959/16/4 1966/16/4
f 1960/17/4 1961/17/4 1969/17/4
f 1969/17/4 1961/17/4 1970/17/4
f 1962/10/4 1963/10/4 1978/10/4
f 1963/17/4 1964/17/4 1979/17/4
f 1978/10/4 1963/10/4 1979/10/4
f 1964/16/4 1965/16/4 1980/16/4
f 1979/17/4 1964/17/4 1980/17/4
f 1965/17/4 1966/17/4 1981/17/4
f 1980/16/4 1965/16/4 1981/16/4
f 1981/17/4 1966/17/4 1982/17/4
f 1967/10/4 1968/10/4 1983/10/4
f 1983/10/4 1968/10/4 1984/10/4
f 1971/17/4 1972/17/4 1986/17/4
f 1972/4/4 1973/4/4 1987/4/4
f 1986/17/4 1972/17/4 1987/17/4
f 1987/4/4 1973/4/4 1988/4/4
f 1974/6/4 1975/6/4 1994/6/4
f 1975/20/4 1976/20/4 1995/20/4
f 1994/6/4 1975/6/4 1995/6/4
f 1976/17/4 1977/17/4 1996/17/4
f 1995/20/4 1976/20/4 1996/20/4
f 1977/18/4 1978/18/4 1997/18/4
f 1996/17/4 1977/17/4 1997/17/4
f 1978/18/4 1979/18/4 1997/18/4
f 1979/16/4 1980/16/4 1998/16/4
f 1997/18/4 1979/18/4 1998/18/4
f 1980/16/4 1981/16/4 1998/16/4
f 1981/18/4 1982/18/4 1999/18/4
f 1998/16/4 1981/16/4 1999/16/4
f 1985/17/4 1986/17/4 2000/17/4
f 1986/17/4 1987/17/4 2000/17/4
f 2000/17/4 1987/17/4 2001/17/4
f 1987/16/4 1988/16/4 2002/16/4
f 2001/17/4 1987/17/4 2002/17/4
f 1988/17/4 1989/17/4 2003/17/4
f 2002/16/4 1988/16/4 2003/16/4
f 1989/4/4 1990/4/4 2004/4/4
f 2003/17/4 1989/17/4 2004/17/4
f 1990/17/4 1991/17/4 2005/17/4
f 2004/4/4 1990/4/4 2005/4/4
f 1991/4/4 1992/4/4 2006/4/4
f 2005/17/4 1991/17/4 2006/17/4
f 1992/17/4 1993/17/4 2007/17/4
f 2006/4/4 1992/4/4 2007/4/4
f 1993/6/4 1994/6/4 2008/6/4
f 2007/17/4 1993/17/4 2008/17/4
f 1994/20/4 1995/20/4 2009/20/4
f 1995/20/4 1996/20/4 2009/20/4
f 1997/18/4 1998/18/4 2010/18/4
f 2009/20/4 1996/20/4 2010/20/4
f 1996/18/4 1997/18/4 2010/18/4
f 1998/18/4 1999/18/4 2010/18/4
f 2010/18/4 1999/18/4 2011/18/4
f 2011/18/4 1999/18/4 2012/18/4
f 2012/18/4 1999/18/4 2013/18/4
f 1999/18/4 1982/18/4 2014/18/4
f 2013/18/4 1999/18/4 2014/18/4
f 2000/16/4 2001/16/4 2015/16/4
f 2001/17/4 2002/17/4 2016/17/4
f 2015/16/4 2001/16/4 2016/16/4
f 2002/4/4 2003/4/4 2017/4/4
f 2016/17/4 2002/17/4 2017/17/4
f 2003/17/4 2004/17/4 2018/17/4
f 2017/4/4 2003/4/4 2018/4/4
f 2005/16/4 2006/16/4 2019/16/4
f 2018/17/4 2004/17/4 2019/17/4
f 2004/16/4 2005/16/4 2019/16/4
f 2007/6/4 2008/6/4 2020/6/4
f 2019/16/4 2006/16/4 2020/16/4
f 2006/6/4 2007/6/4 2020/6/4
f 2020/6/4 2008/6/4 2021/6/4
f 2008/6/4 1994/6/4 2022/6/4
f 2021/6/4 2008/6/4 2022/6/4
f 2011/11/4 2012/11/4 2023/11/4
f 2010/18/4 2011/18/4 2023/18/4
f 2012/18/4 2013/18/4 2024/18/4
f 2023/11/4 2012/11/4 2024/11/4
f 2013/11/4 2014/11/4 2025/11/4
f 2024/18/4 2013/18/4 2025/18/4
f 2014/18/4 1982/18/4 2026/18/4
f 2025/11/4 2014/11/4 2026/11/4
f 2026/18/4 1982/18/4 2027/18/4
f 2015/17/4 2016/17/4 2029/17/4
f 2029/17/4 2016/17/4 2030/17/4
f 2017/4/4 2018/4/4 2031/4/4
f 2031/4/4 2018/4/4 2032/4/4
f 2020/10/4 2021/10/4 2033/10/4
f 2021/20/4 2022/20/4 2034/20/4
f 2033/10/4 2021/10/4 2034/10/4
f 2022/6/4 1994/6/4 2035/6/4
f 2034/20/4 2022/20/4 2035/20/4
f 1994/20/4 2009/20/4 2036/20/4
f 2035/6/4 1994/6/4 2036/6/4
f 2009/13/4 2010/13/4 2037/13/4
f 2036/20/4 2009/20/4 2037/20/4
f 2010/18/4 2023/18/4 2038/18/4
f 2023/18/4 2024/18/4 2038/18/4
f 2026/18/4 2027/18/4 2038/18/4
f 2024/18/4 2025/18/4 2038/18/4
f 2025/18/4 2026/18/4 2038/18/4
f 2038/18/4 2027/18/4 2039/18/4
f 2039/18/4 2027/18/4 2040/18/4
f 2027/11/4 2028/11/4 2041/11/4
f 2040/18/4 2027/18/4 2041/18/4
f 2041/11/4 2028/11/4 2042/11/4
f 2038/11/4 2039/11/4 2043/11/4
f 2010/18/4 2038/18/4 2043/18/4
f 2039/18/4 2040/18/4 2044/18/4
f 2043/11/4 2039/11/4 2044/11/4
f 2044/18/4 2040/18/4 2045/18/4
f 2040/16/4 2041/16/4 2046/16/4
f 2045/18/4 2040/18/4 2046/18/4
f 2046/16/4 2041/16/4 2047/16/4
f 2044/11/4 2045/11/4 2048/11/4
f 2043/18/4 2044/18/4 2048/18/4
f 2045/18/4 2046/18/4 2049/18/4
f 2048/11/4 2045/11/4 2049/11/4
f 2046/17/4 2047/17/4 2050/17/4
f 2049/18/4 2046/18/4 2050/18/4
f 2050/17/4 2047/17/4 2051/17/4
f 2048/18/4 2049/18/4 2052/18/4
f 2049/11/4 2050/11/4 2052/11/4
f 2050/16/4 2051/16/4 2053/16/4
f 2052/11/4 2050/11/4 2053/11/4
f 2053/16/4 2051/16/4 2054/16/4
f 2036/13/4 2037/13/4 2061/13/4
f 2037/13/4 2010/13/4 2062/13/4
f 2061/13/4 2037/13/4 2062/13/4
f 2010/18/4 2043/18/4 2063/18/4
f 2043/18/4 2048/18/4 2063/18/4
f 2048/18/4 2052/18/4 2063/18/4
f 2052/18/4 2053/18/4 2063/18/4
f 2063/18/4 2053/18/4 2064/18/4
f 2053/16/4 2054/16/4 2065/16/4
f 2064/18/4 2053/18/4 2065/18/4
f 2065/16/4 2054/16/4 2066/16/4
f 2055/17/4 2056/17/4 2068/17/4
f 2057/17/4 2058/17/4 2069/17/4
f 2069/17/4 2058/17/4 2070/17/4
f 2059/20/4 2060/20/4 2072/20/4
f 2060/6/4 2061/6/4 2073/6/4
f 2072/20/4 2060/20/4 2073/20/4
f 2063/11/4 2064/11/4 2074/11/4
f 2010/18/4 2063/18/4 2074/18/4
f 2065/18/4 2066/18/4 2075/18/4
f 2074/11/4 2064/11/4 2075/11/4
f 2064/18/4 2065/18/4 2075/18/4
f 2066/18/4 2067/18/4 2075/18/4
f 2075/18/4 2067/18/4 2076/18/4
f 2076/18/4 2067/18/4 2077/18/4
f 2077/18/4 2067/18/4 2078/18/4
f 2055/17/4 2068/17/4 2079/17/4
f 2068/4/4 2069/4/4 2079/4/4
f 2069/17/4 2070/17/4 2080/17/4
f 2079/4/4 2069/4/4 2080/4/4
f 2070/4/4 2071/4/4 2081/4/4
f 2080/17/4 2070/17/4 2081/17/4
f 2071/16/4 2072/16/4 2082/16/4
f 2081/4/4 2071/4/4 2082/4/4
f 2082/16/4 2072/16/4 2083/16/4
f 2072/6/4 2073/6/4 2084/6/4
f 2083/16/4 2072/16/4 2084/16/4
f 2073/6/4 2061/6/4 2085/6/4
f 2084/6/4 2073/6/4 2085/6/4
f 2085/6/4 2061/6/4 2086/6/4
f 2062/13/4 2010/13/4 2087/13/4
f 2061/20/4 2062/20/4 2087/20/4
f 2010/18/4 2074/18/4 2088/18/4
f 2087/13/4 2010/13/4 2088/13/4
f 2074/18/4 2075/18/4 2088/18/4
f 2075/18/4 2076/18/4 2088/18/4
f 2088/18/4 2076/18/4 2089/18/4
f 2089/18/4 2076/18/4 2090/18/4
f 2090/18/4 2076/18/4 2091/18/4
f 2076/11/4 2077/11/4 2092/11/4
f 2091/18/4 2076/18/4 2092/18/4
f 2092/11/4 2077/11/4 2093/11/4
f 2055/17/4 2079/17/4 2094/17/4
f 2079/16/4 2080/16/4 2095/16/4
f 2094/17/4 2079/17/4 2095/17/4
f 2080/4/4 2081/4/4 2096/4/4
f 2095/16/4 2080/16/4 2096/16/4
f 2081/17/4 2082/17/4 2097/17/4
f 2096/4/4 2081/4/4 2097/4/4
f 2082/4/4 2083/4/4 2098/4/4
f 2097/17/4 2082/17/4 2098/17/4
f 2083/20/4 2084/20/4 2099/20/4
f 2098/4/4 2083/4/4 2099/4/4
f 2084/20/4 2085/20/4 2099/20/4
f 2085/17/4 2086/17/4 2100/17/4
f 2099/20/4 2085/20/4 2100/20/4
f 2086/6/4 2061/6/4 2101/6/4
f 2100/17/4 2086/17/4 2101/17/4
f 2061/20/4 2087/20/4 2102/20/4
f 2101/6/4 2061/6/4 2102/6/4
f 2087/20/4 2088/20/4 2102/20/4
f 2102/20/4 2088/20/4 2103/20/4
f 2088/4/4 2089/4/4 2104/4/4
f 2103/20/4 2088/20/4 2104/20/4
f 2089/18/4 2090/18/4 2105/18/4
f 2104/4/4 2089/4/4 2105/4/4
f 2090/11/4 2091/11/4 2106/11/4
f 2105/18/4 2090/18/4 2106/18/4
f 2092/18/4 2093/18/4 2107/18/4
f 2106/11/4 2091/11/4 2107/11/4
f 2091/18/4 2092/18/4 2107/18/4
f 2095/4/4 2096/4/4 2108/4/4
f 2096/4/4 2097/4/4 2108/4/4
f 2108/4/4 2097/4/4 2109/4/4
f 2102/6/4 2103/6/4 2110/6/4
f 2103/20/4 2104/20/4 2111/20/4
f 2110/6/4 2103/6/4 2111/6/4
f 2104/17/4 2105/17/4 2112/17/4
f 2111/20/4 2104/20/4 2112/20/4
f 2106/18/4 2107/18/4 2113/18/4
f 2112/17/4 2105/17/4 2113/17/4
f 2105/18/4 2106/18/4 2113/18/4
f 2113/18/4 2107/18/4 2114/18/4
f 2114/18/4 2107/18/4 2115/18/4
f 2107/18/4 2093/18/4 2116/18/4
f 2115/18/4 2107/18/4 2116/18/4
f 2116/18/4 2093/18/4 2117/18/4
f 2114/18/4 2115/18/4 2120/18/4
f 2115/17/4 2116/17/4 2121/17/4
f 2120/18/4 2115/18/4 2121/18/4
f 2116/16/4 2117/16/4 2122/16/4
f 2121/17/4 2116/17/4 2122/17/4
f 2122/16/4 2117/16/4 2123/16/4
f 2123/16/4 2117/16/4 2124/16/4
f 2118/10/4 2119/10/4 2125/10/4
f 2125/10/4 2119/10/4 2126/10/4
f 2123/17/4 2124/17/4 2130/17/4
f 2121/16/4 2122/16/4 2130/16/4
f 2122/16/4 2123/16/4 2130/16/4
f 2130/17/4 2124/17/4 2131/17/4
f 2127/17/4 2128/17/4 2132/17/4
f 2128/4/4 2129/4/4 2133/4/4
f 2132/17/4 2128/17/4 2133/17/4
f 2133/4/4 2129/4/4 2134/4/4
f 2120/4/4 2121/4/4 2135/4/4
f 2121/16/4 2130/16/4 2136/16/4
f 2135/4/4 2121/4/4 2136/4/4
f 2136/16/4 2130/16/4 2137/16/4
f 2136/17/4 2137/17/4 2138/17/4
f 2137/16/4 2130/16/4 2139/16/4
f 2138/17/4 2137/17/4 2139/17/4
f 2130/10/4 2131/10/4 2140/10/4
f 2139/16/4 2130/16/4 2140/16/4
f 2140/10/4 2131/10/4 2141/10/4
f 2138/4/4 2139/4/4 2142/4/4
f 2139/4/4 2140/4/4 2142/4/4
f 2142/4/4 2140/4/4 2143/4/4
f 2144/16/4 2145/16/4 2146/16/4
f 2146/16/4 2145/16/4 2147/16/4
f 2146/4/4 2147/4/4 2149/4/4
f 2149/4/4 2147/4/4 2150/4/4
f 2148/14/4 2149/14/4 2151/14/4
f 2149/17/4 2150/17/4 2152/17/4
f 2151/14/4 2149/14/4 2152/14/4
f 2152/17/4 2150/17/4 2153/17/4
f 2154/8/4 2155/8/4 2156/8/4
f 2156/8/4 2155/8/4 2157/8/4
f 2157/8/4 2158/8/4 2159/8/4
f 2159/8/4 2158/8/4 2160/8/4
f 2161/8/4 2162/8/4 2165/8/4
f 2165/8/4 2162/8/4 2166/8/4
f 2163/16/4 2164/16/4 2168/16/4
f 2167/16/4 2168/16/4 2171/16/4
f 2168/16/4 2164/16/4 2172/16/4
f 2171/16/4 2168/16/4 2172/16/4
f 2169/6/4 2170/6/4 2173/6/4
f 2173/6/4 2170/6/4 2174/6/4
f 2171/17/4 2172/17/4 2175/17/4
f 2172/16/4 2164/16/4 2176/16/4
f 2175/17/4 2172/17/4 2176/17/4
f 2176/16/4 2164/16/4 2177/16/4
f 2175/16/4 2176/16/4 2178/16/4
f 2176/17/4 2177/17/4 2179/17/4
f 2178/16/4 2176/16/4 2179/16/4
f 2179/17/4 2177/17/4 2180/17/4
f 2178/17/4 2179/17/4 2181/17/4
f 2179/17/4 2180/17/4 2181/17/4
f 2181/17/4 2180/17/4 2182/17/4
f 2182/17/4 2180/17/4 2183/17/4
f 2182/16/4 2183/16/4 2184/16/4
f 2184/16/4 2183/16/4 2185/16/4
f 2186/8/4 2187/8/4 2188/8/4
f 2188/8/4 2187/8/4 2189/8/4
f 2190/4/4 2191/4/4 2193/4/4
f 2193/4/4 2191/4/4 2194/4/4
f 2192/10/4 2193/10/4 2195/10/4
f 2195/10/4 2193/10/4 2196/10/4
f 2197/10/4 2198/10/4 2201/10/4
f 2201/10/4 2198/10/4 2202/10/4
f 2202/10/4 2198/10/4 2203/10/4
f 2198/8/4 2199/8/4 2204/8/4
f 2203/10/4 2198/10/4 2204/10/4
f 2204/8/4 2199/8/4 2205/8/4
f 2205/8/4 2199/8/4 2206/8/4
f 2206/8/4 2199/8/4 2207/8/4
f 2207/8/4 2199/8/4 2208/8/4
f 2200/16/4 2201/16/4 2210/16/4
f 2201/10/4 2202/10/4 2211/10/4
f 2210/16/4 2201/16/4 2211/16/4
f 2211/10/4 2202/10/4 2212/10/4
f 2208/8/4 2209/8/4 2213/8/4
f 2207/8/4 2208/8/4 2213/8/4
f 2213/8/4 2209/8/4 2214/8/4
f 2215/8/4 2216/8/4 2219/8/4
f 2217/4/4 2218/4/4 2220/4/4
f 2220/4/4 2218/4/4 2221/4/4
f 2219/8/4 2216/8/4 2222/8/4
f 2222/8/4 2216/8/4 2223/8/4
f 2223/8/4 2224/8/4 2225/8/4
f 2225/8/4 2224/8/4 2226/8/4
f 2227/8/4 2228/8/4 2233/8/4
f 2233/8/4 2228/8/4 2234/8/4
f 2229/16/4 2230/16/4 2235/16/4
f 2235/16/4 2230/16/4 2236/16/4
f 2231/16/4 2232/16/4 2237/16/4
f 2237/16/4 2232/16/4 2238/16/4
f 2237/4/4 2238/4/4 2246/4/4
f 2246/4/4 2238/4/4 2247/4/4
f 2239/8/4 2240/8/4 2248/8/4
f 2248/8/4 2240/8/4 2249/8/4
f 2241/16/4 2242/16/4 2250/16/4
f 2242/16/4 2243/16/4 2250/16/4
f 2250/16/4 2243/16/4 2251/16/4
f 2251/16/4 2243/16/4 2252/16/4
f 2244/16/4 2245/16/4 2256/16/4
f 2245/10/4 2246/10/4 2257/10/4
f 2256/16/4 2245/16/4 2257/16/4
f 2257/10/4 2246/10/4 2258/10/4
f 2254/10/4 2255/10/4 2259/10/4
f 2255/10/4 2256/10/4 2259/10/4
f 2256/10/4 2257/10/4 2259/10/4
f 2253/10/4 2254/10/4 2259/10/4
f 2252/10/4 2253/10/4 2259/10/4
f 2251/10/4 2252/10/4 2259/10/4
f 2259/10/4 2257/10/4 2260/10/4
f 2261/4/4 2262/4/4 2269/4/4
f 2262/8/4 2263/8/4 2270/8/4
f 2263/6/4 2264/6/4 2270/6/4
f 2264/8/4 2265/8/4 2271/8/4
f 2270/6/4 2264/6/4 2271/6/4
f 2265/6/4 2266/6/4 2272/6/4
f 2271/8/4 2265/8/4 2272/8/4
f 2272/6/4 2266/6/4 2273/6/4
f 2267/10/4 2268/10/4 2276/10/4
f 2268/4/4 2269/4/4 2276/4/4
f 2273/8/4 2274/8/4 2277/8/4
f 2276/4/4 2269/4/4 2277/4/4
f 2269/4/4 2262/4/4 2277/4/4
f 2272/8/4 2273/8/4 2277/8/4
f 2271/8/4 2272/8/4 2277/8/4
f 2262/8/4 2270/8/4 2277/8/4
f 2270/8/4 2271/8/4 2277/8/4
f 2277/8/4 2274/8/4 2278/8/4
f 2278/8/4 2274/8/4 2279/8/4
f 2279/8/4 2274/8/4 2280/8/4
f 2280/8/4 2274/8/4 2281/8/4
f 2274/6/4 2275/6/4 2282/6/4
f 2281/8/4 2274/8/4 2282/8/4
f 2282/6/4 2275/6/4 2283/6/4
f 2267/10/4 2276/10/4 2285/10/4
f 2285/10/4 2276/10/4 2286/10/4
f 2279/8/4 2280/8/4 2287/8/4
f 2280/6/4 2281/6/4 2288/6/4
f 2287/8/4 2280/8/4 2288/8/4
f 2288/6/4 2281/6/4 2289/6/4
f 2282/8/4 2283/8/4 2290/8/4
f 2290/8/4 2283/8/4 2291/8/4
f 2285/17/4 2286/17/4 2293/17/4
f 2284/10/4 2285/10/4 2293/10/4
f 2293/17/4 2286/17/4 2294/17/4
f 2284/10/4 2293/10/4 2295/10/4
f 2293/16/4 2294/16/4 2295/16/4
f 2295/16/4 2294/16/4 2296/16/4
f 2284/10/4 2295/10/4 2297/10/4
f 2295/17/4 2296/17/4 2297/17/4
f 2297/17/4 2296/17/4 2298/17/4
f 2297/16/4 2298/16/4 2299/16/4
f 2291/8/4 2292/8/4 2300/8/4
f 2297/16/4 2299/16/4 2301/16/4
f 2284/10/4 2297/10/4 2301/10/4
f 2301/16/4 2299/16/4 2302/16/4
f 2300/8/4 2292/8/4 2303/8/4
f 2301/10/4 2302/10/4 2304/10/4
f 2284/10/4 2301/10/4 2304/10/4
f 2304/10/4 2302/10/4 2305/10/4
f 2305/10/4 2302/10/4 2306/10/4
f 2303/8/4 2292/8/4 2309/8/4
f 2305/10/4 2306/10/4 2310/10/4
f 2307/4/4 2308/4/4 2314/4/4
f 2314/4/4 2308/4/4 2315/4/4
f 2315/4/4 2308/4/4 2316/4/4
f 2309/8/4 2292/8/4 2318/8/4
f 2305/10/4 2310/10/4 2319/10/4
f 2310/17/4 2311/17/4 2320/17/4
f 2319/10/4 2310/10/4 2320/10/4
f 2312/4/4 2313/4/4 2321/4/4
f 2320/17/4 2311/17/4 2321/17/4
f 2311/4/4 2312/4/4 2321/4/4
f 2313/4/4 2314/4/4 2321/4/4
f 2314/4/4 2315/4/4 2321/4/4
f 2321/4/4 2315/4/4 2322/4/4
f 2322/4/4 2315/4/4 2323/4/4
f 2323/4/4 2315/4/4 2324/4/4
f 2315/17/4 2316/17/4 2325/17/4
f 2324/4/4 2315/4/4 2325/4/4
f 2316/4/4 2317/4/4 2326/4/4
f 2325/17/4 2316/17/4 2326/17/4
f 2326/4/4 2317/4/4 2327/4/4
f 2318/8/4 2292/8/4 2328/8/4
f 2328/8/4 2292/8/4 2329/8/4
f 2321/4/4 2322/4/4 2330/4/4
f 2322/17/4 2323/17/4 2331/17/4
f 2330/4/4 2322/4/4 2331/4/4
f 2323/4/4 2324/4/4 2332/4/4
f 2331/17/4 2323/17/4 2332/17/4
f 2324/17/4 2325/17/4 2333/17/4
f 2332/4/4 2324/4/4 2333/4/4
f 2333/17/4 2325/17/4 2334/17/4
f 2335/10/4 2336/10/4 2340/10/4
f 2340/10/4 2336/10/4 2341/10/4
f 2341/10/4 2336/10/4 2342/10/4
f 2336/8/4 2337/8/4 2343/8/4
f 2342/10/4 2336/10/4 2343/10/4
f 2343/8/4 2337/8/4 2344/8/4
f 2338/8/4 2339/8/4 2346/8/4
f 2346/8/4 2339/8/4 2347/8/4
f 2341/17/4 2342/17/4 2349/17/4
f 2340/16/4 2341/16/4 2349/16/4
f 2342/16/4 2343/16/4 2350/16/4
f 2349/17/4 2342/17/4 2350/17/4
f 2344/8/4 2345/8/4 2351/8/4
f 2350/16/4 2343/16/4 2351/16/4
f 2343/8/4 2344/8/4 2351/8/4
f 2351/8/4 2345/8/4 2352/8/4
f 2345/6/4 2346/6/4 2353/6/4
f 2352/8/4 2345/8/4 2353/8/4
f 2347/8/4 2348/8/4 2354/8/4
f 2353/6/4 2346/6/4 2354/6/4
f 2346/8/4 2347/8/4 2354/8/4
f 2354/8/4 2348/8/4 2355/8/4
f 2349/16/4 2350/16/4 2356/16/4
f 2350/16/4 2351/16/4 2356/16/4
f 2340/16/4 2349/16/4 2356/16/4
f 2351/16/4 2352/16/4 2356/16/4
f 2356/16/4 2352/16/4 2357/16/4
f 2357/16/4 2352/16/4 2358/16/4
f 2352/8/4 2353/8/4 2359/8/4
f 2358/16/4 2352/16/4 2359/16/4
f 2353/8/4 2354/8/4 2359/8/4
f 2359/8/4 2354/8/4 2360/8/4
f 2354/6/4 2355/6/4 2361/6/4
f 2360/8/4 2354/8/4 2361/8/4
f 2355/8/4 2348/8/4 2362/8/4
f 2361/6/4 2355/6/4 2362/6/4
f 2340/16/4 2356/16/4 2363/16/4
f 2356/17/4 2357/17/4 2364/17/4
f 2363/16/4 2356/16/4 2364/16/4
f 2357/16/4 2358/16/4 2365/16/4
f 2364/17/4 2357/17/4 2365/17/4
f 2358/17/4 2359/17/4 2366/17/4
f 2365/16/4 2358/16/4 2366/16/4
f 2359/16/4 2360/16/4 2367/16/4
f 2366/17/4 2359/17/4 2367/17/4
f 2360/8/4 2361/8/4 2368/8/4
f 2367/16/4 2360/16/4 2368/16/4
f 2361/8/4 2362/8/4 2368/8/4
f 2368/8/4 2362/8/4 2369/8/4
f 2369/8/4 2362/8/4 2370/8/4
f 2363/17/4 2364/17/4 2371/17/4
f 2366/16/4 2367/16/4 2372/16/4
f 2371/17/4 2364/17/4 2372/17/4
f 2365/16/4 2366/16/4 2372/16/4
f 2364/16/4 2365/16/4 2372/16/4
f 2372/16/4 2367/16/4 2373/16/4
f 2373/16/4 2367/16/4 2374/16/4
f 2368/8/4 2369/8/4 2375/8/4
f 2374/16/4 2367/16/4 2375/16/4
f 2367/8/4 2368/8/4 2375/8/4
f 2369/6/4 2370/6/4 2376/6/4
f 2375/8/4 2369/8/4 2376/8/4
f 2370/8/4 2362/8/4 2377/8/4
f 2376/6/4 2370/6/4 2377/6/4
f 2362/8/4 2348/8/4 2378/8/4
f 2377/8/4 2362/8/4 2378/8/4
f 2378/8/4 2348/8/4 2379/8/4
f 2371/16/4 2372/16/4 2380/16/4
f 2372/17/4 2373/17/4 2381/17/4
f 2380/16/4 2372/16/4 2381/16/4
f 2373/16/4 2374/16/4 2382/16/4
f 2381/17/4 2373/17/4 2382/17/4
f 2375/8/4 2376/8/4 2383/8/4
f 2382/16/4 2374/16/4 2383/16/4
f 2374/8/4 2375/8/4 2383/8/4
f 2376/8/4 2377/8/4 2383/8/4
f 2377/8/4 2378/8/4 2383/8/4
f 2383/8/4 2378/8/4 2384/8/4
f 2378/6/4 2379/6/4 2385/6/4
f 2384/8/4 2378/8/4 2385/8/4
f 2385/6/4 2379/6/4 2386/6/4
f 2380/17/4 2381/17/4 2387/17/4
f 2381/16/4 2382/16/4 2388/16/4
f 2387/17/4 2381/17/4 2388/17/4
f 2382/17/4 2383/17/4 2389/17/4
f 2388/16/4 2382/16/4 2389/16/4
f 2383/16/4 2384/16/4 2390/16/4
f 2389/17/4 2383/17/4 2390/17/4
f 2384/8/4 2385/8/4 2391/8/4
f 2390/16/4 2384/16/4 2391/16/4
f 2385/8/4 2386/8/4 2391/8/4
f 2391/8/4 2386/8/4 2392/8/4
f 2392/8/4 2386/8/4 2393/8/4
f 2393/8/4 2386/8/4 2394/8/4
f 2387/10/4 2388/10/4 2395/10/4
f 2388/17/4 2389/17/4 2396/17/4
f 2395/10/4 2388/10/4 2396/10/4
f 2389/10/4 2390/10/4 2397/10/4
f 2396/17/4 2389/17/4 2397/17/4
f 2390/17/4 2391/17/4 2398/17/4
f 2397/10/4 2390/10/4 2398/10/4
f 2398/17/4 2391/17/4 2399/17/4
f 2392/8/4 2393/8/4 2400/8/4
f 2393/6/4 2394/6/4 2401/6/4
f 2400/8/4 2393/8/4 2401/8/4
f 2401/6/4 2394/6/4 2402/6/4
f 2411/3/5 2404/3/5 2403/3/5
f 2412/3/5 2404/3/5 2411/3/5
f 2413/3/5 2406/3/5 2405/3/5
f 2414/3/5 2406/3/5 2413/3/5
f 2415/3/5 2408/3/5 2407/3/5
f 2416/3/5 2408/3/5 2415/3/5
f 2417/3/5 2410/3/5 2409/3/5
f 2418/3/5 2410/3/5 2417/3/5
f 2420/17/5 2412/17/5 2411/17/5
f 2420/17/5 2414/17/5 2413/17/5
f 2420/17/5 2413/17/5 2412/17/5
f 2421/17/5 2414/17/5 2420/17/5
f 2422/17/5 2414/17/5 2421/17/5
f 2423/17/5 2416/17/5 2415/17/5
f 2423/17/5 2418/17/5 2417/17/5
f 2423/17/5 2417/17/5 2416/17/5
f 2424/17/5 2418/17/5 2423/17/5
f 2425/17/5 2418/17/5 2424/17/5
f 2427/3/5 2420/3/5 2419/3/5
f 2428/17/5 2421/17/5 2420/17/5
f 2428/3/5 2420/3/5 2427/3/5
f 2429/3/5 2426/3/5 2425/3/5
f 2429/17/5 2425/17/5 2424/17/5
f 2430/3/5 2426/3/5 2429/3/5
f 2431/17/5 2428/17/5 2427/17/5
f 2432/17/5 2421/17/5 2428/17/5
f 2432/17/5 2428/17/5 2431/17/5
f 2433/17/5 2429/17/5 2424/17/5
f 2434/4/5 2430/4/5 2429/4/5
f 2434/17/5 2429/17/5 2433/17/5
f 2435/4/5 2430/4/5 2434/4/5
f 2436/17/5 2421/17/5 2432/17/5
f 2437/17/5 2421/17/5 2436/17/5
f 2440/17/5 2433/17/5 2424/17/5
f 2441/4/5 2434/4/5 2433/4/5
f 2441/17/5 2433/17/5 2440/17/5
f 2442/4/5 2434/4/5 2441/4/5
f 2443/17/5 2436/17/5 2432/17/5
f 2444/16/5 2437/16/5 2436/16/5
f 2444/17/5 2436/17/5 2443/17/5
f 2445/17/5 2438/17/5 2437/17/5
f 2445/16/5 2437/16/5 2444/16/5
f 2446/17/5 2438/17/5 2445/17/5
f 2447/17/5 2440/17/5 2439/17/5
f 2447/17/5 2441/17/5 2440/17/5
f 2447/17/5 2442/17/5 2441/17/5
f 2448/17/5 2442/17/5 2447/17/5
f 2455/17/5 2450/17/5 2449/17/5
f 2456/17/5 2450/17/5 2455/17/5
f 2457/4/5 2452/4/5 2451/4/5
f 2458/4/5 2452/4/5 2457/4/5
f 2461/17/5 2454/17/5 2453/17/5
f 2462/17/5 2454/17/5 2461/17/5
f 2467/17/5 2460/17/5 2459/17/5
f 2468/17/5 2460/17/5 2467/17/5
f 2469/17/5 2464/17/5 2463/17/5
f 2470/17/5 2464/17/5 2469/17/5
f 2473/4/5 2470/4/5 2469/4/5
f 2474/4/5 2470/4/5 2473/4/5
f 2477/17/5 2474/17/5 2473/17/5
f 2478/17/5 2474/17/5 2477/17/5
f 2479/17/5 2466/17/5 2465/17/5
f 2480/17/5 2466/17/5 2479/17/5
f 2481/4/5 2476/4/5 2475/4/5
f 2482/17/5 2472/17/5 2471/17/5
f 2483/17/5 2472/17/5 2482/17/5
f 2484/4/5 2476/4/5 2481/4/5
f 2485/4/5 2476/4/5 2484/4/5
f 2490/4/5 2487/4/5 2486/4/5
f 2491/4/5 2487/4/5 2490/4/5
f 2492/17/5 2489/17/5 2488/17/5
f 2493/17/5 2489/17/5 2492/17/5
f 2498/17/5 2495/17/5 2494/17/5
f 2499/17/5 2495/17/5 2498/17/5
f 2500/17/5 2497/17/5 2496/17/5
f 2501/17/5 2497/17/5 2500/17/5
f 2506/10/5 2503/10/5 2502/10/5
f 2507/10/5 2503/10/5 2506/10/5
f 2508/20/5 2505/20/5 2504/20/5
f 2509/20/5 2505/20/5 2508/20/5
f 2520/6/5 2511/6/5 2510/6/5
f 2521/6/5 2511/6/5 2520/6/5
f 2522/17/5 2513/17/5 2512/17/5
f 2523/16/5 2514/16/5 2513/16/5
f 2523/17/5 2513/17/5 2522/17/5
f 2524/17/5 2515/17/5 2514/17/5
f 2524/16/5 2514/16/5 2523/16/5
f 2525/16/5 2516/16/5 2515/16/5
f 2525/17/5 2515/17/5 2524/17/5
f 2526/17/5 2517/17/5 2516/17/5
f 2526/16/5 2516/16/5 2525/16/5
f 2527/17/5 2517/17/5 2526/17/5
f 2528/17/5 2517/17/5 2527/17/5
f 2529/6/5 2519/6/5 2518/6/5
f 2530/6/5 2519/6/5 2529/6/5
f 2531/17/5 2527/17/5 2526/17/5
f 2531/17/5 2526/17/5 2525/17/5
f 2531/17/5 2524/17/5 2523/17/5
f 2531/17/5 2525/17/5 2524/17/5
f 2532/17/5 2527/17/5 2531/17/5
f 2535/20/5 2532/20/5 2531/20/5
f 2536/20/5 2532/20/5 2535/20/5
f 2539/6/5 2534/6/5 2533/6/5
f 2540/6/5 2534/6/5 2539/6/5
f 2541/13/5 2536/13/5 2535/13/5
f 2542/13/5 2536/13/5 2541/13/5
f 2543/6/5 2538/6/5 2537/6/5
f 2544/6/5 2538/6/5 2543/6/5
f 2551/17/5 2546/17/5 2545/17/5
f 2552/18/5 2547/18/5 2546/18/5
f 2552/17/5 2546/17/5 2551/17/5
f 2553/17/5 2548/17/5 2547/17/5
f 2553/18/5 2547/18/5 2552/18/5
f 2554/17/5 2548/17/5 2553/17/5
f 2555/16/5 2549/16/5 2548/16/5
f 2555/17/5 2548/17/5 2554/17/5
f 2556/17/5 2550/17/5 2549/17/5
f 2556/16/5 2549/16/5 2555/16/5
f 2557/17/5 2550/17/5 2556/17/5
f 2562/18/5 2559/18/5 2558/18/5
f 2563/18/5 2559/18/5 2562/18/5
f 2564/18/5 2561/18/5 2560/18/5
f 2565/18/5 2561/18/5 2564/18/5
f 2573/18/5 2567/18/5 2566/18/5
f 2574/18/5 2567/18/5 2573/18/5
f 2580/20/5 2569/20/5 2568/20/5
f 2581/20/5 2569/20/5 2580/20/5
f 2586/4/5 2571/4/5 2570/4/5
f 2587/4/5 2571/4/5 2586/4/5
f 2588/10/5 2572/10/5 2571/10/5
f 2588/4/5 2571/4/5 2587/4/5
f 2589/10/5 2572/10/5 2588/10/5
f 2590/10/5 2576/10/5 2575/10/5
f 2591/4/5 2577/4/5 2576/4/5
f 2591/10/5 2576/10/5 2590/10/5
f 2592/4/5 2577/4/5 2591/4/5
f 2593/4/5 2577/4/5 2592/4/5
f 2598/20/5 2579/20/5 2578/20/5
f 2599/20/5 2579/20/5 2598/20/5
f 2600/14/5 2581/14/5 2580/14/5
f 2601/14/5 2581/14/5 2600/14/5
f 2602/10/5 2589/10/5 2588/10/5
f 2602/10/5 2588/10/5 2587/10/5
f 2603/3/5 2599/3/5 2598/3/5
f 2604/3/5 2599/3/5 2603/3/5
f 2605/15/5 2601/15/5 2600/15/5
f 2606/15/5 2601/15/5 2605/15/5
f 2607/16/5 2583/16/5 2582/16/5
f 2608/10/5 2584/10/5 2583/10/5
f 2608/16/5 2583/16/5 2607/16/5
f 2609/10/5 2584/10/5 2608/10/5
f 2610/16/5 2586/16/5 2585/16/5
f 2611/4/5 2587/4/5 2586/4/5
f 2611/16/5 2586/16/5 2610/16/5
f 2612/10/5 2602/10/5 2587/10/5
f 2612/4/5 2587/4/5 2611/4/5
f 2613/10/5 2602/10/5 2612/10/5
f 2614/10/5 2591/10/5 2590/10/5
f 2614/10/5 2592/10/5 2591/10/5
f 2615/10/5 2592/10/5 2614/10/5
f 2616/4/5 2593/4/5 2592/4/5
f 2616/10/5 2592/10/5 2615/10/5
f 2617/16/5 2594/16/5 2593/16/5
f 2617/4/5 2593/4/5 2616/4/5
f 2618/16/5 2594/16/5 2617/16/5
f 2619/10/5 2596/10/5 2595/10/5
f 2620/16/5 2597/16/5 2596/16/5
f 2620/10/5 2596/10/5 2619/10/5
f 2621/16/5 2597/16/5 2620/16/5
f 2622/15/5 2604/15/5 2603/15/5
f 2623/15/5 2604/15/5 2622/15/5
f 2624/3/5 2606/3/5 2605/3/5
f 2625/3/5 2606/3/5 2624/3/5
f 2626/4/5 2613/4/5 2612/4/5
f 2626/4/5 2612/4/5 2611/4/5
f 2627/10/5 2602/10/5 2613/10/5
f 2627/4/5 2613/4/5 2626/4/5
f 2628/10/5 2602/10/5 2627/10/5
f 2629/18/5 2615/18/5 2614/18/5
f 2630/4/5 2616/4/5 2615/4/5
f 2630/18/5 2615/18/5 2629/18/5
f 2630/4/5 2617/4/5 2616/4/5
f 2631/4/5 2617/4/5 2630/4/5
f 2632/14/5 2623/14/5 2622/14/5
f 2633/14/5 2623/14/5 2632/14/5
f 2642/18/5 2635/18/5 2634/18/5
f 2643/18/5 2635/18/5 2642/18/5
f 2650/4/5 2637/4/5 2636/4/5
f 2651/16/5 2638/16/5 2637/16/5
f 2651/4/5 2637/4/5 2650/4/5
f 2652/16/5 2638/16/5 2651/16/5
f 2653/16/5 2638/16/5 2652/16/5
f 2654/4/5 2640/4/5 2639/4/5
f 2655/16/5 2641/16/5 2640/16/5
f 2655/4/5 2640/4/5 2654/4/5
f 2656/16/5 2641/16/5 2655/16/5
f 2657/16/5 2645/16/5 2644/16/5
f 2658/4/5 2646/4/5 2645/4/5
f 2658/16/5 2645/16/5 2657/16/5
f 2659/4/5 2646/4/5 2658/4/5
f 2660/16/5 2648/16/5 2647/16/5
f 2661/16/5 2648/16/5 2660/16/5
f 2662/4/5 2649/4/5 2648/4/5
f 2662/16/5 2648/16/5 2661/16/5
f 2663/4/5 2649/4/5 2662/4/5
f 2664/17/5 2651/17/5 2650/17/5
f 2665/17/5 2663/17/5 2662/17/5
f 2666/17/5 2651/17/5 2664/17/5
f 2667/16/5 2652/16/5 2651/16/5
f 2667/17/5 2651/17/5 2666/17/5
f 2668/16/5 2652/16/5 2667/16/5
f 2670/17/5 2655/17/5 2654/17/5
f 2671/17/5 2655/17/5 2670/17/5
f 2674/17/5 2659/17/5 2658/17/5
f 2675/17/5 2659/17/5 2674/17/5
f 2677/16/5 2662/16/5 2661/16/5
f 2678/17/5 2665/17/5 2662/17/5
f 2678/16/5 2662/16/5 2677/16/5
f 2679/17/5 2665/17/5 2678/17/5
f 2680/4/5 2667/4/5 2666/4/5
f 2681/16/5 2669/16/5 2668/16/5
f 2681/4/5 2667/4/5 2680/4/5
f 2681/16/5 2668/16/5 2667/16/5
f 2682/16/5 2669/16/5 2681/16/5
f 2683/4/5 2672/4/5 2671/4/5
f 2683/4/5 2671/4/5 2670/4/5
f 2684/4/5 2672/4/5 2683/4/5
f 2685/17/5 2674/17/5 2673/17/5
f 2686/4/5 2675/4/5 2674/4/5
f 2686/17/5 2674/17/5 2685/17/5
f 2687/4/5 2675/4/5 2686/4/5
f 2688/16/5 2677/16/5 2676/16/5
f 2688/16/5 2678/16/5 2677/16/5
f 2689/4/5 2679/4/5 2678/4/5
f 2689/16/5 2678/16/5 2688/16/5
f 2690/4/5 2679/4/5 2689/4/5
f 2694/18/5 2692/18/5 2691/18/5
f 2695/11/5 2693/11/5 2692/11/5
f 2695/18/5 2692/18/5 2694/18/5
f 2696/11/5 2693/11/5 2695/11/5
f 2702/16/5 2698/16/5 2697/16/5
f 2703/17/5 2699/17/5 2698/17/5
f 2703/16/5 2698/16/5 2702/16/5
f 2704/16/5 2700/16/5 2699/16/5
f 2704/17/5 2699/17/5 2703/17/5
f 2705/17/5 2701/17/5 2700/17/5
f 2705/16/5 2700/16/5 2704/16/5
f 2706/17/5 2701/17/5 2705/17/5
f 2712/16/5 2708/16/5 2707/16/5
f 2713/16/5 2708/16/5 2712/16/5
f 2714/16/5 2710/16/5 2709/16/5
f 2715/16/5 2710/16/5 2714/16/5
f 2717/16/5 2712/16/5 2711/16/5
f 2718/16/5 2712/16/5 2717/16/5
f 2719/16/5 2716/16/5 2715/16/5
f 2720/16/5 2716/16/5 2719/16/5
f 2725/16/5 2722/16/5 2721/16/5
f 2726/16/5 2722/16/5 2725/16/5
f 2727/16/5 2724/16/5 2723/16/5
f 2728/16/5 2724/16/5 2727/16/5
f 2734/10/5 2730/10/5 2729/10/5
f 2735/4/5 2731/4/5 2730/4/5
f 2735/10/5 2730/10/5 2734/10/5
f 2736/10/5 2732/10/5 2731/10/5
f 2736/4/5 2731/4/5 2735/4/5
f 2737/10/5 2732/10/5 2736/10/5
f 2739/16/5 2735/16/5 2734/16/5
f 2739/16/5 2738/16/5 2737/16/5
f 2739/16/5 2737/16/5 2736/16/5
f 2739/16/5 2736/16/5 2735/16/5
f 2739/16/5 2734/16/5 2733/16/5
f 2740/16/5 2738/16/5 2739/16/5
f 2741/16/5 2738/16/5 2740/16/5
f 2742/16/5 2738/16/5 2741/16/5
f 2743/16/5 2739/16/5 2733/16/5
f 2744/16/5 2739/16/5 2743/16/5
f 2745/16/5 2739/16/5 2744/16/5
f 2746/16/5 2738/16/5 2742/16/5
f 2747/16/5 2738/16/5 2746/16/5
f 2748/16/5 2738/16/5 2747/16/5
f 2749/17/5 2744/17/5 2743/17/5
f 2750/17/5 2744/17/5 2749/17/5
f 2751/17/5 2748/17/5 2747/17/5
f 2752/17/5 2748/17/5 2751/17/5
f 2757/16/5 2754/16/5 2753/16/5
f 2758/16/5 2754/16/5 2757/16/5
f 2762/16/5 2756/16/5 2755/16/5
f 2763/4/5 2758/4/5 2757/4/5
f 2763/4/5 2759/4/5 2758/4/5
f 2763/4/5 2760/4/5 2759/4/5
f 2764/4/5 2760/4/5 2763/4/5
f 2765/16/5 2761/16/5 2760/16/5
f 2765/4/5 2760/4/5 2764/4/5
f 2765/16/5 2762/16/5 2761/16/5
f 2766/16/5 2756/16/5 2762/16/5
f 2766/16/5 2762/16/5 2765/16/5
f 2767/16/5 2756/16/5 2766/16/5
f 2768/10/5 2765/10/5 2764/10/5
f 2768/10/5 2766/10/5 2765/10/5
f 2769/10/5 2766/10/5 2768/10/5
f 2776/10/5 2771/10/5 2770/10/5
f 2777/16/5 2772/16/5 2771/16/5
f 2777/10/5 2771/10/5 2776/10/5
f 2778/10/5 2775/10/5 2774/10/5
f 2778/16/5 2774/16/5 2773/16/5
f 2779/10/5 2775/10/5 2778/10/5
f 2780/16/5 2772/16/5 2777/16/5
f 2780/16/5 2777/16/5 2776/16/5
f 2781/16/5 2779/16/5 2778/16/5
f 2781/16/5 2778/16/5 2773/16/5
f 2783/16/5 2780/16/5 2776/16/5
f 2784/16/5 2780/16/5 2783/16/5
f 2785/16/5 2779/16/5 2781/16/5
f 2786/16/5 2779/16/5 2785/16/5
f 2788/16/5 2784/16/5 2783/16/5
f 2789/16/5 2788/16/5 2783/16/5
f 2790/10/5 2783/10/5 2782/10/5
f 2791/16/5 2789/16/5 2783/16/5
f 2791/10/5 2783/10/5 2790/10/5
f 2792/16/5 2786/16/5 2785/16/5
f 2792/10/5 2787/10/5 2786/10/5
f 2793/10/5 2787/10/5 2792/10/5
f 2794/16/5 2789/16/5 2791/16/5
f 2795/16/5 2794/16/5 2791/16/5
f 2796/16/5 2794/16/5 2795/16/5
f 2797/16/5 2794/16/5 2796/16/5
f 2800/16/5 2792/16/5 2785/16/5
f 2801/16/5 2792/16/5 2800/16/5
f 2802/16/5 2792/16/5 2801/16/5
f 2803/10/5 2798/10/5 2797/10/5
f 2803/10/5 2797/10/5 2796/10/5
f 2804/10/5 2798/10/5 2803/10/5
f 2805/10/5 2801/10/5 2800/10/5
f 2805/10/5 2800/10/5 2799/10/5
f 2806/10/5 2801/10/5 2805/10/5
f 2811/17/5 2808/17/5 2807/17/5
f 2812/17/5 2808/17/5 2811/17/5
f 2813/10/5 2810/10/5 2809/10/5
f 2814/10/5 2810/10/5 2813/10/5
f 2819/10/5 2816/10/5 2815/10/5
f 2820/10/5 2816/10/5 2819/10/5
f 2821/10/5 2818/10/5 2817/10/5
f 2822/10/5 2818/10/5 2821/10/5
f 2823/4/5 2820/4/5 2819/4/5
f 2824/4/5 2820/4/5 2823/4/5
f 2825/4/5 2822/4/5 2821/4/5
f 2826/4/5 2822/4/5 2825/4/5
f 2831/17/5 2828/17/5 2827/17/5
f 2832/17/5 2828/17/5 2831/17/5
f 2833/17/5 2830/17/5 2829/17/5
f 2834/17/5 2830/17/5 2833/17/5
f 2835/10/5 2832/10/5 2831/10/5
f 2836/10/5 2832/10/5 2835/10/5
f 2837/10/5 2834/10/5 2833/10/5
f 2838/10/5 2834/10/5 2837/10/5
f 2848/10/5 2840/10/5 2839/10/5
f 2849/16/5 2841/16/5 2840/16/5
f 2849/10/5 2840/10/5 2848/10/5
f 2849/16/5 2842/16/5 2841/16/5
f 2849/16/5 2843/16/5 2842/16/5
f 2850/17/5 2844/17/5 2843/17/5
f 2850/16/5 2843/16/5 2849/16/5
f 2851/16/5 2845/16/5 2844/16/5
f 2851/17/5 2844/17/5 2850/17/5
f 2852/17/5 2846/17/5 2845/17/5
f 2852/16/5 2845/16/5 2851/16/5
f 2853/10/5 2847/10/5 2846/10/5
f 2853/17/5 2846/17/5 2852/17/5
f 2854/10/5 2847/10/5 2853/10/5
f 2859/4/5 2856/4/5 2855/4/5
f 2860/4/5 2856/4/5 2859/4/5
f 2861/4/5 2858/4/5 2857/4/5
f 2862/4/5 2858/4/5 2861/4/5
f 2867/10/5 2864/10/5 2863/10/5
f 2868/10/5 2864/10/5 2867/10/5
f 2869/17/5 2866/17/5 2865/17/5
f 2870/17/5 2866/17/5 2869/17/5
f 2871/17/5 2868/17/5 2867/17/5
f 2872/10/5 2870/10/5 2869/10/5
f 2873/10/5 2870/10/5 2872/10/5
f 2874/17/5 2871/17/5 2867/17/5
f 2875/17/5 2871/17/5 2874/17/5
f 2876/17/5 2873/17/5 2872/17/5
f 2877/17/5 2873/17/5 2876/17/5
f 2880/8/5 2879/8/5 2878/8/5
f 2881/8/5 2879/8/5 2880/8/5
f 2886/8/5 2883/8/5 2882/8/5
f 2887/8/5 2883/8/5 2886/8/5
f 2888/8/5 2885/8/5 2884/8/5
f 2889/8/5 2885/8/5 2888/8/5
f 2892/2/5 2891/2/5 2890/2/5
f 2893/2/5 2891/2/5 2892/2/5
f 2894/2/5 2891/2/5 2893/2/5
f 2898/8/5 2896/8/5 2895/8/5
f 2898/8/5 2897/8/5 2896/8/5
f 2899/8/5 2897/8/5 2898/8/5
f 2900/8/5 2897/8/5 2899/8/5
f 2903/8/5 2902/8/5 2901/8/5
f 2904/8/5 2902/8/5 2903/8/5
f 2905/3/6 2906/3/6 2909/3/6
f 2909/3/6 2906/3/6 2910/3/6
f 2907/3/6 2908/3/6 2911/3/6
f 2911/3/6 2908/3/6 2912/3/6
f 2913/17/6 2914/17/6 2917/17/6
f 2917/17/6 2914/17/6 2918/17/6
f 2915/17/6 2916/17/6 2919/17/6
f 2919/17/6 2916/17/6 2920/17/6
f 2921/4/6 2922/4/6 2928/4/6
f 2922/17/6 2923/17/6 2929/17/6
f 2928/4/6 2922/4/6 2929/4/6
f 2929/17/6 2923/17/6 2930/17/6
f 2924/4/6 2925/4/6 2933/4/6
f 2925/17/6 2926/17/6 2934/17/6
f 2933/4/6 2925/4/6 2934/4/6
f 2934/17/6 2926/17/6 2935/17/6
f 2927/17/6 2928/17/6 2937/17/6
f 2930/17/6 2931/17/6 2937/17/6
f 2928/17/6 2929/17/6 2937/17/6
f 2929/17/6 2930/17/6 2937/17/6
f 2937/17/6 2931/17/6 2938/17/6
f 2938/17/6 2931/17/6 2939/17/6
f 2939/17/6 2931/17/6 2940/17/6
f 2940/17/6 2931/17/6 2941/17/6
f 2932/17/6 2933/17/6 2942/17/6
f 2935/17/6 2936/17/6 2942/17/6
f 2934/17/6 2935/17/6 2942/17/6
f 2933/17/6 2934/17/6 2942/17/6
f 2942/17/6 2936/17/6 2943/17/6
f 2943/17/6 2936/17/6 2944/17/6
f 2944/17/6 2936/17/6 2945/17/6
f 2945/17/6 2936/17/6 2946/17/6
f 2937/4/6 2938/4/6 2947/4/6
f 2947/4/6 2938/4/6 2948/4/6
f 2945/4/6 2946/4/6 2949/4/6
f 2949/4/6 2946/4/6 2950/4/6
f 2951/17/6 2952/17/6 2955/17/6
f 2955/17/6 2952/17/6 2956/17/6
f 2953/4/6 2954/4/6 2957/4/6
f 2957/4/6 2954/4/6 2958/4/6
f 2959/4/6 2960/4/6 2963/4/6
f 2963/4/6 2960/4/6 2964/4/6
f 2961/4/6 2962/4/6 2965/4/6
f 2965/4/6 2962/4/6 2966/4/6
f 2967/4/6 2968/4/6 2975/4/6
f 2975/4/6 2968/4/6 2976/4/6
f 2969/4/6 2970/4/6 2977/4/6
f 2977/4/6 2970/4/6 2978/4/6
f 2971/17/6 2972/17/6 2979/17/6
f 2979/17/6 2972/17/6 2980/17/6
f 2973/4/6 2974/4/6 2981/4/6
f 2981/4/6 2974/4/6 2982/4/6
f 2983/20/6 2984/20/6 2987/20/6
f 2987/20/6 2984/20/6 2988/20/6
f 2985/20/6 2986/20/6 2989/20/6
f 2989/20/6 2986/20/6 2990/20/6
f 2991/11/6 2992/11/6 2993/11/6
f 2993/11/6 2992/11/6 2994/11/6
f 2995/17/6 2996/17/6 3009/17/6
f 2996/4/6 2997/4/6 3009/4/6
f 2997/16/6 2998/16/6 3010/16/6
f 3009/4/6 2997/4/6 3010/4/6
f 2998/15/6 2999/15/6 3011/15/6
f 3010/16/6 2998/16/6 3011/16/6
f 3011/15/6 2999/15/6 3012/15/6
f 3000/4/6 3001/4/6 3013/4/6
f 3013/4/6 3001/4/6 3014/4/6
f 3002/4/6 3003/4/6 3015/4/6
f 3015/4/6 3003/4/6 3016/4/6
f 3004/15/6 3005/15/6 3017/15/6
f 3005/16/6 3006/16/6 3018/16/6
f 3017/15/6 3005/15/6 3018/15/6
f 3006/4/6 3007/4/6 3019/4/6
f 3018/16/6 3006/16/6 3019/16/6
f 3007/17/6 3008/17/6 3020/17/6
f 3019/4/6 3007/4/6 3020/4/6
f 3012/17/6 3013/17/6 3021/17/6
f 3016/17/6 3017/17/6 3022/17/6
f 2995/17/6 3009/17/6 3023/17/6
f 3021/17/6 3013/17/6 3026/17/6
f 3026/17/6 3013/17/6 3027/17/6
f 3016/17/6 3022/17/6 3030/17/6
f 3030/17/6 3022/17/6 3031/17/6
f 3020/17/6 3008/17/6 3034/17/6
f 2995/17/6 3023/17/6 3035/17/6
f 3023/4/6 3024/4/6 3036/4/6
f 3035/17/6 3023/17/6 3036/17/6
f 3024/16/6 3025/16/6 3037/16/6
f 3036/4/6 3024/4/6 3037/4/6
f 3025/16/6 3026/16/6 3037/16/6
f 3037/16/6 3026/16/6 3038/16/6
f 3027/4/6 3028/4/6 3039/4/6
f 3039/4/6 3028/4/6 3040/4/6
f 3029/4/6 3030/4/6 3041/4/6
f 3041/4/6 3030/4/6 3042/4/6
f 3032/16/6 3033/16/6 3043/16/6
f 3031/16/6 3032/16/6 3043/16/6
f 3033/4/6 3034/4/6 3044/4/6
f 3043/16/6 3033/16/6 3044/16/6
f 3034/17/6 3008/17/6 3045/17/6
f 3044/4/6 3034/4/6 3045/4/6
f 3045/17/6 3008/17/6 3046/17/6
f 3047/18/6 3048/18/6 3056/18/6
f 3048/11/6 3049/11/6 3057/11/6
f 3056/18/6 3048/18/6 3057/18/6
f 3057/11/6 3049/11/6 3058/11/6
f 3050/18/6 3051/18/6 3059/18/6
f 3051/11/6 3052/11/6 3059/11/6
f 3059/11/6 3052/11/6 3060/11/6
f 3053/10/6 3054/10/6 3069/10/6
f 3054/16/6 3055/16/6 3070/16/6
f 3069/10/6 3054/10/6 3070/10/6
f 3070/16/6 3055/16/6 3071/16/6
f 3055/18/6 3056/18/6 3072/18/6
f 3071/16/6 3055/16/6 3072/16/6
f 3057/18/6 3058/18/6 3072/18/6
f 3056/18/6 3057/18/6 3072/18/6
f 3072/18/6 3058/18/6 3073/18/6
f 3073/18/6 3058/18/6 3074/18/6
f 3074/18/6 3058/18/6 3075/18/6
f 3050/18/6 3059/18/6 3076/18/6
f 3059/18/6 3060/18/6 3076/18/6
f 3060/18/6 3061/18/6 3076/18/6
f 3076/18/6 3061/18/6 3077/18/6
f 3077/18/6 3061/18/6 3078/18/6
f 3061/16/6 3062/16/6 3079/16/6
f 3078/18/6 3061/18/6 3079/18/6
f 3079/16/6 3062/16/6 3080/16/6
f 3062/10/6 3063/10/6 3081/10/6
f 3080/16/6 3062/16/6 3081/16/6
f 3081/10/6 3063/10/6 3082/10/6
f 3064/4/6 3065/4/6 3088/4/6
f 3065/15/6 3066/15/6 3088/15/6
f 3066/10/6 3067/10/6 3089/10/6
f 3088/15/6 3066/15/6 3089/15/6
f 3089/10/6 3067/10/6 3090/10/6
f 3070/17/6 3071/17/6 3091/17/6
f 3069/16/6 3070/16/6 3091/16/6
f 3072/16/6 3073/16/6 3092/16/6
f 3091/17/6 3071/17/6 3092/17/6
f 3071/16/6 3072/16/6 3092/16/6
f 3092/16/6 3073/16/6 3093/16/6
f 3093/16/6 3073/16/6 3094/16/6
f 3073/18/6 3074/18/6 3095/18/6
f 3094/16/6 3073/16/6 3095/16/6
f 3095/18/6 3074/18/6 3096/18/6
f 3077/18/6 3078/18/6 3097/18/6
f 3078/16/6 3079/16/6 3098/16/6
f 3097/18/6 3078/18/6 3098/18/6
f 3098/16/6 3079/16/6 3099/16/6
f 3079/17/6 3080/17/6 3100/17/6
f 3099/16/6 3079/16/6 3100/16/6
f 3081/16/6 3082/16/6 3101/16/6
f 3100/17/6 3080/17/6 3101/17/6
f 3080/16/6 3081/16/6 3101/16/6
f 3084/10/6 3085/10/6 3102/10/6
f 3085/15/6 3086/15/6 3103/15/6
f 3102/10/6 3085/10/6 3103/10/6
f 3086/4/6 3087/4/6 3104/4/6
f 3103/15/6 3086/15/6 3104/15/6
f 3064/4/6 3088/4/6 3105/4/6
f 3088/16/6 3089/16/6 3106/16/6
f 3105/4/6 3088/4/6 3106/4/6
f 3089/15/6 3090/15/6 3107/15/6
f 3106/16/6 3089/16/6 3107/16/6
f 3107/15/6 3090/15/6 3108/15/6
f 3068/10/6 3069/10/6 3109/10/6
f 3069/16/6 3091/16/6 3110/16/6
f 3109/10/6 3069/10/6 3110/10/6
f 3091/16/6 3092/16/6 3110/16/6
f 3092/16/6 3093/16/6 3110/16/6
f 3110/16/6 3093/16/6 3111/16/6
f 3111/16/6 3093/16/6 3112/16/6
f 3093/17/6 3094/17/6 3113/17/6
f 3112/16/6 3093/16/6 3113/16/6
f 3094/18/6 3095/18/6 3114/18/6
f 3113/17/6 3094/17/6 3114/17/6
f 3114/18/6 3095/18/6 3115/18/6
f 3098/18/6 3099/18/6 3118/18/6
f 3099/16/6 3100/16/6 3119/16/6
f 3100/16/6 3101/16/6 3119/16/6
f 3118/18/6 3099/18/6 3119/18/6
f 3119/16/6 3101/16/6 3120/16/6
f 3101/16/6 3082/16/6 3121/16/6
f 3120/16/6 3101/16/6 3121/16/6
f 3121/16/6 3082/16/6 3122/16/6
f 3082/10/6 3083/10/6 3123/10/6
f 3122/16/6 3082/16/6 3123/16/6
f 3123/10/6 3083/10/6 3124/10/6
f 3102/15/6 3103/15/6 3125/15/6
f 3103/16/6 3104/16/6 3126/16/6
f 3125/15/6 3103/15/6 3126/15/6
f 3104/4/6 3087/4/6 3127/4/6
f 3126/16/6 3104/16/6 3127/16/6
f 3127/4/6 3087/4/6 3128/4/6
f 3110/10/6 3111/10/6 3129/10/6
f 3111/16/6 3112/16/6 3130/16/6
f 3129/10/6 3111/10/6 3130/10/6
f 3112/17/6 3113/17/6 3131/17/6
f 3130/16/6 3112/16/6 3131/16/6
f 3115/18/6 3116/18/6 3132/18/6
f 3131/17/6 3113/17/6 3132/17/6
f 3114/18/6 3115/18/6 3132/18/6
f 3113/18/6 3114/18/6 3132/18/6
f 3132/18/6 3116/18/6 3133/18/6
f 3117/11/6 3118/11/6 3134/11/6
f 3118/18/6 3119/18/6 3135/18/6
f 3134/11/6 3118/11/6 3135/11/6
f 3119/18/6 3120/18/6 3135/18/6
f 3120/16/6 3121/16/6 3136/16/6
f 3135/18/6 3120/18/6 3136/18/6
f 3121/17/6 3122/17/6 3137/17/6
f 3136/16/6 3121/16/6 3137/16/6
f 3122/10/6 3123/10/6 3138/10/6
f 3137/17/6 3122/17/6 3138/17/6
f 3138/10/6 3123/10/6 3139/10/6
f 3140/17/6 3141/17/6 3144/17/6
f 3144/17/6 3141/17/6 3145/17/6
f 3142/4/6 3143/4/6 3146/4/6
f 3144/4/6 3145/4/6 3147/4/6
f 3147/4/6 3145/4/6 3148/4/6
f 3146/4/6 3143/4/6 3149/4/6
f 3147/17/6 3148/17/6 3150/17/6
f 3150/17/6 3148/17/6 3151/17/6
f 3149/4/6 3143/4/6 3152/4/6
f 3152/4/6 3143/4/6 3153/4/6
f 3154/9/6 3155/9/6 3158/9/6
f 3158/9/6 3155/9/6 3159/9/6
f 3156/9/6 3157/9/6 3160/9/6
f 3160/9/6 3157/9/6 3161/9/6
f 3162/8/6 3163/8/6 3166/8/6
f 3166/8/6 3163/8/6 3167/8/6
f 3164/17/6 3165/17/6 3168/17/6
f 3168/17/6 3165/17/6 3169/17/6
f 3170/6/6 3171/6/6 3172/6/6
f 3172/6/6 3171/6/6 3173/6/6
f 3174/6/6 3175/6/6 3178/6/6
f 3178/6/6 3175/6/6 3179/6/6
f 3176/17/6 3177/17/6 3180/17/6
f 3180/17/6 3177/17/6 3181/17/6
f 3182/8/6 3183/8/6 3186/8/6
f 3186/8/6 3183/8/6 3187/8/6
f 3184/10/6 3185/10/6 3191/10/6
f 3191/10/6 3185/10/6 3192/10/6
f 3188/2/6 3189/2/6 3193/2/6
f 3189/5/6 3190/5/6 3194/5/6
f 3193/2/6 3189/2/6 3194/2/6
f 3194/5/6 3190/5/6 3195/5/6
f 3196/5/6 3197/5/6 3200/5/6
f 3200/5/6 3197/5/6 3201/5/6
f 3201/5/6 3197/5/6 3202/5/6
f 3198/2/6 3199/2/6 3203/2/6
f 3203/2/6 3199/2/6 3204/2/6
f 3205/8/6 3206/8/6 3209/8/6
f 3209/8/6 3206/8/6 3210/8/6
f 3207/10/6 3208/10/6 3211/10/6
f 3211/10/6 3208/10/6 3212/10/6
f 3213/10/6 3214/10/6 3221/10/6
f 3214/8/6 3215/8/6 3222/8/6
f 3221/10/6 3214/10/6 3222/10/6
f 3215/10/6 3216/10/6 3223/10/6
f 3222/8/6 3215/8/6 3223/8/6
f 3216/8/6 3217/8/6 3224/8/6
f 3223/10/6 3216/10/6 3224/10/6
f 3217/10/6 3218/10/6 3225/10/6
f 3224/8/6 3217/8/6 3225/8/6
f 3225/10/6 3218/10/6 3226/10/6
f 3219/8/6 3220/8/6 3230/8/6
f 3230/8/6 3220/8/6 3231/8/6
f 3227/16/6 3228/16/6 3234/16/6
f 3228/4/6 3229/4/6 3235/4/6
f 3234/16/6 3228/16/6 3235/16/6
f 3235/4/6 3229/4/6 3236/4/6
f 3219/8/6 3230/8/6 3238/8/6
f 3232/1/6 3233/1/6 3240/1/6
f 3233/2/6 3234/2/6 3241/2/6
f 3240/1/6 3233/1/6 3241/1/6
f 3234/16/6 3235/16/6 3242/16/6
f 3241/2/6 3234/2/6 3242/2/6
f 3235/7/6 3236/7/6 3243/7/6
f 3242/16/6 3235/16/6 3243/16/6
f 3243/7/6 3236/7/6 3244/7/6
f 3237/8/6 3238/8/6 3246/8/6
f 3238/8/6 3230/8/6 3246/8/6
f 3246/8/6 3230/8/6 3247/8/6
f 3239/2/6 3240/2/6 3248/2/6
f 3248/2/6 3240/2/6 3249/2/6
f 3242/2/6 3243/2/6 3250/2/6
f 3243/1/6 3244/1/6 3251/1/6
f 3250/2/6 3243/2/6 3251/2/6
f 3244/7/6 3245/7/6 3252/7/6
f 3251/1/6 3244/1/6 3252/1/6
f 3248/2/6 3249/2/6 3253/2/6
f 3253/2/6 3249/2/6 3254/2/6
f 3251/7/6 3252/7/6 3257/7/6
f 3252/7/6 3245/7/6 3258/7/6
f 3257/7/6 3252/7/6 3258/7/6
f 3258/7/6 3245/7/6 3259/7/6
f 3237/8/6 3246/8/6 3260/8/6
f 3260/8/6 3246/8/6 3261/8/6
f 3255/2/6 3256/2/6 3264/2/6
f 3264/2/6 3256/2/6 3265/2/6
f 3260/6/6 3261/6/6 3266/6/6
f 3266/6/6 3261/6/6 3267/6/6
f 3262/2/6 3263/2/6 3268/2/6
f 3268/2/6 3263/2/6 3269/2/6
f 3258/10/6 3259/10/6 3270/10/6
f 3266/8/6 3267/8/6 3271/8/6
f 3271/8/6 3267/8/6 3272/8/6
f 3270/10/6 3259/10/6 3275/10/6
f 3275/10/6 3259/10/6 3276/10/6
f 3272/8/6 3273/8/6 3277/8/6
f 3277/8/6 3273/8/6 3278/8/6
f 3274/10/6 3275/10/6 3281/10/6
f 3281/10/6 3275/10/6 3282/10/6
f 3279/4/6 3280/4/6 3285/4/6
f 3280/4/6 3281/4/6 3285/4/6
f 3285/4/6 3281/4/6 3286/4/6
f 3286/4/6 3281/4/6 3287/4/6
f 3283/8/6 3284/8/6 3288/8/6
f 3288/8/6 3284/8/6 3289/8/6
f 3290/8/6 3291/8/6 3296/8/6
f 3291/6/6 3292/6/6 3297/6/6
f 3296/8/6 3291/8/6 3297/8/6
f 3292/8/6 3293/8/6 3298/8/6
f 3297/6/6 3292/6/6 3298/6/6
f 3298/8/6 3293/8/6 3299/8/6
f 3293/6/6 3294/6/6 3300/6/6
f 3299/8/6 3293/8/6 3300/8/6
f 3294/10/6 3295/10/6 3301/10/6
f 3300/6/6 3294/6/6 3301/6/6
f 3301/10/6 3295/10/6 3302/10/6
f 3302/10/6 3295/10/6 3303/10/6
f 3301/2/6 3302/2/6 3304/2/6
f 3304/2/6 3302/2/6 3305/2/6
f 3306/8/6 3307/8/6 3312/8/6
f 3308/1/6 3309/1/6 3314/1/6
f 3309/2/6 3310/2/6 3315/2/6
f 3314/1/6 3309/1/6 3315/1/6
f 3310/1/6 3311/1/6 3316/1/6
f 3315/2/6 3310/2/6 3316/2/6
f 3316/1/6 3311/1/6 3317/1/6
f 3306/8/6 3312/8/6 3319/8/6
f 3313/2/6 3314/2/6 3320/2/6
f 3314/2/6 3315/2/6 3320/2/6
f 3320/2/6 3315/2/6 3321/2/6
f 3321/2/6 3315/2/6 3322/2/6
f 3321/1/6 3322/1/6 3324/1/6
f 3322/7/6 3323/7/6 3325/7/6
f 3324/1/6 3322/1/6 3325/1/6
f 3325/7/6 3323/7/6 3326/7/6
f 3317/7/6 3318/7/6 3327/7/6
f 3327/7/6 3318/7/6 3328/7/6
f 3306/8/6 3319/8/6 3329/8/6
f 3329/8/6 3319/8/6 3330/8/6
f 3326/7/6 3327/7/6 3331/7/6
f 3327/4/6 3328/4/6 3332/4/6
f 3331/7/6 3327/7/6 3332/7/6
f 3332/4/6 3328/4/6 3333/4/6
f 3334/6/6 3335/6/6 3337/6/6
f 3335/8/6 3336/8/6 3338/8/6
f 3337/6/6 3335/6/6 3338/6/6
f 3338/8/6 3336/8/6 3339/8/6
f 3339/8/6 3340/8/6 3344/8/6
f 3340/6/6 3341/6/6 3345/6/6
f 3344/8/6 3340/8/6 3345/8/6
f 3341/8/6 3342/8/6 3346/8/6
f 3345/6/6 3341/6/6 3346/6/6
f 3342/6/6 3343/6/6 3347/6/6
f 3346/8/6 3342/8/6 3347/8/6
f 3347/6/6 3343/6/6 3348/6/6
f 3349/6/6 3350/6/6 3351/6/6
f 3351/6/6 3350/6/6 3352/6/6
f 3351/8/6 3352/8/6 3353/8/6
f 3351/8/6 3353/8/6 3354/8/6
f 3354/8/6 3353/8/6 3355/8/6
f 3354/6/6 3355/6/6 3356/6/6
f 3356/6/6 3355/6/6 3357/6/6
f 3356/8/6 3357/8/6 3358/8/6
f 3356/8/6 3358/8/6 3359/8/6
f 3356/8/6 3359/8/6 3365/8/6
f 3359/8/6 3360/8/6 3365/8/6
f 3365/8/6 3360/8/6 3366/8/6
f 3361/8/6 3362/8/6 3367/8/6
f 3367/8/6 3362/8/6 3368/8/6
f 3363/8/6 3364/8/6 3369/8/6
f 3369/8/6 3364/8/6 3370/8/6
f 3367/8/6 3368/8/6 3372/8/6
f 3370/8/6 3371/8/6 3372/8/6
f 3369/8/6 3370/8/6 3372/8/6
f 3368/8/6 3369/8/6 3372/8/6
f 3366/8/6 3367/8/6 3372/8/6
f 3372/8/6 3371/8/6 3373/8/6
f 3374/8/6 3375/8/6 3379/8/6
f 3375/6/6 3376/6/6 3379/6/6
f 3376/8/6 3377/8/6 3380/8/6
f 3379/6/6 3376/6/6 3380/6/6
f 3377/6/6 3378/6/6 3381/6/6
f 3380/8/6 3377/8/6 3381/8/6
f 3381/6/6 3378/6/6 3382/6/6
f 3379/8/6 3380/8/6 3383/8/6
f 3374/8/6 3379/8/6 3383/8/6
f 3381/8/6 3382/8/6 3383/8/6
f 3380/8/6 3381/8/6 3383/8/6
f 3383/8/6 3382/8/6 3384/8/6
f 3384/8/6 3382/8/6 3385/8/6
f 3385/8/6 3382/8/6 3386/8/6
f 3383/6/6 3384/6/6 3387/6/6
f 3384/8/6 3385/8/6 3388/8/6
f 3387/6/6 3384/6/6 3388/6/6
f 3385/6/6 3386/6/6 3389/6/6
f 3388/8/6 3385/8/6 3389/8/6
f 3386/8/6 3382/8/6 3390/8/6
f 3389/6/6 3386/6/6 3390/6/6
f 3390/8/6 3382/8/6 3391/8/6
f 3390/8/6 3391/8/6 3393/8/6
f 3391/8/6 3392/8/6 3393/8/6
f 3389/8/6 3390/8/6 3393/8/6
f 3387/8/6 3388/8/6 3393/8/6
f 3388/8/6 3389/8/6 3393/8/6
f 3393/8/6 3392/8/6 3394/8/6
f 3394/8/6 3392/8/6 3395/8/6
f 3395/8/6 3392/8/6 3396/8/6
f 3393/6/6 3394/6/6 3397/6/6
f 3394/8/6 3395/8/6 3398/8/6
f 3397/6/6 3394/6/6 3398/6/6
f 3396/8/6 3392/8/6 3399/8/6
f 3399/8/6 3392/8/6 3400/8/6
f 3397/8/6 3398/8/6 3402/8/6
f 3398/8/6 3395/8/6 3403/8/6
f 3402/8/6 3398/8/6 3403/8/6
f 3395/6/6 3396/6/6 3404/6/6
f 3403/8/6 3395/8/6 3404/8/6
f 3404/6/6 3396/6/6 3405/6/6
f 3396/8/6 3399/8/6 3406/8/6
f 3405/6/6 3396/6/6 3406/6/6
f 3399/6/6 3400/6/6 3407/6/6
f 3406/8/6 3399/8/6 3407/8/6
f 3400/8/6 3401/8/6 3408/8/6
f 3407/6/6 3400/6/6 3408/6/6
f 3408/8/6 3401/8/6 3409/8/6
f 3409/8/6 3401/8/6 3410/8/6
f 3403/8/6 3404/8/6 3412/8/6
f 3412/8/6 3404/8/6 3413/8/6
f 3406/8/6 3407/8/6 3414/8/6
f 3408/8/6 3409/8/6 3414/8/6
f 3405/8/6 3406/8/6 3414/8/6
f 3407/8/6 3408/8/6 3414/8/6
f 3414/8/6 3409/8/6 3415/8/6
f 3410/8/6 3411/8/6 3416/8/6
f 3416/8/6 3411/8/6 3417/8/6
