# MagicaVoxel @ Ephtracy

# group
o 

# material
mtllib knight16.mtl
usemtl palette

# normals
vn -1 0 0
vn 1 0 0
vn 0 0 1
vn 0 0 -1
vn 0 -1 0
vn 0 1 0

# texcoords
vt 0.916016 0.5
vt 0.919922 0.5
vt 0.931641 0.5
vt 0.947266 0.5
vt 0.951172 0.5
vt 0.955078 0.5
vt 0.958984 0.5
vt 0.962891 0.5
vt 0.970703 0.5
vt 0.974609 0.5
vt 0.978516 0.5
vt 0.982422 0.5
vt 0.986328 0.5
vt 0.990234 0.5
vt 0.994141 0.5

# verts
v -1.6 0.4 -0.1
v -1.6 0.4 -0.3
v -1.6 0.5 0
v -1.6 0.5 -0.1
v -1.6 0.5 -0.3
v -1.6 0.5 -0.4
v -1.6 0.7 0
v -1.6 0.7 -0.4
v -1.5 0.7 -0.1
v -1.5 0.7 -0.3
v -1.5 0.8 -0.1
v -1.5 0.8 -0.3
v -1.3 0.4 -0.1
v -1.3 0.4 -0.3
v -1.3 0.5 -0.1
v -1.3 0.5 -0.3
v -1.1 0.5 0
v -1.1 0.5 -0.1
v -1.1 0.5 -0.3
v -1.1 0.5 -0.4
v -1.1 0.7 0
v -1.1 0.7 -0.1
v -1.1 0.7 -0.3
v -1.1 0.7 -0.4
v -1.1 0.8 -0.1
v -1.1 0.8 -0.3
v -1 0.4 -0.1
v -1 0.4 -0.3
v -1 0.5 -0.1
v -1 0.5 -0.3
v -1 0.7 0
v -1 0.7 -0.1
v -1 0.7 -0.3
v -1 0.7 -0.4
v -1 0.8 0
v -1 0.8 -0.1
v -1 0.8 -0.3
v -1 0.8 -0.4
v -1 0.9 -0.1
v -1 0.9 -0.3
v -0.9 0.4 0
v -0.9 0.4 -0.1
v -0.9 0.4 -0.3
v -0.9 0.4 -0.4
v -0.9 0.5 0
v -0.9 0.5 -0.1
v -0.9 0.5 -0.3
v -0.9 0.5 -0.4
v -0.9 0.8 0
v -0.9 0.8 -0.1
v -0.9 0.8 -0.3
v -0.9 0.8 -0.4
v -0.9 0.9 0
v -0.9 0.9 -0.1
v -0.9 0.9 -0.3
v -0.9 0.9 -0.4
v -0.9 1.1 0
v -0.9 1.1 -0.5
v -0.9 1.2 0.1
v -0.9 1.2 0
v -0.9 1.2 -0.2
v -0.9 1.2 -0.3
v -0.9 1.2 -0.5
v -0.9 1.2 -0.6
v -0.9 1.3 -0.1
v -0.9 1.3 -0.2
v -0.9 1.3 -0.3
v -0.9 1.3 -0.4
v -0.9 1.4 0
v -0.9 1.4 -0.1
v -0.9 1.4 -0.4
v -0.9 1.4 -0.5
v -0.9 1.7 0
v -0.9 1.7 -0.1
v -0.9 1.7 -0.4
v -0.9 1.7 -0.5
v -0.9 1.8 -0.1
v -0.9 1.8 -0.2
v -0.9 1.8 -0.3
v -0.9 1.8 -0.4
v -0.9 1.9 0.1
v -0.9 1.9 0
v -0.9 1.9 -0.2
v -0.9 1.9 -0.3
v -0.9 1.9 -0.5
v -0.9 1.9 -0.6
v -0.9 2 0
v -0.9 2 -0.5
v -0.8 1 0.3
v -0.8 1 -0.7
v -0.8 1.1 0.4
v -0.8 1.1 0.3
v -0.8 1.1 0.1
v -0.8 1.1 0
v -0.8 1.1 -0.5
v -0.8 1.1 -0.7
v -0.8 1.1 -0.8
v -0.8 1.2 0.4
v -0.8 1.2 0.3
v -0.8 1.2 0.2
v -0.8 1.2 0.1
v -0.8 1.2 0
v -0.8 1.2 -0.5
v -0.8 1.2 -0.6
v -0.8 1.2 -0.7
v -0.8 1.2 -0.8
v -0.8 1.8 0.4
v -0.8 1.8 0.3
v -0.8 1.8 0.2
v -0.8 1.8 0.1
v -0.8 1.8 -0.7
v -0.8 1.8 -0.8
v -0.8 1.9 0.2
v -0.8 1.9 0.1
v -0.8 1.9 0
v -0.8 1.9 -0.5
v -0.8 1.9 -0.6
v -0.8 1.9 -0.7
v -0.8 2 0.4
v -0.8 2 0.3
v -0.8 2 0.2
v -0.8 2 0.1
v -0.8 2 0
v -0.8 2 -0.4
v -0.8 2 -0.5
v -0.8 2 -0.6
v -0.8 2 -0.7
v -0.8 2.1 0.1
v -0.8 2.1 0
v -0.8 2.1 -0.1
v -0.8 2.1 -0.4
v -0.8 2.1 -0.5
v -0.8 2.1 -0.6
v -0.8 2.2 -0.1
v -0.8 2.2 -0.5
v -0.7 -0.4 -0.7
v -0.7 -0.4 -0.8
v -0.7 -0.3 -0.7
v -0.7 -0.3 -0.8
v -0.7 -0.1 -0.7
v -0.7 -0.1 -0.8
v -0.7 0.2 -0.7
v -0.7 0.2 -0.8
v -0.7 0.8 0.2
v -0.7 0.8 0
v -0.7 0.8 -0.4
v -0.7 0.8 -0.6
v -0.7 0.9 0.2
v -0.7 0.9 0
v -0.7 0.9 -0.4
v -0.7 0.9 -0.6
v -0.7 1 0.4
v -0.7 1 0.3
v -0.7 1 -0.7
v -0.7 1 -0.8
v -0.7 1.1 0.4
v -0.7 1.1 0.3
v -0.7 1.1 -0.7
v -0.7 1.1 -0.8
v -0.7 1.8 -0.7
v -0.7 1.8 -0.8
v -0.7 1.9 -0.7
v -0.7 2 0.2
v -0.7 2 0.1
v -0.7 2 -0.7
v -0.7 2 -0.8
v -0.7 2.1 0.2
v -0.7 2.1 0.1
v -0.7 2.1 0
v -0.7 2.1 -0.1
v -0.7 2.1 -0.5
v -0.7 2.1 -0.6
v -0.7 2.2 0.1
v -0.7 2.2 0
v -0.7 2.2 -0.1
v -0.7 2.2 -0.5
v -0.7 2.2 -0.6
v -0.6 -0.8 0.2
v -0.6 -0.8 -0.4
v -0.6 -0.7 0.2
v -0.6 -0.7 -0.4
v -0.6 -0.6 0.2
v -0.6 -0.6 0
v -0.6 -0.5 0
v -0.6 -0.5 -0.4
v -0.6 -0.4 0
v -0.6 -0.4 -0.1
v -0.6 -0.4 -0.3
v -0.6 -0.4 -0.4
v -0.6 -0.3 -0.1
v -0.6 -0.3 -0.2
v -0.6 -0.1 -0.2
v -0.6 -0.1 -0.3
v -0.6 0 0
v -0.6 0 -0.1
v -0.6 0 -0.3
v -0.6 0 -0.4
v -0.6 0.1 0
v -0.6 0.1 -0.1
v -0.6 0.1 -0.3
v -0.6 0.1 -0.4
v -0.6 0.2 0
v -0.6 0.2 -0.1
v -0.6 0.2 -0.2
v -0.6 0.2 -0.3
v -0.6 0.2 -0.4
v -0.6 0.2 -0.7
v -0.6 0.2 -0.8
v -0.6 0.3 0
v -0.6 0.3 -0.1
v -0.6 0.3 -0.2
v -0.6 0.3 -0.7
v -0.6 0.3 -0.8
v -0.6 0.4 0
v -0.6 0.4 -0.1
v -0.6 0.4 -0.4
v -0.6 0.5 0.1
v -0.6 0.5 0
v -0.6 0.5 -0.6
v -0.6 0.5 -0.7
v -0.6 0.6 0.2
v -0.6 0.6 0.1
v -0.6 0.6 -0.5
v -0.6 0.6 -0.6
v -0.6 0.6 -0.7
v -0.6 0.7 -0.4
v -0.6 0.7 -0.5
v -0.6 0.7 -0.6
v -0.6 0.7 -0.7
v -0.6 0.8 0.4
v -0.6 0.8 0.3
v -0.6 0.8 0.2
v -0.6 0.8 0.1
v -0.6 0.8 0
v -0.6 0.8 -0.4
v -0.6 0.8 -0.6
v -0.6 0.8 -0.7
v -0.6 0.9 0.3
v -0.6 0.9 0.2
v -0.6 0.9 0
v -0.6 0.9 -0.4
v -0.6 0.9 -0.6
v -0.6 0.9 -0.7
v -0.6 1 0.4
v -0.6 1 0.3
v -0.6 1 0.2
v -0.6 1 -0.6
v -0.6 1 -0.8
v -0.6 1 -0.9
v -0.6 1.2 -0.9
v -0.6 1.2 -1
v -0.6 1.7 -0.8
v -0.6 1.7 -0.9
v -0.6 1.7 -1
v -0.6 1.8 -0.8
v -0.6 1.9 -0.8
v -0.6 1.9 -0.9
v -0.6 2 -0.6
v -0.6 2 -0.7
v -0.6 2 -0.8
v -0.6 2.1 -0.6
v -0.6 2.1 -0.7
v -0.6 2.1 -0.8
v -0.6 2.2 0
v -0.6 2.2 -0.5
v -0.6 2.2 -0.6
v -0.6 2.2 -0.7
v -0.6 2.3 0
v -0.6 2.3 -0.5
v -0.5 -0.4 0
v -0.5 -0.4 -0.1
v -0.5 -0.4 -0.3
v -0.5 -0.4 -0.4
v -0.5 -0.3 -0.1
v -0.5 -0.1 -0.3
v -0.5 0 0
v -0.5 0 -0.1
v -0.5 0 -0.3
v -0.5 0 -0.4
v -0.5 0.2 0
v -0.5 0.2 -0.1
v -0.5 0.3 0
v -0.5 0.3 -0.1
v -0.5 0.3 -0.6
v -0.5 0.3 -0.7
v -0.5 0.3 -0.8
v -0.5 0.4 0.1
v -0.5 0.4 0
v -0.5 0.4 -0.7
v -0.5 0.4 -0.8
v -0.5 0.5 0.2
v -0.5 0.5 0.1
v -0.5 0.5 0
v -0.5 0.5 -0.6
v -0.5 0.5 -0.7
v -0.5 0.6 0.2
v -0.5 0.6 0.1
v -0.5 0.6 -0.4
v -0.5 0.6 -0.5
v -0.5 0.7 -0.4
v -0.5 0.7 -0.5
v -0.5 1.1 -0.9
v -0.5 1.1 -1
v -0.5 1.2 -0.9
v -0.5 1.2 -1
v -0.5 1.7 -0.9
v -0.5 1.7 -1
v -0.5 1.9 -0.8
v -0.5 1.9 -0.9
v -0.5 1.9 -1
v -0.5 2 -0.8
v -0.5 2 -0.9
v -0.5 2.1 0.2
v -0.5 2.1 0.1
v -0.5 2.1 -0.7
v -0.5 2.1 -0.8
v -0.5 2.2 0.2
v -0.5 2.2 0.1
v -0.5 2.2 0
v -0.5 2.2 -0.5
v -0.5 2.2 -0.6
v -0.5 2.2 -0.7
v -0.5 2.2 -0.8
v -0.5 2.3 0.1
v -0.5 2.3 0
v -0.5 2.3 -0.5
v -0.5 2.3 -0.6
v -0.4 0.1 0.1
v -0.4 0.1 0
v -0.4 0.1 -0.6
v -0.4 0.1 -0.7
v -0.4 0.2 0.2
v -0.4 0.2 0.1
v -0.4 0.2 0
v -0.4 0.2 -0.7
v -0.4 0.3 -0.6
v -0.4 0.3 -0.7
v -0.4 0.4 0.2
v -0.4 0.4 0.1
v -0.4 0.4 0
v -0.4 0.4 -0.7
v -0.4 0.4 -0.8
v -0.4 0.5 0.2
v -0.4 0.5 0.1
v -0.4 0.5 -0.7
v -0.4 0.5 -0.8
v -0.4 1 -0.9
v -0.4 1 -1
v -0.4 1.1 -0.9
v -0.4 1.1 -1
v -0.4 1.9 -0.9
v -0.4 1.9 -1
v -0.4 2 -0.8
v -0.4 2 -0.9
v -0.4 2 -1
v -0.4 2.1 -0.8
v -0.4 2.1 -0.9
v -0.3 -0.1 -0.6
v -0.3 -0.1 -0.7
v -0.3 0 0.1
v -0.3 0 0
v -0.3 0 -0.7
v -0.3 0.1 0.2
v -0.3 0.1 0.1
v -0.3 0.1 0
v -0.3 0.1 -0.6
v -0.3 0.1 -0.7
v -0.3 0.2 0.2
v -0.3 0.2 0.1
v -0.3 0.5 -0.7
v -0.3 0.5 -0.8
v -0.3 0.6 -0.7
v -0.3 0.6 -0.8
v -0.3 2.2 -0.6
v -0.3 2.2 -0.7
v -0.3 2.3 -0.6
v -0.3 2.3 -0.7
v -0.2 0 0.2
v -0.2 0 0.1
v -0.2 0.1 0.2
v -0.2 0.1 0.1
v -0.2 1.8 0.4
v -0.2 1.8 0.3
v -0.2 1.8 0.2
v -0.2 2 0.4
v -0.2 2 0.3
v -0.2 2 0.2
v 0.2 -0.8 0.2
v 0.2 -0.8 -0.4
v 0.2 -0.7 0.2
v 0.2 -0.7 -0.4
v 0.2 -0.6 0.2
v 0.2 -0.6 0
v 0.2 -0.5 0
v 0.2 -0.5 -0.4
v 0.2 -0.4 0
v 0.2 -0.4 -0.1
v 0.2 -0.4 -0.3
v 0.2 -0.4 -0.4
v 0.2 -0.2 -0.1
v 0.2 -0.2 -0.2
v 0.2 -0.2 -0.3
v 0.2 -0.2 -0.4
v 0.2 -0.1 -0.2
v 0.2 -0.1 -0.3
v 0.2 0 -0.1
v 0.2 0 -0.2
v 0.2 0 -0.3
v 0.2 0 -0.4
v 0.2 0.8 0.4
v 0.2 0.8 0.2
v 0.2 1.4 0.4
v 0.2 1.4 0.2
v 0.3 -0.4 0
v 0.3 -0.4 -0.1
v 0.3 -0.4 -0.3
v 0.3 -0.4 -0.4
v 0.3 -0.3 -0.7
v 0.3 -0.3 -0.8
v 0.3 -0.2 -0.1
v 0.3 -0.2 -0.3
v 0.3 -0.2 -0.4
v 0.3 -0.2 -0.7
v 0.3 -0.2 -0.8
v 0.3 -0.1 0
v 0.3 -0.1 -0.1
v 0.3 0 0
v 0.3 0 -0.1
v 0.4 -0.4 -0.7
v 0.4 -0.4 -0.8
v 0.4 -0.3 -0.7
v 0.4 -0.3 -0.8
v 0.6 1.4 0.4
v 0.6 1.4 0.2
v 0.6 1.6 0.4
v 0.6 1.6 0.2
v 0.6 1.8 0.4
v 0.6 1.8 0.3
v 0.6 1.8 0.2
v 0.6 1.9 0.2
v 0.6 2 0.4
v 0.6 2 0.3
v 0.6 2 0.2
v 1.1 0.4 -0.1
v 1.1 0.4 -0.3
v 1.1 0.5 -0.1
v 1.1 0.5 -0.3
v 1.2 0.5 0
v 1.2 0.5 -0.1
v 1.2 0.5 -0.3
v 1.2 0.5 -0.4
v 1.2 0.7 0
v 1.2 0.7 -0.1
v 1.2 0.7 -0.3
v 1.2 0.7 -0.4
v 1.2 0.8 -0.1
v 1.2 0.8 -0.3
v 1.5 0.4 -0.1
v 1.5 0.4 -0.3
v 1.5 0.5 -0.1
v 1.5 0.5 -0.3
v -1.5 0.4 -0.1
v -1.5 0.4 -0.3
v -1.5 0.5 -0.1
v -1.5 0.5 -0.3
v -1.2 0.5 0
v -1.2 0.5 -0.1
v -1.2 0.5 -0.3
v -1.2 0.5 -0.4
v -1.2 0.7 0
v -1.2 0.7 -0.1
v -1.2 0.7 -0.3
v -1.2 0.7 -0.4
v -1.2 0.8 -0.1
v -1.2 0.8 -0.3
v -1.1 0.4 -0.1
v -1.1 0.4 -0.3
v -1.1 0.5 -0.1
v -1.1 0.5 -0.3
v -0.6 1.4 0.4
v -0.6 1.4 0.2
v -0.6 1.6 0.4
v -0.6 1.6 0.2
v -0.6 1.8 0.4
v -0.6 1.8 0.3
v -0.6 1.8 0.2
v -0.6 1.9 0.2
v -0.6 2 0.4
v -0.6 2 0.3
v -0.6 2 0.2
v -0.4 -0.4 -0.7
v -0.4 -0.4 -0.8
v -0.4 -0.3 -0.7
v -0.4 -0.3 -0.8
v -0.3 -0.4 0
v -0.3 -0.4 -0.1
v -0.3 -0.4 -0.3
v -0.3 -0.4 -0.4
v -0.3 -0.3 -0.7
v -0.3 -0.3 -0.8
v -0.3 -0.2 -0.1
v -0.3 -0.2 -0.3
v -0.3 -0.2 -0.4
v -0.3 -0.2 -0.7
v -0.3 -0.2 -0.8
v -0.3 -0.1 0
v -0.3 -0.1 -0.1
v -0.3 0 0
v -0.3 0 -0.1
v -0.2 -0.8 0.2
v -0.2 -0.8 -0.4
v -0.2 -0.7 0.2
v -0.2 -0.7 -0.4
v -0.2 -0.6 0.2
v -0.2 -0.6 0
v -0.2 -0.5 0
v -0.2 -0.5 -0.4
v -0.2 -0.4 0
v -0.2 -0.4 -0.1
v -0.2 -0.4 -0.3
v -0.2 -0.4 -0.4
v -0.2 -0.2 -0.1
v -0.2 -0.2 -0.2
v -0.2 -0.2 -0.3
v -0.2 -0.2 -0.4
v -0.2 -0.1 -0.2
v -0.2 -0.1 -0.3
v -0.2 0 -0.1
v -0.2 0 -0.2
v -0.2 0 -0.3
v -0.2 0 -0.4
v -0.2 0.8 0.4
v -0.2 0.8 0.2
v -0.2 1.4 0.4
v -0.2 1.4 0.2
v 0.2 0 0.2
v 0.2 0 0.1
v 0.2 0.1 0.2
v 0.2 0.1 0.1
v 0.2 1.8 0.4
v 0.2 1.8 0.3
v 0.2 1.8 0.2
v 0.2 2 0.4
v 0.2 2 0.3
v 0.2 2 0.2
v 0.3 -0.1 -0.6
v 0.3 -0.1 -0.7
v 0.3 0 0.1
v 0.3 0 0
v 0.3 0 -0.7
v 0.3 0.1 0.2
v 0.3 0.1 0.1
v 0.3 0.1 0
v 0.3 0.1 -0.6
v 0.3 0.1 -0.7
v 0.3 0.2 0.2
v 0.3 0.2 0.1
v 0.3 0.5 -0.7
v 0.3 0.5 -0.8
v 0.3 0.6 -0.7
v 0.3 0.6 -0.8
v 0.3 2.2 -0.6
v 0.3 2.2 -0.7
v 0.3 2.3 -0.6
v 0.3 2.3 -0.7
v 0.4 0.1 0.1
v 0.4 0.1 0
v 0.4 0.1 -0.6
v 0.4 0.1 -0.7
v 0.4 0.2 0.2
v 0.4 0.2 0.1
v 0.4 0.2 0
v 0.4 0.2 -0.7
v 0.4 0.3 -0.6
v 0.4 0.3 -0.7
v 0.4 0.4 0.2
v 0.4 0.4 0.1
v 0.4 0.4 0
v 0.4 0.4 -0.7
v 0.4 0.4 -0.8
v 0.4 0.5 0.2
v 0.4 0.5 0.1
v 0.4 0.5 -0.7
v 0.4 0.5 -0.8
v 0.4 1 -0.9
v 0.4 1 -1
v 0.4 1.1 -0.9
v 0.4 1.1 -1
v 0.4 1.9 -0.9
v 0.4 1.9 -1
v 0.4 2 -0.8
v 0.4 2 -0.9
v 0.4 2 -1
v 0.4 2.1 -0.8
v 0.4 2.1 -0.9
v 0.5 -0.4 0
v 0.5 -0.4 -0.1
v 0.5 -0.4 -0.3
v 0.5 -0.4 -0.4
v 0.5 -0.3 -0.1
v 0.5 -0.1 -0.3
v 0.5 0 0
v 0.5 0 -0.1
v 0.5 0 -0.3
v 0.5 0 -0.4
v 0.5 0.2 0
v 0.5 0.2 -0.1
v 0.5 0.3 0
v 0.5 0.3 -0.1
v 0.5 0.3 -0.6
v 0.5 0.3 -0.7
v 0.5 0.3 -0.8
v 0.5 0.4 0.1
v 0.5 0.4 0
v 0.5 0.4 -0.7
v 0.5 0.4 -0.8
v 0.5 0.5 0.2
v 0.5 0.5 0.1
v 0.5 0.5 0
v 0.5 0.5 -0.6
v 0.5 0.5 -0.7
v 0.5 0.6 0.2
v 0.5 0.6 0.1
v 0.5 0.6 -0.4
v 0.5 0.6 -0.5
v 0.5 0.7 -0.4
v 0.5 0.7 -0.5
v 0.5 1.1 -0.9
v 0.5 1.1 -1
v 0.5 1.2 -0.9
v 0.5 1.2 -1
v 0.5 1.7 -0.9
v 0.5 1.7 -1
v 0.5 1.9 -0.8
v 0.5 1.9 -0.9
v 0.5 1.9 -1
v 0.5 2 -0.8
v 0.5 2 -0.9
v 0.5 2.1 0.2
v 0.5 2.1 0.1
v 0.5 2.1 -0.7
v 0.5 2.1 -0.8
v 0.5 2.2 0.2
v 0.5 2.2 0.1
v 0.5 2.2 0
v 0.5 2.2 -0.5
v 0.5 2.2 -0.6
v 0.5 2.2 -0.7
v 0.5 2.2 -0.8
v 0.5 2.3 0.1
v 0.5 2.3 0
v 0.5 2.3 -0.5
v 0.5 2.3 -0.6
v 0.6 -0.8 0.2
v 0.6 -0.8 -0.4
v 0.6 -0.7 0.2
v 0.6 -0.7 -0.4
v 0.6 -0.6 0.2
v 0.6 -0.6 0
v 0.6 -0.5 0
v 0.6 -0.5 -0.4
v 0.6 -0.4 0
v 0.6 -0.4 -0.1
v 0.6 -0.4 -0.3
v 0.6 -0.4 -0.4
v 0.6 -0.3 -0.1
v 0.6 -0.3 -0.2
v 0.6 -0.1 -0.2
v 0.6 -0.1 -0.3
v 0.6 0 0
v 0.6 0 -0.1
v 0.6 0 -0.3
v 0.6 0 -0.4
v 0.6 0.1 0
v 0.6 0.1 -0.1
v 0.6 0.1 -0.3
v 0.6 0.1 -0.4
v 0.6 0.2 0
v 0.6 0.2 -0.1
v 0.6 0.2 -0.2
v 0.6 0.2 -0.3
v 0.6 0.2 -0.4
v 0.6 0.2 -0.7
v 0.6 0.2 -0.8
v 0.6 0.3 0
v 0.6 0.3 -0.1
v 0.6 0.3 -0.2
v 0.6 0.3 -0.7
v 0.6 0.3 -0.8
v 0.6 0.4 0
v 0.6 0.4 -0.1
v 0.6 0.4 -0.4
v 0.6 0.5 0.1
v 0.6 0.5 0
v 0.6 0.5 -0.6
v 0.6 0.5 -0.7
v 0.6 0.6 0.2
v 0.6 0.6 0.1
v 0.6 0.6 -0.5
v 0.6 0.6 -0.6
v 0.6 0.6 -0.7
v 0.6 0.7 -0.4
v 0.6 0.7 -0.5
v 0.6 0.7 -0.6
v 0.6 0.7 -0.7
v 0.6 0.8 0.4
v 0.6 0.8 0.3
v 0.6 0.8 0.2
v 0.6 0.8 0.1
v 0.6 0.8 0
v 0.6 0.8 -0.4
v 0.6 0.8 -0.6
v 0.6 0.8 -0.7
v 0.6 0.9 0.3
v 0.6 0.9 0.2
v 0.6 0.9 0
v 0.6 0.9 -0.4
v 0.6 0.9 -0.6
v 0.6 0.9 -0.7
v 0.6 1 0.4
v 0.6 1 0.3
v 0.6 1 0.2
v 0.6 1 -0.6
v 0.6 1 -0.8
v 0.6 1 -0.9
v 0.6 1.2 -0.9
v 0.6 1.2 -1
v 0.6 1.7 -0.8
v 0.6 1.7 -0.9
v 0.6 1.7 -1
v 0.6 1.8 -0.8
v 0.6 1.9 -0.8
v 0.6 1.9 -0.9
v 0.6 2 -0.6
v 0.6 2 -0.7
v 0.6 2 -0.8
v 0.6 2.1 -0.6
v 0.6 2.1 -0.7
v 0.6 2.1 -0.8
v 0.6 2.2 0
v 0.6 2.2 -0.5
v 0.6 2.2 -0.6
v 0.6 2.2 -0.7
v 0.6 2.3 0
v 0.6 2.3 -0.5
v 0.7 -0.4 -0.7
v 0.7 -0.4 -0.8
v 0.7 0 -0.7
v 0.7 0 -0.8
v 0.7 0.2 -0.7
v 0.7 0.2 -0.8
v 0.7 0.8 0.2
v 0.7 0.8 0
v 0.7 0.8 -0.4
v 0.7 0.8 -0.6
v 0.7 0.9 0.2
v 0.7 0.9 0
v 0.7 0.9 -0.4
v 0.7 0.9 -0.6
v 0.7 1 0.4
v 0.7 1 0.3
v 0.7 1 -0.7
v 0.7 1 -0.8
v 0.7 1.1 0.4
v 0.7 1.1 0.3
v 0.7 1.1 -0.7
v 0.7 1.1 -0.8
v 0.7 1.8 -0.7
v 0.7 1.8 -0.8
v 0.7 1.9 -0.7
v 0.7 2 0.2
v 0.7 2 0.1
v 0.7 2 -0.7
v 0.7 2 -0.8
v 0.7 2.1 0.2
v 0.7 2.1 0.1
v 0.7 2.1 0
v 0.7 2.1 -0.1
v 0.7 2.1 -0.5
v 0.7 2.1 -0.6
v 0.7 2.2 0.1
v 0.7 2.2 0
v 0.7 2.2 -0.1
v 0.7 2.2 -0.5
v 0.7 2.2 -0.6
v 0.8 1 0.3
v 0.8 1 -0.7
v 0.8 1.1 0.4
v 0.8 1.1 0.3
v 0.8 1.1 0.1
v 0.8 1.1 0
v 0.8 1.1 -0.5
v 0.8 1.1 -0.7
v 0.8 1.1 -0.8
v 0.8 1.2 0.4
v 0.8 1.2 0.3
v 0.8 1.2 0.2
v 0.8 1.2 0.1
v 0.8 1.2 0
v 0.8 1.2 -0.5
v 0.8 1.2 -0.6
v 0.8 1.2 -0.7
v 0.8 1.2 -0.8
v 0.8 1.8 0.4
v 0.8 1.8 0.3
v 0.8 1.8 0.2
v 0.8 1.8 0.1
v 0.8 1.8 -0.7
v 0.8 1.8 -0.8
v 0.8 1.9 0.2
v 0.8 1.9 0.1
v 0.8 1.9 0
v 0.8 1.9 -0.5
v 0.8 1.9 -0.6
v 0.8 1.9 -0.7
v 0.8 2 0.4
v 0.8 2 0.3
v 0.8 2 0.2
v 0.8 2 0.1
v 0.8 2 0
v 0.8 2 -0.4
v 0.8 2 -0.5
v 0.8 2 -0.6
v 0.8 2 -0.7
v 0.8 2.1 0.1
v 0.8 2.1 0
v 0.8 2.1 -0.1
v 0.8 2.1 -0.4
v 0.8 2.1 -0.5
v 0.8 2.1 -0.6
v 0.8 2.2 -0.1
v 0.8 2.2 -0.5
v 0.9 0.4 0
v 0.9 0.4 -0.1
v 0.9 0.4 -0.3
v 0.9 0.4 -0.4
v 0.9 0.5 0
v 0.9 0.5 -0.1
v 0.9 0.5 -0.3
v 0.9 0.5 -0.4
v 0.9 0.8 0
v 0.9 0.8 -0.1
v 0.9 0.8 -0.3
v 0.9 0.8 -0.4
v 0.9 0.9 0
v 0.9 0.9 -0.1
v 0.9 0.9 -0.3
v 0.9 0.9 -0.4
v 0.9 1.1 0
v 0.9 1.1 -0.5
v 0.9 1.2 0.1
v 0.9 1.2 0
v 0.9 1.2 -0.2
v 0.9 1.2 -0.3
v 0.9 1.2 -0.5
v 0.9 1.2 -0.6
v 0.9 1.3 -0.1
v 0.9 1.3 -0.2
v 0.9 1.3 -0.3
v 0.9 1.3 -0.4
v 0.9 1.4 0
v 0.9 1.4 -0.1
v 0.9 1.4 -0.4
v 0.9 1.4 -0.5
v 0.9 1.7 0
v 0.9 1.7 -0.1
v 0.9 1.7 -0.4
v 0.9 1.7 -0.5
v 0.9 1.8 -0.1
v 0.9 1.8 -0.2
v 0.9 1.8 -0.3
v 0.9 1.8 -0.4
v 0.9 1.9 0.1
v 0.9 1.9 0
v 0.9 1.9 -0.2
v 0.9 1.9 -0.3
v 0.9 1.9 -0.5
v 0.9 1.9 -0.6
v 0.9 2 0
v 0.9 2 -0.5
v 1 0.4 -0.1
v 1 0.4 -0.3
v 1 0.5 -0.1
v 1 0.5 -0.3
v 1 0.7 0
v 1 0.7 -0.1
v 1 0.7 -0.3
v 1 0.7 -0.4
v 1 0.8 0
v 1 0.8 -0.1
v 1 0.8 -0.3
v 1 0.8 -0.4
v 1 0.9 -0.1
v 1 0.9 -0.3
v 1.1 0.5 0
v 1.1 0.5 -0.1
v 1.1 0.5 -0.3
v 1.1 0.5 -0.4
v 1.1 0.7 0
v 1.1 0.7 -0.1
v 1.1 0.7 -0.3
v 1.1 0.7 -0.4
v 1.1 0.8 -0.1
v 1.1 0.8 -0.3
v 1.3 0.4 -0.1
v 1.3 0.4 -0.3
v 1.3 0.5 -0.1
v 1.3 0.5 -0.3
v 1.5 0.7 -0.1
v 1.5 0.7 -0.3
v 1.5 0.8 -0.1
v 1.5 0.8 -0.3
v 1.6 0.4 -0.1
v 1.6 0.4 -0.3
v 1.6 0.5 0
v 1.6 0.5 -0.1
v 1.6 0.5 -0.3
v 1.6 0.5 -0.4
v 1.6 0.7 0
v 1.6 0.7 -0.4
v -0.8 1.1 0.4
v -0.8 1.2 0.4
v -0.8 1.8 0.4
v -0.8 2 0.4
v -0.7 1 0.4
v -0.7 1.1 0.4
v -0.7 1.2 0.4
v -0.7 1.3 0.4
v -0.7 1.7 0.4
v -0.6 0.8 0.4
v -0.6 1 0.4
v -0.6 1.1 0.4
v -0.6 1.4 0.4
v -0.6 1.6 0.4
v -0.6 1.8 0.4
v -0.6 2 0.4
v -0.5 0.8 0.4
v -0.5 1 0.4
v -0.4 0.8 0.4
v -0.4 1.2 0.4
v -0.3 0.8 0.4
v -0.3 1.3 0.4
v -0.2 0.8 0.4
v -0.2 1.4 0.4
v -0.2 1.8 0.4
v -0.2 2 0.4
v 0.2 0.8 0.4
v 0.2 1.4 0.4
v 0.2 1.8 0.4
v 0.2 2 0.4
v 0.3 0.8 0.4
v 0.3 1.3 0.4
v 0.4 0.8 0.4
v 0.4 1.2 0.4
v 0.5 0.8 0.4
v 0.5 1 0.4
v 0.6 0.8 0.4
v 0.6 1 0.4
v 0.6 1.1 0.4
v 0.6 1.4 0.4
v 0.6 1.6 0.4
v 0.6 1.8 0.4
v 0.6 2 0.4
v 0.7 1 0.4
v 0.7 1.1 0.4
v 0.7 1.2 0.4
v 0.7 1.3 0.4
v 0.7 1.7 0.4
v 0.8 1.1 0.4
v 0.8 1.2 0.4
v 0.8 1.8 0.4
v 0.8 2 0.4
v -0.8 1 0.3
v -0.8 1.1 0.3
v -0.7 1 0.3
v -0.7 1.1 0.3
v 0.7 1 0.3
v 0.7 1.1 0.3
v 0.8 1 0.3
v 0.8 1.1 0.3
v -0.7 0.8 0.2
v -0.7 0.9 0.2
v -0.7 2 0.2
v -0.7 2.1 0.2
v -0.6 -0.8 0.2
v -0.6 -0.7 0.2
v -0.6 -0.6 0.2
v -0.6 0.6 0.2
v -0.6 0.8 0.2
v -0.6 0.9 0.2
v -0.6 1.4 0.2
v -0.6 1.6 0.2
v -0.6 1.8 0.2
v -0.6 1.9 0.2
v -0.6 2 0.2
v -0.5 0.5 0.2
v -0.5 0.6 0.2
v -0.5 0.8 0.2
v -0.5 1.9 0.2
v -0.5 2 0.2
v -0.5 2.1 0.2
v -0.5 2.2 0.2
v -0.4 0.2 0.2
v -0.4 0.4 0.2
v -0.4 0.5 0.2
v -0.4 0.6 0.2
v -0.4 0.8 0.2
v -0.3 0.1 0.2
v -0.3 0.2 0.2
v -0.3 0.4 0.2
v -0.3 0.5 0.2
v -0.3 0.6 0.2
v -0.3 2 0.2
v -0.3 2.1 0.2
v -0.2 -0.8 0.2
v -0.2 -0.7 0.2
v -0.2 -0.6 0.2
v -0.2 0 0.2
v -0.2 0.1 0.2
v -0.2 0.2 0.2
v -0.2 0.4 0.2
v -0.2 0.8 0.2
v -0.2 1.4 0.2
v -0.2 1.8 0.2
v -0.2 2 0.2
v -0.1 0 0.2
v -0.1 0.1 0.2
v -0.1 0.2 0.2
v -0.1 0.5 0.2
v -0.1 0.8 0.2
v 0.1 0 0.2
v 0.1 0.1 0.2
v 0.1 0.2 0.2
v 0.1 0.5 0.2
v 0.1 0.8 0.2
v 0.2 -0.8 0.2
v 0.2 -0.7 0.2
v 0.2 -0.6 0.2
v 0.2 0 0.2
v 0.2 0.1 0.2
v 0.2 0.2 0.2
v 0.2 0.4 0.2
v 0.2 0.8 0.2
v 0.2 1.4 0.2
v 0.2 1.8 0.2
v 0.2 2 0.2
v 0.3 0.1 0.2
v 0.3 0.2 0.2
v 0.3 0.4 0.2
v 0.3 0.5 0.2
v 0.3 0.6 0.2
v 0.3 2 0.2
v 0.3 2.1 0.2
v 0.4 0.2 0.2
v 0.4 0.4 0.2
v 0.4 0.5 0.2
v 0.4 0.6 0.2
v 0.4 0.8 0.2
v 0.5 0.5 0.2
v 0.5 0.6 0.2
v 0.5 0.8 0.2
v 0.5 1.9 0.2
v 0.5 2 0.2
v 0.5 2.1 0.2
v 0.5 2.2 0.2
v 0.6 -0.8 0.2
v 0.6 -0.7 0.2
v 0.6 -0.6 0.2
v 0.6 0.6 0.2
v 0.6 0.8 0.2
v 0.6 0.9 0.2
v 0.6 1.4 0.2
v 0.6 1.6 0.2
v 0.6 1.8 0.2
v 0.6 1.9 0.2
v 0.6 2 0.2
v 0.7 0.8 0.2
v 0.7 0.9 0.2
v 0.7 2 0.2
v 0.7 2.1 0.2
v -0.9 1.2 0.1
v -0.9 1.9 0.1
v -0.8 1.2 0.1
v -0.8 1.8 0.1
v -0.8 1.9 0.1
v -0.8 2 0.1
v -0.8 2.1 0.1
v -0.7 2 0.1
v -0.7 2.1 0.1
v -0.7 2.2 0.1
v -0.6 0.5 0.1
v -0.6 0.6 0.1
v -0.6 2.1 0.1
v -0.6 2.2 0.1
v -0.5 0.4 0.1
v -0.5 0.5 0.1
v -0.5 0.6 0.1
v -0.5 2.1 0.1
v -0.5 2.2 0.1
v -0.5 2.3 0.1
v -0.4 0.1 0.1
v -0.4 0.2 0.1
v -0.4 0.4 0.1
v -0.4 0.5 0.1
v -0.3 0 0.1
v -0.3 0.1 0.1
v -0.3 0.2 0.1
v -0.2 0 0.1
v -0.2 0.1 0.1
v 0.2 0 0.1
v 0.2 0.1 0.1
v 0.3 0 0.1
v 0.3 0.1 0.1
v 0.3 0.2 0.1
v 0.4 0.1 0.1
v 0.4 0.2 0.1
v 0.4 0.4 0.1
v 0.4 0.5 0.1
v 0.5 0.4 0.1
v 0.5 0.5 0.1
v 0.5 0.6 0.1
v 0.5 2.1 0.1
v 0.5 2.2 0.1
v 0.5 2.3 0.1
v 0.6 0.5 0.1
v 0.6 0.6 0.1
v 0.6 2.1 0.1
v 0.6 2.2 0.1
v 0.7 2 0.1
v 0.7 2.1 0.1
v 0.7 2.2 0.1
v 0.8 1.2 0.1
v 0.8 1.8 0.1
v 0.8 1.9 0.1
v 0.8 2 0.1
v 0.8 2.1 0.1
v 0.9 1.2 0.1
v 0.9 1.9 0.1
v -1.6 0.5 0
v -1.6 0.7 0
v -1.5 0.5 0
v -1.5 0.7 0
v -1.4 0.5 0
v -1.4 0.7 0
v -1.2 0.5 0
v -1.2 0.7 0
v -1.1 0.5 0
v -1.1 0.7 0
v -1 0.5 0
v -1 0.7 0
v -1 0.8 0
v -0.9 0.4 0
v -0.9 0.5 0
v -0.9 0.8 0
v -0.9 0.9 0
v -0.9 1.1 0
v -0.9 1.2 0
v -0.9 1.9 0
v -0.9 2 0
v -0.8 0.7 0
v -0.8 0.8 0
v -0.8 1.1 0
v -0.8 1.2 0
v -0.8 1.9 0
v -0.8 2 0
v -0.7 0.4 0
v -0.7 0.5 0
v -0.7 0.8 0
v -0.7 0.9 0
v -0.6 -0.6 0
v -0.6 -0.5 0
v -0.6 -0.4 0
v -0.6 0 0
v -0.6 0.1 0
v -0.6 0.2 0
v -0.6 0.3 0
v -0.6 0.4 0
v -0.6 0.5 0
v -0.6 0.8 0
v -0.6 2.2 0
v -0.6 2.3 0
v -0.5 -0.4 0
v -0.5 0 0
v -0.5 0.1 0
v -0.5 0.2 0
v -0.5 0.3 0
v -0.5 0.4 0
v -0.5 0.5 0
v -0.5 2.2 0
v -0.5 2.3 0
v -0.4 -0.4 0
v -0.4 -0.1 0
v -0.4 0 0
v -0.4 0.1 0
v -0.4 0.2 0
v -0.4 0.4 0
v -0.3 -0.4 0
v -0.3 -0.1 0
v -0.3 0 0
v -0.3 0.1 0
v -0.2 -0.6 0
v -0.2 -0.5 0
v -0.2 -0.4 0
v 0.2 -0.6 0
v 0.2 -0.5 0
v 0.2 -0.4 0
v 0.3 -0.4 0
v 0.3 -0.1 0
v 0.3 0 0
v 0.3 0.1 0
v 0.4 -0.4 0
v 0.4 -0.1 0
v 0.4 0 0
v 0.4 0.1 0
v 0.4 0.2 0
v 0.4 0.4 0
v 0.5 -0.4 0
v 0.5 0 0
v 0.5 0.1 0
v 0.5 0.2 0
v 0.5 0.3 0
v 0.5 0.4 0
v 0.5 0.5 0
v 0.5 2.2 0
v 0.5 2.3 0
v 0.6 -0.6 0
v 0.6 -0.5 0
v 0.6 -0.4 0
v 0.6 0 0
v 0.6 0.1 0
v 0.6 0.2 0
v 0.6 0.3 0
v 0.6 0.4 0
v 0.6 0.5 0
v 0.6 0.8 0
v 0.6 2.2 0
v 0.6 2.3 0
v 0.7 0.4 0
v 0.7 0.5 0
v 0.7 0.8 0
v 0.7 0.9 0
v 0.8 0.7 0
v 0.8 0.8 0
v 0.8 1.1 0
v 0.8 1.2 0
v 0.8 1.9 0
v 0.8 2 0
v 0.9 0.4 0
v 0.9 0.5 0
v 0.9 0.8 0
v 0.9 0.9 0
v 0.9 1.1 0
v 0.9 1.2 0
v 0.9 1.9 0
v 0.9 2 0
v 1 0.5 0
v 1 0.7 0
v 1 0.8 0
v 1.1 0.5 0
v 1.1 0.7 0
v 1.2 0.5 0
v 1.2 0.7 0
v 1.4 0.5 0
v 1.4 0.7 0
v 1.5 0.5 0
v 1.5 0.7 0
v 1.6 0.5 0
v 1.6 0.7 0
v -1.6 0.4 -0.1
v -1.6 0.5 -0.1
v -1.5 0.4 -0.1
v -1.5 0.5 -0.1
v -1.5 0.7 -0.1
v -1.5 0.8 -0.1
v -1.4 0.7 -0.1
v -1.4 0.8 -0.1
v -1.3 0.4 -0.1
v -1.3 0.5 -0.1
v -1.3 0.7 -0.1
v -1.3 0.8 -0.1
v -1.2 0.4 -0.1
v -1.2 0.5 -0.1
v -1.2 0.7 -0.1
v -1.2 0.8 -0.1
v -1.1 0.4 -0.1
v -1.1 0.5 -0.1
v -1.1 0.7 -0.1
v -1.1 0.8 -0.1
v -1 0.4 -0.1
v -1 0.5 -0.1
v -1 0.7 -0.1
v -1 0.8 -0.1
v -1 0.9 -0.1
v -0.9 0.4 -0.1
v -0.9 0.5 -0.1
v -0.9 0.8 -0.1
v -0.9 0.9 -0.1
v -0.8 2.1 -0.1
v -0.8 2.2 -0.1
v -0.7 2.1 -0.1
v -0.7 2.2 -0.1
v -0.6 -0.4 -0.1
v -0.6 -0.3 -0.1
v -0.6 0 -0.1
v -0.6 0.2 -0.1
v -0.6 0.3 -0.1
v -0.5 -0.4 -0.1
v -0.5 -0.3 -0.1
v -0.5 0 -0.1
v -0.5 0.2 -0.1
v -0.5 0.3 -0.1
v -0.3 -0.4 -0.1
v -0.3 -0.2 -0.1
v -0.3 -0.1 -0.1
v -0.3 0 -0.1
v -0.2 -0.4 -0.1
v -0.2 -0.2 -0.1
v -0.2 0 -0.1
v 0.2 -0.4 -0.1
v 0.2 -0.2 -0.1
v 0.2 0 -0.1
v 0.3 -0.4 -0.1
v 0.3 -0.2 -0.1
v 0.3 -0.1 -0.1
v 0.3 0 -0.1
v 0.5 -0.4 -0.1
v 0.5 -0.3 -0.1
v 0.5 0 -0.1
v 0.5 0.2 -0.1
v 0.5 0.3 -0.1
v 0.6 -0.4 -0.1
v 0.6 -0.3 -0.1
v 0.6 0 -0.1
v 0.6 0.2 -0.1
v 0.6 0.3 -0.1
v 0.7 2.1 -0.1
v 0.7 2.2 -0.1
v 0.8 2.1 -0.1
v 0.8 2.2 -0.1
v 0.9 0.4 -0.1
v 0.9 0.5 -0.1
v 0.9 0.8 -0.1
v 0.9 0.9 -0.1
v 1 0.4 -0.1
v 1 0.5 -0.1
v 1 0.7 -0.1
v 1 0.8 -0.1
v 1 0.9 -0.1
v 1.1 0.4 -0.1
v 1.1 0.5 -0.1
v 1.1 0.7 -0.1
v 1.1 0.8 -0.1
v 1.2 0.4 -0.1
v 1.2 0.5 -0.1
v 1.2 0.7 -0.1
v 1.2 0.8 -0.1
v 1.3 0.4 -0.1
v 1.3 0.5 -0.1
v 1.3 0.7 -0.1
v 1.3 0.8 -0.1
v 1.4 0.7 -0.1
v 1.4 0.8 -0.1
v 1.5 0.4 -0.1
v 1.5 0.5 -0.1
v 1.5 0.7 -0.1
v 1.5 0.8 -0.1
v 1.6 0.4 -0.1
v 1.6 0.5 -0.1
v -0.6 0.6 -0.5
v -0.6 0.7 -0.5
v -0.5 0.6 -0.5
v -0.5 0.7 -0.5
v 0.5 0.6 -0.5
v 0.5 0.7 -0.5
v 0.6 0.6 -0.5
v 0.6 0.7 -0.5
v -0.6 0.5 -0.6
v -0.6 0.6 -0.6
v -0.5 0.3 -0.6
v -0.5 0.5 -0.6
v -0.5 0.6 -0.6
v -0.4 0.1 -0.6
v -0.4 0.3 -0.6
v -0.4 0.4 -0.6
v -0.4 0.5 -0.6
v -0.4 0.6 -0.6
v -0.3 -0.1 -0.6
v -0.3 0.1 -0.6
v -0.3 0.3 -0.6
v -0.3 0.4 -0.6
v -0.3 0.5 -0.6
v -0.3 0.6 -0.6
v -0.2 0.2 -0.6
v -0.2 0.3 -0.6
v -0.2 0.4 -0.6
v -0.2 0.6 -0.6
v -0.1 0.1 -0.6
v -0.1 0.2 -0.6
v -0.1 0.4 -0.6
v 0.1 0.1 -0.6
v 0.1 0.2 -0.6
v 0.1 0.4 -0.6
v 0.2 0.2 -0.6
v 0.2 0.3 -0.6
v 0.2 0.4 -0.6
v 0.2 0.6 -0.6
v 0.3 -0.1 -0.6
v 0.3 0.1 -0.6
v 0.3 0.3 -0.6
v 0.3 0.4 -0.6
v 0.3 0.5 -0.6
v 0.3 0.6 -0.6
v 0.4 0.1 -0.6
v 0.4 0.3 -0.6
v 0.4 0.4 -0.6
v 0.4 0.5 -0.6
v 0.4 0.6 -0.6
v 0.5 0.3 -0.6
v 0.5 0.5 -0.6
v 0.5 0.6 -0.6
v 0.6 0.5 -0.6
v 0.6 0.6 -0.6
v -0.7 -0.4 -0.7
v -0.7 -0.3 -0.7
v -0.7 -0.1 -0.7
v -0.7 0.2 -0.7
v -0.6 -0.4 -0.7
v -0.6 -0.3 -0.7
v -0.6 -0.1 -0.7
v -0.6 0.2 -0.7
v -0.6 0.3 -0.7
v -0.5 -0.4 -0.7
v -0.5 -0.3 -0.7
v -0.5 0.3 -0.7
v -0.4 -0.4 -0.7
v -0.4 -0.3 -0.7
v -0.4 -0.2 -0.7
v -0.4 0 -0.7
v -0.4 0.1 -0.7
v -0.4 0.2 -0.7
v -0.4 0.3 -0.7
v -0.3 -0.3 -0.7
v -0.3 -0.2 -0.7
v -0.3 -0.1 -0.7
v -0.3 0 -0.7
v -0.3 0.1 -0.7
v 0.3 -0.3 -0.7
v 0.3 -0.2 -0.7
v 0.3 -0.1 -0.7
v 0.3 0 -0.7
v 0.3 0.1 -0.7
v 0.4 -0.4 -0.7
v 0.4 -0.3 -0.7
v 0.4 -0.2 -0.7
v 0.4 0 -0.7
v 0.4 0.1 -0.7
v 0.4 0.2 -0.7
v 0.4 0.3 -0.7
v 0.5 0.3 -0.7
v 0.6 -0.4 -0.7
v 0.6 -0.3 -0.7
v 0.6 0 -0.7
v 0.6 0.2 -0.7
v 0.6 0.3 -0.7
v 0.7 -0.4 -0.7
v 0.7 0 -0.7
v 0.7 0.2 -0.7
v -1.6 0.4 -0.3
v -1.6 0.5 -0.3
v -1.5 0.4 -0.3
v -1.5 0.5 -0.3
v -1.5 0.7 -0.3
v -1.5 0.8 -0.3
v -1.4 0.7 -0.3
v -1.4 0.8 -0.3
v -1.3 0.4 -0.3
v -1.3 0.5 -0.3
v -1.3 0.7 -0.3
v -1.3 0.8 -0.3
v -1.2 0.4 -0.3
v -1.2 0.5 -0.3
v -1.2 0.7 -0.3
v -1.2 0.8 -0.3
v -1.1 0.4 -0.3
v -1.1 0.5 -0.3
v -1.1 0.7 -0.3
v -1.1 0.8 -0.3
v -1 0.4 -0.3
v -1 0.5 -0.3
v -1 0.7 -0.3
v -1 0.8 -0.3
v -1 0.9 -0.3
v -0.9 0.4 -0.3
v -0.9 0.5 -0.3
v -0.9 0.8 -0.3
v -0.9 0.9 -0.3
v -0.6 -0.4 -0.3
v -0.6 -0.1 -0.3
v -0.6 0 -0.3
v -0.5 -0.4 -0.3
v -0.5 -0.1 -0.3
v -0.5 0 -0.3
v -0.3 -0.4 -0.3
v -0.3 -0.2 -0.3
v -0.2 -0.4 -0.3
v -0.2 -0.2 -0.3
v 0.2 -0.4 -0.3
v 0.2 -0.2 -0.3
v 0.3 -0.4 -0.3
v 0.3 -0.2 -0.3
v 0.5 -0.4 -0.3
v 0.5 -0.1 -0.3
v 0.5 0 -0.3
v 0.6 -0.4 -0.3
v 0.6 -0.1 -0.3
v 0.6 0 -0.3
v 0.9 0.4 -0.3
v 0.9 0.5 -0.3
v 0.9 0.8 -0.3
v 0.9 0.9 -0.3
v 1 0.4 -0.3
v 1 0.5 -0.3
v 1 0.7 -0.3
v 1 0.8 -0.3
v 1 0.9 -0.3
v 1.1 0.4 -0.3
v 1.1 0.5 -0.3
v 1.1 0.7 -0.3
v 1.1 0.8 -0.3
v 1.2 0.4 -0.3
v 1.2 0.5 -0.3
v 1.2 0.7 -0.3
v 1.2 0.8 -0.3
v 1.3 0.4 -0.3
v 1.3 0.5 -0.3
v 1.3 0.7 -0.3
v 1.3 0.8 -0.3
v 1.4 0.7 -0.3
v 1.4 0.8 -0.3
v 1.5 0.4 -0.3
v 1.5 0.5 -0.3
v 1.5 0.7 -0.3
v 1.5 0.8 -0.3
v 1.6 0.4 -0.3
v 1.6 0.5 -0.3
v -1.6 0.5 -0.4
v -1.6 0.7 -0.4
v -1.5 0.5 -0.4
v -1.5 0.7 -0.4
v -1.4 0.5 -0.4
v -1.4 0.7 -0.4
v -1.2 0.5 -0.4
v -1.2 0.7 -0.4
v -1.1 0.5 -0.4
v -1.1 0.7 -0.4
v -1 0.6 -0.4
v -1 0.7 -0.4
v -1 0.8 -0.4
v -0.9 0.4 -0.4
v -0.9 0.5 -0.4
v -0.9 0.6 -0.4
v -0.9 0.8 -0.4
v -0.9 0.9 -0.4
v -0.8 0.7 -0.4
v -0.8 0.8 -0.4
v -0.7 0.4 -0.4
v -0.7 0.5 -0.4
v -0.7 0.8 -0.4
v -0.7 0.9 -0.4
v -0.6 -0.8 -0.4
v -0.6 -0.7 -0.4
v -0.6 -0.5 -0.4
v -0.6 -0.4 -0.4
v -0.6 0 -0.4
v -0.6 0.1 -0.4
v -0.6 0.2 -0.4
v -0.6 0.4 -0.4
v -0.6 0.5 -0.4
v -0.6 0.7 -0.4
v -0.6 0.8 -0.4
v -0.5 -0.4 -0.4
v -0.5 0 -0.4
v -0.5 0.1 -0.4
v -0.5 0.3 -0.4
v -0.5 0.4 -0.4
v -0.5 0.6 -0.4
v -0.5 0.7 -0.4
v -0.4 -0.4 -0.4
v -0.4 -0.2 -0.4
v -0.4 0 -0.4
v -0.4 0.1 -0.4
v -0.4 0.2 -0.4
v -0.4 0.3 -0.4
v -0.4 0.5 -0.4
v -0.4 0.6 -0.4
v -0.3 -0.4 -0.4
v -0.3 -0.2 -0.4
v -0.3 0.4 -0.4
v -0.3 0.5 -0.4
v -0.3 0.6 -0.4
v -0.2 -0.8 -0.4
v -0.2 -0.7 -0.4
v -0.2 -0.5 -0.4
v -0.2 -0.4 -0.4
v -0.2 -0.2 -0.4
v -0.2 0 -0.4
v -0.2 0.1 -0.4
v 0.2 -0.8 -0.4
v 0.2 -0.7 -0.4
v 0.2 -0.5 -0.4
v 0.2 -0.4 -0.4
v 0.2 -0.2 -0.4
v 0.2 0 -0.4
v 0.2 0.1 -0.4
v 0.3 -0.4 -0.4
v 0.3 -0.2 -0.4
v 0.3 0.4 -0.4
v 0.3 0.5 -0.4
v 0.3 0.6 -0.4
v 0.4 -0.4 -0.4
v 0.4 -0.2 -0.4
v 0.4 0 -0.4
v 0.4 0.1 -0.4
v 0.4 0.2 -0.4
v 0.4 0.3 -0.4
v 0.4 0.5 -0.4
v 0.4 0.6 -0.4
v 0.5 -0.4 -0.4
v 0.5 0 -0.4
v 0.5 0.1 -0.4
v 0.5 0.3 -0.4
v 0.5 0.4 -0.4
v 0.5 0.6 -0.4
v 0.5 0.7 -0.4
v 0.6 -0.8 -0.4
v 0.6 -0.7 -0.4
v 0.6 -0.5 -0.4
v 0.6 -0.4 -0.4
v 0.6 0 -0.4
v 0.6 0.1 -0.4
v 0.6 0.2 -0.4
v 0.6 0.4 -0.4
v 0.6 0.5 -0.4
v 0.6 0.7 -0.4
v 0.6 0.8 -0.4
v 0.7 0.4 -0.4
v 0.7 0.5 -0.4
v 0.7 0.8 -0.4
v 0.7 0.9 -0.4
v 0.8 0.7 -0.4
v 0.8 0.8 -0.4
v 0.9 0.4 -0.4
v 0.9 0.5 -0.4
v 0.9 0.6 -0.4
v 0.9 0.8 -0.4
v 0.9 0.9 -0.4
v 1 0.6 -0.4
v 1 0.7 -0.4
v 1 0.8 -0.4
v 1.1 0.5 -0.4
v 1.1 0.7 -0.4
v 1.2 0.5 -0.4
v 1.2 0.7 -0.4
v 1.4 0.5 -0.4
v 1.4 0.7 -0.4
v 1.5 0.5 -0.4
v 1.5 0.7 -0.4
v 1.6 0.5 -0.4
v 1.6 0.7 -0.4
v -0.9 1.1 -0.5
v -0.9 1.2 -0.5
v -0.9 1.9 -0.5
v -0.9 2 -0.5
v -0.8 1.1 -0.5
v -0.8 1.2 -0.5
v -0.8 1.9 -0.5
v -0.8 2 -0.5
v -0.8 2.1 -0.5
v -0.8 2.2 -0.5
v -0.7 2.1 -0.5
v -0.7 2.2 -0.5
v -0.6 2.2 -0.5
v -0.6 2.3 -0.5
v -0.5 2.2 -0.5
v -0.5 2.3 -0.5
v 0.5 2.2 -0.5
v 0.5 2.3 -0.5
v 0.6 2.2 -0.5
v 0.6 2.3 -0.5
v 0.7 2.1 -0.5
v 0.7 2.2 -0.5
v 0.8 1.1 -0.5
v 0.8 1.2 -0.5
v 0.8 1.9 -0.5
v 0.8 2 -0.5
v 0.8 2.1 -0.5
v 0.8 2.2 -0.5
v 0.9 1.1 -0.5
v 0.9 1.2 -0.5
v 0.9 1.9 -0.5
v 0.9 2 -0.5
v -0.9 1.2 -0.6
v -0.9 1.9 -0.6
v -0.8 1.2 -0.6
v -0.8 1.9 -0.6
v -0.8 2 -0.6
v -0.8 2.1 -0.6
v -0.7 0.8 -0.6
v -0.7 0.9 -0.6
v -0.7 2 -0.6
v -0.7 2.1 -0.6
v -0.7 2.2 -0.6
v -0.6 0.7 -0.6
v -0.6 0.8 -0.6
v -0.6 0.9 -0.6
v -0.6 1 -0.6
v -0.6 2 -0.6
v -0.6 2.1 -0.6
v -0.6 2.2 -0.6
v -0.5 0.7 -0.6
v -0.5 2.2 -0.6
v -0.5 2.3 -0.6
v -0.4 0.7 -0.6
v -0.3 2.2 -0.6
v -0.3 2.3 -0.6
v 0.3 2.2 -0.6
v 0.3 2.3 -0.6
v 0.4 0.7 -0.6
v 0.5 0.7 -0.6
v 0.5 2.2 -0.6
v 0.5 2.3 -0.6
v 0.6 0.7 -0.6
v 0.6 0.8 -0.6
v 0.6 0.9 -0.6
v 0.6 1 -0.6
v 0.6 2 -0.6
v 0.6 2.1 -0.6
v 0.6 2.2 -0.6
v 0.7 0.8 -0.6
v 0.7 0.9 -0.6
v 0.7 2 -0.6
v 0.7 2.1 -0.6
v 0.7 2.2 -0.6
v 0.8 1.2 -0.6
v 0.8 1.9 -0.6
v 0.8 2 -0.6
v 0.8 2.1 -0.6
v 0.9 1.2 -0.6
v 0.9 1.9 -0.6
v -0.8 1 -0.7
v -0.8 1.1 -0.7
v -0.8 1.8 -0.7
v -0.8 1.9 -0.7
v -0.8 2 -0.7
v -0.7 1 -0.7
v -0.7 1.1 -0.7
v -0.7 1.8 -0.7
v -0.7 1.9 -0.7
v -0.7 2 -0.7
v -0.6 0.5 -0.7
v -0.6 0.6 -0.7
v -0.6 0.7 -0.7
v -0.6 0.8 -0.7
v -0.6 0.9 -0.7
v -0.6 2.1 -0.7
v -0.6 2.2 -0.7
v -0.5 0.4 -0.7
v -0.5 0.5 -0.7
v -0.5 0.6 -0.7
v -0.5 0.7 -0.7
v -0.5 2.1 -0.7
v -0.5 2.2 -0.7
v -0.4 0.4 -0.7
v -0.4 0.5 -0.7
v -0.4 0.6 -0.7
v -0.4 0.7 -0.7
v -0.3 0.5 -0.7
v -0.3 0.6 -0.7
v -0.3 2.2 -0.7
v -0.3 2.3 -0.7
v -0.2 0.6 -0.7
v 0.2 0.6 -0.7
v 0.3 0.5 -0.7
v 0.3 0.6 -0.7
v 0.3 2.2 -0.7
v 0.3 2.3 -0.7
v 0.4 0.4 -0.7
v 0.4 0.5 -0.7
v 0.4 0.6 -0.7
v 0.4 0.7 -0.7
v 0.5 0.4 -0.7
v 0.5 0.5 -0.7
v 0.5 0.6 -0.7
v 0.5 0.7 -0.7
v 0.5 2.1 -0.7
v 0.5 2.2 -0.7
v 0.6 0.5 -0.7
v 0.6 0.6 -0.7
v 0.6 0.7 -0.7
v 0.6 0.8 -0.7
v 0.6 0.9 -0.7
v 0.6 2.1 -0.7
v 0.6 2.2 -0.7
v 0.7 1 -0.7
v 0.7 1.1 -0.7
v 0.7 1.8 -0.7
v 0.7 1.9 -0.7
v 0.7 2 -0.7
v 0.8 1 -0.7
v 0.8 1.1 -0.7
v 0.8 1.8 -0.7
v 0.8 1.9 -0.7
v 0.8 2 -0.7
v -0.8 1.1 -0.8
v -0.8 1.2 -0.8
v -0.8 1.8 -0.8
v -0.7 -0.4 -0.8
v -0.7 -0.3 -0.8
v -0.7 -0.1 -0.8
v -0.7 0.2 -0.8
v -0.7 1 -0.8
v -0.7 1.1 -0.8
v -0.7 1.2 -0.8
v -0.7 1.8 -0.8
v -0.7 2 -0.8
v -0.6 -0.4 -0.8
v -0.6 -0.3 -0.8
v -0.6 -0.1 -0.8
v -0.6 0.2 -0.8
v -0.6 0.3 -0.8
v -0.6 1 -0.8
v -0.6 1.7 -0.8
v -0.6 1.8 -0.8
v -0.6 1.9 -0.8
v -0.6 2 -0.8
v -0.6 2.1 -0.8
v -0.5 -0.4 -0.8
v -0.5 -0.3 -0.8
v -0.5 0.3 -0.8
v -0.5 0.4 -0.8
v -0.5 1.9 -0.8
v -0.5 2 -0.8
v -0.5 2.1 -0.8
v -0.5 2.2 -0.8
v -0.4 -0.4 -0.8
v -0.4 -0.3 -0.8
v -0.4 -0.2 -0.8
v -0.4 0 -0.8
v -0.4 0.1 -0.8
v -0.4 0.2 -0.8
v -0.4 0.3 -0.8
v -0.4 0.4 -0.8
v -0.4 0.5 -0.8
v -0.4 2 -0.8
v -0.4 2.1 -0.8
v -0.3 -0.3 -0.8
v -0.3 -0.2 -0.8
v -0.3 0 -0.8
v -0.3 0.1 -0.8
v -0.3 0.5 -0.8
v -0.3 0.6 -0.8
v -0.2 0.2 -0.8
v -0.2 0.3 -0.8
v -0.2 0.5 -0.8
v -0.2 0.6 -0.8
v -0.1 0.2 -0.8
v -0.1 0.3 -0.8
v 0.1 -0.1 -0.8
v 0.1 0 -0.8
v 0.2 -0.1 -0.8
v 0.2 0 -0.8
v 0.2 0.5 -0.8
v 0.2 0.6 -0.8
v 0.3 -0.3 -0.8
v 0.3 -0.2 -0.8
v 0.3 0 -0.8
v 0.3 0.1 -0.8
v 0.3 0.5 -0.8
v 0.3 0.6 -0.8
v 0.4 -0.4 -0.8
v 0.4 -0.3 -0.8
v 0.4 -0.2 -0.8
v 0.4 0 -0.8
v 0.4 0.1 -0.8
v 0.4 0.2 -0.8
v 0.4 0.3 -0.8
v 0.4 0.4 -0.8
v 0.4 0.5 -0.8
v 0.4 2 -0.8
v 0.4 2.1 -0.8
v 0.5 0.3 -0.8
v 0.5 0.4 -0.8
v 0.5 1.9 -0.8
v 0.5 2 -0.8
v 0.5 2.1 -0.8
v 0.5 2.2 -0.8
v 0.6 -0.4 -0.8
v 0.6 -0.3 -0.8
v 0.6 0 -0.8
v 0.6 0.2 -0.8
v 0.6 0.3 -0.8
v 0.6 1 -0.8
v 0.6 1.7 -0.8
v 0.6 1.8 -0.8
v 0.6 1.9 -0.8
v 0.6 2 -0.8
v 0.6 2.1 -0.8
v 0.7 -0.4 -0.8
v 0.7 0 -0.8
v 0.7 0.2 -0.8
v 0.7 1 -0.8
v 0.7 1.1 -0.8
v 0.7 1.2 -0.8
v 0.7 1.8 -0.8
v 0.7 2 -0.8
v 0.8 1.1 -0.8
v 0.8 1.2 -0.8
v 0.8 1.8 -0.8
v -0.6 1 -0.9
v -0.6 1.2 -0.9
v -0.6 1.7 -0.9
v -0.6 1.9 -0.9
v -0.5 1.1 -0.9
v -0.5 1.2 -0.9
v -0.5 1.7 -0.9
v -0.5 1.9 -0.9
v -0.5 2 -0.9
v -0.4 1 -0.9
v -0.4 1.1 -0.9
v -0.4 1.9 -0.9
v -0.4 2 -0.9
v -0.4 2.1 -0.9
v 0.4 1 -0.9
v 0.4 1.1 -0.9
v 0.4 1.9 -0.9
v 0.4 2 -0.9
v 0.4 2.1 -0.9
v 0.5 1.1 -0.9
v 0.5 1.2 -0.9
v 0.5 1.7 -0.9
v 0.5 1.9 -0.9
v 0.5 2 -0.9
v 0.6 1 -0.9
v 0.6 1.2 -0.9
v 0.6 1.7 -0.9
v 0.6 1.9 -0.9
v -0.6 1.2 -1
v -0.6 1.7 -1
v -0.5 1.1 -1
v -0.5 1.2 -1
v -0.5 1.7 -1
v -0.5 1.9 -1
v -0.4 1 -1
v -0.4 1.1 -1
v -0.4 1.2 -1
v -0.4 1.7 -1
v -0.4 1.9 -1
v -0.4 2 -1
v -0.3 1.7 -1
v -0.3 1.8 -1
v -0.2 1.8 -1
v -0.2 1.9 -1
v -0.1 1 -1
v -0.1 1.1 -1
v -0.1 1.2 -1
v 0.1 1 -1
v 0.1 1.1 -1
v 0.1 1.2 -1
v 0.2 1.8 -1
v 0.2 1.9 -1
v 0.3 1.7 -1
v 0.3 1.8 -1
v 0.4 1 -1
v 0.4 1.1 -1
v 0.4 1.2 -1
v 0.4 1.7 -1
v 0.4 1.9 -1
v 0.4 2 -1
v 0.5 1.1 -1
v 0.5 1.2 -1
v 0.5 1.7 -1
v 0.5 1.9 -1
v 0.6 1.2 -1
v 0.6 1.7 -1
v -0.6 -0.8 0.2
v -0.2 -0.8 0.2
v 0.2 -0.8 0.2
v 0.6 -0.8 0.2
v -0.6 -0.8 -0.4
v -0.2 -0.8 -0.4
v 0.2 -0.8 -0.4
v 0.6 -0.8 -0.4
v -0.7 -0.4 -0.7
v -0.6 -0.4 -0.7
v -0.5 -0.4 -0.7
v -0.4 -0.4 -0.7
v 0.4 -0.4 -0.7
v 0.6 -0.4 -0.7
v 0.7 -0.4 -0.7
v -0.7 -0.4 -0.8
v -0.6 -0.4 -0.8
v -0.5 -0.4 -0.8
v -0.4 -0.4 -0.8
v 0.4 -0.4 -0.8
v 0.6 -0.4 -0.8
v 0.7 -0.4 -0.8
v -0.4 -0.3 -0.7
v -0.3 -0.3 -0.7
v 0.3 -0.3 -0.7
v 0.4 -0.3 -0.7
v -0.4 -0.3 -0.8
v -0.3 -0.3 -0.8
v 0.3 -0.3 -0.8
v 0.4 -0.3 -0.8
v -0.3 -0.2 -0.3
v -0.2 -0.2 -0.3
v 0.2 -0.2 -0.3
v 0.3 -0.2 -0.3
v -0.3 -0.2 -0.4
v -0.2 -0.2 -0.4
v 0.2 -0.2 -0.4
v 0.3 -0.2 -0.4
v -0.3 -0.2 -0.7
v 0.3 -0.2 -0.7
v -0.3 -0.2 -0.8
v 0.3 -0.2 -0.8
v -0.3 -0.1 -0.6
v 0.3 -0.1 -0.6
v -0.3 -0.1 -0.7
v 0.3 -0.1 -0.7
v -0.2 0 0.2
v -0.1 0 0.2
v 0.1 0 0.2
v 0.2 0 0.2
v -0.3 0 0.1
v -0.2 0 0.1
v -0.1 0 0.1
v 0.1 0 0.1
v 0.2 0 0.1
v 0.3 0 0.1
v -0.6 0 0
v -0.5 0 0
v -0.3 0 0
v 0.3 0 0
v 0.5 0 0
v 0.6 0 0
v -0.6 0 -0.1
v -0.5 0 -0.1
v -0.3 0 -0.1
v -0.2 0 -0.1
v 0.2 0 -0.1
v 0.3 0 -0.1
v 0.5 0 -0.1
v 0.6 0 -0.1
v -0.2 0 -0.2
v 0.2 0 -0.2
v -0.6 0 -0.3
v -0.5 0 -0.3
v -0.2 0 -0.3
v 0.2 0 -0.3
v 0.5 0 -0.3
v 0.6 0 -0.3
v -0.6 0 -0.4
v -0.5 0 -0.4
v -0.2 0 -0.4
v 0.2 0 -0.4
v 0.5 0 -0.4
v 0.6 0 -0.4
v -0.3 0.1 0.2
v -0.2 0.1 0.2
v 0.2 0.1 0.2
v 0.3 0.1 0.2
v -0.4 0.1 0.1
v -0.3 0.1 0.1
v -0.2 0.1 0.1
v 0.2 0.1 0.1
v 0.3 0.1 0.1
v 0.4 0.1 0.1
v -0.4 0.1 0
v -0.3 0.1 0
v 0.3 0.1 0
v 0.4 0.1 0
v -0.4 0.1 -0.6
v -0.3 0.1 -0.6
v 0.3 0.1 -0.6
v 0.4 0.1 -0.6
v -0.4 0.1 -0.7
v -0.3 0.1 -0.7
v 0.3 0.1 -0.7
v 0.4 0.1 -0.7
v -0.4 0.2 0.2
v -0.3 0.2 0.2
v 0.3 0.2 0.2
v 0.4 0.2 0.2
v -0.4 0.2 0.1
v -0.3 0.2 0.1
v 0.3 0.2 0.1
v 0.4 0.2 0.1
v -0.6 0.3 0
v -0.5 0.3 0
v 0.5 0.3 0
v 0.6 0.3 0
v -0.6 0.3 -0.1
v -0.5 0.3 -0.1
v 0.5 0.3 -0.1
v 0.6 0.3 -0.1
v -0.5 0.3 -0.6
v -0.4 0.3 -0.6
v 0.4 0.3 -0.6
v 0.5 0.3 -0.6
v -0.5 0.3 -0.7
v -0.4 0.3 -0.7
v 0.4 0.3 -0.7
v 0.5 0.3 -0.7
v -0.5 0.4 0.1
v -0.4 0.4 0.1
v 0.4 0.4 0.1
v 0.5 0.4 0.1
v -0.9 0.4 0
v -0.7 0.4 0
v -0.6 0.4 0
v -0.5 0.4 0
v -0.4 0.4 0
v 0.4 0.4 0
v 0.5 0.4 0
v 0.6 0.4 0
v 0.7 0.4 0
v 0.9 0.4 0
v -1.6 0.4 -0.1
v -1.5 0.4 -0.1
v -1.3 0.4 -0.1
v -1.2 0.4 -0.1
v -1.1 0.4 -0.1
v -1 0.4 -0.1
v -0.9 0.4 -0.1
v -0.8 0.4 -0.1
v -0.7 0.4 -0.1
v -0.6 0.4 -0.1
v 0.6 0.4 -0.1
v 0.7 0.4 -0.1
v 0.8 0.4 -0.1
v 0.9 0.4 -0.1
v 1 0.4 -0.1
v 1.1 0.4 -0.1
v 1.2 0.4 -0.1
v 1.3 0.4 -0.1
v 1.5 0.4 -0.1
v 1.6 0.4 -0.1
v -1.6 0.4 -0.3
v -1.5 0.4 -0.3
v -1.3 0.4 -0.3
v -1.2 0.4 -0.3
v -1.1 0.4 -0.3
v -1 0.4 -0.3
v -0.9 0.4 -0.3
v -0.8 0.4 -0.3
v -0.7 0.4 -0.3
v 0.7 0.4 -0.3
v 0.8 0.4 -0.3
v 0.9 0.4 -0.3
v 1 0.4 -0.3
v 1.1 0.4 -0.3
v 1.2 0.4 -0.3
v 1.3 0.4 -0.3
v 1.5 0.4 -0.3
v 1.6 0.4 -0.3
v -0.9 0.4 -0.4
v -0.7 0.4 -0.4
v -0.6 0.4 -0.4
v 0.6 0.4 -0.4
v 0.7 0.4 -0.4
v 0.9 0.4 -0.4
v -0.5 0.5 0.2
v -0.4 0.5 0.2
v 0.4 0.5 0.2
v 0.5 0.5 0.2
v -0.6 0.5 0.1
v -0.5 0.5 0.1
v -0.4 0.5 0.1
v 0.4 0.5 0.1
v 0.5 0.5 0.1
v 0.6 0.5 0.1
v -1.6 0.5 0
v -1.5 0.5 0
v -1.4 0.5 0
v -1.2 0.5 0
v -1.1 0.5 0
v -1 0.5 0
v -0.9 0.5 0
v -0.6 0.5 0
v -0.5 0.5 0
v 0.5 0.5 0
v 0.6 0.5 0
v 0.9 0.5 0
v 1 0.5 0
v 1.1 0.5 0
v 1.2 0.5 0
v 1.4 0.5 0
v 1.5 0.5 0
v 1.6 0.5 0
v -1.6 0.5 -0.1
v -1.5 0.5 -0.1
v -1.4 0.5 -0.1
v -1.3 0.5 -0.1
v -1.2 0.5 -0.1
v -1.1 0.5 -0.1
v -1 0.5 -0.1
v -0.9 0.5 -0.1
v 0.9 0.5 -0.1
v 1 0.5 -0.1
v 1.1 0.5 -0.1
v 1.2 0.5 -0.1
v 1.3 0.5 -0.1
v 1.4 0.5 -0.1
v 1.5 0.5 -0.1
v 1.6 0.5 -0.1
v -1.6 0.5 -0.3
v -1.5 0.5 -0.3
v -1.4 0.5 -0.3
v -1.3 0.5 -0.3
v -1.2 0.5 -0.3
v -1.1 0.5 -0.3
v -1 0.5 -0.3
v -0.9 0.5 -0.3
v 0.9 0.5 -0.3
v 1 0.5 -0.3
v 1.1 0.5 -0.3
v 1.2 0.5 -0.3
v 1.3 0.5 -0.3
v 1.4 0.5 -0.3
v 1.5 0.5 -0.3
v 1.6 0.5 -0.3
v -1.6 0.5 -0.4
v -1.5 0.5 -0.4
v -1.4 0.5 -0.4
v -1.2 0.5 -0.4
v -1.1 0.5 -0.4
v -0.9 0.5 -0.4
v 0.9 0.5 -0.4
v 1.1 0.5 -0.4
v 1.2 0.5 -0.4
v 1.4 0.5 -0.4
v 1.5 0.5 -0.4
v 1.6 0.5 -0.4
v -0.6 0.5 -0.6
v -0.5 0.5 -0.6
v 0.5 0.5 -0.6
v 0.6 0.5 -0.6
v -0.6 0.5 -0.7
v -0.5 0.5 -0.7
v 0.5 0.5 -0.7
v 0.6 0.5 -0.7
v -0.6 0.6 0.2
v -0.5 0.6 0.2
v 0.5 0.6 0.2
v 0.6 0.6 0.2
v -0.6 0.6 0.1
v -0.5 0.6 0.1
v 0.5 0.6 0.1
v 0.6 0.6 0.1
v -0.5 0.6 -0.4
v -0.4 0.6 -0.4
v -0.3 0.6 -0.4
v 0.3 0.6 -0.4
v 0.4 0.6 -0.4
v 0.5 0.6 -0.4
v -0.6 0.6 -0.5
v -0.5 0.6 -0.5
v 0.5 0.6 -0.5
v 0.6 0.6 -0.5
v -0.6 0.6 -0.6
v -0.5 0.6 -0.6
v -0.4 0.6 -0.6
v -0.3 0.6 -0.6
v -0.2 0.6 -0.6
v 0.2 0.6 -0.6
v 0.3 0.6 -0.6
v 0.4 0.6 -0.6
v 0.5 0.6 -0.6
v 0.6 0.6 -0.6
v -0.6 0.7 -0.4
v -0.5 0.7 -0.4
v 0.5 0.7 -0.4
v 0.6 0.7 -0.4
v -0.6 0.7 -0.5
v -0.5 0.7 -0.5
v 0.5 0.7 -0.5
v 0.6 0.7 -0.5
v -0.6 0.8 0.4
v -0.5 0.8 0.4
v -0.4 0.8 0.4
v -0.3 0.8 0.4
v -0.2 0.8 0.4
v 0.2 0.8 0.4
v 0.3 0.8 0.4
v 0.4 0.8 0.4
v 0.5 0.8 0.4
v 0.6 0.8 0.4
v -0.6 0.8 0.3
v -0.5 0.8 0.3
v -0.4 0.8 0.3
v -0.3 0.8 0.3
v 0.3 0.8 0.3
v 0.4 0.8 0.3
v 0.5 0.8 0.3
v 0.6 0.8 0.3
v -0.7 0.8 0.2
v -0.6 0.8 0.2
v -0.5 0.8 0.2
v -0.4 0.8 0.2
v -0.2 0.8 0.2
v 0.2 0.8 0.2
v 0.4 0.8 0.2
v 0.5 0.8 0.2
v 0.6 0.8 0.2
v 0.7 0.8 0.2
v -0.6 0.8 0.1
v 0.6 0.8 0.1
v -0.7 0.8 0
v -0.6 0.8 0
v 0.6 0.8 0
v 0.7 0.8 0
v -0.7 0.8 -0.4
v -0.6 0.8 -0.4
v 0.6 0.8 -0.4
v 0.7 0.8 -0.4
v -0.7 0.8 -0.6
v -0.6 0.8 -0.6
v 0.6 0.8 -0.6
v 0.7 0.8 -0.6
v -0.6 0.8 -0.7
v 0.6 0.8 -0.7
v -0.7 1 0.4
v -0.6 1 0.4
v 0.6 1 0.4
v 0.7 1 0.4
v -0.8 1 0.3
v -0.7 1 0.3
v -0.6 1 0.3
v 0.6 1 0.3
v 0.7 1 0.3
v 0.8 1 0.3
v -0.6 1 0.2
v 0.6 1 0.2
v 0.7 1 0.2
v -0.7 1 -0.6
v -0.6 1 -0.6
v 0.6 1 -0.6
v 0.7 1 -0.6
v -0.8 1 -0.7
v -0.7 1 -0.7
v -0.6 1 -0.7
v -0.4 1 -0.7
v 0.4 1 -0.7
v 0.6 1 -0.7
v 0.7 1 -0.7
v 0.8 1 -0.7
v -0.7 1 -0.8
v -0.6 1 -0.8
v -0.4 1 -0.8
v 0.4 1 -0.8
v 0.6 1 -0.8
v 0.7 1 -0.8
v -0.6 1 -0.9
v -0.4 1 -0.9
v -0.1 1 -0.9
v 0.1 1 -0.9
v 0.4 1 -0.9
v 0.6 1 -0.9
v -0.4 1 -1
v -0.1 1 -1
v 0.1 1 -1
v 0.4 1 -1
v -0.8 1.1 0.4
v -0.7 1.1 0.4
v 0.7 1.1 0.4
v 0.8 1.1 0.4
v -0.8 1.1 0.3
v -0.7 1.1 0.3
v 0.7 1.1 0.3
v 0.8 1.1 0.3
v -0.9 1.1 0
v -0.8 1.1 0
v 0.8 1.1 0
v 0.9 1.1 0
v -0.9 1.1 -0.5
v -0.8 1.1 -0.5
v 0.8 1.1 -0.5
v 0.9 1.1 -0.5
v -0.8 1.1 -0.7
v -0.7 1.1 -0.7
v 0.7 1.1 -0.7
v 0.8 1.1 -0.7
v -0.8 1.1 -0.8
v -0.7 1.1 -0.8
v 0.7 1.1 -0.8
v 0.8 1.1 -0.8
v -0.5 1.1 -0.9
v -0.4 1.1 -0.9
v 0.4 1.1 -0.9
v 0.5 1.1 -0.9
v -0.5 1.1 -1
v -0.4 1.1 -1
v 0.4 1.1 -1
v 0.5 1.1 -1
v -0.9 1.2 0.1
v -0.8 1.2 0.1
v 0.8 1.2 0.1
v 0.9 1.2 0.1
v -0.9 1.2 0
v -0.8 1.2 0
v 0.8 1.2 0
v 0.9 1.2 0
v -0.9 1.2 -0.5
v -0.8 1.2 -0.5
v 0.8 1.2 -0.5
v 0.9 1.2 -0.5
v -0.9 1.2 -0.6
v -0.8 1.2 -0.6
v 0.8 1.2 -0.6
v 0.9 1.2 -0.6
v -0.6 1.2 -0.9
v -0.5 1.2 -0.9
v 0.5 1.2 -0.9
v 0.6 1.2 -0.9
v -0.6 1.2 -1
v -0.5 1.2 -1
v 0.5 1.2 -1
v 0.6 1.2 -1
v -0.6 1.6 0.4
v 0.6 1.6 0.4
v -0.6 1.6 0.2
v 0.6 1.6 0.2
v -0.6 -0.6 0.2
v -0.2 -0.6 0.2
v 0.2 -0.6 0.2
v 0.6 -0.6 0.2
v -0.6 -0.6 0
v -0.2 -0.6 0
v 0.2 -0.6 0
v 0.6 -0.6 0
v -0.6 -0.4 0
v -0.5 -0.4 0
v -0.3 -0.4 0
v -0.2 -0.4 0
v 0.2 -0.4 0
v 0.3 -0.4 0
v 0.5 -0.4 0
v 0.6 -0.4 0
v -0.6 -0.4 -0.1
v -0.5 -0.4 -0.1
v -0.3 -0.4 -0.1
v -0.2 -0.4 -0.1
v 0.2 -0.4 -0.1
v 0.3 -0.4 -0.1
v 0.5 -0.4 -0.1
v 0.6 -0.4 -0.1
v -0.6 -0.4 -0.3
v -0.5 -0.4 -0.3
v -0.3 -0.4 -0.3
v -0.2 -0.4 -0.3
v 0.2 -0.4 -0.3
v 0.3 -0.4 -0.3
v 0.5 -0.4 -0.3
v 0.6 -0.4 -0.3
v -0.6 -0.4 -0.4
v -0.5 -0.4 -0.4
v -0.3 -0.4 -0.4
v -0.2 -0.4 -0.4
v 0.2 -0.4 -0.4
v 0.3 -0.4 -0.4
v 0.5 -0.4 -0.4
v 0.6 -0.4 -0.4
v -0.6 0.2 0
v -0.5 0.2 0
v 0.5 0.2 0
v 0.6 0.2 0
v -0.6 0.2 -0.1
v -0.5 0.2 -0.1
v 0.5 0.2 -0.1
v 0.6 0.2 -0.1
v -0.7 0.2 -0.7
v -0.6 0.2 -0.7
v 0.6 0.2 -0.7
v 0.7 0.2 -0.7
v -0.7 0.2 -0.8
v -0.6 0.2 -0.8
v 0.6 0.2 -0.8
v 0.7 0.2 -0.8
v -0.6 0.3 -0.7
v -0.5 0.3 -0.7
v 0.5 0.3 -0.7
v 0.6 0.3 -0.7
v -0.6 0.3 -0.8
v -0.5 0.3 -0.8
v 0.5 0.3 -0.8
v 0.6 0.3 -0.8
v -0.5 0.4 -0.7
v -0.4 0.4 -0.7
v 0.4 0.4 -0.7
v 0.5 0.4 -0.7
v -0.5 0.4 -0.8
v -0.4 0.4 -0.8
v 0.4 0.4 -0.8
v 0.5 0.4 -0.8
v -0.4 0.5 -0.7
v -0.3 0.5 -0.7
v 0.3 0.5 -0.7
v 0.4 0.5 -0.7
v -0.4 0.5 -0.8
v -0.3 0.5 -0.8
v 0.3 0.5 -0.8
v 0.4 0.5 -0.8
v -0.3 0.6 -0.7
v -0.2 0.6 -0.7
v 0.2 0.6 -0.7
v 0.3 0.6 -0.7
v -0.3 0.6 -0.8
v -0.2 0.6 -0.8
v 0.2 0.6 -0.8
v 0.3 0.6 -0.8
v -1.6 0.7 0
v -1.5 0.7 0
v -1.4 0.7 0
v -1.2 0.7 0
v -1.1 0.7 0
v -1 0.7 0
v 1 0.7 0
v 1.1 0.7 0
v 1.2 0.7 0
v 1.4 0.7 0
v 1.5 0.7 0
v 1.6 0.7 0
v -1.5 0.7 -0.1
v -1.4 0.7 -0.1
v -1.3 0.7 -0.1
v -1.2 0.7 -0.1
v -1.1 0.7 -0.1
v -1 0.7 -0.1
v 1 0.7 -0.1
v 1.1 0.7 -0.1
v 1.2 0.7 -0.1
v 1.3 0.7 -0.1
v 1.4 0.7 -0.1
v 1.5 0.7 -0.1
v -1.5 0.7 -0.3
v -1.4 0.7 -0.3
v -1.3 0.7 -0.3
v -1.2 0.7 -0.3
v -1.1 0.7 -0.3
v -1 0.7 -0.3
v 1 0.7 -0.3
v 1.1 0.7 -0.3
v 1.2 0.7 -0.3
v 1.3 0.7 -0.3
v 1.4 0.7 -0.3
v 1.5 0.7 -0.3
v -1.6 0.7 -0.4
v -1.5 0.7 -0.4
v -1.4 0.7 -0.4
v -1.2 0.7 -0.4
v -1.1 0.7 -0.4
v -1 0.7 -0.4
v 1 0.7 -0.4
v 1.1 0.7 -0.4
v 1.2 0.7 -0.4
v 1.4 0.7 -0.4
v 1.5 0.7 -0.4
v 1.6 0.7 -0.4
v -0.6 0.7 -0.6
v -0.5 0.7 -0.6
v -0.4 0.7 -0.6
v 0.4 0.7 -0.6
v 0.5 0.7 -0.6
v 0.6 0.7 -0.6
v -0.6 0.7 -0.7
v -0.5 0.7 -0.7
v -0.4 0.7 -0.7
v 0.4 0.7 -0.7
v 0.5 0.7 -0.7
v 0.6 0.7 -0.7
v -1 0.8 0
v -0.9 0.8 0
v 0.9 0.8 0
v 1 0.8 0
v -1.5 0.8 -0.1
v -1.4 0.8 -0.1
v -1.3 0.8 -0.1
v -1.2 0.8 -0.1
v -1.1 0.8 -0.1
v -1 0.8 -0.1
v -0.9 0.8 -0.1
v 0.9 0.8 -0.1
v 1 0.8 -0.1
v 1.1 0.8 -0.1
v 1.2 0.8 -0.1
v 1.3 0.8 -0.1
v 1.4 0.8 -0.1
v 1.5 0.8 -0.1
v -1.5 0.8 -0.3
v -1.4 0.8 -0.3
v -1.3 0.8 -0.3
v -1.2 0.8 -0.3
v -1.1 0.8 -0.3
v -1 0.8 -0.3
v -0.9 0.8 -0.3
v 0.9 0.8 -0.3
v 1 0.8 -0.3
v 1.1 0.8 -0.3
v 1.2 0.8 -0.3
v 1.3 0.8 -0.3
v 1.4 0.8 -0.3
v 1.5 0.8 -0.3
v -1 0.8 -0.4
v -0.9 0.8 -0.4
v 0.9 0.8 -0.4
v 1 0.8 -0.4
v -0.7 0.9 0.2
v -0.6 0.9 0.2
v 0.6 0.9 0.2
v 0.7 0.9 0.2
v -0.9 0.9 0
v -0.7 0.9 0
v -0.6 0.9 0
v 0.6 0.9 0
v 0.7 0.9 0
v 0.9 0.9 0
v -1 0.9 -0.1
v -0.9 0.9 -0.1
v 0.9 0.9 -0.1
v 1 0.9 -0.1
v -1 0.9 -0.3
v -0.9 0.9 -0.3
v 0.9 0.9 -0.3
v 1 0.9 -0.3
v -0.9 0.9 -0.4
v -0.7 0.9 -0.4
v -0.6 0.9 -0.4
v 0.6 0.9 -0.4
v 0.7 0.9 -0.4
v 0.9 0.9 -0.4
v -0.7 0.9 -0.6
v -0.6 0.9 -0.6
v 0.6 0.9 -0.6
v 0.7 0.9 -0.6
v -0.6 0.9 -0.7
v 0.6 0.9 -0.7
v -0.6 1.4 0.4
v -0.2 1.4 0.4
v 0.2 1.4 0.4
v 0.6 1.4 0.4
v -0.6 1.4 0.2
v -0.2 1.4 0.2
v 0.2 1.4 0.2
v 0.6 1.4 0.2
v -0.6 1.7 -0.9
v -0.5 1.7 -0.9
v 0.5 1.7 -0.9
v 0.6 1.7 -0.9
v -0.6 1.7 -1
v -0.5 1.7 -1
v 0.5 1.7 -1
v 0.6 1.7 -1
v -0.6 1.8 0.4
v -0.2 1.8 0.4
v 0.2 1.8 0.4
v 0.6 1.8 0.4
v -0.6 1.8 0.3
v -0.2 1.8 0.3
v 0.2 1.8 0.3
v 0.6 1.8 0.3
v -0.6 1.8 0.2
v -0.2 1.8 0.2
v 0.2 1.8 0.2
v 0.6 1.8 0.2
v -0.8 1.8 -0.7
v -0.7 1.8 -0.7
v 0.7 1.8 -0.7
v 0.8 1.8 -0.7
v -0.8 1.8 -0.8
v -0.7 1.8 -0.8
v 0.7 1.8 -0.8
v 0.8 1.8 -0.8
v -0.9 1.9 0.1
v -0.8 1.9 0.1
v 0.8 1.9 0.1
v 0.9 1.9 0.1
v -0.9 1.9 0
v -0.8 1.9 0
v 0.8 1.9 0
v 0.9 1.9 0
v -0.9 1.9 -0.5
v -0.8 1.9 -0.5
v 0.8 1.9 -0.5
v 0.9 1.9 -0.5
v -0.9 1.9 -0.6
v -0.8 1.9 -0.6
v 0.8 1.9 -0.6
v 0.9 1.9 -0.6
v -0.6 1.9 -0.8
v -0.5 1.9 -0.8
v 0.5 1.9 -0.8
v 0.6 1.9 -0.8
v -0.6 1.9 -0.9
v -0.5 1.9 -0.9
v -0.4 1.9 -0.9
v 0.4 1.9 -0.9
v 0.5 1.9 -0.9
v 0.6 1.9 -0.9
v -0.5 1.9 -1
v -0.4 1.9 -1
v 0.4 1.9 -1
v 0.5 1.9 -1
v -0.8 2 0.4
v -0.6 2 0.4
v -0.2 2 0.4
v 0.2 2 0.4
v 0.6 2 0.4
v 0.8 2 0.4
v -0.8 2 0.3
v -0.6 2 0.3
v -0.2 2 0.3
v 0.2 2 0.3
v 0.6 2 0.3
v 0.8 2 0.3
v -0.8 2 0.2
v -0.7 2 0.2
v -0.6 2 0.2
v -0.2 2 0.2
v 0.2 2 0.2
v 0.6 2 0.2
v 0.7 2 0.2
v 0.8 2 0.2
v -0.8 2 0.1
v -0.7 2 0.1
v 0.7 2 0.1
v 0.8 2 0.1
v -0.9 2 0
v -0.8 2 0
v 0.8 2 0
v 0.9 2 0
v -0.8 2 -0.4
v 0.8 2 -0.4
v -0.9 2 -0.5
v -0.8 2 -0.5
v 0.8 2 -0.5
v 0.9 2 -0.5
v -0.8 2 -0.6
v -0.7 2 -0.6
v -0.6 2 -0.6
v 0.6 2 -0.6
v 0.7 2 -0.6
v 0.8 2 -0.6
v -0.8 2 -0.7
v -0.7 2 -0.7
v -0.6 2 -0.7
v 0.6 2 -0.7
v 0.7 2 -0.7
v 0.8 2 -0.7
v -0.7 2 -0.8
v -0.6 2 -0.8
v -0.5 2 -0.8
v -0.4 2 -0.8
v 0.4 2 -0.8
v 0.5 2 -0.8
v 0.6 2 -0.8
v 0.7 2 -0.8
v -0.5 2 -0.9
v -0.4 2 -0.9
v 0.4 2 -0.9
v 0.5 2 -0.9
v -0.4 2 -1
v 0.4 2 -1
v -0.7 2.1 0.2
v -0.5 2.1 0.2
v 0.5 2.1 0.2
v 0.7 2.1 0.2
v -0.8 2.1 0.1
v -0.7 2.1 0.1
v -0.6 2.1 0.1
v -0.5 2.1 0.1
v 0.5 2.1 0.1
v 0.6 2.1 0.1
v 0.7 2.1 0.1
v 0.8 2.1 0.1
v -0.8 2.1 0
v -0.7 2.1 0
v 0.7 2.1 0
v 0.8 2.1 0
v -0.8 2.1 -0.1
v -0.7 2.1 -0.1
v 0.7 2.1 -0.1
v 0.8 2.1 -0.1
v -0.8 2.1 -0.5
v -0.7 2.1 -0.5
v 0.7 2.1 -0.5
v 0.8 2.1 -0.5
v -0.8 2.1 -0.6
v -0.7 2.1 -0.6
v 0.7 2.1 -0.6
v 0.8 2.1 -0.6
v -0.6 2.1 -0.7
v -0.5 2.1 -0.7
v 0.5 2.1 -0.7
v 0.6 2.1 -0.7
v -0.6 2.1 -0.8
v -0.5 2.1 -0.8
v -0.4 2.1 -0.8
v 0.4 2.1 -0.8
v 0.5 2.1 -0.8
v 0.6 2.1 -0.8
v -0.4 2.1 -0.9
v 0.4 2.1 -0.9
v -0.5 2.2 0.2
v 0.5 2.2 0.2
v -0.7 2.2 0.1
v -0.6 2.2 0.1
v -0.5 2.2 0.1
v 0.5 2.2 0.1
v 0.6 2.2 0.1
v 0.7 2.2 0.1
v -0.7 2.2 0
v -0.6 2.2 0
v -0.5 2.2 0
v 0.5 2.2 0
v 0.6 2.2 0
v 0.7 2.2 0
v -0.8 2.2 -0.1
v -0.7 2.2 -0.1
v 0.7 2.2 -0.1
v 0.8 2.2 -0.1
v -0.8 2.2 -0.5
v -0.7 2.2 -0.5
v -0.6 2.2 -0.5
v -0.5 2.2 -0.5
v 0.5 2.2 -0.5
v 0.6 2.2 -0.5
v 0.7 2.2 -0.5
v 0.8 2.2 -0.5
v -0.7 2.2 -0.6
v -0.6 2.2 -0.6
v -0.5 2.2 -0.6
v -0.3 2.2 -0.6
v 0.3 2.2 -0.6
v 0.5 2.2 -0.6
v 0.6 2.2 -0.6
v 0.7 2.2 -0.6
v -0.6 2.2 -0.7
v -0.5 2.2 -0.7
v -0.3 2.2 -0.7
v 0.3 2.2 -0.7
v 0.5 2.2 -0.7
v 0.6 2.2 -0.7
v -0.5 2.2 -0.8
v 0.5 2.2 -0.8
v -0.5 2.3 0.1
v 0.5 2.3 0.1
v -0.6 2.3 0
v -0.5 2.3 0
v 0.5 2.3 0
v 0.6 2.3 0
v -0.6 2.3 -0.5
v -0.5 2.3 -0.5
v -0.3 2.3 -0.5
v 0.3 2.3 -0.5
v 0.5 2.3 -0.5
v 0.6 2.3 -0.5
v -0.5 2.3 -0.6
v -0.3 2.3 -0.6
v 0.3 2.3 -0.6
v 0.5 2.3 -0.6
v -0.3 2.3 -0.7
v 0.3 2.3 -0.7

# faces
f 4/12/1 2/12/1 1/12/1
f 5/12/1 2/12/1 4/12/1
f 7/12/1 4/12/1 3/12/1
f 7/12/1 6/12/1 5/12/1
f 7/12/1 5/12/1 4/12/1
f 8/12/1 6/12/1 7/12/1
f 11/2/1 10/2/1 9/2/1
f 12/2/1 10/2/1 11/2/1
f 15/10/1 14/10/1 13/10/1
f 16/10/1 14/10/1 15/10/1
f 21/2/1 18/2/1 17/2/1
f 22/2/1 18/2/1 21/2/1
f 23/2/1 20/2/1 19/2/1
f 24/2/1 20/2/1 23/2/1
f 25/5/1 23/5/1 22/5/1
f 26/5/1 23/5/1 25/5/1
f 29/10/1 28/10/1 27/10/1
f 30/10/1 28/10/1 29/10/1
f 35/5/1 32/5/1 31/5/1
f 36/5/1 32/5/1 35/5/1
f 37/5/1 34/5/1 33/5/1
f 38/5/1 34/5/1 37/5/1
f 39/6/1 37/6/1 36/6/1
f 40/6/1 37/6/1 39/6/1
f 45/2/1 42/2/1 41/2/1
f 46/2/1 42/2/1 45/2/1
f 47/2/1 44/2/1 43/2/1
f 48/2/1 44/2/1 47/2/1
f 53/6/1 50/6/1 49/6/1
f 54/6/1 50/6/1 53/6/1
f 55/6/1 52/6/1 51/6/1
f 56/6/1 52/6/1 55/6/1
f 60/5/1 58/5/1 57/5/1
f 61/5/1 58/5/1 60/5/1
f 62/5/1 58/5/1 61/5/1
f 63/5/1 58/5/1 62/5/1
f 65/2/1 61/2/1 60/2/1
f 66/10/1 62/10/1 61/10/1
f 66/2/1 61/2/1 65/2/1
f 67/2/1 63/2/1 62/2/1
f 67/10/1 62/10/1 66/10/1
f 68/2/1 63/2/1 67/2/1
f 69/5/1 60/5/1 59/5/1
f 69/2/1 65/2/1 60/2/1
f 70/10/1 68/10/1 67/10/1
f 70/2/1 65/2/1 69/2/1
f 70/10/1 66/10/1 65/10/1
f 70/10/1 67/10/1 66/10/1
f 71/2/1 63/2/1 68/2/1
f 71/10/1 68/10/1 70/10/1
f 72/5/1 64/5/1 63/5/1
f 72/2/1 63/2/1 71/2/1
f 73/10/1 70/10/1 69/10/1
f 73/10/1 71/10/1 70/10/1
f 73/10/1 72/10/1 71/10/1
f 73/5/1 69/5/1 59/5/1
f 74/10/1 72/10/1 73/10/1
f 75/10/1 72/10/1 74/10/1
f 76/5/1 64/5/1 72/5/1
f 76/10/1 72/10/1 75/10/1
f 77/10/1 75/10/1 74/10/1
f 77/2/1 74/2/1 73/2/1
f 78/10/1 75/10/1 77/10/1
f 79/10/1 75/10/1 78/10/1
f 80/2/1 76/2/1 75/2/1
f 80/10/1 75/10/1 79/10/1
f 81/5/1 73/5/1 59/5/1
f 82/2/1 77/2/1 73/2/1
f 82/5/1 73/5/1 81/5/1
f 82/2/1 78/2/1 77/2/1
f 83/10/1 79/10/1 78/10/1
f 83/2/1 78/2/1 82/2/1
f 84/2/1 80/2/1 79/2/1
f 84/10/1 79/10/1 83/10/1
f 85/5/1 64/5/1 76/5/1
f 85/2/1 80/2/1 84/2/1
f 85/2/1 76/2/1 80/2/1
f 86/5/1 64/5/1 85/5/1
f 87/5/1 84/5/1 83/5/1
f 87/5/1 83/5/1 82/5/1
f 87/5/1 85/5/1 84/5/1
f 88/5/1 85/5/1 87/5/1
f 92/10/1 90/10/1 89/10/1
f 93/10/1 90/10/1 92/10/1
f 94/10/1 90/10/1 93/10/1
f 95/10/1 90/10/1 94/10/1
f 96/10/1 90/10/1 95/10/1
f 98/2/1 92/2/1 91/2/1
f 99/5/1 93/5/1 92/5/1
f 99/2/1 92/2/1 98/2/1
f 100/5/1 93/5/1 99/5/1
f 101/10/1 94/10/1 93/10/1
f 101/5/1 93/5/1 100/5/1
f 102/10/1 94/10/1 101/10/1
f 103/10/1 97/10/1 96/10/1
f 103/10/1 96/10/1 95/10/1
f 104/10/1 97/10/1 103/10/1
f 105/10/1 97/10/1 104/10/1
f 106/10/1 97/10/1 105/10/1
f 107/14/1 99/14/1 98/14/1
f 108/7/1 100/7/1 99/7/1
f 108/14/1 99/14/1 107/14/1
f 109/12/1 101/12/1 100/12/1
f 109/7/1 100/7/1 108/7/1
f 110/12/1 101/12/1 109/12/1
f 111/5/1 106/5/1 105/5/1
f 111/12/1 105/12/1 104/12/1
f 112/5/1 106/5/1 111/5/1
f 113/5/1 110/5/1 109/5/1
f 113/4/1 109/4/1 108/4/1
f 114/5/1 110/5/1 113/5/1
f 117/12/1 111/12/1 104/12/1
f 118/12/1 111/12/1 117/12/1
f 119/11/1 108/11/1 107/11/1
f 120/4/1 113/4/1 108/4/1
f 120/11/1 108/11/1 119/11/1
f 121/2/1 114/2/1 113/2/1
f 121/4/1 113/4/1 120/4/1
f 122/10/1 115/10/1 114/10/1
f 122/2/1 114/2/1 121/2/1
f 123/10/1 115/10/1 122/10/1
f 125/5/1 117/5/1 116/5/1
f 125/5/1 118/5/1 117/5/1
f 126/5/1 118/5/1 125/5/1
f 127/5/1 118/5/1 126/5/1
f 128/2/1 123/2/1 122/2/1
f 129/5/1 124/5/1 123/5/1
f 129/2/1 123/2/1 128/2/1
f 130/5/1 124/5/1 129/5/1
f 131/2/1 126/2/1 125/2/1
f 131/5/1 124/5/1 130/5/1
f 131/2/1 125/2/1 124/2/1
f 132/2/1 126/2/1 131/2/1
f 133/2/1 126/2/1 132/2/1
f 134/2/1 132/2/1 131/2/1
f 134/2/1 131/2/1 130/2/1
f 135/2/1 132/2/1 134/2/1
f 138/1/1 137/1/1 136/1/1
f 139/1/1 137/1/1 138/1/1
f 140/11/1 139/11/1 138/11/1
f 141/11/1 139/11/1 140/11/1
f 142/1/1 141/1/1 140/1/1
f 143/1/1 141/1/1 142/1/1
f 148/12/1 145/12/1 144/12/1
f 149/12/1 145/12/1 148/12/1
f 150/12/1 147/12/1 146/12/1
f 151/12/1 147/12/1 150/12/1
f 156/2/1 153/2/1 152/2/1
f 157/2/1 153/2/1 156/2/1
f 158/10/1 155/10/1 154/10/1
f 159/10/1 155/10/1 158/10/1
f 162/5/1 161/5/1 160/5/1
f 165/5/1 161/5/1 162/5/1
f 166/5/1 161/5/1 165/5/1
f 167/5/1 164/5/1 163/5/1
f 168/5/1 164/5/1 167/5/1
f 173/5/1 169/5/1 168/5/1
f 174/2/1 170/2/1 169/2/1
f 174/5/1 169/5/1 173/5/1
f 175/2/1 170/2/1 174/2/1
f 176/2/1 172/2/1 171/2/1
f 177/2/1 172/2/1 176/2/1
f 180/8/1 179/8/1 178/8/1
f 181/8/1 179/8/1 180/8/1
f 182/15/1 181/15/1 180/15/1
f 183/15/1 181/15/1 182/15/1
f 184/15/1 181/15/1 183/15/1
f 185/15/1 181/15/1 184/15/1
f 186/3/1 185/3/1 184/3/1
f 187/3/1 185/3/1 186/3/1
f 188/3/1 185/3/1 187/3/1
f 189/3/1 185/3/1 188/3/1
f 190/2/1 188/2/1 187/2/1
f 191/2/1 188/2/1 190/2/1
f 192/10/1 191/10/1 190/10/1
f 192/2/1 188/2/1 191/2/1
f 193/2/1 188/2/1 192/2/1
f 195/10/1 192/10/1 190/10/1
f 195/10/1 193/10/1 192/10/1
f 196/10/1 193/10/1 195/10/1
f 198/3/1 196/3/1 195/3/1
f 198/3/1 197/3/1 196/3/1
f 198/3/1 195/3/1 194/3/1
f 199/3/1 197/3/1 198/3/1
f 200/3/1 197/3/1 199/3/1
f 201/3/1 197/3/1 200/3/1
f 202/15/1 199/15/1 198/15/1
f 203/3/1 200/3/1 199/3/1
f 203/15/1 199/15/1 202/15/1
f 204/3/1 200/3/1 203/3/1
f 205/15/1 201/15/1 200/15/1
f 205/3/1 200/3/1 204/3/1
f 206/15/1 201/15/1 205/15/1
f 210/10/1 204/10/1 203/10/1
f 211/2/1 206/2/1 205/2/1
f 211/2/1 205/2/1 204/2/1
f 211/10/1 204/10/1 210/10/1
f 212/1/1 208/1/1 207/1/1
f 213/1/1 208/1/1 212/1/1
f 214/10/1 210/10/1 209/10/1
f 215/2/1 211/2/1 210/2/1
f 215/10/1 210/10/1 214/10/1
f 216/2/1 206/2/1 211/2/1
f 216/2/1 211/2/1 215/2/1
f 222/6/1 218/6/1 217/6/1
f 224/11/1 220/11/1 219/11/1
f 225/11/1 220/11/1 224/11/1
f 227/4/1 224/4/1 223/4/1
f 228/1/1 225/1/1 224/1/1
f 228/4/1 224/4/1 227/4/1
f 229/1/1 225/1/1 228/1/1
f 232/12/1 222/12/1 221/12/1
f 233/6/1 218/6/1 222/6/1
f 233/12/1 222/12/1 232/12/1
f 234/6/1 218/6/1 233/6/1
f 235/4/1 227/4/1 226/4/1
f 235/4/1 228/4/1 227/4/1
f 236/4/1 228/4/1 235/4/1
f 238/2/1 231/2/1 230/2/1
f 238/12/1 232/12/1 231/12/1
f 239/12/1 232/12/1 238/12/1
f 242/12/1 237/12/1 236/12/1
f 243/12/1 237/12/1 242/12/1
f 244/2/1 238/2/1 230/2/1
f 245/10/1 239/10/1 238/10/1
f 245/2/1 238/2/1 244/2/1
f 246/13/1 241/13/1 240/13/1
f 246/10/1 239/10/1 245/10/1
f 246/13/1 240/13/1 239/13/1
f 246/13/1 242/13/1 241/13/1
f 247/13/1 242/13/1 246/13/1
f 250/10/1 249/10/1 248/10/1
f 252/10/1 250/10/1 248/10/1
f 253/5/1 251/5/1 250/5/1
f 253/10/1 250/10/1 252/10/1
f 254/5/1 251/5/1 253/5/1
f 255/2/1 253/2/1 252/2/1
f 256/2/1 253/2/1 255/2/1
f 257/2/1 253/2/1 256/2/1
f 261/5/1 259/5/1 258/5/1
f 262/2/1 260/2/1 259/2/1
f 262/5/1 259/5/1 261/5/1
f 263/2/1 260/2/1 262/2/1
f 266/2/1 262/2/1 261/2/1
f 267/2/1 262/2/1 266/2/1
f 268/2/1 265/2/1 264/2/1
f 269/2/1 265/2/1 268/2/1
f 274/10/1 271/10/1 270/10/1
f 275/2/1 273/2/1 272/2/1
f 276/10/1 274/10/1 270/10/1
f 277/10/1 274/10/1 276/10/1
f 278/2/1 273/2/1 275/2/1
f 279/2/1 273/2/1 278/2/1
f 282/10/1 281/10/1 280/10/1
f 283/10/1 281/10/1 282/10/1
f 289/11/1 286/11/1 285/11/1
f 289/11/1 285/11/1 284/11/1
f 290/11/1 286/11/1 289/11/1
f 292/6/1 288/6/1 287/6/1
f 293/6/1 288/6/1 292/6/1
f 294/11/1 289/11/1 284/11/1
f 295/11/1 289/11/1 294/11/1
f 296/12/1 292/12/1 291/12/1
f 297/12/1 292/12/1 296/12/1
f 300/4/1 299/4/1 298/4/1
f 301/4/1 299/4/1 300/4/1
f 304/5/1 303/5/1 302/5/1
f 305/5/1 303/5/1 304/5/1
f 309/5/1 307/5/1 306/5/1
f 310/5/1 307/5/1 309/5/1
f 311/5/1 309/5/1 308/5/1
f 312/5/1 309/5/1 311/5/1
f 317/5/1 314/5/1 313/5/1
f 318/5/1 314/5/1 317/5/1
f 322/2/1 316/2/1 315/2/1
f 323/2/1 316/2/1 322/2/1
f 324/2/1 319/2/1 318/2/1
f 325/2/1 319/2/1 324/2/1
f 326/2/1 321/2/1 320/2/1
f 327/2/1 321/2/1 326/2/1
f 333/6/1 329/6/1 328/6/1
f 334/6/1 329/6/1 333/6/1
f 335/11/1 331/11/1 330/11/1
f 336/11/1 335/11/1 330/11/1
f 337/11/1 335/11/1 336/11/1
f 338/12/1 333/12/1 332/12/1
f 339/6/1 334/6/1 333/6/1
f 339/12/1 333/12/1 338/12/1
f 340/6/1 334/6/1 339/6/1
f 343/5/1 339/5/1 338/5/1
f 344/5/1 339/5/1 343/5/1
f 345/11/1 342/11/1 341/11/1
f 346/11/1 342/11/1 345/11/1
f 349/5/1 348/5/1 347/5/1
f 350/5/1 348/5/1 349/5/1
f 354/5/1 352/5/1 351/5/1
f 355/5/1 352/5/1 354/5/1
f 356/2/1 354/2/1 353/2/1
f 357/2/1 354/2/1 356/2/1
f 362/11/1 359/11/1 358/11/1
f 364/6/1 361/6/1 360/6/1
f 365/6/1 361/6/1 364/6/1
f 366/11/1 362/11/1 358/11/1
f 367/11/1 362/11/1 366/11/1
f 368/12/1 364/12/1 363/12/1
f 369/12/1 364/12/1 368/12/1
f 372/1/1 371/1/1 370/1/1
f 373/1/1 371/1/1 372/1/1
f 376/2/1 375/2/1 374/2/1
f 377/2/1 375/2/1 376/2/1
f 380/12/1 379/12/1 378/12/1
f 381/12/1 379/12/1 380/12/1
f 385/11/1 383/11/1 382/11/1
f 386/4/1 384/4/1 383/4/1
f 386/11/1 383/11/1 385/11/1
f 387/4/1 384/4/1 386/4/1
f 390/8/1 389/8/1 388/8/1
f 391/8/1 389/8/1 390/8/1
f 392/15/1 391/15/1 390/15/1
f 393/15/1 391/15/1 392/15/1
f 394/15/1 391/15/1 393/15/1
f 395/15/1 391/15/1 394/15/1
f 396/3/1 395/3/1 394/3/1
f 397/3/1 395/3/1 396/3/1
f 398/3/1 395/3/1 397/3/1
f 399/3/1 395/3/1 398/3/1
f 400/5/1 398/5/1 397/5/1
f 401/5/1 398/5/1 400/5/1
f 402/5/1 398/5/1 401/5/1
f 404/12/1 401/12/1 400/12/1
f 404/5/1 403/5/1 402/5/1
f 404/5/1 402/5/1 401/5/1
f 405/5/1 403/5/1 404/5/1
f 406/12/1 404/12/1 400/12/1
f 406/12/1 405/12/1 404/12/1
f 407/12/1 405/12/1 406/12/1
f 408/5/1 403/5/1 405/5/1
f 408/12/1 405/12/1 407/12/1
f 409/5/1 403/5/1 408/5/1
f 412/7/1 411/7/1 410/7/1
f 413/7/1 411/7/1 412/7/1
f 420/2/1 415/2/1 414/2/1
f 421/10/1 417/10/1 416/10/1
f 422/10/1 417/10/1 421/10/1
f 423/1/1 419/1/1 418/1/1
f 424/1/1 419/1/1 423/1/1
f 425/2/1 420/2/1 414/2/1
f 426/2/1 420/2/1 425/2/1
f 427/10/1 426/10/1 425/10/1
f 428/10/1 426/10/1 427/10/1
f 431/1/1 430/1/1 429/1/1
f 432/1/1 430/1/1 431/1/1
f 435/7/1 434/7/1 433/7/1
f 436/7/1 434/7/1 435/7/1
f 440/4/1 439/4/1 438/4/1
f 441/11/1 438/11/1 437/11/1
f 442/4/1 440/4/1 438/4/1
f 442/11/1 438/11/1 441/11/1
f 443/4/1 440/4/1 442/4/1
f 446/5/1 445/5/1 444/5/1
f 447/5/1 445/5/1 446/5/1
f 452/10/1 449/10/1 448/10/1
f 453/10/1 449/10/1 452/10/1
f 454/10/1 451/10/1 450/10/1
f 455/10/1 451/10/1 454/10/1
f 456/5/1 454/5/1 453/5/1
f 457/5/1 454/5/1 456/5/1
f 460/12/1 459/12/1 458/12/1
f 461/12/1 459/12/1 460/12/1
f 462/12/2 463/12/2 464/12/2
f 464/12/2 463/12/2 465/12/2
f 466/10/2 467/10/2 470/10/2
f 470/10/2 467/10/2 471/10/2
f 468/10/2 469/10/2 472/10/2
f 472/10/2 469/10/2 473/10/2
f 471/5/2 472/5/2 474/5/2
f 474/5/2 472/5/2 475/5/2
f 476/5/2 477/5/2 478/5/2
f 478/5/2 477/5/2 479/5/2
f 480/7/2 481/7/2 482/7/2
f 482/7/2 481/7/2 483/7/2
f 485/4/2 486/4/2 487/4/2
f 484/11/2 485/11/2 488/11/2
f 485/4/2 487/4/2 489/4/2
f 488/11/2 485/11/2 489/11/2
f 489/4/2 487/4/2 490/4/2
f 491/1/2 492/1/2 493/1/2
f 493/1/2 492/1/2 494/1/2
f 495/2/2 496/2/2 501/2/2
f 497/10/2 498/10/2 502/10/2
f 502/10/2 498/10/2 503/10/2
f 499/1/2 500/1/2 504/1/2
f 504/1/2 500/1/2 505/1/2
f 495/2/2 501/2/2 506/2/2
f 506/2/2 501/2/2 507/2/2
f 506/10/2 507/10/2 508/10/2
f 508/10/2 507/10/2 509/10/2
f 510/8/2 511/8/2 512/8/2
f 512/8/2 511/8/2 513/8/2
f 512/15/2 513/15/2 514/15/2
f 514/15/2 513/15/2 515/15/2
f 515/15/2 513/15/2 516/15/2
f 516/15/2 513/15/2 517/15/2
f 516/3/2 517/3/2 518/3/2
f 518/3/2 517/3/2 519/3/2
f 519/3/2 517/3/2 520/3/2
f 520/3/2 517/3/2 521/3/2
f 519/5/2 520/5/2 522/5/2
f 522/5/2 520/5/2 523/5/2
f 523/5/2 520/5/2 524/5/2
f 522/12/2 523/12/2 526/12/2
f 524/5/2 525/5/2 526/5/2
f 523/5/2 524/5/2 526/5/2
f 526/5/2 525/5/2 527/5/2
f 522/12/2 526/12/2 528/12/2
f 526/12/2 527/12/2 528/12/2
f 528/12/2 527/12/2 529/12/2
f 527/5/2 525/5/2 530/5/2
f 529/12/2 527/12/2 530/12/2
f 530/5/2 525/5/2 531/5/2
f 532/7/2 533/7/2 534/7/2
f 534/7/2 533/7/2 535/7/2
f 536/12/2 537/12/2 538/12/2
f 538/12/2 537/12/2 539/12/2
f 540/11/2 541/11/2 543/11/2
f 541/4/2 542/4/2 544/4/2
f 543/11/2 541/11/2 544/11/2
f 544/4/2 542/4/2 545/4/2
f 546/11/2 547/11/2 550/11/2
f 548/6/2 549/6/2 552/6/2
f 552/6/2 549/6/2 553/6/2
f 546/11/2 550/11/2 554/11/2
f 554/11/2 550/11/2 555/11/2
f 551/12/2 552/12/2 556/12/2
f 556/12/2 552/12/2 557/12/2
f 558/1/2 559/1/2 560/1/2
f 560/1/2 559/1/2 561/1/2
f 562/2/2 563/2/2 564/2/2
f 564/2/2 563/2/2 565/2/2
f 566/6/2 567/6/2 571/6/2
f 571/6/2 567/6/2 572/6/2
f 568/11/2 569/11/2 573/11/2
f 568/11/2 573/11/2 574/11/2
f 574/11/2 573/11/2 575/11/2
f 570/12/2 571/12/2 576/12/2
f 571/6/2 572/6/2 577/6/2
f 576/12/2 571/12/2 577/12/2
f 577/6/2 572/6/2 578/6/2
f 576/5/2 577/5/2 581/5/2
f 581/5/2 577/5/2 582/5/2
f 579/11/2 580/11/2 583/11/2
f 583/11/2 580/11/2 584/11/2
f 585/5/2 586/5/2 587/5/2
f 587/5/2 586/5/2 588/5/2
f 589/5/2 590/5/2 592/5/2
f 592/5/2 590/5/2 593/5/2
f 591/2/2 592/2/2 594/2/2
f 594/2/2 592/2/2 595/2/2
f 596/10/2 597/10/2 600/10/2
f 598/2/2 599/2/2 601/2/2
f 596/10/2 600/10/2 602/10/2
f 602/10/2 600/10/2 603/10/2
f 601/2/2 599/2/2 604/2/2
f 604/2/2 599/2/2 605/2/2
f 606/10/2 607/10/2 608/10/2
f 608/10/2 607/10/2 609/10/2
f 611/11/2 612/11/2 615/11/2
f 610/11/2 611/11/2 615/11/2
f 615/11/2 612/11/2 616/11/2
f 613/6/2 614/6/2 618/6/2
f 618/6/2 614/6/2 619/6/2
f 610/11/2 615/11/2 620/11/2
f 620/11/2 615/11/2 621/11/2
f 617/12/2 618/12/2 622/12/2
f 622/12/2 618/12/2 623/12/2
f 624/4/2 625/4/2 626/4/2
f 626/4/2 625/4/2 627/4/2
f 628/5/2 629/5/2 630/5/2
f 630/5/2 629/5/2 631/5/2
f 632/5/2 633/5/2 635/5/2
f 635/5/2 633/5/2 636/5/2
f 634/5/2 635/5/2 637/5/2
f 637/5/2 635/5/2 638/5/2
f 639/5/2 640/5/2 643/5/2
f 643/5/2 640/5/2 644/5/2
f 641/2/2 642/2/2 648/2/2
f 648/2/2 642/2/2 649/2/2
f 644/2/2 645/2/2 650/2/2
f 650/2/2 645/2/2 651/2/2
f 646/2/2 647/2/2 652/2/2
f 652/2/2 647/2/2 653/2/2
f 654/8/2 655/8/2 656/8/2
f 656/8/2 655/8/2 657/8/2
f 656/15/2 657/15/2 658/15/2
f 658/15/2 657/15/2 659/15/2
f 659/15/2 657/15/2 660/15/2
f 660/15/2 657/15/2 661/15/2
f 660/3/2 661/3/2 662/3/2
f 662/3/2 661/3/2 663/3/2
f 663/3/2 661/3/2 664/3/2
f 664/3/2 661/3/2 665/3/2
f 663/2/2 664/2/2 666/2/2
f 666/2/2 664/2/2 667/2/2
f 666/10/2 667/10/2 668/10/2
f 667/2/2 664/2/2 668/2/2
f 668/2/2 664/2/2 669/2/2
f 666/10/2 668/10/2 671/10/2
f 668/10/2 669/10/2 671/10/2
f 671/10/2 669/10/2 672/10/2
f 671/3/2 672/3/2 674/3/2
f 672/3/2 673/3/2 674/3/2
f 670/3/2 671/3/2 674/3/2
f 674/3/2 673/3/2 675/3/2
f 675/3/2 673/3/2 676/3/2
f 676/3/2 673/3/2 677/3/2
f 674/15/2 675/15/2 678/15/2
f 675/3/2 676/3/2 679/3/2
f 678/15/2 675/15/2 679/15/2
f 679/3/2 676/3/2 680/3/2
f 676/15/2 677/15/2 681/15/2
f 680/3/2 676/3/2 681/3/2
f 681/15/2 677/15/2 682/15/2
f 679/10/2 680/10/2 686/10/2
f 681/2/2 682/2/2 687/2/2
f 680/2/2 681/2/2 687/2/2
f 686/10/2 680/10/2 687/10/2
f 683/1/2 684/1/2 688/1/2
f 688/1/2 684/1/2 689/1/2
f 685/10/2 686/10/2 690/10/2
f 686/2/2 687/2/2 691/2/2
f 690/10/2 686/10/2 691/10/2
f 687/2/2 682/2/2 692/2/2
f 691/2/2 687/2/2 692/2/2
f 693/6/2 694/6/2 698/6/2
f 695/11/2 696/11/2 700/11/2
f 700/11/2 696/11/2 701/11/2
f 699/4/2 700/4/2 703/4/2
f 700/1/2 701/1/2 704/1/2
f 703/4/2 700/4/2 704/4/2
f 704/1/2 701/1/2 705/1/2
f 697/12/2 698/12/2 708/12/2
f 698/6/2 694/6/2 709/6/2
f 708/12/2 698/12/2 709/12/2
f 709/6/2 694/6/2 710/6/2
f 702/4/2 703/4/2 711/4/2
f 703/4/2 704/4/2 711/4/2
f 711/4/2 704/4/2 712/4/2
f 706/2/2 707/2/2 714/2/2
f 707/12/2 708/12/2 714/12/2
f 714/12/2 708/12/2 715/12/2
f 712/12/2 713/12/2 718/12/2
f 718/12/2 713/12/2 719/12/2
f 706/2/2 714/2/2 720/2/2
f 714/10/2 715/10/2 721/10/2
f 720/2/2 714/2/2 721/2/2
f 716/13/2 717/13/2 722/13/2
f 721/10/2 715/10/2 722/10/2
f 715/13/2 716/13/2 722/13/2
f 717/13/2 718/13/2 722/13/2
f 722/13/2 718/13/2 723/13/2
f 724/10/2 725/10/2 726/10/2
f 724/10/2 726/10/2 728/10/2
f 726/5/2 727/5/2 729/5/2
f 728/10/2 726/10/2 729/10/2
f 729/5/2 727/5/2 730/5/2
f 728/2/2 729/2/2 731/2/2
f 731/2/2 729/2/2 732/2/2
f 732/2/2 729/2/2 733/2/2
f 734/5/2 735/5/2 737/5/2
f 735/2/2 736/2/2 738/2/2
f 737/5/2 735/5/2 738/5/2
f 738/2/2 736/2/2 739/2/2
f 737/2/2 738/2/2 742/2/2
f 742/2/2 738/2/2 743/2/2
f 740/2/2 741/2/2 744/2/2
f 744/2/2 741/2/2 745/2/2
f 746/11/2 747/11/2 748/11/2
f 748/11/2 747/11/2 749/11/2
f 748/1/2 749/1/2 750/1/2
f 750/1/2 749/1/2 751/1/2
f 752/12/2 753/12/2 756/12/2
f 756/12/2 753/12/2 757/12/2
f 754/12/2 755/12/2 758/12/2
f 758/12/2 755/12/2 759/12/2
f 760/2/2 761/2/2 764/2/2
f 764/2/2 761/2/2 765/2/2
f 762/10/2 763/10/2 766/10/2
f 766/10/2 763/10/2 767/10/2
f 768/5/2 769/5/2 770/5/2
f 770/5/2 769/5/2 773/5/2
f 773/5/2 769/5/2 774/5/2
f 771/5/2 772/5/2 775/5/2
f 775/5/2 772/5/2 776/5/2
f 776/5/2 777/5/2 781/5/2
f 777/2/2 778/2/2 782/2/2
f 781/5/2 777/5/2 782/5/2
f 782/2/2 778/2/2 783/2/2
f 779/2/2 780/2/2 784/2/2
f 784/2/2 780/2/2 785/2/2
f 786/10/2 787/10/2 789/10/2
f 789/10/2 787/10/2 790/10/2
f 790/10/2 787/10/2 791/10/2
f 791/10/2 787/10/2 792/10/2
f 792/10/2 787/10/2 793/10/2
f 788/2/2 789/2/2 795/2/2
f 789/5/2 790/5/2 796/5/2
f 795/2/2 789/2/2 796/2/2
f 796/5/2 790/5/2 797/5/2
f 790/10/2 791/10/2 798/10/2
f 797/5/2 790/5/2 798/5/2
f 798/10/2 791/10/2 799/10/2
f 793/10/2 794/10/2 800/10/2
f 792/10/2 793/10/2 800/10/2
f 800/10/2 794/10/2 801/10/2
f 801/10/2 794/10/2 802/10/2
f 802/10/2 794/10/2 803/10/2
f 795/14/2 796/14/2 804/14/2
f 796/7/2 797/7/2 805/7/2
f 804/14/2 796/14/2 805/14/2
f 797/12/2 798/12/2 806/12/2
f 805/7/2 797/7/2 806/7/2
f 806/12/2 798/12/2 807/12/2
f 802/5/2 803/5/2 808/5/2
f 801/12/2 802/12/2 808/12/2
f 808/5/2 803/5/2 809/5/2
f 806/5/2 807/5/2 810/5/2
f 805/4/2 806/4/2 810/4/2
f 810/5/2 807/5/2 811/5/2
f 801/12/2 808/12/2 814/12/2
f 814/12/2 808/12/2 815/12/2
f 804/11/2 805/11/2 816/11/2
f 805/4/2 810/4/2 817/4/2
f 816/11/2 805/11/2 817/11/2
f 810/2/2 811/2/2 818/2/2
f 817/4/2 810/4/2 818/4/2
f 811/10/2 812/10/2 819/10/2
f 818/2/2 811/2/2 819/2/2
f 819/10/2 812/10/2 820/10/2
f 813/5/2 814/5/2 822/5/2
f 814/5/2 815/5/2 822/5/2
f 822/5/2 815/5/2 823/5/2
f 823/5/2 815/5/2 824/5/2
f 819/2/2 820/2/2 825/2/2
f 820/5/2 821/5/2 826/5/2
f 825/2/2 820/2/2 826/2/2
f 826/5/2 821/5/2 827/5/2
f 822/2/2 823/2/2 828/2/2
f 827/5/2 821/5/2 828/5/2
f 821/2/2 822/2/2 828/2/2
f 828/2/2 823/2/2 829/2/2
f 829/2/2 823/2/2 830/2/2
f 828/2/2 829/2/2 831/2/2
f 827/2/2 828/2/2 831/2/2
f 831/2/2 829/2/2 832/2/2
f 833/2/2 834/2/2 837/2/2
f 837/2/2 834/2/2 838/2/2
f 835/2/2 836/2/2 839/2/2
f 839/2/2 836/2/2 840/2/2
f 841/6/2 842/6/2 845/6/2
f 845/6/2 842/6/2 846/6/2
f 843/6/2 844/6/2 847/6/2
f 847/6/2 844/6/2 848/6/2
f 849/5/2 850/5/2 852/5/2
f 852/5/2 850/5/2 853/5/2
f 853/5/2 850/5/2 854/5/2
f 854/5/2 850/5/2 855/5/2
f 852/2/2 853/2/2 857/2/2
f 853/10/2 854/10/2 858/10/2
f 857/2/2 853/2/2 858/2/2
f 854/2/2 855/2/2 859/2/2
f 858/10/2 854/10/2 859/10/2
f 859/2/2 855/2/2 860/2/2
f 851/5/2 852/5/2 861/5/2
f 852/2/2 857/2/2 861/2/2
f 859/10/2 860/10/2 862/10/2
f 861/2/2 857/2/2 862/2/2
f 857/10/2 858/10/2 862/10/2
f 858/10/2 859/10/2 862/10/2
f 860/2/2 855/2/2 863/2/2
f 862/10/2 860/10/2 863/10/2
f 855/5/2 856/5/2 864/5/2
f 863/2/2 855/2/2 864/2/2
f 861/10/2 862/10/2 865/10/2
f 862/10/2 863/10/2 865/10/2
f 863/10/2 864/10/2 865/10/2
f 851/5/2 861/5/2 865/5/2
f 865/10/2 864/10/2 866/10/2
f 866/10/2 864/10/2 867/10/2
f 864/5/2 856/5/2 868/5/2
f 867/10/2 864/10/2 868/10/2
f 866/10/2 867/10/2 869/10/2
f 865/2/2 866/2/2 869/2/2
f 869/10/2 867/10/2 870/10/2
f 870/10/2 867/10/2 871/10/2
f 867/2/2 868/2/2 872/2/2
f 871/10/2 867/10/2 872/10/2
f 851/5/2 865/5/2 873/5/2
f 865/2/2 869/2/2 874/2/2
f 873/5/2 865/5/2 874/5/2
f 869/2/2 870/2/2 874/2/2
f 870/10/2 871/10/2 875/10/2
f 874/2/2 870/2/2 875/2/2
f 871/2/2 872/2/2 876/2/2
f 875/10/2 871/10/2 876/10/2
f 868/5/2 856/5/2 877/5/2
f 876/2/2 872/2/2 877/2/2
f 872/2/2 868/2/2 877/2/2
f 877/5/2 856/5/2 878/5/2
f 875/5/2 876/5/2 879/5/2
f 874/5/2 875/5/2 879/5/2
f 876/5/2 877/5/2 879/5/2
f 879/5/2 877/5/2 880/5/2
f 881/10/2 882/10/2 883/10/2
f 883/10/2 882/10/2 884/10/2
f 885/5/2 886/5/2 889/5/2
f 889/5/2 886/5/2 890/5/2
f 887/5/2 888/5/2 891/5/2
f 891/5/2 888/5/2 892/5/2
f 890/6/2 891/6/2 893/6/2
f 893/6/2 891/6/2 894/6/2
f 895/2/2 896/2/2 899/2/2
f 899/2/2 896/2/2 900/2/2
f 897/2/2 898/2/2 901/2/2
f 901/2/2 898/2/2 902/2/2
f 900/5/2 901/5/2 903/5/2
f 903/5/2 901/5/2 904/5/2
f 905/10/2 906/10/2 907/10/2
f 907/10/2 906/10/2 908/10/2
f 909/2/2 910/2/2 911/2/2
f 911/2/2 910/2/2 912/2/2
f 913/12/2 914/12/2 916/12/2
f 916/12/2 914/12/2 917/12/2
f 915/12/2 916/12/2 919/12/2
f 917/12/2 918/12/2 919/12/2
f 916/12/2 917/12/2 919/12/2
f 919/12/2 918/12/2 920/12/2
f 926/2/3 922/2/3 921/2/3
f 927/14/3 923/14/3 922/14/3
f 927/2/3 922/2/3 926/2/3
f 928/14/3 923/14/3 927/14/3
f 929/14/3 923/14/3 928/14/3
f 931/2/3 926/2/3 925/2/3
f 932/10/3 927/10/3 926/10/3
f 932/2/3 926/2/3 931/2/3
f 933/7/3 929/7/3 928/7/3
f 934/7/3 929/7/3 933/7/3
f 935/11/3 924/11/3 923/11/3
f 935/14/3 923/14/3 929/14/3
f 936/11/3 924/11/3 935/11/3
f 937/2/3 931/2/3 930/2/3
f 938/10/3 932/10/3 931/10/3
f 938/2/3 931/2/3 937/2/3
f 939/10/3 938/10/3 937/10/3
f 940/14/3 928/14/3 927/14/3
f 940/10/3 938/10/3 939/10/3
f 940/10/3 927/10/3 932/10/3
f 940/10/3 932/10/3 938/10/3
f 941/14/3 940/14/3 939/14/3
f 942/7/3 933/7/3 928/7/3
f 942/14/3 940/14/3 941/14/3
f 942/14/3 928/14/3 940/14/3
f 943/7/3 942/7/3 941/7/3
f 944/7/3 933/7/3 942/7/3
f 944/7/3 942/7/3 943/7/3
f 945/14/3 935/14/3 929/14/3
f 949/11/3 946/11/3 945/11/3
f 949/14/3 945/14/3 929/14/3
f 950/11/3 946/11/3 949/11/3
f 951/7/3 948/7/3 947/7/3
f 952/7/3 948/7/3 951/7/3
f 953/14/3 952/14/3 951/14/3
f 954/14/3 952/14/3 953/14/3
f 955/10/3 954/10/3 953/10/3
f 956/10/3 954/10/3 955/10/3
f 957/2/3 956/2/3 955/2/3
f 958/10/3 954/10/3 956/10/3
f 958/2/3 956/2/3 957/2/3
f 959/10/3 954/10/3 958/10/3
f 960/7/3 948/7/3 952/7/3
f 961/7/3 929/7/3 934/7/3
f 962/14/3 949/14/3 929/14/3
f 964/2/3 959/2/3 958/2/3
f 965/10/3 954/10/3 959/10/3
f 965/2/3 959/2/3 964/2/3
f 966/14/3 952/14/3 954/14/3
f 966/10/3 954/10/3 965/10/3
f 967/7/3 960/7/3 952/7/3
f 967/14/3 952/14/3 966/14/3
f 967/7/3 961/7/3 960/7/3
f 968/7/3 929/7/3 961/7/3
f 968/7/3 961/7/3 967/7/3
f 968/14/3 962/14/3 929/14/3
f 969/2/3 966/2/3 965/2/3
f 970/14/3 967/14/3 966/14/3
f 970/2/3 966/2/3 969/2/3
f 970/14/3 968/14/3 967/14/3
f 971/14/3 962/14/3 968/14/3
f 971/14/3 968/14/3 970/14/3
f 971/11/3 963/11/3 962/11/3
f 972/11/3 963/11/3 971/11/3
f 975/10/3 974/10/3 973/10/3
f 976/10/3 974/10/3 975/10/3
f 979/10/3 978/10/3 977/10/3
f 980/10/3 978/10/3 979/10/3
f 989/12/3 982/12/3 981/12/3
f 990/12/3 982/12/3 989/12/3
f 995/5/3 984/5/3 983/5/3
f 997/12/3 989/12/3 988/12/3
f 998/12/3 989/12/3 997/12/3
f 999/10/3 994/10/3 993/10/3
f 999/2/3 995/2/3 994/2/3
f 1000/5/3 984/5/3 995/5/3
f 1000/2/3 995/2/3 999/2/3
f 1001/5/3 984/5/3 1000/5/3
f 1005/12/3 997/12/3 996/12/3
f 1006/5/3 998/5/3 997/5/3
f 1006/12/3 997/12/3 1005/12/3
f 1007/5/3 998/5/3 1006/5/3
f 1009/12/3 1004/12/3 1003/12/3
f 1010/5/3 1005/5/3 1004/5/3
f 1010/5/3 1006/5/3 1005/5/3
f 1010/12/3 1004/12/3 1009/12/3
f 1011/5/3 1006/5/3 1010/5/3
f 1012/10/3 1007/10/3 1006/10/3
f 1012/5/3 1006/5/3 1011/5/3
f 1013/10/3 1000/10/3 999/10/3
f 1013/2/3 1001/2/3 1000/2/3
f 1014/5/3 1002/5/3 1001/5/3
f 1014/2/3 1001/2/3 1013/2/3
f 1015/8/3 986/8/3 985/8/3
f 1016/15/3 987/15/3 986/15/3
f 1016/8/3 986/8/3 1015/8/3
f 1017/15/3 987/15/3 1016/15/3
f 1019/12/3 1009/12/3 1008/12/3
f 1020/5/3 1010/5/3 1009/5/3
f 1020/5/3 1011/5/3 1010/5/3
f 1020/12/3 1009/12/3 1019/12/3
f 1021/5/3 1011/5/3 1020/5/3
f 1022/10/3 1007/10/3 1012/10/3
f 1022/10/3 1012/10/3 1011/10/3
f 1023/9/3 992/9/3 991/9/3
f 1024/10/3 999/10/3 993/10/3
f 1024/10/3 1013/10/3 999/10/3
f 1024/10/3 1014/10/3 1013/10/3
f 1025/10/3 1014/10/3 1024/10/3
f 1026/12/3 1019/12/3 1018/12/3
f 1027/5/3 1020/5/3 1019/5/3
f 1027/12/3 1019/12/3 1026/12/3
f 1028/10/3 1021/10/3 1020/10/3
f 1028/5/3 1020/5/3 1027/5/3
f 1029/5/3 1011/5/3 1021/5/3
f 1029/10/3 1022/10/3 1011/10/3
f 1030/9/3 1023/9/3 1022/9/3
f 1030/10/3 1022/10/3 1029/10/3
f 1031/5/3 1027/5/3 1026/5/3
f 1032/10/3 1028/10/3 1027/10/3
f 1032/5/3 1027/5/3 1031/5/3
f 1033/10/3 1021/10/3 1028/10/3
f 1033/10/3 1028/10/3 1032/10/3
f 1034/5/3 1029/5/3 1021/5/3
f 1034/5/3 1030/5/3 1029/5/3
f 1035/9/3 1023/9/3 1030/9/3
f 1035/5/3 1030/5/3 1034/5/3
f 1039/12/3 1032/12/3 1031/12/3
f 1040/5/3 1033/5/3 1032/5/3
f 1040/12/3 1032/12/3 1039/12/3
f 1041/10/3 1021/10/3 1033/10/3
f 1041/5/3 1033/5/3 1040/5/3
f 1042/5/3 1034/5/3 1021/5/3
f 1042/10/3 1021/10/3 1041/10/3
f 1043/10/3 1035/10/3 1034/10/3
f 1043/9/3 1023/9/3 1035/9/3
f 1044/9/3 992/9/3 1023/9/3
f 1044/9/3 1023/9/3 1043/9/3
f 1046/10/3 1014/10/3 1025/10/3
f 1047/12/3 1041/12/3 1040/12/3
f 1048/5/3 1042/5/3 1041/5/3
f 1048/12/3 1041/12/3 1047/12/3
f 1049/5/3 1034/5/3 1042/5/3
f 1049/5/3 1042/5/3 1048/5/3
f 1050/10/3 1043/10/3 1034/10/3
f 1050/5/3 1034/5/3 1049/5/3
f 1051/10/3 1043/10/3 1050/10/3
f 1052/10/3 1046/10/3 1045/10/3
f 1052/10/3 1014/10/3 1046/10/3
f 1053/5/3 1002/5/3 1014/5/3
f 1053/10/3 1014/10/3 1052/10/3
f 1054/12/3 1049/12/3 1048/12/3
f 1055/5/3 1051/5/3 1050/5/3
f 1055/12/3 1049/12/3 1054/12/3
f 1055/5/3 1050/5/3 1049/5/3
f 1056/5/3 1051/5/3 1055/5/3
f 1057/10/3 1043/10/3 1051/10/3
f 1057/5/3 1051/5/3 1056/5/3
f 1058/10/3 1043/10/3 1057/10/3
f 1059/12/3 1057/12/3 1056/12/3
f 1060/5/3 1058/5/3 1057/5/3
f 1060/12/3 1057/12/3 1059/12/3
f 1061/5/3 1058/5/3 1060/5/3
f 1062/10/3 1052/10/3 1045/10/3
f 1063/2/3 1053/2/3 1052/2/3
f 1063/10/3 1052/10/3 1062/10/3
f 1064/5/3 1002/5/3 1053/5/3
f 1064/2/3 1053/2/3 1063/2/3
f 1065/5/3 1002/5/3 1064/5/3
f 1066/8/3 1037/8/3 1036/8/3
f 1067/15/3 1038/15/3 1037/15/3
f 1067/8/3 1037/8/3 1066/8/3
f 1068/15/3 1038/15/3 1067/15/3
f 1069/12/3 1061/12/3 1060/12/3
f 1070/12/3 1061/12/3 1069/12/3
f 1072/9/3 992/9/3 1044/9/3
f 1073/9/3 992/9/3 1072/9/3
f 1074/10/3 1062/10/3 1045/10/3
f 1075/2/3 1063/2/3 1062/2/3
f 1075/10/3 1062/10/3 1074/10/3
f 1076/5/3 1064/5/3 1063/5/3
f 1076/2/3 1063/2/3 1075/2/3
f 1077/12/3 1071/12/3 1070/12/3
f 1078/12/3 1071/12/3 1077/12/3
f 1079/5/3 1064/5/3 1076/5/3
f 1080/5/3 1064/5/3 1079/5/3
f 1083/5/3 1082/5/3 1081/5/3
f 1084/5/3 1082/5/3 1083/5/3
f 1085/5/3 1082/5/3 1084/5/3
f 1088/2/3 1087/2/3 1086/2/3
f 1089/2/3 1087/2/3 1088/2/3
f 1093/5/3 1090/5/3 1089/5/3
f 1094/5/3 1090/5/3 1093/5/3
f 1096/6/3 1092/6/3 1091/6/3
f 1097/6/3 1092/6/3 1096/6/3
f 1098/2/3 1094/2/3 1093/2/3
f 1099/2/3 1094/2/3 1098/2/3
f 1103/6/3 1096/6/3 1095/6/3
f 1104/6/3 1096/6/3 1103/6/3
f 1106/6/3 1102/6/3 1101/6/3
f 1107/6/3 1102/6/3 1106/6/3
f 1108/6/3 1106/6/3 1105/6/3
f 1109/6/3 1106/6/3 1108/6/3
f 1112/6/3 1111/6/3 1110/6/3
f 1113/6/3 1111/6/3 1112/6/3
f 1115/6/3 1114/6/3 1113/6/3
f 1116/6/3 1114/6/3 1115/6/3
f 1119/6/3 1118/6/3 1117/6/3
f 1120/6/3 1118/6/3 1119/6/3
f 1123/2/3 1100/2/3 1099/2/3
f 1124/2/3 1100/2/3 1123/2/3
f 1125/6/3 1121/6/3 1120/6/3
f 1126/6/3 1121/6/3 1125/6/3
f 1127/2/3 1123/2/3 1122/2/3
f 1128/2/3 1123/2/3 1127/2/3
f 1130/5/3 1128/5/3 1127/5/3
f 1131/5/3 1128/5/3 1130/5/3
f 1135/2/3 1130/2/3 1129/2/3
f 1136/2/3 1130/2/3 1135/2/3
f 1137/5/3 1134/5/3 1133/5/3
f 1137/5/3 1133/5/3 1132/5/3
f 1138/5/3 1134/5/3 1137/5/3
f 1141/12/3 1140/12/3 1139/12/3
f 1142/12/3 1140/12/3 1141/12/3
f 1143/2/3 1142/2/3 1141/2/3
f 1144/2/3 1142/2/3 1143/2/3
f 1145/10/3 1144/10/3 1143/10/3
f 1146/10/3 1144/10/3 1145/10/3
f 1149/2/3 1148/2/3 1147/2/3
f 1150/2/3 1148/2/3 1149/2/3
f 1153/10/3 1150/10/3 1149/10/3
f 1154/5/3 1151/5/3 1150/5/3
f 1160/10/3 1150/10/3 1153/10/3
f 1160/5/3 1154/5/3 1150/5/3
f 1161/6/3 1155/6/3 1154/6/3
f 1161/5/3 1154/5/3 1160/5/3
f 1162/5/3 1157/5/3 1156/5/3
f 1163/5/3 1157/5/3 1162/5/3
f 1164/5/3 1159/5/3 1158/5/3
f 1165/5/3 1159/5/3 1164/5/3
f 1166/2/3 1153/2/3 1152/2/3
f 1167/10/3 1160/10/3 1153/10/3
f 1167/2/3 1153/2/3 1166/2/3
f 1167/10/3 1161/10/3 1160/10/3
f 1168/6/3 1155/6/3 1161/6/3
f 1168/10/3 1161/10/3 1167/10/3
f 1169/6/3 1155/6/3 1168/6/3
f 1177/5/3 1167/5/3 1166/5/3
f 1178/10/3 1168/10/3 1167/10/3
f 1178/5/3 1167/5/3 1177/5/3
f 1179/10/3 1168/10/3 1178/10/3
f 1182/3/3 1172/3/3 1171/3/3
f 1183/3/3 1174/3/3 1173/3/3
f 1184/15/3 1175/15/3 1174/15/3
f 1184/3/3 1174/3/3 1183/3/3
f 1185/15/3 1175/15/3 1184/15/3
f 1186/10/3 1177/10/3 1176/10/3
f 1186/10/3 1178/10/3 1177/10/3
f 1187/10/3 1178/10/3 1186/10/3
f 1188/10/3 1178/10/3 1187/10/3
f 1189/2/3 1181/2/3 1180/2/3
f 1190/2/3 1181/2/3 1189/2/3
f 1191/10/3 1183/10/3 1182/10/3
f 1191/3/3 1182/3/3 1171/3/3
f 1192/10/3 1183/10/3 1191/10/3
f 1193/15/3 1184/15/3 1183/15/3
f 1193/10/3 1183/10/3 1192/10/3
f 1194/8/3 1185/8/3 1184/8/3
f 1194/15/3 1184/15/3 1193/15/3
f 1195/10/3 1187/10/3 1186/10/3
f 1195/8/3 1185/8/3 1194/8/3
f 1195/10/3 1186/10/3 1185/10/3
f 1196/10/3 1187/10/3 1195/10/3
f 1197/2/3 1192/2/3 1191/2/3
f 1197/3/3 1191/3/3 1171/3/3
f 1198/10/3 1193/10/3 1192/10/3
f 1198/2/3 1192/2/3 1197/2/3
f 1199/8/3 1194/8/3 1193/8/3
f 1199/10/3 1193/10/3 1198/10/3
f 1200/8/3 1194/8/3 1199/8/3
f 1201/15/3 1171/15/3 1170/15/3
f 1202/3/3 1197/3/3 1171/3/3
f 1202/15/3 1171/15/3 1201/15/3
f 1203/3/3 1197/3/3 1202/3/3
f 1207/3/3 1206/3/3 1205/3/3
f 1211/3/3 1207/3/3 1205/3/3
f 1211/2/3 1208/2/3 1207/2/3
f 1212/10/3 1209/10/3 1208/10/3
f 1212/2/3 1208/2/3 1211/2/3
f 1213/8/3 1210/8/3 1209/8/3
f 1213/10/3 1209/10/3 1212/10/3
f 1214/8/3 1210/8/3 1213/8/3
f 1217/10/3 1212/10/3 1211/10/3
f 1217/3/3 1211/3/3 1205/3/3
f 1217/10/3 1213/10/3 1212/10/3
f 1218/15/3 1214/15/3 1213/15/3
f 1218/10/3 1213/10/3 1217/10/3
f 1219/8/3 1215/8/3 1214/8/3
f 1219/15/3 1214/15/3 1218/15/3
f 1220/10/3 1216/10/3 1215/10/3
f 1220/8/3 1215/8/3 1219/8/3
f 1221/10/3 1216/10/3 1220/10/3
f 1222/10/3 1216/10/3 1221/10/3
f 1226/15/3 1205/15/3 1204/15/3
f 1227/3/3 1217/3/3 1205/3/3
f 1227/15/3 1205/15/3 1226/15/3
f 1228/3/3 1217/3/3 1227/3/3
f 1229/3/3 1219/3/3 1218/3/3
f 1230/15/3 1220/15/3 1219/15/3
f 1230/3/3 1219/3/3 1229/3/3
f 1231/15/3 1220/15/3 1230/15/3
f 1232/10/3 1222/10/3 1221/10/3
f 1232/10/3 1223/10/3 1222/10/3
f 1233/10/3 1223/10/3 1232/10/3
f 1234/10/3 1223/10/3 1233/10/3
f 1236/2/3 1225/2/3 1224/2/3
f 1237/2/3 1225/2/3 1236/2/3
f 1238/5/3 1234/5/3 1233/5/3
f 1239/10/3 1235/10/3 1234/10/3
f 1239/5/3 1234/5/3 1238/5/3
f 1240/10/3 1235/10/3 1239/10/3
f 1242/10/3 1240/10/3 1239/10/3
f 1243/6/3 1241/6/3 1240/6/3
f 1243/10/3 1240/10/3 1242/10/3
f 1248/2/3 1239/2/3 1238/2/3
f 1249/10/3 1242/10/3 1239/10/3
f 1249/2/3 1239/2/3 1248/2/3
f 1250/5/3 1243/5/3 1242/5/3
f 1250/6/3 1241/6/3 1243/6/3
f 1251/6/3 1241/6/3 1250/6/3
f 1252/5/3 1245/5/3 1244/5/3
f 1253/5/3 1245/5/3 1252/5/3
f 1254/5/3 1247/5/3 1246/5/3
f 1255/5/3 1247/5/3 1254/5/3
f 1256/10/3 1242/10/3 1249/10/3
f 1257/5/3 1250/5/3 1242/5/3
f 1257/10/3 1242/10/3 1256/10/3
f 1258/5/3 1250/5/3 1257/5/3
f 1259/2/3 1257/2/3 1256/2/3
f 1260/2/3 1257/2/3 1259/2/3
f 1263/10/3 1262/10/3 1261/10/3
f 1264/10/3 1262/10/3 1263/10/3
f 1265/2/3 1264/2/3 1263/2/3
f 1266/2/3 1264/2/3 1265/2/3
f 1267/12/3 1266/12/3 1265/12/3
f 1268/12/3 1266/12/3 1267/12/3
f 1271/12/3 1270/12/3 1269/12/3
f 1272/12/3 1270/12/3 1271/12/3
f 1275/2/3 1274/2/3 1273/2/3
f 1276/2/3 1274/2/3 1275/2/3
f 1279/10/3 1276/10/3 1275/10/3
f 1280/10/3 1276/10/3 1279/10/3
f 1281/10/3 1278/10/3 1277/10/3
f 1282/10/3 1278/10/3 1281/10/3
f 1283/5/3 1280/5/3 1279/5/3
f 1284/5/3 1280/5/3 1283/5/3
f 1285/5/3 1282/5/3 1281/5/3
f 1286/12/3 1283/12/3 1282/12/3
f 1286/5/3 1282/5/3 1285/5/3
f 1287/12/3 1283/12/3 1286/12/3
f 1291/5/3 1288/5/3 1287/5/3
f 1292/5/3 1288/5/3 1291/5/3
f 1294/10/3 1290/10/3 1289/10/3
f 1295/10/3 1290/10/3 1294/10/3
f 1296/6/3 1293/6/3 1292/6/3
f 1297/6/3 1293/6/3 1296/6/3
f 1300/2/3 1299/2/3 1298/2/3
f 1301/2/3 1299/2/3 1300/2/3
f 1307/2/3 1303/2/3 1302/2/3
f 1308/10/3 1304/10/3 1303/10/3
f 1308/2/3 1303/2/3 1307/2/3
f 1309/10/3 1304/10/3 1308/10/3
f 1310/10/3 1306/10/3 1305/10/3
f 1311/10/3 1306/10/3 1310/10/3
f 1316/5/3 1313/5/3 1312/5/3
f 1317/12/3 1315/12/3 1314/12/3
f 1317/5/3 1313/5/3 1316/5/3
f 1317/12/3 1314/12/3 1313/12/3
f 1318/12/3 1315/12/3 1317/12/3
f 1322/5/3 1320/5/3 1319/5/3
f 1323/12/3 1321/12/3 1320/12/3
f 1323/5/3 1320/5/3 1322/5/3
f 1324/12/3 1321/12/3 1323/12/3
f 1325/12/3 1321/12/3 1324/12/3
f 1331/2/3 1327/2/3 1326/2/3
f 1332/10/3 1328/10/3 1327/10/3
f 1332/2/3 1327/2/3 1331/2/3
f 1333/10/3 1328/10/3 1332/10/3
f 1334/10/3 1330/10/3 1329/10/3
f 1335/10/3 1330/10/3 1334/10/3
f 1338/2/3 1337/2/3 1336/2/3
f 1339/2/3 1337/2/3 1338/2/3
f 1344/10/3 1341/10/3 1340/10/3
f 1345/10/3 1341/10/3 1344/10/3
f 1347/6/3 1343/6/3 1342/6/3
f 1348/6/3 1343/6/3 1347/6/3
f 1351/5/3 1347/5/3 1346/5/3
f 1352/5/3 1347/5/3 1351/5/3
f 1353/5/3 1350/5/3 1349/5/3
f 1354/12/3 1351/12/3 1350/12/3
f 1354/5/3 1350/5/3 1353/5/3
f 1355/12/3 1351/12/3 1354/12/3
f 1357/10/3 1354/10/3 1353/10/3
f 1358/10/3 1354/10/3 1357/10/3
f 1359/5/3 1356/5/3 1355/5/3
f 1360/5/3 1356/5/3 1359/5/3
f 1361/10/3 1360/10/3 1359/10/3
f 1362/10/3 1360/10/3 1361/10/3
f 1365/2/3 1362/2/3 1361/2/3
f 1366/2/3 1362/2/3 1365/2/3
f 1367/12/3 1364/12/3 1363/12/3
f 1368/12/3 1364/12/3 1367/12/3
f 1371/4/3 1370/4/3 1369/4/3
f 1372/4/3 1370/4/3 1371/4/3
f 1375/4/3 1374/4/3 1373/4/3
f 1376/4/3 1374/4/3 1375/4/3
f 1380/11/3 1378/11/3 1377/11/3
f 1381/11/3 1378/11/3 1380/11/3
f 1383/11/3 1380/11/3 1379/11/3
f 1384/11/3 1380/11/3 1383/11/3
f 1385/1/3 1381/1/3 1380/1/3
f 1385/11/3 1380/11/3 1384/11/3
f 1386/1/3 1381/1/3 1385/1/3
f 1388/11/3 1384/11/3 1383/11/3
f 1388/11/3 1383/11/3 1382/11/3
f 1389/11/3 1384/11/3 1388/11/3
f 1390/1/3 1385/1/3 1384/1/3
f 1390/11/3 1384/11/3 1389/11/3
f 1391/11/3 1386/11/3 1385/11/3
f 1391/1/3 1385/1/3 1390/1/3
f 1392/11/3 1386/11/3 1391/11/3
f 1393/11/3 1389/11/3 1388/11/3
f 1393/11/3 1388/11/3 1387/11/3
f 1394/1/3 1390/1/3 1389/1/3
f 1394/11/3 1389/11/3 1393/11/3
f 1394/1/3 1392/1/3 1391/1/3
f 1394/1/3 1391/1/3 1390/1/3
f 1395/1/3 1392/1/3 1394/1/3
f 1396/1/3 1392/1/3 1395/1/3
f 1397/11/3 1393/11/3 1387/11/3
f 1398/1/3 1394/1/3 1393/1/3
f 1398/11/3 1393/11/3 1397/11/3
f 1398/1/3 1395/1/3 1394/1/3
f 1399/4/3 1396/4/3 1395/4/3
f 1399/1/3 1395/1/3 1398/1/3
f 1400/11/3 1397/11/3 1387/11/3
f 1400/1/3 1398/1/3 1397/1/3
f 1401/4/3 1399/4/3 1398/4/3
f 1401/1/3 1398/1/3 1400/1/3
f 1402/4/3 1396/4/3 1399/4/3
f 1402/4/3 1399/4/3 1401/4/3
f 1403/11/3 1401/11/3 1400/11/3
f 1403/1/3 1402/1/3 1401/1/3
f 1404/1/3 1402/1/3 1403/1/3
f 1405/4/3 1396/4/3 1402/4/3
f 1405/1/3 1402/1/3 1404/1/3
f 1406/4/3 1396/4/3 1405/4/3
f 1407/11/3 1404/11/3 1403/11/3
f 1407/11/3 1400/11/3 1387/11/3
f 1407/11/3 1403/11/3 1400/11/3
f 1408/11/3 1404/11/3 1407/11/3
f 1409/1/3 1406/1/3 1405/1/3
f 1409/11/3 1404/11/3 1408/11/3
f 1409/1/3 1405/1/3 1404/1/3
f 1410/1/3 1406/1/3 1409/1/3
f 1411/1/3 1406/1/3 1410/1/3
f 1412/1/3 1406/1/3 1411/1/3
f 1413/11/3 1409/11/3 1408/11/3
f 1413/11/3 1410/11/3 1409/11/3
f 1414/11/3 1410/11/3 1413/11/3
f 1415/1/3 1411/1/3 1410/1/3
f 1415/11/3 1410/11/3 1414/11/3
f 1416/11/3 1412/11/3 1411/11/3
f 1416/1/3 1411/1/3 1415/1/3
f 1417/11/3 1412/11/3 1416/11/3
f 1418/11/3 1415/11/3 1414/11/3
f 1418/11/3 1416/11/3 1415/11/3
f 1419/1/3 1417/1/3 1416/1/3
f 1419/11/3 1416/11/3 1418/11/3
f 1420/1/3 1417/1/3 1419/1/3
f 1421/11/3 1420/11/3 1419/11/3
f 1422/11/3 1420/11/3 1421/11/3
f 1427/1/3 1424/1/3 1423/1/3
f 1428/11/3 1425/11/3 1424/11/3
f 1428/1/3 1424/1/3 1427/1/3
f 1429/1/3 1426/1/3 1425/1/3
f 1429/11/3 1425/11/3 1428/11/3
f 1430/1/3 1426/1/3 1429/1/3
f 1432/11/3 1428/11/3 1427/11/3
f 1432/11/3 1429/11/3 1428/11/3
f 1432/11/3 1430/11/3 1429/11/3
f 1433/11/3 1430/11/3 1432/11/3
f 1434/1/3 1431/1/3 1430/1/3
f 1435/1/3 1433/1/3 1432/1/3
f 1436/11/3 1430/11/3 1433/11/3
f 1436/1/3 1433/1/3 1435/1/3
f 1437/11/3 1430/11/3 1436/11/3
f 1438/11/3 1430/11/3 1437/11/3
f 1439/11/3 1430/11/3 1438/11/3
f 1440/1/3 1434/1/3 1430/1/3
f 1440/11/3 1430/11/3 1439/11/3
f 1441/1/3 1434/1/3 1440/1/3
f 1442/1/3 1437/1/3 1436/1/3
f 1443/11/3 1438/11/3 1437/11/3
f 1443/1/3 1437/1/3 1442/1/3
f 1444/11/3 1438/11/3 1443/11/3
f 1445/1/3 1439/1/3 1438/1/3
f 1445/11/3 1438/11/3 1444/11/3
f 1446/1/3 1439/1/3 1445/1/3
f 1448/11/3 1444/11/3 1443/11/3
f 1449/11/3 1444/11/3 1448/11/3
f 1453/1/3 1448/1/3 1447/1/3
f 1454/11/3 1449/11/3 1448/11/3
f 1454/11/3 1450/11/3 1449/11/3
f 1454/1/3 1448/1/3 1453/1/3
f 1455/1/3 1451/1/3 1450/1/3
f 1455/11/3 1450/11/3 1454/11/3
f 1456/1/3 1451/1/3 1455/1/3
f 1459/1/3 1458/1/3 1457/1/3
f 1460/1/3 1453/1/3 1452/1/3
f 1461/11/3 1456/11/3 1455/11/3
f 1461/1/3 1453/1/3 1460/1/3
f 1461/11/3 1454/11/3 1453/11/3
f 1461/11/3 1455/11/3 1454/11/3
f 1461/11/3 1457/11/3 1456/11/3
f 1462/11/3 1457/11/3 1461/11/3
f 1463/1/3 1459/1/3 1457/1/3
f 1463/11/3 1457/11/3 1462/11/3
f 1464/1/3 1459/1/3 1463/1/3
f 1465/11/3 1462/11/3 1461/11/3
f 1465/11/3 1461/11/3 1460/11/3
f 1466/1/3 1463/1/3 1462/1/3
f 1466/11/3 1462/11/3 1465/11/3
f 1467/1/3 1463/1/3 1466/1/3
f 1468/12/4 1469/12/4 1470/12/4
f 1470/12/4 1469/12/4 1471/12/4
f 1472/2/4 1473/2/4 1474/2/4
f 1474/2/4 1473/2/4 1475/2/4
f 1474/10/4 1475/10/4 1478/10/4
f 1478/10/4 1475/10/4 1479/10/4
f 1476/10/4 1477/10/4 1480/10/4
f 1480/10/4 1477/10/4 1481/10/4
f 1478/5/4 1479/5/4 1482/5/4
f 1482/5/4 1479/5/4 1483/5/4
f 1480/5/4 1481/5/4 1484/5/4
f 1481/12/4 1482/12/4 1485/12/4
f 1484/5/4 1481/5/4 1485/5/4
f 1485/12/4 1482/12/4 1486/12/4
f 1486/5/4 1487/5/4 1490/5/4
f 1490/5/4 1487/5/4 1491/5/4
f 1488/10/4 1489/10/4 1493/10/4
f 1493/10/4 1489/10/4 1494/10/4
f 1491/6/4 1492/6/4 1495/6/4
f 1495/6/4 1492/6/4 1496/6/4
f 1497/2/4 1498/2/4 1500/2/4
f 1498/10/4 1499/10/4 1501/10/4
f 1500/2/4 1498/2/4 1501/2/4
f 1501/10/4 1499/10/4 1502/10/4
f 1503/5/4 1504/5/4 1505/5/4
f 1505/5/4 1504/5/4 1506/5/4
f 1507/5/4 1508/5/4 1509/5/4
f 1509/5/4 1508/5/4 1510/5/4
f 1511/2/4 1512/2/4 1514/2/4
f 1512/10/4 1513/10/4 1515/10/4
f 1514/2/4 1512/2/4 1515/2/4
f 1515/10/4 1513/10/4 1516/10/4
f 1517/10/4 1518/10/4 1521/10/4
f 1521/10/4 1518/10/4 1522/10/4
f 1519/6/4 1520/6/4 1524/6/4
f 1524/6/4 1520/6/4 1525/6/4
f 1523/5/4 1524/5/4 1528/5/4
f 1528/5/4 1524/5/4 1529/5/4
f 1526/5/4 1527/5/4 1530/5/4
f 1527/12/4 1528/12/4 1531/12/4
f 1530/5/4 1527/5/4 1531/5/4
f 1531/12/4 1528/12/4 1532/12/4
f 1530/10/4 1531/10/4 1534/10/4
f 1534/10/4 1531/10/4 1535/10/4
f 1532/5/4 1533/5/4 1536/5/4
f 1536/5/4 1533/5/4 1537/5/4
f 1536/10/4 1537/10/4 1538/10/4
f 1538/10/4 1537/10/4 1539/10/4
f 1538/2/4 1539/2/4 1542/2/4
f 1542/2/4 1539/2/4 1543/2/4
f 1540/12/4 1541/12/4 1544/12/4
f 1544/12/4 1541/12/4 1545/12/4
f 1546/12/4 1547/12/4 1548/12/4
f 1548/12/4 1547/12/4 1549/12/4
f 1548/2/4 1549/2/4 1550/2/4
f 1550/2/4 1549/2/4 1551/2/4
f 1550/10/4 1551/10/4 1552/10/4
f 1552/10/4 1551/10/4 1553/10/4
f 1554/2/4 1555/2/4 1556/2/4
f 1556/2/4 1555/2/4 1557/2/4
f 1554/2/4 1556/2/4 1560/2/4
f 1556/10/4 1557/10/4 1561/10/4
f 1560/2/4 1556/2/4 1561/2/4
f 1557/5/4 1558/5/4 1562/5/4
f 1561/10/4 1557/10/4 1564/10/4
f 1560/10/4 1561/10/4 1564/10/4
f 1557/5/4 1562/5/4 1564/5/4
f 1562/6/4 1563/6/4 1565/6/4
f 1564/5/4 1562/5/4 1565/5/4
f 1559/2/4 1560/2/4 1566/2/4
f 1560/10/4 1564/10/4 1567/10/4
f 1566/2/4 1560/2/4 1567/2/4
f 1564/10/4 1565/10/4 1567/10/4
f 1565/6/4 1563/6/4 1568/6/4
f 1567/10/4 1565/10/4 1568/10/4
f 1568/6/4 1563/6/4 1569/6/4
f 1566/5/4 1567/5/4 1577/5/4
f 1567/10/4 1568/10/4 1578/10/4
f 1577/5/4 1567/5/4 1578/5/4
f 1578/10/4 1568/10/4 1579/10/4
f 1579/10/4 1568/10/4 1580/10/4
f 1572/3/4 1573/3/4 1581/3/4
f 1574/3/4 1575/3/4 1582/3/4
f 1575/15/4 1576/15/4 1583/15/4
f 1582/3/4 1575/3/4 1583/3/4
f 1576/2/4 1577/2/4 1584/2/4
f 1577/10/4 1578/10/4 1585/10/4
f 1584/2/4 1577/2/4 1585/2/4
f 1578/10/4 1579/10/4 1585/10/4
f 1585/10/4 1579/10/4 1586/10/4
f 1586/10/4 1579/10/4 1587/10/4
f 1581/2/4 1582/2/4 1588/2/4
f 1572/3/4 1581/3/4 1588/3/4
f 1588/2/4 1582/2/4 1589/2/4
f 1582/15/4 1583/15/4 1590/15/4
f 1589/2/4 1582/2/4 1590/2/4
f 1583/15/4 1576/15/4 1591/15/4
f 1590/15/4 1583/15/4 1591/15/4
f 1576/2/4 1584/2/4 1592/2/4
f 1591/15/4 1576/15/4 1592/15/4
f 1585/10/4 1586/10/4 1593/10/4
f 1592/2/4 1584/2/4 1593/2/4
f 1584/10/4 1585/10/4 1593/10/4
f 1593/10/4 1586/10/4 1594/10/4
f 1594/10/4 1586/10/4 1595/10/4
f 1588/10/4 1589/10/4 1596/10/4
f 1572/3/4 1588/3/4 1596/3/4
f 1589/5/4 1590/5/4 1597/5/4
f 1596/10/4 1589/10/4 1597/10/4
f 1592/10/4 1593/10/4 1598/10/4
f 1593/10/4 1594/10/4 1598/10/4
f 1594/2/4 1595/2/4 1599/2/4
f 1598/10/4 1594/10/4 1599/10/4
f 1599/2/4 1595/2/4 1600/2/4
f 1570/8/4 1571/8/4 1601/8/4
f 1571/15/4 1572/15/4 1602/15/4
f 1601/8/4 1571/8/4 1602/8/4
f 1572/3/4 1596/3/4 1603/3/4
f 1602/15/4 1572/15/4 1603/15/4
f 1603/3/4 1596/3/4 1604/3/4
f 1597/5/4 1590/5/4 1605/5/4
f 1590/15/4 1591/15/4 1606/15/4
f 1605/5/4 1590/5/4 1606/5/4
f 1591/8/4 1592/8/4 1607/8/4
f 1606/15/4 1591/15/4 1607/15/4
f 1606/8/4 1607/8/4 1613/8/4
f 1607/8/4 1592/8/4 1614/8/4
f 1613/8/4 1607/8/4 1614/8/4
f 1610/3/4 1611/3/4 1615/3/4
f 1612/5/4 1613/5/4 1616/5/4
f 1592/10/4 1598/10/4 1617/10/4
f 1598/2/4 1599/2/4 1617/2/4
f 1599/5/4 1600/5/4 1618/5/4
f 1617/2/4 1599/2/4 1618/2/4
f 1618/5/4 1600/5/4 1619/5/4
f 1610/3/4 1615/3/4 1620/3/4
f 1615/10/4 1616/10/4 1620/10/4
f 1616/5/4 1613/5/4 1621/5/4
f 1620/10/4 1616/10/4 1621/10/4
f 1613/15/4 1614/15/4 1622/15/4
f 1621/5/4 1613/5/4 1622/5/4
f 1614/8/4 1592/8/4 1623/8/4
f 1622/15/4 1614/15/4 1623/15/4
f 1592/10/4 1617/10/4 1624/10/4
f 1623/8/4 1592/8/4 1624/8/4
f 1617/10/4 1618/10/4 1624/10/4
f 1624/10/4 1618/10/4 1625/10/4
f 1618/2/4 1619/2/4 1626/2/4
f 1625/10/4 1618/10/4 1626/10/4
f 1626/2/4 1619/2/4 1627/2/4
f 1621/2/4 1622/2/4 1628/2/4
f 1610/3/4 1620/3/4 1628/3/4
f 1620/2/4 1621/2/4 1628/2/4
f 1622/15/4 1623/15/4 1629/15/4
f 1628/2/4 1622/2/4 1629/2/4
f 1623/15/4 1624/15/4 1629/15/4
f 1629/15/4 1624/15/4 1630/15/4
f 1624/2/4 1625/2/4 1631/2/4
f 1626/10/4 1627/10/4 1631/10/4
f 1625/10/4 1626/10/4 1631/10/4
f 1631/10/4 1627/10/4 1632/10/4
f 1632/10/4 1627/10/4 1633/10/4
f 1608/8/4 1609/8/4 1635/8/4
f 1609/15/4 1610/15/4 1636/15/4
f 1635/8/4 1609/8/4 1636/8/4
f 1610/3/4 1628/3/4 1637/3/4
f 1636/15/4 1610/15/4 1637/15/4
f 1637/3/4 1628/3/4 1638/3/4
f 1629/3/4 1630/3/4 1639/3/4
f 1630/15/4 1624/15/4 1640/15/4
f 1639/3/4 1630/3/4 1640/3/4
f 1631/2/4 1632/2/4 1641/2/4
f 1640/15/4 1624/15/4 1641/15/4
f 1624/2/4 1631/2/4 1641/2/4
f 1632/10/4 1633/10/4 1642/10/4
f 1641/2/4 1632/2/4 1642/2/4
f 1633/10/4 1634/10/4 1642/10/4
f 1642/10/4 1634/10/4 1643/10/4
f 1643/10/4 1634/10/4 1644/10/4
f 1642/5/4 1643/5/4 1646/5/4
f 1643/10/4 1644/10/4 1647/10/4
f 1646/5/4 1643/5/4 1647/5/4
f 1644/10/4 1645/10/4 1647/10/4
f 1647/10/4 1645/10/4 1648/10/4
f 1647/10/4 1648/10/4 1650/10/4
f 1648/6/4 1649/6/4 1651/6/4
f 1650/10/4 1648/10/4 1651/10/4
f 1646/2/4 1647/2/4 1652/2/4
f 1647/10/4 1650/10/4 1653/10/4
f 1652/2/4 1647/2/4 1653/2/4
f 1653/10/4 1650/10/4 1654/10/4
f 1651/6/4 1649/6/4 1655/6/4
f 1650/5/4 1651/5/4 1655/5/4
f 1655/6/4 1649/6/4 1656/6/4
f 1654/10/4 1650/10/4 1657/10/4
f 1653/2/4 1654/2/4 1657/2/4
f 1650/5/4 1655/5/4 1658/5/4
f 1657/10/4 1650/10/4 1658/10/4
f 1658/5/4 1655/5/4 1659/5/4
f 1653/2/4 1657/2/4 1660/2/4
f 1657/2/4 1658/2/4 1660/2/4
f 1660/2/4 1658/2/4 1661/2/4
f 1662/10/4 1663/10/4 1664/10/4
f 1664/10/4 1663/10/4 1665/10/4
f 1664/2/4 1665/2/4 1666/2/4
f 1666/2/4 1665/2/4 1667/2/4
f 1666/12/4 1667/12/4 1668/12/4
f 1668/12/4 1667/12/4 1669/12/4
f 1670/5/4 1671/5/4 1674/5/4
f 1674/5/4 1671/5/4 1675/5/4
f 1672/5/4 1673/5/4 1676/5/4
f 1676/5/4 1673/5/4 1677/5/4
f 1678/2/4 1679/2/4 1680/2/4
f 1680/2/4 1679/2/4 1681/2/4
f 1682/2/4 1683/2/4 1684/2/4
f 1684/2/4 1683/2/4 1685/2/4
f 1686/2/4 1687/2/4 1688/2/4
f 1688/2/4 1687/2/4 1689/2/4
f 1690/2/4 1691/2/4 1696/2/4
f 1696/2/4 1691/2/4 1697/2/4
f 1692/5/4 1693/5/4 1698/5/4
f 1698/5/4 1693/5/4 1699/5/4
f 1694/5/4 1695/5/4 1700/5/4
f 1700/5/4 1695/5/4 1701/5/4
f 1702/5/4 1703/5/4 1704/5/4
f 1704/5/4 1703/5/4 1705/5/4
f 1706/2/4 1707/2/4 1710/2/4
f 1710/2/4 1707/2/4 1711/2/4
f 1708/12/4 1709/12/4 1714/12/4
f 1714/12/4 1709/12/4 1715/12/4
f 1710/5/4 1711/5/4 1717/5/4
f 1711/2/4 1712/2/4 1718/2/4
f 1717/5/4 1711/5/4 1718/5/4
f 1718/2/4 1712/2/4 1719/2/4
f 1713/4/4 1714/4/4 1720/4/4
f 1720/4/4 1714/4/4 1723/4/4
f 1721/2/4 1722/2/4 1724/2/4
f 1724/2/4 1722/2/4 1725/2/4
f 1723/4/4 1714/4/4 1728/4/4
f 1728/4/4 1714/4/4 1729/4/4
f 1726/2/4 1727/2/4 1730/2/4
f 1730/2/4 1727/2/4 1731/2/4
f 1729/4/4 1714/4/4 1732/4/4
f 1732/4/4 1714/4/4 1733/4/4
f 1715/13/4 1716/13/4 1734/13/4
f 1734/13/4 1716/13/4 1735/13/4
f 1733/12/4 1734/12/4 1739/12/4
f 1739/12/4 1734/12/4 1740/12/4
f 1736/5/4 1737/5/4 1741/5/4
f 1737/2/4 1738/2/4 1742/2/4
f 1741/5/4 1737/5/4 1742/5/4
f 1742/2/4 1738/2/4 1743/2/4
f 1741/2/4 1742/2/4 1746/2/4
f 1746/2/4 1742/2/4 1747/2/4
f 1744/5/4 1745/5/4 1748/5/4
f 1748/5/4 1745/5/4 1749/5/4
f 1750/10/4 1751/10/4 1755/10/4
f 1755/10/4 1751/10/4 1756/10/4
f 1752/12/4 1753/12/4 1757/12/4
f 1753/5/4 1754/5/4 1758/5/4
f 1757/12/4 1753/12/4 1758/12/4
f 1758/5/4 1754/5/4 1759/5/4
f 1760/11/4 1761/11/4 1768/11/4
f 1761/1/4 1762/1/4 1769/1/4
f 1768/11/4 1761/11/4 1769/11/4
f 1769/1/4 1762/1/4 1770/1/4
f 1765/2/4 1766/2/4 1771/2/4
f 1771/2/4 1766/2/4 1772/2/4
f 1767/11/4 1768/11/4 1773/11/4
f 1768/1/4 1769/1/4 1774/1/4
f 1773/11/4 1768/11/4 1774/11/4
f 1769/4/4 1770/4/4 1775/4/4
f 1774/1/4 1769/1/4 1775/1/4
f 1775/4/4 1770/4/4 1776/4/4
f 1774/11/4 1775/11/4 1777/11/4
f 1775/11/4 1776/11/4 1777/11/4
f 1777/11/4 1776/11/4 1778/11/4
f 1778/11/4 1776/11/4 1781/11/4
f 1781/11/4 1776/11/4 1782/11/4
f 1782/11/4 1776/11/4 1784/11/4
f 1779/2/4 1780/2/4 1785/2/4
f 1785/2/4 1780/2/4 1786/2/4
f 1783/11/4 1784/11/4 1788/11/4
f 1784/11/4 1776/11/4 1789/11/4
f 1788/11/4 1784/11/4 1789/11/4
f 1789/11/4 1776/11/4 1790/11/4
f 1787/11/4 1788/11/4 1791/11/4
f 1788/1/4 1789/1/4 1792/1/4
f 1791/11/4 1788/11/4 1792/11/4
f 1789/4/4 1790/4/4 1793/4/4
f 1792/1/4 1789/1/4 1793/1/4
f 1793/4/4 1790/4/4 1794/4/4
f 1792/11/4 1793/11/4 1797/11/4
f 1793/1/4 1794/1/4 1798/1/4
f 1797/11/4 1793/11/4 1798/11/4
f 1798/1/4 1794/1/4 1799/1/4
f 1763/12/4 1764/12/4 1800/12/4
f 1800/12/4 1764/12/4 1801/12/4
f 1795/2/4 1796/2/4 1802/2/4
f 1802/2/4 1796/2/4 1803/2/4
f 1804/10/4 1805/10/4 1809/10/4
f 1809/10/4 1805/10/4 1810/10/4
f 1806/12/4 1807/12/4 1811/12/4
f 1807/5/4 1808/5/4 1812/5/4
f 1811/12/4 1807/12/4 1812/12/4
f 1812/5/4 1808/5/4 1813/5/4
f 1814/10/4 1815/10/4 1822/10/4
f 1815/5/4 1816/5/4 1823/5/4
f 1822/10/4 1815/10/4 1823/10/4
f 1823/5/4 1816/5/4 1824/5/4
f 1817/1/4 1818/1/4 1826/1/4
f 1818/11/4 1819/11/4 1827/11/4
f 1826/1/4 1818/1/4 1827/1/4
f 1819/1/4 1820/1/4 1828/1/4
f 1827/11/4 1819/11/4 1828/11/4
f 1828/1/4 1820/1/4 1829/1/4
f 1821/10/4 1822/10/4 1831/10/4
f 1822/10/4 1823/10/4 1831/10/4
f 1823/10/4 1824/10/4 1831/10/4
f 1831/10/4 1824/10/4 1832/10/4
f 1824/5/4 1825/5/4 1833/5/4
f 1832/10/4 1824/10/4 1833/10/4
f 1833/5/4 1825/5/4 1834/5/4
f 1834/5/4 1825/5/4 1835/5/4
f 1826/11/4 1827/11/4 1837/11/4
f 1828/11/4 1829/11/4 1837/11/4
f 1827/11/4 1828/11/4 1837/11/4
f 1837/11/4 1829/11/4 1838/11/4
f 1829/1/4 1830/1/4 1839/1/4
f 1834/5/4 1835/5/4 1841/5/4
f 1835/2/4 1836/2/4 1842/2/4
f 1841/5/4 1835/5/4 1842/5/4
f 1842/2/4 1836/2/4 1843/2/4
f 1837/1/4 1838/1/4 1845/1/4
f 1838/11/4 1829/11/4 1846/11/4
f 1845/1/4 1838/1/4 1846/1/4
f 1846/11/4 1829/11/4 1847/11/4
f 1847/11/4 1829/11/4 1848/11/4
f 1848/11/4 1829/11/4 1849/11/4
f 1829/1/4 1839/1/4 1850/1/4
f 1849/11/4 1829/11/4 1850/11/4
f 1839/11/4 1840/11/4 1851/11/4
f 1850/1/4 1839/1/4 1851/1/4
f 1851/11/4 1840/11/4 1852/11/4
f 1842/5/4 1843/5/4 1854/5/4
f 1843/2/4 1844/2/4 1855/2/4
f 1854/5/4 1843/5/4 1855/5/4
f 1846/1/4 1847/1/4 1856/1/4
f 1847/11/4 1848/11/4 1857/11/4
f 1856/1/4 1847/1/4 1857/1/4
f 1848/1/4 1849/1/4 1858/1/4
f 1857/11/4 1848/11/4 1858/11/4
f 1849/11/4 1850/11/4 1859/11/4
f 1858/1/4 1849/1/4 1859/1/4
f 1852/11/4 1853/11/4 1859/11/4
f 1850/11/4 1851/11/4 1859/11/4
f 1851/11/4 1852/11/4 1859/11/4
f 1859/11/4 1853/11/4 1860/11/4
f 1857/11/4 1858/11/4 1862/11/4
f 1859/11/4 1860/11/4 1862/11/4
f 1858/11/4 1859/11/4 1862/11/4
f 1862/11/4 1860/11/4 1863/11/4
f 1860/1/4 1861/1/4 1864/1/4
f 1863/11/4 1860/11/4 1864/11/4
f 1864/1/4 1861/1/4 1865/1/4
f 1862/1/4 1863/1/4 1866/1/4
f 1857/11/4 1862/11/4 1866/11/4
f 1864/11/4 1865/11/4 1867/11/4
f 1866/1/4 1863/1/4 1867/1/4
f 1863/11/4 1864/11/4 1867/11/4
f 1857/11/4 1866/11/4 1868/11/4
f 1866/11/4 1867/11/4 1868/11/4
f 1868/11/4 1867/11/4 1869/11/4
f 1857/11/4 1868/11/4 1870/11/4
f 1868/1/4 1869/1/4 1870/1/4
f 1869/11/4 1867/11/4 1871/11/4
f 1870/1/4 1869/1/4 1871/1/4
f 1867/11/4 1865/11/4 1872/11/4
f 1871/11/4 1867/11/4 1872/11/4
f 1872/11/4 1865/11/4 1873/11/4
f 1870/11/4 1871/11/4 1875/11/4
f 1857/11/4 1870/11/4 1875/11/4
f 1871/11/4 1872/11/4 1875/11/4
f 1875/11/4 1872/11/4 1876/11/4
f 1876/11/4 1872/11/4 1877/11/4
f 1872/1/4 1873/1/4 1878/1/4
f 1877/11/4 1872/11/4 1878/11/4
f 1878/1/4 1873/1/4 1879/1/4
f 1874/1/4 1875/1/4 1881/1/4
f 1875/11/4 1876/11/4 1882/11/4
f 1881/1/4 1875/1/4 1882/1/4
f 1876/1/4 1877/1/4 1883/1/4
f 1882/11/4 1876/11/4 1883/11/4
f 1877/11/4 1878/11/4 1884/11/4
f 1883/1/4 1877/1/4 1884/1/4
f 1884/11/4 1878/11/4 1885/11/4
f 1885/11/4 1878/11/4 1886/11/4
f 1886/11/4 1878/11/4 1887/11/4
f 1887/11/4 1878/11/4 1888/11/4
f 1855/2/4 1844/2/4 1890/2/4
f 1886/11/4 1887/11/4 1891/11/4
f 1885/1/4 1886/1/4 1891/1/4
f 1891/11/4 1887/11/4 1892/11/4
f 1889/5/4 1890/5/4 1894/5/4
f 1890/2/4 1844/2/4 1895/2/4
f 1894/5/4 1890/5/4 1895/5/4
f 1895/2/4 1844/2/4 1896/2/4
f 1880/1/4 1881/1/4 1897/1/4
f 1884/11/4 1885/11/4 1898/11/4
f 1897/1/4 1881/1/4 1898/1/4
f 1881/11/4 1882/11/4 1898/11/4
f 1882/11/4 1883/11/4 1898/11/4
f 1883/11/4 1884/11/4 1898/11/4
f 1898/11/4 1885/11/4 1899/11/4
f 1885/1/4 1891/1/4 1900/1/4
f 1899/11/4 1885/11/4 1900/11/4
f 1900/1/4 1891/1/4 1901/1/4
f 1893/5/4 1894/5/4 1905/5/4
f 1894/2/4 1895/2/4 1906/2/4
f 1905/5/4 1894/5/4 1906/5/4
f 1906/2/4 1895/2/4 1907/2/4
f 1898/11/4 1899/11/4 1908/11/4
f 1897/11/4 1898/11/4 1908/11/4
f 1899/1/4 1900/1/4 1909/1/4
f 1908/11/4 1899/11/4 1909/11/4
f 1909/1/4 1900/1/4 1910/1/4
f 1903/10/4 1904/10/4 1911/10/4
f 1902/10/4 1903/10/4 1911/10/4
f 1911/10/4 1904/10/4 1912/10/4
f 1912/10/4 1904/10/4 1913/10/4
f 1904/5/4 1905/5/4 1914/5/4
f 1913/10/4 1904/10/4 1914/10/4
f 1905/5/4 1906/5/4 1914/5/4
f 1914/5/4 1906/5/4 1915/5/4
f 1912/10/4 1913/10/4 1916/10/4
f 1913/5/4 1914/5/4 1917/5/4
f 1916/10/4 1913/10/4 1917/10/4
f 1917/5/4 1914/5/4 1918/5/4
f 1919/10/4 1920/10/4 1923/10/4
f 1923/10/4 1920/10/4 1924/10/4
f 1921/2/4 1922/2/4 1925/2/4
f 1925/2/4 1922/2/4 1926/2/4
f 1919/10/4 1923/10/4 1928/10/4
f 1928/10/4 1923/10/4 1929/10/4
f 1926/5/4 1927/5/4 1930/5/4
f 1930/5/4 1927/5/4 1931/5/4
f 1931/2/4 1932/2/4 1936/2/4
f 1936/2/4 1932/2/4 1937/2/4
f 1933/10/4 1934/10/4 1938/10/4
f 1935/5/4 1936/5/4 1941/5/4
f 1941/5/4 1936/5/4 1942/5/4
f 1938/10/4 1939/10/4 1943/10/4
f 1933/10/4 1938/10/4 1943/10/4
f 1943/10/4 1939/10/4 1944/10/4
f 1940/2/4 1941/2/4 1945/2/4
f 1945/2/4 1941/2/4 1946/2/4
f 1947/5/4 1948/5/4 1950/5/4
f 1950/5/4 1948/5/4 1951/5/4
f 1949/5/4 1950/5/4 1954/5/4
f 1950/2/4 1951/2/4 1955/2/4
f 1954/5/4 1950/5/4 1955/5/4
f 1951/5/4 1952/5/4 1956/5/4
f 1955/2/4 1951/2/4 1956/2/4
f 1956/5/4 1952/5/4 1957/5/4
f 1955/10/4 1956/10/4 1959/10/4
f 1956/2/4 1957/2/4 1959/2/4
f 1959/2/4 1957/2/4 1960/2/4
f 1959/10/4 1960/10/4 1961/10/4
f 1960/2/4 1957/2/4 1961/2/4
f 1957/5/4 1958/5/4 1962/5/4
f 1961/2/4 1957/2/4 1962/2/4
f 1953/5/4 1954/5/4 1963/5/4
f 1954/2/4 1955/2/4 1964/2/4
f 1963/5/4 1954/5/4 1964/5/4
f 1959/10/4 1961/10/4 1965/10/4
f 1964/2/4 1955/2/4 1965/2/4
f 1955/10/4 1959/10/4 1965/10/4
f 1961/10/4 1962/10/4 1965/10/4
f 1963/2/4 1964/2/4 1966/2/4
f 1964/10/4 1965/10/4 1967/10/4
f 1966/2/4 1964/2/4 1967/2/4
f 1965/10/4 1962/10/4 1968/10/4
f 1967/10/4 1965/10/4 1968/10/4
f 1968/10/4 1962/10/4 1969/10/4
f 1962/5/4 1958/5/4 1970/5/4
f 1969/10/4 1962/10/4 1970/10/4
f 1968/10/4 1969/10/4 1971/10/4
f 1969/2/4 1970/2/4 1972/2/4
f 1971/10/4 1969/10/4 1972/10/4
f 1966/5/4 1967/5/4 1973/5/4
f 1967/2/4 1968/2/4 1974/2/4
f 1973/5/4 1967/5/4 1974/5/4
f 1968/10/4 1971/10/4 1975/10/4
f 1974/2/4 1968/2/4 1975/2/4
f 1971/2/4 1972/2/4 1976/2/4
f 1975/10/4 1971/10/4 1976/10/4
f 1970/5/4 1958/5/4 1977/5/4
f 1976/2/4 1972/2/4 1977/2/4
f 1972/2/4 1970/2/4 1977/2/4
f 1977/5/4 1958/5/4 1978/5/4
f 1974/5/4 1975/5/4 1979/5/4
f 1975/2/4 1976/2/4 1980/2/4
f 1979/5/4 1975/5/4 1980/5/4
f 1976/5/4 1977/5/4 1981/5/4
f 1980/2/4 1976/2/4 1981/2/4
f 1981/5/4 1977/5/4 1982/5/4
f 1980/5/4 1981/5/4 1983/5/4
f 1983/5/4 1981/5/4 1984/5/4
f 1989/8/5 1986/8/5 1985/8/5
f 1990/8/5 1986/8/5 1989/8/5
f 1991/8/5 1988/8/5 1987/8/5
f 1992/8/5 1988/8/5 1991/8/5
f 2000/1/5 1994/1/5 1993/1/5
f 2001/11/5 1995/11/5 1994/11/5
f 2001/1/5 1994/1/5 2000/1/5
f 2002/1/5 1996/1/5 1995/1/5
f 2002/11/5 1995/11/5 2001/11/5
f 2003/1/5 1996/1/5 2002/1/5
f 2004/1/5 1998/1/5 1997/1/5
f 2005/11/5 1999/11/5 1998/11/5
f 2005/1/5 1998/1/5 2004/1/5
f 2006/11/5 1999/11/5 2005/11/5
f 2011/1/5 2008/1/5 2007/1/5
f 2012/1/5 2008/1/5 2011/1/5
f 2013/1/5 2010/1/5 2009/1/5
f 2014/1/5 2010/1/5 2013/1/5
f 2019/5/5 2016/5/5 2015/5/5
f 2020/5/5 2016/5/5 2019/5/5
f 2021/5/5 2018/5/5 2017/5/5
f 2022/5/5 2018/5/5 2021/5/5
f 2025/11/5 2024/11/5 2023/11/5
f 2026/11/5 2024/11/5 2025/11/5
f 2029/11/5 2028/11/5 2027/11/5
f 2030/11/5 2028/11/5 2029/11/5
f 2036/12/5 2032/12/5 2031/12/5
f 2037/5/5 2033/5/5 2032/5/5
f 2037/12/5 2032/12/5 2036/12/5
f 2038/12/5 2034/12/5 2033/12/5
f 2038/5/5 2033/5/5 2037/5/5
f 2039/12/5 2034/12/5 2038/12/5
f 2043/6/5 2037/6/5 2036/6/5
f 2043/6/5 2036/6/5 2035/6/5
f 2043/6/5 2040/6/5 2039/6/5
f 2043/6/5 2039/6/5 2038/6/5
f 2043/6/5 2038/6/5 2037/6/5
f 2044/6/5 2040/6/5 2043/6/5
f 2047/3/5 2042/3/5 2041/3/5
f 2048/3/5 2042/3/5 2047/3/5
f 2049/12/5 2044/12/5 2043/12/5
f 2050/12/5 2044/12/5 2049/12/5
f 2051/12/5 2044/12/5 2050/12/5
f 2052/12/5 2044/12/5 2051/12/5
f 2053/3/5 2046/3/5 2045/3/5
f 2054/3/5 2046/3/5 2053/3/5
f 2055/12/5 2051/12/5 2050/12/5
f 2056/12/5 2051/12/5 2055/12/5
f 2059/15/5 2056/15/5 2055/15/5
f 2060/15/5 2056/15/5 2059/15/5
f 2063/3/5 2058/3/5 2057/3/5
f 2064/3/5 2058/3/5 2063/3/5
f 2065/8/5 2060/8/5 2059/8/5
f 2066/8/5 2060/8/5 2065/8/5
f 2067/3/5 2062/3/5 2061/3/5
f 2068/3/5 2062/3/5 2067/3/5
f 2074/12/5 2070/12/5 2069/12/5
f 2075/12/5 2070/12/5 2074/12/5
f 2076/12/5 2072/12/5 2071/12/5
f 2077/12/5 2072/12/5 2076/12/5
f 2079/6/5 2074/6/5 2073/6/5
f 2080/6/5 2074/6/5 2079/6/5
f 2081/6/5 2078/6/5 2077/6/5
f 2082/6/5 2078/6/5 2081/6/5
f 2087/11/5 2084/11/5 2083/11/5
f 2088/11/5 2084/11/5 2087/11/5
f 2089/11/5 2086/11/5 2085/11/5
f 2090/11/5 2086/11/5 2089/11/5
f 2095/12/5 2092/12/5 2091/12/5
f 2096/12/5 2092/12/5 2095/12/5
f 2097/12/5 2094/12/5 2093/12/5
f 2098/12/5 2094/12/5 2097/12/5
f 2103/10/5 2100/10/5 2099/10/5
f 2104/10/5 2100/10/5 2103/10/5
f 2105/10/5 2102/10/5 2101/10/5
f 2106/10/5 2102/10/5 2105/10/5
f 2111/11/5 2108/11/5 2107/11/5
f 2112/11/5 2108/11/5 2111/11/5
f 2113/11/5 2110/11/5 2109/11/5
f 2114/11/5 2110/11/5 2113/11/5
f 2122/6/5 2116/6/5 2115/6/5
f 2123/6/5 2116/6/5 2122/6/5
f 2124/6/5 2118/6/5 2117/6/5
f 2125/6/5 2118/6/5 2124/6/5
f 2135/2/5 2120/2/5 2119/2/5
f 2136/2/5 2120/2/5 2135/2/5
f 2137/5/5 2121/5/5 2120/5/5
f 2137/2/5 2120/2/5 2136/2/5
f 2138/5/5 2121/5/5 2137/5/5
f 2139/5/5 2127/5/5 2126/5/5
f 2140/2/5 2128/2/5 2127/2/5
f 2140/5/5 2127/5/5 2139/5/5
f 2141/2/5 2128/2/5 2140/2/5
f 2142/2/5 2128/2/5 2141/2/5
f 2149/12/5 2130/12/5 2129/12/5
f 2150/12/5 2130/12/5 2149/12/5
f 2151/10/5 2132/10/5 2131/10/5
f 2152/5/5 2133/5/5 2132/5/5
f 2152/10/5 2132/10/5 2151/10/5
f 2153/5/5 2133/5/5 2152/5/5
f 2154/10/5 2135/10/5 2134/10/5
f 2155/2/5 2136/2/5 2135/2/5
f 2155/10/5 2135/10/5 2154/10/5
f 2156/5/5 2138/5/5 2137/5/5
f 2156/2/5 2136/2/5 2155/2/5
f 2156/5/5 2137/5/5 2136/5/5
f 2157/5/5 2138/5/5 2156/5/5
f 2158/5/5 2140/5/5 2139/5/5
f 2158/5/5 2141/5/5 2140/5/5
f 2159/2/5 2142/2/5 2141/2/5
f 2159/5/5 2141/5/5 2158/5/5
f 2160/10/5 2143/10/5 2142/10/5
f 2160/2/5 2142/2/5 2159/2/5
f 2161/10/5 2143/10/5 2160/10/5
f 2162/5/5 2145/5/5 2144/5/5
f 2163/10/5 2146/10/5 2145/10/5
f 2163/5/5 2145/5/5 2162/5/5
f 2164/10/5 2146/10/5 2163/10/5
f 2165/12/5 2148/12/5 2147/12/5
f 2166/12/5 2148/12/5 2165/12/5
f 2167/2/5 2156/2/5 2155/2/5
f 2167/2/5 2157/2/5 2156/2/5
f 2168/5/5 2138/5/5 2157/5/5
f 2168/2/5 2157/2/5 2167/2/5
f 2169/5/5 2138/5/5 2168/5/5
f 2170/5/5 2158/5/5 2139/5/5
f 2171/2/5 2160/2/5 2159/2/5
f 2171/5/5 2158/5/5 2170/5/5
f 2171/2/5 2159/2/5 2158/2/5
f 2172/2/5 2160/2/5 2171/2/5
f 2178/12/5 2174/12/5 2173/12/5
f 2179/12/5 2174/12/5 2178/12/5
f 2180/12/5 2176/12/5 2175/12/5
f 2181/12/5 2176/12/5 2180/12/5
f 2190/6/5 2178/6/5 2177/6/5
f 2191/6/5 2178/6/5 2190/6/5
f 2192/6/5 2182/6/5 2181/6/5
f 2193/6/5 2182/6/5 2192/6/5
f 2201/12/5 2184/12/5 2183/12/5
f 2202/2/5 2185/2/5 2184/2/5
f 2202/12/5 2184/12/5 2201/12/5
f 2203/10/5 2186/10/5 2185/10/5
f 2203/2/5 2185/2/5 2202/2/5
f 2204/10/5 2186/10/5 2203/10/5
f 2205/10/5 2186/10/5 2204/10/5
f 2206/2/5 2188/2/5 2187/2/5
f 2207/10/5 2189/10/5 2188/10/5
f 2207/2/5 2188/2/5 2206/2/5
f 2208/10/5 2189/10/5 2207/10/5
f 2209/10/5 2195/10/5 2194/10/5
f 2210/2/5 2196/2/5 2195/2/5
f 2210/10/5 2195/10/5 2209/10/5
f 2211/2/5 2196/2/5 2210/2/5
f 2212/10/5 2198/10/5 2197/10/5
f 2213/10/5 2198/10/5 2212/10/5
f 2214/2/5 2199/2/5 2198/2/5
f 2214/10/5 2198/10/5 2213/10/5
f 2215/12/5 2200/12/5 2199/12/5
f 2215/2/5 2199/2/5 2214/2/5
f 2216/12/5 2200/12/5 2215/12/5
f 2218/12/5 2203/12/5 2202/12/5
f 2219/10/5 2204/10/5 2203/10/5
f 2219/12/5 2203/12/5 2218/12/5
f 2220/10/5 2204/10/5 2219/10/5
f 2222/12/5 2207/12/5 2206/12/5
f 2223/12/5 2207/12/5 2222/12/5
f 2226/12/5 2211/12/5 2210/12/5
f 2227/12/5 2211/12/5 2226/12/5
f 2229/10/5 2214/10/5 2213/10/5
f 2230/12/5 2215/12/5 2214/12/5
f 2230/10/5 2214/10/5 2229/10/5
f 2231/12/5 2215/12/5 2230/12/5
f 2233/12/5 2218/12/5 2217/12/5
f 2234/2/5 2219/2/5 2218/2/5
f 2234/12/5 2218/12/5 2233/12/5
f 2235/10/5 2221/10/5 2220/10/5
f 2235/2/5 2219/2/5 2234/2/5
f 2235/10/5 2220/10/5 2219/10/5
f 2236/10/5 2221/10/5 2235/10/5
f 2237/2/5 2224/2/5 2223/2/5
f 2237/2/5 2223/2/5 2222/2/5
f 2238/2/5 2224/2/5 2237/2/5
f 2239/2/5 2227/2/5 2226/2/5
f 2239/2/5 2226/2/5 2225/2/5
f 2240/2/5 2227/2/5 2239/2/5
f 2241/10/5 2229/10/5 2228/10/5
f 2241/10/5 2230/10/5 2229/10/5
f 2242/2/5 2231/2/5 2230/2/5
f 2242/10/5 2230/10/5 2241/10/5
f 2243/12/5 2232/12/5 2231/12/5
f 2243/2/5 2231/2/5 2242/2/5
f 2244/12/5 2232/12/5 2243/12/5
f 2249/11/5 2246/11/5 2245/11/5
f 2250/11/5 2246/11/5 2249/11/5
f 2251/11/5 2248/11/5 2247/11/5
f 2252/11/5 2248/11/5 2251/11/5
f 2257/12/5 2254/12/5 2253/12/5
f 2258/12/5 2254/12/5 2257/12/5
f 2259/12/5 2256/12/5 2255/12/5
f 2260/12/5 2256/12/5 2259/12/5
f 2268/4/5 2262/4/5 2261/4/5
f 2268/4/5 2266/4/5 2265/4/5
f 2268/4/5 2265/4/5 2264/4/5
f 2268/4/5 2264/4/5 2263/4/5
f 2268/4/5 2263/4/5 2262/4/5
f 2269/4/5 2266/4/5 2268/4/5
f 2271/4/5 2268/4/5 2267/4/5
f 2271/4/5 2270/4/5 2269/4/5
f 2271/4/5 2269/4/5 2268/4/5
f 2272/4/5 2270/4/5 2271/4/5
f 2273/4/5 2270/4/5 2272/4/5
f 2274/4/5 2270/4/5 2273/4/5
f 2275/4/5 2270/4/5 2274/4/5
f 2276/4/5 2270/4/5 2275/4/5
f 2277/4/5 2270/4/5 2276/4/5
f 2278/4/5 2270/4/5 2277/4/5
f 2279/4/5 2270/4/5 2278/4/5
f 2280/4/5 2270/4/5 2279/4/5
f 2285/4/5 2282/4/5 2281/4/5
f 2286/4/5 2282/4/5 2285/4/5
f 2287/4/5 2284/4/5 2283/4/5
f 2288/4/5 2284/4/5 2287/4/5
f 2299/2/5 2290/2/5 2289/2/5
f 2300/10/5 2291/10/5 2290/10/5
f 2300/2/5 2290/2/5 2299/2/5
f 2301/14/5 2292/14/5 2291/14/5
f 2301/10/5 2291/10/5 2300/10/5
f 2302/7/5 2293/7/5 2292/7/5
f 2302/14/5 2292/14/5 2301/14/5
f 2303/7/5 2295/7/5 2294/7/5
f 2303/14/5 2296/14/5 2295/14/5
f 2304/10/5 2297/10/5 2296/10/5
f 2304/14/5 2296/14/5 2303/14/5
f 2305/2/5 2298/2/5 2297/2/5
f 2305/10/5 2297/10/5 2304/10/5
f 2306/2/5 2298/2/5 2305/2/5
f 2308/12/5 2300/12/5 2299/12/5
f 2308/12/5 2301/12/5 2300/12/5
f 2309/12/5 2301/12/5 2308/12/5
f 2310/7/5 2302/7/5 2301/7/5
f 2310/12/5 2301/12/5 2309/12/5
f 2311/7/5 2293/7/5 2302/7/5
f 2311/7/5 2302/7/5 2310/7/5
f 2312/7/5 2304/7/5 2303/7/5
f 2312/7/5 2303/7/5 2294/7/5
f 2313/12/5 2306/12/5 2305/12/5
f 2313/7/5 2304/7/5 2312/7/5
f 2313/12/5 2305/12/5 2304/12/5
f 2314/12/5 2306/12/5 2313/12/5
f 2315/12/5 2306/12/5 2314/12/5
f 2317/12/5 2308/12/5 2307/12/5
f 2318/12/5 2316/12/5 2315/12/5
f 2319/12/5 2317/12/5 2307/12/5
f 2320/12/5 2317/12/5 2319/12/5
f 2321/12/5 2316/12/5 2318/12/5
f 2322/12/5 2316/12/5 2321/12/5
f 2327/12/5 2324/12/5 2323/12/5
f 2328/12/5 2324/12/5 2327/12/5
f 2329/12/5 2326/12/5 2325/12/5
f 2330/12/5 2326/12/5 2329/12/5
f 2331/12/5 2329/12/5 2328/12/5
f 2332/12/5 2329/12/5 2331/12/5
f 2338/2/5 2334/2/5 2333/2/5
f 2339/2/5 2334/2/5 2338/2/5
f 2340/2/5 2336/2/5 2335/2/5
f 2341/2/5 2336/2/5 2340/2/5
f 2343/12/5 2339/12/5 2338/12/5
f 2344/10/5 2342/10/5 2341/10/5
f 2344/10/5 2341/10/5 2340/10/5
f 2345/10/5 2342/10/5 2344/10/5
f 2346/12/5 2343/12/5 2338/12/5
f 2346/10/5 2338/10/5 2337/10/5
f 2347/12/5 2343/12/5 2346/12/5
f 2348/12/5 2345/12/5 2344/12/5
f 2349/10/5 2342/10/5 2345/10/5
f 2349/12/5 2345/12/5 2348/12/5
f 2350/10/5 2347/10/5 2346/10/5
f 2350/10/5 2346/10/5 2337/10/5
f 2351/10/5 2347/10/5 2350/10/5
f 2352/12/5 2348/12/5 2347/12/5
f 2352/10/5 2347/10/5 2351/10/5
f 2353/12/5 2348/12/5 2352/12/5
f 2354/12/5 2348/12/5 2353/12/5
f 2355/10/5 2349/10/5 2348/10/5
f 2355/12/5 2348/12/5 2354/12/5
f 2356/10/5 2342/10/5 2349/10/5
f 2356/10/5 2349/10/5 2355/10/5
f 2357/10/5 2342/10/5 2356/10/5
f 2358/10/5 2352/10/5 2351/10/5
f 2358/10/5 2353/10/5 2352/10/5
f 2359/10/5 2353/10/5 2358/10/5
f 2360/5/5 2354/5/5 2353/5/5
f 2360/10/5 2353/10/5 2359/10/5
f 2361/10/5 2355/10/5 2354/10/5
f 2361/5/5 2354/5/5 2360/5/5
f 2361/10/5 2356/10/5 2355/10/5
f 2362/10/5 2356/10/5 2361/10/5
f 2363/10/5 2356/10/5 2362/10/5
f 2364/10/5 2360/10/5 2359/10/5
f 2364/10/5 2362/10/5 2361/10/5
f 2364/10/5 2361/10/5 2360/10/5
f 2365/10/5 2362/10/5 2364/10/5
f 2366/10/5 2362/10/5 2365/10/5
f 2367/10/5 2362/10/5 2366/10/5
f 2368/10/5 2362/10/5 2367/10/5
f 2369/10/5 2362/10/5 2368/10/5
f 2370/5/5 2366/5/5 2365/5/5
f 2371/2/5 2367/2/5 2366/2/5
f 2371/5/5 2366/5/5 2370/5/5
f 2372/5/5 2368/5/5 2367/5/5
f 2372/2/5 2367/2/5 2371/2/5
f 2373/5/5 2368/5/5 2372/5/5
f 2378/2/5 2375/2/5 2374/2/5
f 2379/2/5 2375/2/5 2378/2/5
f 2380/2/5 2377/2/5 2376/2/5
f 2381/2/5 2377/2/5 2380/2/5
f 2386/5/5 2383/5/5 2382/5/5
f 2387/5/5 2383/5/5 2386/5/5
f 2388/5/5 2385/5/5 2384/5/5
f 2389/5/5 2385/5/5 2388/5/5
f 2394/10/5 2391/10/5 2390/10/5
f 2395/10/5 2391/10/5 2394/10/5
f 2396/10/5 2393/10/5 2392/10/5
f 2397/10/5 2393/10/5 2396/10/5
f 2402/5/5 2399/5/5 2398/5/5
f 2403/5/5 2399/5/5 2402/5/5
f 2404/5/5 2401/5/5 2400/5/5
f 2405/5/5 2401/5/5 2404/5/5
f 2410/5/5 2407/5/5 2406/5/5
f 2411/5/5 2407/5/5 2410/5/5
f 2412/5/5 2409/5/5 2408/5/5
f 2413/5/5 2409/5/5 2412/5/5
f 2418/5/5 2415/5/5 2414/5/5
f 2419/5/5 2415/5/5 2418/5/5
f 2420/5/5 2417/5/5 2416/5/5
f 2421/5/5 2417/5/5 2420/5/5
f 2426/5/5 2423/5/5 2422/5/5
f 2427/5/5 2423/5/5 2426/5/5
f 2428/5/5 2425/5/5 2424/5/5
f 2429/5/5 2425/5/5 2428/5/5
f 2432/7/5 2431/7/5 2430/7/5
f 2433/7/5 2431/7/5 2432/7/5
f 2434/15/6 2435/15/6 2438/15/6
f 2438/15/6 2435/15/6 2439/15/6
f 2436/15/6 2437/15/6 2440/15/6
f 2440/15/6 2437/15/6 2441/15/6
f 2442/3/6 2443/3/6 2450/3/6
f 2450/3/6 2443/3/6 2451/3/6
f 2444/3/6 2445/3/6 2452/3/6
f 2452/3/6 2445/3/6 2453/3/6
f 2446/3/6 2447/3/6 2454/3/6
f 2454/3/6 2447/3/6 2455/3/6
f 2448/3/6 2449/3/6 2456/3/6
f 2456/3/6 2449/3/6 2457/3/6
f 2458/3/6 2459/3/6 2466/3/6
f 2466/3/6 2459/3/6 2467/3/6
f 2460/3/6 2461/3/6 2468/3/6
f 2468/3/6 2461/3/6 2469/3/6
f 2462/3/6 2463/3/6 2470/3/6
f 2470/3/6 2463/3/6 2471/3/6
f 2464/3/6 2465/3/6 2472/3/6
f 2472/3/6 2465/3/6 2473/3/6
f 2474/15/6 2475/15/6 2478/15/6
f 2478/15/6 2475/15/6 2479/15/6
f 2476/15/6 2477/15/6 2480/15/6
f 2480/15/6 2477/15/6 2481/15/6
f 2482/1/6 2483/1/6 2486/1/6
f 2486/1/6 2483/1/6 2487/1/6
f 2484/1/6 2485/1/6 2488/1/6
f 2488/1/6 2485/1/6 2489/1/6
f 2490/1/6 2491/1/6 2494/1/6
f 2494/1/6 2491/1/6 2495/1/6
f 2492/1/6 2493/1/6 2496/1/6
f 2496/1/6 2493/1/6 2497/1/6
f 2498/11/6 2499/11/6 2502/11/6
f 2502/11/6 2499/11/6 2503/11/6
f 2500/11/6 2501/11/6 2504/11/6
f 2504/11/6 2501/11/6 2505/11/6
f 2506/11/6 2507/11/6 2510/11/6
f 2510/11/6 2507/11/6 2511/11/6
f 2508/11/6 2509/11/6 2512/11/6
f 2512/11/6 2509/11/6 2513/11/6
f 2514/1/6 2515/1/6 2518/1/6
f 2515/11/6 2516/11/6 2519/11/6
f 2518/1/6 2515/1/6 2519/1/6
f 2516/1/6 2517/1/6 2520/1/6
f 2519/11/6 2516/11/6 2520/11/6
f 2520/1/6 2517/1/6 2521/1/6
f 2522/12/6 2523/12/6 2534/12/6
f 2523/2/6 2524/2/6 2534/2/6
f 2524/10/6 2525/10/6 2535/10/6
f 2534/2/6 2524/2/6 2535/2/6
f 2535/10/6 2525/10/6 2536/10/6
f 2536/10/6 2525/10/6 2537/10/6
f 2526/2/6 2527/2/6 2538/2/6
f 2538/2/6 2527/2/6 2539/2/6
f 2528/2/6 2529/2/6 2540/2/6
f 2540/2/6 2529/2/6 2541/2/6
f 2530/10/6 2531/10/6 2542/10/6
f 2542/10/6 2531/10/6 2543/10/6
f 2531/2/6 2532/2/6 2544/2/6
f 2543/10/6 2531/10/6 2544/10/6
f 2532/12/6 2533/12/6 2545/12/6
f 2544/2/6 2532/2/6 2545/2/6
f 2522/12/6 2534/12/6 2546/12/6
f 2537/12/6 2538/12/6 2549/12/6
f 2549/12/6 2538/12/6 2550/12/6
f 2541/12/6 2542/12/6 2553/12/6
f 2553/12/6 2542/12/6 2554/12/6
f 2545/12/6 2533/12/6 2557/12/6
f 2522/12/6 2546/12/6 2558/12/6
f 2546/2/6 2547/2/6 2559/2/6
f 2558/12/6 2546/12/6 2559/12/6
f 2547/10/6 2548/10/6 2560/10/6
f 2559/2/6 2547/2/6 2560/2/6
f 2548/10/6 2549/10/6 2560/10/6
f 2560/10/6 2549/10/6 2561/10/6
f 2550/2/6 2551/2/6 2562/2/6
f 2562/2/6 2551/2/6 2563/2/6
f 2552/2/6 2553/2/6 2564/2/6
f 2564/2/6 2553/2/6 2565/2/6
f 2555/10/6 2556/10/6 2566/10/6
f 2554/10/6 2555/10/6 2566/10/6
f 2556/2/6 2557/2/6 2567/2/6
f 2566/10/6 2556/10/6 2567/10/6
f 2557/12/6 2533/12/6 2568/12/6
f 2567/2/6 2557/2/6 2568/2/6
f 2568/12/6 2533/12/6 2569/12/6
f 2570/1/6 2571/1/6 2576/1/6
f 2571/4/6 2572/4/6 2577/4/6
f 2576/1/6 2571/1/6 2577/1/6
f 2572/11/6 2573/11/6 2578/11/6
f 2577/4/6 2572/4/6 2578/4/6
f 2573/4/6 2574/4/6 2579/4/6
f 2578/11/6 2573/11/6 2579/11/6
f 2574/1/6 2575/1/6 2580/1/6
f 2579/4/6 2574/4/6 2580/4/6
f 2580/1/6 2575/1/6 2581/1/6
f 2582/5/6 2583/5/6 2591/5/6
f 2591/5/6 2583/5/6 2592/5/6
f 2584/5/6 2585/5/6 2593/5/6
f 2593/5/6 2585/5/6 2594/5/6
f 2586/2/6 2587/2/6 2600/2/6
f 2587/10/6 2588/10/6 2601/10/6
f 2600/2/6 2587/2/6 2601/2/6
f 2588/5/6 2589/5/6 2602/5/6
f 2601/10/6 2588/10/6 2602/10/6
f 2602/5/6 2589/5/6 2603/5/6
f 2590/5/6 2591/5/6 2604/5/6
f 2604/5/6 2591/5/6 2605/5/6
f 2594/5/6 2595/5/6 2608/5/6
f 2608/5/6 2595/5/6 2609/5/6
f 2596/5/6 2597/5/6 2610/5/6
f 2597/10/6 2598/10/6 2611/10/6
f 2610/5/6 2597/5/6 2611/5/6
f 2598/2/6 2599/2/6 2612/2/6
f 2611/10/6 2598/10/6 2612/10/6
f 2612/2/6 2599/2/6 2613/2/6
f 2605/5/6 2606/5/6 2614/5/6
f 2614/5/6 2606/5/6 2615/5/6
f 2607/5/6 2608/5/6 2616/5/6
f 2616/5/6 2608/5/6 2617/5/6
f 2618/12/6 2619/12/6 2623/12/6
f 2623/12/6 2619/12/6 2624/12/6
f 2620/12/6 2621/12/6 2625/12/6
f 2625/12/6 2621/12/6 2626/12/6
f 2623/6/6 2624/6/6 2629/6/6
f 2622/6/6 2623/6/6 2629/6/6
f 2626/6/6 2627/6/6 2630/6/6
f 2625/6/6 2626/6/6 2630/6/6
f 2628/6/6 2629/6/6 2632/6/6
f 2629/6/6 2624/6/6 2633/6/6
f 2632/6/6 2629/6/6 2633/6/6
f 2630/6/6 2631/6/6 2634/6/6
f 2625/6/6 2630/6/6 2634/6/6
f 2634/6/6 2631/6/6 2635/6/6
f 2633/6/6 2624/6/6 2636/6/6
f 2636/6/6 2624/6/6 2637/6/6
f 2637/6/6 2624/6/6 2638/6/6
f 2625/6/6 2634/6/6 2639/6/6
f 2639/6/6 2634/6/6 2640/6/6
f 2640/6/6 2634/6/6 2641/6/6
f 2637/12/6 2638/12/6 2642/12/6
f 2642/12/6 2638/12/6 2643/12/6
f 2639/12/6 2640/12/6 2644/12/6
f 2644/12/6 2640/12/6 2645/12/6
f 2643/12/6 2644/12/6 2646/12/6
f 2646/12/6 2644/12/6 2647/12/6
f 2648/7/6 2649/7/6 2652/7/6
f 2652/7/6 2649/7/6 2653/7/6
f 2650/7/6 2651/7/6 2654/7/6
f 2654/7/6 2651/7/6 2655/7/6
f 2656/5/6 2657/5/6 2660/5/6
f 2660/5/6 2657/5/6 2661/5/6
f 2658/5/6 2659/5/6 2662/5/6
f 2662/5/6 2659/5/6 2663/5/6
f 2664/14/6 2665/14/6 2668/14/6
f 2668/14/6 2665/14/6 2669/14/6
f 2666/14/6 2667/14/6 2670/14/6
f 2670/14/6 2667/14/6 2671/14/6
f 2668/7/6 2669/7/6 2672/7/6
f 2672/7/6 2669/7/6 2673/7/6
f 2670/7/6 2671/7/6 2674/7/6
f 2674/7/6 2671/7/6 2675/7/6
f 2676/5/6 2677/5/6 2680/5/6
f 2680/5/6 2677/5/6 2681/5/6
f 2678/5/6 2679/5/6 2682/5/6
f 2682/5/6 2679/5/6 2683/5/6
f 2684/5/6 2685/5/6 2688/5/6
f 2688/5/6 2685/5/6 2689/5/6
f 2686/5/6 2687/5/6 2690/5/6
f 2690/5/6 2687/5/6 2691/5/6
f 2692/5/6 2693/5/6 2696/5/6
f 2696/5/6 2693/5/6 2697/5/6
f 2694/5/6 2695/5/6 2698/5/6
f 2698/5/6 2695/5/6 2699/5/6
f 2700/2/6 2701/2/6 2704/2/6
f 2704/2/6 2701/2/6 2705/2/6
f 2702/2/6 2703/2/6 2708/2/6
f 2708/2/6 2703/2/6 2709/2/6
f 2705/5/6 2706/5/6 2710/5/6
f 2710/5/6 2706/5/6 2711/5/6
f 2707/5/6 2708/5/6 2712/5/6
f 2712/5/6 2708/5/6 2713/5/6
f 2714/11/6 2715/11/6 2720/11/6
f 2720/11/6 2715/11/6 2721/11/6
f 2716/11/6 2717/11/6 2722/11/6
f 2722/11/6 2717/11/6 2723/11/6
f 2718/11/6 2719/11/6 2724/11/6
f 2724/11/6 2719/11/6 2725/11/6
f 2720/4/6 2721/4/6 2726/4/6
f 2726/4/6 2721/4/6 2727/4/6
f 2727/4/6 2721/4/6 2728/4/6
f 2722/4/6 2723/4/6 2729/4/6
f 2729/4/6 2723/4/6 2730/4/6
f 2724/4/6 2725/4/6 2731/4/6
f 2731/4/6 2725/4/6 2732/4/6
f 2732/4/6 2725/4/6 2733/4/6
f 2726/2/6 2727/2/6 2734/2/6
f 2734/2/6 2727/2/6 2735/2/6
f 2732/2/6 2733/2/6 2736/2/6
f 2736/2/6 2733/2/6 2737/2/6
f 2738/5/6 2739/5/6 2742/5/6
f 2740/5/6 2741/5/6 2743/5/6
f 2738/5/6 2742/5/6 2744/5/6
f 2744/5/6 2742/5/6 2745/5/6
f 2743/5/6 2741/5/6 2746/5/6
f 2746/5/6 2741/5/6 2747/5/6
f 2748/5/6 2749/5/6 2754/5/6
f 2749/5/6 2750/5/6 2754/5/6
f 2754/5/6 2750/5/6 2755/5/6
f 2755/5/6 2750/5/6 2756/5/6
f 2752/5/6 2753/5/6 2757/5/6
f 2751/5/6 2752/5/6 2757/5/6
f 2757/5/6 2753/5/6 2758/5/6
f 2758/5/6 2753/5/6 2759/5/6
f 2755/5/6 2756/5/6 2760/5/6
f 2760/5/6 2756/5/6 2761/5/6
f 2757/5/6 2758/5/6 2766/5/6
f 2766/5/6 2758/5/6 2767/5/6
f 2762/5/6 2763/5/6 2768/5/6
f 2768/5/6 2763/5/6 2769/5/6
f 2764/5/6 2765/5/6 2770/5/6
f 2770/5/6 2765/5/6 2771/5/6
f 2769/5/6 2770/5/6 2772/5/6
f 2772/5/6 2770/5/6 2773/5/6
f 2774/5/6 2775/5/6 2779/5/6
f 2779/5/6 2775/5/6 2780/5/6
f 2780/5/6 2775/5/6 2781/5/6
f 2776/5/6 2777/5/6 2782/5/6
f 2782/5/6 2777/5/6 2783/5/6
f 2783/5/6 2777/5/6 2784/5/6
f 2778/2/6 2779/2/6 2786/2/6
f 2786/2/6 2779/2/6 2787/2/6
f 2784/2/6 2785/2/6 2788/2/6
f 2788/2/6 2785/2/6 2789/2/6
f 2786/5/6 2787/5/6 2790/5/6
f 2790/5/6 2787/5/6 2791/5/6
f 2788/5/6 2789/5/6 2792/5/6
f 2792/5/6 2789/5/6 2793/5/6
f 2794/2/6 2795/2/6 2798/2/6
f 2798/2/6 2795/2/6 2799/2/6
f 2796/2/6 2797/2/6 2800/2/6
f 2800/2/6 2797/2/6 2801/2/6
f 2802/2/6 2803/2/6 2806/2/6
f 2806/2/6 2803/2/6 2807/2/6
f 2804/2/6 2805/2/6 2810/2/6
f 2810/2/6 2805/2/6 2811/2/6
f 2808/2/6 2809/2/6 2812/2/6
f 2812/2/6 2809/2/6 2813/2/6
f 2814/5/6 2815/5/6 2818/5/6
f 2818/5/6 2815/5/6 2819/5/6
f 2816/5/6 2817/5/6 2822/5/6
f 2817/2/6 2818/2/6 2823/2/6
f 2822/5/6 2817/5/6 2823/5/6
f 2823/2/6 2818/2/6 2824/2/6
f 2819/2/6 2820/2/6 2825/2/6
f 2820/5/6 2821/5/6 2826/5/6
f 2825/2/6 2820/2/6 2826/2/6
f 2826/5/6 2821/5/6 2827/5/6
f 2822/2/6 2823/2/6 2829/2/6
f 2826/2/6 2827/2/6 2830/2/6
f 2828/2/6 2829/2/6 2832/2/6
f 2829/2/6 2823/2/6 2833/2/6
f 2832/2/6 2829/2/6 2833/2/6
f 2833/2/6 2823/2/6 2834/2/6
f 2826/2/6 2830/2/6 2837/2/6
f 2830/2/6 2831/2/6 2837/2/6
f 2837/2/6 2831/2/6 2838/2/6
f 2838/2/6 2831/2/6 2839/2/6
f 2833/2/6 2834/2/6 2840/2/6
f 2834/10/6 2835/10/6 2841/10/6
f 2840/2/6 2834/2/6 2841/2/6
f 2841/10/6 2835/10/6 2842/10/6
f 2836/10/6 2837/10/6 2845/10/6
f 2837/2/6 2838/2/6 2846/2/6
f 2845/10/6 2837/10/6 2846/10/6
f 2846/2/6 2838/2/6 2847/2/6
f 2841/2/6 2842/2/6 2848/2/6
f 2842/10/6 2843/10/6 2849/10/6
f 2848/2/6 2842/2/6 2849/2/6
f 2849/10/6 2843/10/6 2850/10/6
f 2844/10/6 2845/10/6 2851/10/6
f 2845/2/6 2846/2/6 2852/2/6
f 2851/10/6 2845/10/6 2852/10/6
f 2852/2/6 2846/2/6 2853/2/6
f 2849/2/6 2850/2/6 2854/2/6
f 2850/2/6 2851/2/6 2854/2/6
f 2851/2/6 2852/2/6 2854/2/6
f 2854/2/6 2852/2/6 2855/2/6
f 2856/2/6 2857/2/6 2859/2/6
f 2859/2/6 2857/2/6 2860/2/6
f 2858/2/6 2859/2/6 2862/2/6
f 2859/10/6 2860/10/6 2863/10/6
f 2862/2/6 2859/2/6 2863/2/6
f 2863/10/6 2860/10/6 2864/10/6
f 2864/10/6 2860/10/6 2865/10/6
f 2860/2/6 2861/2/6 2866/2/6
f 2865/10/6 2860/10/6 2866/10/6
f 2866/2/6 2861/2/6 2867/2/6
f 2863/2/6 2864/2/6 2868/2/6
f 2864/10/6 2865/10/6 2869/10/6
f 2868/2/6 2864/2/6 2869/2/6
f 2865/2/6 2866/2/6 2870/2/6
f 2869/10/6 2865/10/6 2870/10/6
f 2870/2/6 2866/2/6 2871/2/6
f 2869/2/6 2870/2/6 2872/2/6
f 2872/2/6 2870/2/6 2873/2/6
