# MagicaVoxel @ Ephtracy

# group
o Cauldronx16

# material
mtllib Cauldronx16-0-Cauldronx16.mtl
usemtl palette

# normals
vn -1 0 0
vn 1 0 0
vn 0 0 1
vn 0 0 -1
vn 0 -1 0
vn 0 1 0

# texcoords
vt 0.306641 0.5
vt 0.970703 0.5
vt 0.974609 0.5
vt 0.978516 0.5

# verts
v -1.6 0.7 0.9
v -1.6 0.7 0.8
v -1.6 0.7 0
v -1.6 0.7 -0.2
v -1.6 0.7 -0.8
v -1.6 0.7 -0.9
v -1.6 0.8 0.9
v -1.6 0.8 0.8
v -1.6 0.8 0
v -1.6 0.8 -0.2
v -1.6 0.9 1.2
v -1.6 0.9 0.9
v -1.6 0.9 -0.6
v -1.6 0.9 -0.7
v -1.6 0.9 -0.9
v -1.6 0.9 -1.2
v -1.6 1 -0.6
v -1.6 1 -0.7
v -1.6 1 -0.8
v -1.6 1 -0.9
v -1.6 1.2 0.9
v -1.6 1.2 0.8
v -1.6 1.3 0.9
v -1.6 1.3 0.8
v -1.6 1.4 0.3
v -1.6 1.4 0.2
v -1.6 1.4 -0.2
v -1.6 1.4 -0.3
v -1.6 1.4 -0.9
v -1.6 1.4 -1.1
v -1.6 1.5 1.2
v -1.6 1.5 1
v -1.6 1.5 0.5
v -1.6 1.5 0.4
v -1.6 1.5 0.3
v -1.6 1.5 0.2
v -1.6 1.5 0
v -1.6 1.5 -0.1
v -1.6 1.5 -0.2
v -1.6 1.5 -0.3
v -1.6 1.6 1.2
v -1.6 1.6 1
v -1.6 1.6 0.6
v -1.6 1.6 0.5
v -1.6 1.6 0
v -1.6 1.6 -0.1
v -1.6 1.6 -0.9
v -1.6 1.6 -1.1
v -1.6 1.7 0.6
v -1.6 1.7 0.4
v -1.6 1.8 0
v -1.6 1.8 -0.1
v -1.6 1.8 -0.8
v -1.6 1.8 -0.9
v -1.6 1.9 1.2
v -1.6 1.9 0.9
v -1.6 1.9 0
v -1.6 1.9 -0.1
v -1.6 1.9 -0.8
v -1.6 1.9 -0.9
v -1.6 1.9 -1.2
v -1.6 2 -0.2
v -1.6 2 -0.3
v -1.6 2.1 0.9
v -1.6 2.1 0.7
v -1.6 2.1 -0.2
v -1.6 2.1 -0.3
v -1.6 2.1 -0.7
v -1.6 2.1 -0.9
v -1.6 2.2 0.7
v -1.6 2.2 0.6
v -1.6 2.2 0.5
v -1.6 2.2 0.4
v -1.6 2.2 0.2
v -1.6 2.2 0.1
v -1.6 2.2 -0.6
v -1.6 2.2 -0.7
v -1.6 2.3 0.6
v -1.6 2.3 0.5
v -1.6 2.3 0.4
v -1.6 2.3 0.2
v -1.6 2.3 0.1
v -1.6 2.3 -0.6
v -1.5 1.9 1
v -1.5 1.9 0.9
v -1.5 1.9 -0.9
v -1.5 1.9 -1
v -1.5 2 1
v -1.5 2 0.9
v -1.5 2 -0.9
v -1.5 2 -1
v -1.5 2.1 0.8
v -1.5 2.1 0.7
v -1.5 2.1 -0.7
v -1.5 2.1 -0.8
v -1.5 2.2 0.8
v -1.5 2.2 0.7
v -1.5 2.2 0.6
v -1.5 2.2 -0.6
v -1.5 2.2 -0.7
v -1.5 2.2 -0.8
v -1.5 2.3 0.7
v -1.5 2.3 0.6
v -1.5 2.3 -0.6
v -1.5 2.3 -0.7
v -1.4 0.2 0.3
v -1.4 0.2 -0.1
v -1.4 0.2 -0.2
v -1.4 0.2 -0.3
v -1.4 0.3 0.3
v -1.4 0.3 -0.1
v -1.4 0.3 -0.2
v -1.4 0.3 -0.3
v -1.4 0.4 1.2
v -1.4 0.4 0.5
v -1.4 0.4 0.4
v -1.4 0.4 0.3
v -1.4 0.4 -0.1
v -1.4 0.4 -0.2
v -1.4 0.4 -0.3
v -1.4 0.4 -1.2
v -1.4 0.5 0.5
v -1.4 0.5 0.4
v -1.4 0.5 -0.1
v -1.4 0.5 -0.2
v -1.4 0.6 1
v -1.4 0.6 0.8
v -1.4 0.6 0.5
v -1.4 0.6 0.4
v -1.4 0.7 1.4
v -1.4 0.7 1.2
v -1.4 0.7 0.9
v -1.4 0.7 0.8
v -1.4 0.7 0.5
v -1.4 0.7 0.4
v -1.4 0.7 -0.9
v -1.4 0.7 -1.2
v -1.4 0.7 -1.4
v -1.4 0.8 1
v -1.4 0.8 0.9
v -1.4 0.9 1.2
v -1.4 0.9 0.9
v -1.4 0.9 -0.9
v -1.4 0.9 -1.2
v -1.4 1.9 1.2
v -1.4 1.9 1
v -1.4 1.9 -1
v -1.4 1.9 -1.2
v -1.4 2 1
v -1.4 2 0.9
v -1.4 2 -0.9
v -1.4 2 -1
v -1.4 2.1 0.9
v -1.4 2.1 0.8
v -1.4 2.1 -0.8
v -1.4 2.1 -0.9
v -1.4 2.2 1.4
v -1.4 2.2 1.3
v -1.4 2.2 0.8
v -1.4 2.2 0.7
v -1.4 2.2 -0.7
v -1.4 2.2 -0.8
v -1.4 2.2 -1.1
v -1.4 2.2 -1.2
v -1.4 2.2 -1.3
v -1.4 2.2 -1.4
v -1.4 2.3 1.3
v -1.4 2.3 1.2
v -1.4 2.3 0.7
v -1.4 2.3 0.6
v -1.4 2.3 -0.7
v -1.4 2.3 -1.1
v -1.4 2.3 -1.2
v -1.4 2.3 -1.3
v -1.4 2.4 1.2
v -1.4 2.4 1
v -1.4 2.4 -0.4
v -1.4 2.4 -0.5
v -1.4 2.4 -1
v -1.4 2.4 -1.2
v -1.4 2.5 1
v -1.4 2.5 -0.4
v -1.4 2.5 -0.5
v -1.4 2.5 -1
v -1.4 2.7 0.8
v -1.4 2.7 -0.8
v -1.4 2.8 0.8
v -1.4 2.8 -0.8
v -1.4 2.9 0.8
v -1.4 2.9 -0.8
v -1.3 2.2 1.4
v -1.3 2.2 1.3
v -1.3 2.2 -1.3
v -1.3 2.2 -1.4
v -1.3 2.3 1.4
v -1.3 2.3 1.3
v -1.3 2.3 1.2
v -1.3 2.3 -1.2
v -1.3 2.3 -1.3
v -1.3 2.3 -1.4
v -1.3 2.4 1.3
v -1.3 2.4 1.2
v -1.3 2.4 1
v -1.3 2.4 -1
v -1.3 2.4 -1.2
v -1.3 2.4 -1.3
v -1.3 2.5 1.2
v -1.3 2.5 1
v -1.3 2.5 0.9
v -1.3 2.5 0.6
v -1.3 2.5 0.5
v -1.3 2.5 -0.4
v -1.3 2.5 -0.5
v -1.3 2.5 -0.8
v -1.3 2.5 -0.9
v -1.3 2.5 -1
v -1.3 2.5 -1.2
v -1.3 2.6 0.9
v -1.3 2.6 0.8
v -1.3 2.6 0.6
v -1.3 2.6 0.5
v -1.3 2.6 0.2
v -1.3 2.6 0.1
v -1.3 2.6 -0.8
v -1.3 2.6 -0.9
v -1.3 2.7 0.9
v -1.3 2.7 0.8
v -1.3 2.7 0.2
v -1.3 2.7 0.1
v -1.3 2.7 -0.8
v -1.3 2.7 -0.9
v -1.3 2.8 0.9
v -1.3 2.8 0.8
v -1.3 2.8 -0.8
v -1.3 2.8 -0.9
v -1.3 2.9 0.9
v -1.3 2.9 0.8
v -1.3 2.9 -0.8
v -1.3 2.9 -0.9
v -1.2 0 0.8
v -1.2 0 -0.4
v -1.2 0 -0.5
v -1.2 0 -0.7
v -1.2 0.1 0.9
v -1.2 0.1 0.8
v -1.2 0.1 -0.4
v -1.2 0.1 -0.5
v -1.2 0.2 1
v -1.2 0.2 0.9
v -1.2 0.2 0.5
v -1.2 0.2 0.4
v -1.2 0.2 0.3
v -1.2 0.2 -0.3
v -1.2 0.2 -0.7
v -1.2 0.2 -1
v -1.2 0.3 1.2
v -1.2 0.3 1
v -1.2 0.3 0.5
v -1.2 0.3 0.4
v -1.2 0.3 0.3
v -1.2 0.3 -0.3
v -1.2 0.3 -1
v -1.2 0.3 -1.2
v -1.2 0.4 1.4
v -1.2 0.4 1.2
v -1.2 0.4 0.5
v -1.2 0.4 0.4
v -1.2 0.4 0.3
v -1.2 0.4 -0.3
v -1.2 0.4 -1.2
v -1.2 0.4 -1.4
v -1.2 0.7 1.4
v -1.2 0.7 1.2
v -1.2 0.7 -1.2
v -1.2 0.7 -1.4
v -1.2 0.9 1.6
v -1.2 0.9 1.4
v -1.2 0.9 -1.4
v -1.2 0.9 -1.6
v -1.2 1.3 1.6
v -1.2 1.3 1.5
v -1.2 1.3 -1.5
v -1.2 1.3 -1.6
v -1.2 1.4 1.6
v -1.2 1.4 1.5
v -1.2 1.4 -1.5
v -1.2 1.4 -1.6
v -1.2 1.7 0.7
v -1.2 1.7 -0.7
v -1.2 1.8 0.6
v -1.2 1.8 -0.6
v -1.2 1.9 1.6
v -1.2 1.9 1.4
v -1.2 1.9 -1.4
v -1.2 1.9 -1.6
v -1.2 2.3 1.4
v -1.2 2.3 1.3
v -1.2 2.3 0.7
v -1.2 2.3 0.6
v -1.2 2.3 -0.6
v -1.2 2.3 -0.7
v -1.2 2.3 -1.3
v -1.2 2.3 -1.4
v -1.2 2.4 1.4
v -1.2 2.4 1.3
v -1.2 2.4 1.2
v -1.2 2.4 0.7
v -1.2 2.4 -0.7
v -1.2 2.4 -1.2
v -1.2 2.4 -1.3
v -1.2 2.4 -1.4
v -1.2 2.5 1.3
v -1.2 2.5 1.2
v -1.2 2.5 1
v -1.2 2.5 0.9
v -1.2 2.5 -0.9
v -1.2 2.5 -1
v -1.2 2.5 -1.2
v -1.2 2.5 -1.3
v -1.2 2.6 1
v -1.2 2.6 0.9
v -1.2 2.6 0.8
v -1.2 2.6 -0.8
v -1.2 2.6 -0.9
v -1.2 2.7 1.2
v -1.2 2.7 1
v -1.2 2.7 0.9
v -1.2 2.7 0.8
v -1.2 2.7 -0.8
v -1.2 2.7 -0.9
v -1.2 2.7 -1
v -1.2 2.7 -1.2
v -1.2 2.8 1.2
v -1.2 2.8 0.9
v -1.2 2.8 -0.9
v -1.2 2.8 -1.2
v -1.2 2.9 1.2
v -1.2 2.9 0.9
v -1.2 2.9 -0.9
v -1.2 2.9 -1.2
v -1 0 0.9
v -1 0 0.8
v -1 0.1 0.9
v -1 0.1 0.8
v -1 0.2 1.2
v -1 0.2 1
v -1 0.2 -1
v -1 0.2 -1.2
v -1 0.3 1.2
v -1 0.3 1
v -1 0.3 -1
v -1 0.3 -1.2
v -1 1.9 1.5
v -1 1.9 1.4
v -1 1.9 -1.4
v -1 1.9 -1.5
v -1 2 1.5
v -1 2 1.4
v -1 2 -1.4
v -1 2 -1.5
v -1 2.7 0.9
v -1 2.7 0.8
v -1 2.7 -0.8
v -1 2.7 -0.9
v -1 2.8 0.9
v -1 2.8 0.8
v -1 2.8 -0.8
v -1 2.8 -0.9
v -0.9 0 -0.7
v -0.9 0 -0.9
v -0.9 0.2 1.4
v -0.9 0.2 1.2
v -0.9 0.2 -0.7
v -0.9 0.2 -0.9
v -0.9 0.2 -1.2
v -0.9 0.2 -1.4
v -0.9 0.3 1.3
v -0.9 0.3 1.2
v -0.9 0.3 -1.2
v -0.9 0.3 -1.3
v -0.9 0.4 1.4
v -0.9 0.4 1.3
v -0.9 0.4 1.2
v -0.9 0.4 -1.2
v -0.9 0.4 -1.3
v -0.9 0.4 -1.4
v -0.9 0.5 -1.1
v -0.9 0.5 -1.3
v -0.9 0.7 1.6
v -0.9 0.7 1.4
v -0.9 0.7 -1.4
v -0.9 0.7 -1.6
v -0.9 0.8 -1.1
v -0.9 0.8 -1.3
v -0.9 0.9 1.6
v -0.9 0.9 1.4
v -0.9 0.9 -1.4
v -0.9 0.9 -1.6
v -0.9 1.7 0.9
v -0.9 1.7 0.7
v -0.9 1.7 -0.7
v -0.9 1.7 -0.9
v -0.9 1.8 0.8
v -0.9 1.8 0.7
v -0.9 1.8 -0.7
v -0.9 1.8 -0.8
v -0.9 1.9 1.6
v -0.9 1.9 1.5
v -0.9 1.9 -1.5
v -0.9 1.9 -1.6
v -0.9 2 1.5
v -0.9 2 1.4
v -0.9 2 -1.4
v -0.9 2 -1.5
v -0.9 2.1 1.6
v -0.9 2.1 1.4
v -0.9 2.1 0.9
v -0.9 2.1 0.8
v -0.9 2.1 -0.8
v -0.9 2.1 -0.9
v -0.9 2.1 -1.4
v -0.9 2.1 -1.6
v -0.9 2.2 1.2
v -0.9 2.2 0.9
v -0.9 2.3 1.2
v -0.9 2.3 -0.9
v -0.9 2.3 -1
v -0.9 2.4 1.2
v -0.9 2.4 0.9
v -0.9 2.4 -0.9
v -0.9 2.4 -1
v -0.9 2.5 1.2
v -0.9 2.5 1
v -0.9 2.5 -1
v -0.9 2.5 -1.2
v -0.9 2.6 1.2
v -0.9 2.6 1
v -0.9 2.6 0.9
v -0.9 2.6 0.8
v -0.9 2.6 -0.8
v -0.9 2.6 -0.9
v -0.9 2.6 -1
v -0.9 2.6 -1.2
v -0.9 2.7 1.3
v -0.9 2.7 1.2
v -0.9 2.7 0.9
v -0.9 2.7 0.8
v -0.9 2.7 0.7
v -0.9 2.7 -0.7
v -0.9 2.7 -0.8
v -0.9 2.7 -0.9
v -0.9 2.7 -1.2
v -0.9 2.7 -1.3
v -0.9 2.8 1.3
v -0.9 2.8 1.2
v -0.9 2.8 -1.2
v -0.9 2.8 -1.3
v -0.9 2.9 1.3
v -0.9 2.9 1.2
v -0.9 2.9 -1.2
v -0.9 2.9 -1.3
v -0.8 2.1 1.5
v -0.8 2.1 1.4
v -0.8 2.1 -1.4
v -0.8 2.1 -1.5
v -0.8 2.2 1.5
v -0.8 2.2 1.4
v -0.8 2.2 -1.4
v -0.8 2.2 -1.5
v -0.8 2.6 1.2
v -0.8 2.6 1
v -0.8 2.6 -1
v -0.8 2.6 -1.2
v -0.8 2.7 1.2
v -0.8 2.7 1
v -0.8 2.7 -1
v -0.8 2.7 -1.2
v -0.7 0 1
v -0.7 0 0.9
v -0.7 0 -0.9
v -0.7 0 -1
v -0.7 0.1 1.2
v -0.7 0.1 1
v -0.7 0.1 -1
v -0.7 0.1 -1.1
v -0.7 0.1 -1.2
v -0.7 0.2 1.2
v -0.7 0.2 0.9
v -0.7 0.2 -0.9
v -0.7 0.2 -1.1
v -0.7 0.2 -1.2
v -0.7 0.4 1.6
v -0.7 0.4 1.4
v -0.7 0.4 -1.4
v -0.7 0.4 -1.6
v -0.7 0.5 1.4
v -0.7 0.5 -1.2
v -0.7 0.5 -1.4
v -0.7 0.6 1.4
v -0.7 0.7 1.6
v -0.7 0.7 1.4
v -0.7 0.7 -1.2
v -0.7 0.7 -1.6
v -0.7 1.7 1.2
v -0.7 1.7 0.9
v -0.7 1.7 -0.9
v -0.7 1.7 -1.2
v -0.7 1.8 1.1
v -0.7 1.8 0.9
v -0.7 1.8 -0.9
v -0.7 1.8 -1.1
v -0.7 1.9 1.2
v -0.7 1.9 1.1
v -0.7 1.9 -1.1
v -0.7 1.9 -1.2
v -0.7 2.1 1.6
v -0.7 2.1 1.5
v -0.7 2.1 -1.5
v -0.7 2.1 -1.6
v -0.7 2.2 1.6
v -0.7 2.2 1.5
v -0.7 2.2 1.4
v -0.7 2.2 1.2
v -0.7 2.2 0.9
v -0.7 2.2 -1.4
v -0.7 2.2 -1.5
v -0.7 2.2 -1.6
v -0.7 2.3 1.5
v -0.7 2.3 1.4
v -0.7 2.3 -0.9
v -0.7 2.3 -1
v -0.7 2.3 -1.2
v -0.7 2.3 -1.4
v -0.7 2.3 -1.5
v -0.7 2.4 1.4
v -0.7 2.4 1.3
v -0.7 2.4 -1
v -0.7 2.4 -1.1
v -0.7 2.4 -1.2
v -0.7 2.4 -1.3
v -0.7 2.4 -1.4
v -0.7 2.5 1.4
v -0.7 2.5 1.3
v -0.7 2.5 -1
v -0.7 2.5 -1.1
v -0.7 2.5 -1.3
v -0.7 2.5 -1.4
v -0.6 1.3 0.3
v -0.6 1.3 -0.3
v -0.6 1.4 0.3
v -0.6 1.4 -0.3
v -0.6 1.8 0.3
v -0.6 1.8 -0.3
v -0.6 1.9 0.3
v -0.6 1.9 -0.3
v -0.6 2.2 1.6
v -0.6 2.2 1.5
v -0.6 2.2 -1.5
v -0.6 2.2 -1.6
v -0.6 2.3 1.6
v -0.6 2.3 1.5
v -0.6 2.3 -1.5
v -0.6 2.3 -1.6
v -0.5 0 1.2
v -0.5 0 1
v -0.5 0 -1
v -0.5 0 -1.2
v -0.5 0.1 1.2
v -0.5 0.1 1
v -0.5 0.1 -1
v -0.5 0.1 -1.1
v -0.5 0.1 -1.2
v -0.5 2.5 1.3
v -0.5 2.5 1.2
v -0.5 2.5 -1.2
v -0.5 2.5 -1.3
v -0.5 2.7 1.3
v -0.5 2.7 1.2
v -0.5 2.7 -1.2
v -0.5 2.7 -1.3
v -0.3 0.2 1.6
v -0.3 0.2 1.4
v -0.3 0.2 -1.4
v -0.3 0.2 -1.6
v -0.3 0.4 1.6
v -0.3 0.4 1.4
v -0.3 0.4 -1.4
v -0.3 0.4 -1.6
v 0.2 0.3 1.5
v 0.2 0.3 1.4
v 0.2 0.3 1.3
v 0.2 0.3 -1.3
v 0.2 0.3 -1.4
v 0.2 0.3 -1.5
v 0.2 0.4 1.5
v 0.2 0.4 1.4
v 0.2 0.4 -1.4
v 0.2 0.4 -1.5
v 0.2 0.5 1.5
v 0.2 0.5 1.3
v 0.2 0.5 -1.3
v 0.2 0.5 -1.5
v 0.2 1.5 1.2
v 0.2 1.5 1.1
v 0.2 1.5 0.9
v 0.2 1.5 -0.9
v 0.2 1.5 -1.1
v 0.2 1.5 -1.2
v 0.2 1.7 1.2
v 0.2 1.7 1.1
v 0.2 1.7 0.9
v 0.2 1.7 -0.9
v 0.2 1.7 -1.1
v 0.2 1.7 -1.2
v 0.2 2.5 1.2
v 0.2 2.5 1.1
v 0.2 2.5 -1.1
v 0.2 2.5 -1.2
v 0.2 2.6 1.2
v 0.2 2.6 1.1
v 0.2 2.6 -1.1
v 0.2 2.6 -1.2
v 0.4 0.1 1.1
v 0.4 0.1 0.9
v 0.4 0.1 -0.9
v 0.4 0.1 -1.1
v 0.4 0.2 1.1
v 0.4 0.2 0.9
v 0.4 0.2 -0.9
v 0.4 0.2 -1.1
v 0.4 1.3 0.3
v 0.4 1.3 -0.3
v 0.4 1.4 0.3
v 0.4 1.4 -0.3
v 0.4 1.8 0.3
v 0.4 1.8 -0.3
v 0.4 1.9 0.3
v 0.4 1.9 -0.3
v 0.4 2.6 1.2
v 0.4 2.6 1.1
v 0.4 2.6 -1.1
v 0.4 2.6 -1.2
v 0.4 2.7 1.2
v 0.4 2.7 1.1
v 0.4 2.7 -1.1
v 0.4 2.7 -1.2
v 0.5 2.1 1.5
v 0.5 2.1 1.4
v 0.5 2.1 -1.4
v 0.5 2.1 -1.5
v 0.5 2.2 1.5
v 0.5 2.2 1.4
v 0.5 2.2 -1.4
v 0.5 2.2 -1.5
v 0.6 0.1 0.9
v 0.6 0.1 0.8
v 0.6 0.1 -0.8
v 0.6 0.1 -0.9
v 0.6 0.2 1.1
v 0.6 0.2 1
v 0.6 0.2 0.9
v 0.6 0.2 0.8
v 0.6 0.2 -0.8
v 0.6 0.2 -0.9
v 0.6 0.2 -1.1
v 0.6 0.3 1.1
v 0.6 0.3 1
v 0.6 0.3 0.8
v 0.6 0.3 -0.8
v 0.6 0.3 -1.1
v 0.6 0.5 1.5
v 0.6 0.5 1.4
v 0.6 0.5 1.3
v 0.6 0.5 -1.3
v 0.6 0.5 -1.4
v 0.6 0.5 -1.5
v 0.6 0.7 1.5
v 0.6 0.7 1.4
v 0.6 0.7 -1.4
v 0.6 0.7 -1.5
v 0.6 0.8 1.5
v 0.6 0.8 1.4
v 0.6 0.8 1.3
v 0.6 0.8 -1.3
v 0.6 0.8 -1.4
v 0.6 0.8 -1.5
v 0.6 1.8 1.1
v 0.6 1.8 0.8
v 0.6 1.8 -0.8
v 0.6 1.8 -1.1
v 0.6 2 1.5
v 0.6 2 1.4
v 0.6 2 -1.4
v 0.6 2 -1.5
v 0.6 2.1 1.5
v 0.6 2.1 1.4
v 0.6 2.1 1.3
v 0.6 2.1 -1.3
v 0.6 2.1 -1.4
v 0.6 2.1 -1.5
v 0.6 2.2 1.4
v 0.6 2.2 1.3
v 0.6 2.2 -1.3
v 0.6 2.2 -1.4
v 0.6 2.3 1.3
v 0.6 2.3 1.2
v 0.6 2.3 1.1
v 0.6 2.3 1
v 0.6 2.3 -1.2
v 0.6 2.3 -1.3
v 0.6 2.4 1.3
v 0.6 2.4 1.2
v 0.6 2.4 1
v 0.6 2.4 0.9
v 0.6 2.4 -0.9
v 0.6 2.4 -1
v 0.6 2.4 -1.1
v 0.6 2.4 -1.2
v 0.6 2.4 -1.3
v 0.6 2.8 0.9
v 0.6 2.8 0.8
v 0.6 2.8 -0.8
v 0.6 2.8 -0.9
v 0.7 2 1.4
v 0.7 2 1.3
v 0.7 2 -1.3
v 0.7 2 -1.4
v 0.7 2.1 1.4
v 0.7 2.1 1.3
v 0.7 2.1 -1.3
v 0.7 2.1 -1.4
v 0.7 2.5 1.1
v 0.7 2.5 1
v 0.7 2.5 -1
v 0.7 2.5 -1.1
v 0.7 2.6 1.1
v 0.7 2.6 -1.1
v 0.7 2.7 1.1
v 0.7 2.7 1
v 0.7 2.7 -1
v 0.7 2.7 -1.1
v 0.7 2.8 1.1
v 0.7 2.8 0.9
v 0.7 2.8 -0.9
v 0.7 2.8 -1.1
v 0.7 2.9 1.1
v 0.7 2.9 0.9
v 0.7 2.9 -0.9
v 0.7 2.9 -1.1
v 0.8 0.1 -0.6
v 0.8 0.1 -0.8
v 0.8 0.2 -0.6
v 0.8 0.2 -0.8
v 0.8 0.3 1.3
v 0.8 0.3 1.1
v 0.8 0.3 -0.6
v 0.8 0.3 -0.8
v 0.8 0.3 -1.1
v 0.8 0.3 -1.3
v 0.8 0.4 1.3
v 0.8 0.4 1.1
v 0.8 0.4 -1.1
v 0.8 0.4 -1.3
v 0.8 0.5 1.3
v 0.8 0.5 1.1
v 0.8 0.5 -1.1
v 0.8 0.5 -1.3
v 0.8 0.8 1.5
v 0.8 0.8 1.3
v 0.8 0.8 -1.3
v 0.8 0.8 -1.5
v 0.8 0.9 1.5
v 0.8 0.9 1.4
v 0.8 0.9 -1.4
v 0.8 0.9 -1.5
v 0.8 1 1.5
v 0.8 1 1.4
v 0.8 1 1.3
v 0.8 1 -1.3
v 0.8 1 -1.4
v 0.8 1 -1.5
v 0.8 1.8 1.5
v 0.8 1.8 1.4
v 0.8 1.8 0.8
v 0.8 1.8 0.6
v 0.8 1.8 -0.6
v 0.8 1.8 -0.8
v 0.8 1.8 -1.4
v 0.8 1.8 -1.5
v 0.8 1.9 1.4
v 0.8 1.9 1.3
v 0.8 1.9 -1.3
v 0.8 1.9 -1.4
v 0.8 2 1.5
v 0.8 2 1.4
v 0.8 2 1.3
v 0.8 2 -1.3
v 0.8 2 -1.5
v 0.8 2.3 1.1
v 0.8 2.3 1
v 0.8 2.4 1.1
v 0.8 2.4 1
v 0.8 2.8 0.8
v 0.8 2.8 0.6
v 0.8 2.8 -0.6
v 0.8 2.8 -0.8
v 0.9 0.1 0.8
v 0.9 0.1 0.7
v 0.9 0.2 0.8
v 0.9 0.2 0.7
v 0.9 0.3 1.1
v 0.9 0.3 0.9
v 0.9 0.3 -0.9
v 0.9 0.3 -1.1
v 0.9 0.4 1.1
v 0.9 0.4 0.9
v 0.9 0.4 -0.9
v 0.9 0.4 -1.1
v 0.9 1.8 1.4
v 0.9 1.8 1.3
v 0.9 1.8 -1.3
v 0.9 1.8 -1.4
v 0.9 1.9 1.4
v 0.9 1.9 1.3
v 0.9 1.9 -1.3
v 0.9 1.9 -1.4
v 0.9 2.4 -0.9
v 0.9 2.4 -1
v 0.9 2.4 -1.1
v 0.9 2.5 -0.9
v 0.9 2.5 -1
v 0.9 2.5 -1.1
v 0.9 2.8 0.9
v 0.9 2.8 0.7
v 0.9 2.8 -0.7
v 0.9 2.8 -0.9
v 0.9 2.9 0.9
v 0.9 2.9 0.7
v 0.9 2.9 -0.7
v 0.9 2.9 -0.9
v 1.1 0.1 0.7
v 1.1 0.1 -0.6
v 1.1 0.2 0.8
v 1.1 0.2 0.7
v 1.1 0.2 0.5
v 1.1 0.2 0.4
v 1.1 0.2 0.3
v 1.1 0.2 -0.3
v 1.1 0.3 0.9
v 1.1 0.3 0.8
v 1.1 0.3 0.5
v 1.1 0.3 0.4
v 1.1 0.3 0.3
v 1.1 0.3 0.2
v 1.1 0.3 -0.2
v 1.1 0.3 -0.3
v 1.1 0.3 -0.6
v 1.1 0.3 -0.9
v 1.1 0.4 1.1
v 1.1 0.4 0.9
v 1.1 0.4 0.5
v 1.1 0.4 0.4
v 1.1 0.4 0.2
v 1.1 0.4 -0.2
v 1.1 0.4 -0.9
v 1.1 0.4 -1.1
v 1.1 0.5 1.3
v 1.1 0.5 1.1
v 1.1 0.5 0.9
v 1.1 0.5 0.5
v 1.1 0.5 0.4
v 1.1 0.5 0.2
v 1.1 0.5 -0.2
v 1.1 0.5 -0.9
v 1.1 0.5 -1.1
v 1.1 0.5 -1.2
v 1.1 0.5 -1.3
v 1.1 0.7 -1.1
v 1.1 0.7 -1.2
v 1.1 0.8 1.3
v 1.1 0.8 1.1
v 1.1 0.8 -1.1
v 1.1 0.8 -1.3
v 1.1 1 1.5
v 1.1 1 1.3
v 1.1 1 -1.3
v 1.1 1 -1.5
v 1.1 1.1 1.5
v 1.1 1.1 -1.5
v 1.1 1.2 1.5
v 1.1 1.2 -1.5
v 1.1 1.3 1.4
v 1.1 1.3 1.3
v 1.1 1.3 -1.3
v 1.1 1.3 -1.4
v 1.1 1.4 1.5
v 1.1 1.4 -1.5
v 1.1 1.8 1.5
v 1.1 1.8 1.4
v 1.1 1.8 1.3
v 1.1 1.8 0.6
v 1.1 1.8 -0.6
v 1.1 1.8 -1.3
v 1.1 1.8 -1.4
v 1.1 1.8 -1.5
v 1.1 2.2 1.3
v 1.1 2.2 1.2
v 1.1 2.2 -1.2
v 1.1 2.2 -1.3
v 1.1 2.3 1.3
v 1.1 2.3 1.2
v 1.1 2.3 1.1
v 1.1 2.3 -1.1
v 1.1 2.3 -1.2
v 1.1 2.3 -1.3
v 1.1 2.4 1.2
v 1.1 2.4 1.1
v 1.1 2.4 0.9
v 1.1 2.4 0.8
v 1.1 2.4 -0.8
v 1.1 2.4 -0.9
v 1.1 2.4 -1.1
v 1.1 2.4 -1.2
v 1.1 2.5 0.9
v 1.1 2.5 0.8
v 1.1 2.5 0.7
v 1.1 2.5 -0.7
v 1.1 2.5 -0.8
v 1.1 2.5 -0.9
v 1.1 2.6 0.9
v 1.1 2.7 0.9
v 1.1 2.7 0.8
v 1.1 2.7 0.7
v 1.1 2.7 -0.7
v 1.1 2.7 -0.8
v 1.1 2.7 -0.9
v 1.1 2.8 0.9
v 1.1 2.8 0.8
v 1.1 2.8 0.6
v 1.1 2.8 -0.6
v 1.1 2.8 -0.8
v 1.1 2.8 -0.9
v 1.2 2.1 1.3
v 1.2 2.1 1.2
v 1.2 2.1 -1.2
v 1.2 2.1 -1.3
v 1.2 2.2 1.3
v 1.2 2.2 1.2
v 1.2 2.2 1.1
v 1.2 2.2 -1.1
v 1.2 2.2 -1.2
v 1.2 2.2 -1.3
v 1.2 2.3 1.2
v 1.2 2.3 1.1
v 1.2 2.3 0.9
v 1.2 2.3 -0.9
v 1.2 2.3 -1.1
v 1.2 2.3 -1.2
v 1.2 2.4 1.1
v 1.2 2.4 0.9
v 1.2 2.4 0.8
v 1.2 2.4 0.7
v 1.2 2.4 -0.7
v 1.2 2.4 -0.8
v 1.2 2.4 -0.9
v 1.2 2.4 -1
v 1.2 2.4 -1.1
v 1.2 2.5 0.8
v 1.2 2.5 0.7
v 1.2 2.5 -0.7
v 1.2 2.5 -0.8
v 1.2 2.8 0.7
v 1.2 2.8 -0.7
v 1.2 2.9 0.7
v 1.2 2.9 -0.7
v 1.3 0.3 0.2
v 1.3 0.3 -0.1
v 1.3 0.3 -0.2
v 1.3 0.4 0.2
v 1.3 0.4 -0.1
v 1.3 0.4 -0.2
v 1.3 0.5 1.1
v 1.3 0.5 0.5
v 1.3 0.5 0.4
v 1.3 0.5 0.3
v 1.3 0.5 0.2
v 1.3 0.5 -0.1
v 1.3 0.5 -0.2
v 1.3 0.5 -0.3
v 1.3 0.5 -1.1
v 1.3 0.6 1
v 1.3 0.6 0.8
v 1.3 0.6 0.5
v 1.3 0.6 0.4
v 1.3 0.7 0.5
v 1.3 0.7 0.4
v 1.3 0.8 1.3
v 1.3 0.8 1.1
v 1.3 0.8 1
v 1.3 0.8 0.8
v 1.3 0.8 -0.8
v 1.3 0.8 -1.1
v 1.3 0.8 -1.3
v 1.3 1 1.1
v 1.3 1 0.8
v 1.3 1 -0.8
v 1.3 1 -1.1
v 1.3 1.8 1.1
v 1.3 1.8 0.9
v 1.3 1.8 -0.9
v 1.3 1.8 -1.1
v 1.3 1.9 0.9
v 1.3 1.9 0.8
v 1.3 1.9 -0.8
v 1.3 1.9 -0.9
v 1.3 1.9 -1
v 1.3 2 0.8
v 1.3 2 0.7
v 1.3 2 -0.7
v 1.3 2 -0.8
v 1.3 2 -0.9
v 1.3 2 -1
v 1.3 2.1 1.3
v 1.3 2.1 1.2
v 1.3 2.1 0.8
v 1.3 2.1 0.7
v 1.3 2.1 0.6
v 1.3 2.1 -0.6
v 1.3 2.1 -0.7
v 1.3 2.1 -0.8
v 1.3 2.1 -1.2
v 1.3 2.1 -1.3
v 1.3 2.2 1.2
v 1.3 2.2 1.1
v 1.3 2.2 0.8
v 1.3 2.2 0.7
v 1.3 2.2 0.6
v 1.3 2.2 -0.6
v 1.3 2.2 -0.7
v 1.3 2.2 -0.8
v 1.3 2.2 -1.1
v 1.3 2.2 -1.2
v 1.3 2.3 1.1
v 1.3 2.3 0.9
v 1.3 2.3 -0.6
v 1.3 2.3 -0.7
v 1.3 2.3 -0.9
v 1.3 2.3 -1.1
v 1.3 2.4 0.9
v 1.3 2.4 0.6
v 1.3 2.4 -0.6
v 1.3 2.4 -0.9
v 1.4 1.8 0.9
v 1.4 1.8 0.8
v 1.4 1.8 -0.8
v 1.4 1.8 -0.9
v 1.4 1.9 0.9
v 1.4 1.9 0.8
v 1.4 1.9 -0.8
v 1.4 1.9 -0.9
v 1.4 2 0.7
v 1.4 2 0.6
v 1.4 2 -0.6
v 1.4 2 -0.7
v 1.4 2.1 0.7
v 1.4 2.1 0.6
v 1.4 2.1 0.5
v 1.4 2.1 -0.5
v 1.4 2.1 -0.6
v 1.4 2.1 -0.7
v 1.4 2.2 0.6
v 1.4 2.2 0.5
v 1.4 2.2 -0.5
v 1.4 2.2 -0.6
v 1.5 0.8 0.8
v 1.5 0.8 -0.8
v 1.5 0.9 -0.6
v 1.5 0.9 -0.7
v 1.5 1 1.1
v 1.5 1 0.8
v 1.5 1 -0.6
v 1.5 1 -0.7
v 1.5 1 -0.8
v 1.5 1 -1.1
v 1.5 1.2 0.9
v 1.5 1.2 0.8
v 1.5 1.3 0.9
v 1.5 1.3 0.8
v 1.5 1.4 0.3
v 1.5 1.4 0.2
v 1.5 1.4 -0.2
v 1.5 1.4 -0.3
v 1.5 1.4 -0.9
v 1.5 1.4 -1.1
v 1.5 1.5 1.1
v 1.5 1.5 1
v 1.5 1.5 0.5
v 1.5 1.5 0.4
v 1.5 1.5 0.3
v 1.5 1.5 0.2
v 1.5 1.5 0
v 1.5 1.5 -0.1
v 1.5 1.5 -0.2
v 1.5 1.5 -0.3
v 1.5 1.6 1.1
v 1.5 1.6 1
v 1.5 1.6 0.6
v 1.5 1.6 0.5
v 1.5 1.6 0
v 1.5 1.6 -0.1
v 1.5 1.6 -0.9
v 1.5 1.6 -1.1
v 1.5 1.7 0.6
v 1.5 1.7 0.4
v 1.5 1.8 1.1
v 1.5 1.8 0.8
v 1.5 1.8 0
v 1.5 1.8 -0.1
v 1.5 1.8 -0.8
v 1.5 1.8 -1.1
v 1.5 1.9 0
v 1.5 1.9 -0.1
v 1.5 2 0.8
v 1.5 2 0.6
v 1.5 2 -0.2
v 1.5 2 -0.3
v 1.5 2 -0.6
v 1.5 2 -0.8
v 1.5 2.1 0.6
v 1.5 2.1 0.5
v 1.5 2.1 -0.2
v 1.5 2.1 -0.3
v 1.5 2.1 -0.5
v 1.5 2.1 -0.6
v 1.5 2.2 0.5
v 1.5 2.2 -0.5
v -1.5 0.8 0.8
v -1.5 0.8 -0.8
v -1.5 0.9 -0.6
v -1.5 0.9 -0.7
v -1.5 1 1.1
v -1.5 1 0.8
v -1.5 1 -0.6
v -1.5 1 -0.7
v -1.5 1 -0.8
v -1.5 1 -1.1
v -1.5 1.2 0.9
v -1.5 1.2 0.8
v -1.5 1.3 0.9
v -1.5 1.3 0.8
v -1.5 1.4 0.3
v -1.5 1.4 0.2
v -1.5 1.4 -0.2
v -1.5 1.4 -0.3
v -1.5 1.4 -0.9
v -1.5 1.4 -1.1
v -1.5 1.5 1.1
v -1.5 1.5 1
v -1.5 1.5 0.5
v -1.5 1.5 0.4
v -1.5 1.5 0.3
v -1.5 1.5 0.2
v -1.5 1.5 0
v -1.5 1.5 -0.1
v -1.5 1.5 -0.2
v -1.5 1.5 -0.3
v -1.5 1.6 1.1
v -1.5 1.6 1
v -1.5 1.6 0.6
v -1.5 1.6 0.5
v -1.5 1.6 0
v -1.5 1.6 -0.1
v -1.5 1.6 -0.9
v -1.5 1.6 -1.1
v -1.5 1.7 0.6
v -1.5 1.7 0.4
v -1.5 1.8 1.1
v -1.5 1.8 0.8
v -1.5 1.8 0
v -1.5 1.8 -0.1
v -1.5 1.8 -0.8
v -1.5 1.8 -1.1
v -1.5 1.9 0
v -1.5 1.9 -0.1
v -1.5 2 0.8
v -1.5 2 0.6
v -1.5 2 -0.2
v -1.5 2 -0.3
v -1.5 2 -0.6
v -1.5 2 -0.8
v -1.5 2.1 0.6
v -1.5 2.1 0.5
v -1.5 2.1 -0.2
v -1.5 2.1 -0.3
v -1.5 2.1 -0.5
v -1.5 2.1 -0.6
v -1.5 2.2 0.5
v -1.5 2.2 -0.5
v -1.4 1.8 0.9
v -1.4 1.8 0.8
v -1.4 1.8 -0.8
v -1.4 1.8 -0.9
v -1.4 1.9 0.9
v -1.4 1.9 0.8
v -1.4 1.9 -0.8
v -1.4 1.9 -0.9
v -1.4 2 0.7
v -1.4 2 0.6
v -1.4 2 -0.6
v -1.4 2 -0.7
v -1.4 2.1 0.7
v -1.4 2.1 0.6
v -1.4 2.1 0.5
v -1.4 2.1 -0.5
v -1.4 2.1 -0.6
v -1.4 2.1 -0.7
v -1.4 2.2 0.6
v -1.4 2.2 0.5
v -1.4 2.2 -0.5
v -1.4 2.2 -0.6
v -1.3 0.3 0.2
v -1.3 0.3 -0.1
v -1.3 0.3 -0.2
v -1.3 0.4 0.2
v -1.3 0.4 -0.1
v -1.3 0.4 -0.2
v -1.3 0.5 1.1
v -1.3 0.5 0.5
v -1.3 0.5 0.4
v -1.3 0.5 0.2
v -1.3 0.5 -0.1
v -1.3 0.5 -0.2
v -1.3 0.5 -1.1
v -1.3 0.6 1
v -1.3 0.6 0.8
v -1.3 0.6 0.5
v -1.3 0.6 0.4
v -1.3 0.7 0.5
v -1.3 0.7 0.4
v -1.3 0.8 1.3
v -1.3 0.8 1.1
v -1.3 0.8 1
v -1.3 0.8 0.9
v -1.3 0.8 0.8
v -1.3 0.8 -0.8
v -1.3 0.8 -0.9
v -1.3 0.8 -1.1
v -1.3 0.8 -1.3
v -1.3 0.9 1
v -1.3 0.9 0.9
v -1.3 0.9 -0.9
v -1.3 0.9 -1.2
v -1.3 1 1.1
v -1.3 1 1
v -1.3 1 0.8
v -1.3 1 -0.8
v -1.3 1 -1.1
v -1.3 1.8 1.1
v -1.3 1.8 1
v -1.3 1.8 0.9
v -1.3 1.8 -0.9
v -1.3 1.8 -1.1
v -1.3 1.9 0.9
v -1.3 1.9 0.8
v -1.3 1.9 -0.8
v -1.3 1.9 -0.9
v -1.3 1.9 -1
v -1.3 1.9 -1.2
v -1.3 2 1
v -1.3 2 0.9
v -1.3 2 0.8
v -1.3 2 0.7
v -1.3 2 -0.7
v -1.3 2 -0.8
v -1.3 2 -0.9
v -1.3 2 -1
v -1.3 2.1 1.3
v -1.3 2.1 1.2
v -1.3 2.1 0.9
v -1.3 2.1 0.8
v -1.3 2.1 0.7
v -1.3 2.1 0.6
v -1.3 2.1 -0.6
v -1.3 2.1 -0.7
v -1.3 2.1 -0.8
v -1.3 2.1 -0.9
v -1.3 2.1 -1.2
v -1.3 2.1 -1.3
v -1.3 2.2 1.2
v -1.3 2.2 1.1
v -1.3 2.2 0.8
v -1.3 2.2 0.7
v -1.3 2.2 0.6
v -1.3 2.2 -0.6
v -1.3 2.2 -0.7
v -1.3 2.2 -0.8
v -1.3 2.2 -1.1
v -1.3 2.2 -1.2
v -1.3 2.3 1.1
v -1.3 2.3 0.9
v -1.3 2.3 0.7
v -1.3 2.3 -0.7
v -1.3 2.3 -0.9
v -1.3 2.3 -1.1
v -1.3 2.4 0.9
v -1.3 2.4 -0.9
v -1.2 2.1 1.3
v -1.2 2.1 1.2
v -1.2 2.1 -1.2
v -1.2 2.1 -1.3
v -1.2 2.2 1.3
v -1.2 2.2 1.2
v -1.2 2.2 1.1
v -1.2 2.2 -1.1
v -1.2 2.2 -1.2
v -1.2 2.2 -1.3
v -1.2 2.3 1.2
v -1.2 2.3 1.1
v -1.2 2.3 0.9
v -1.2 2.3 -0.9
v -1.2 2.3 -1.1
v -1.2 2.3 -1.2
v -1.2 2.4 1.1
v -1.2 2.4 0.9
v -1.2 2.4 0.8
v -1.2 2.4 0.7
v -1.2 2.4 -0.7
v -1.2 2.4 -0.8
v -1.2 2.4 -0.9
v -1.2 2.4 -1.1
v -1.2 2.5 0.8
v -1.2 2.5 0.7
v -1.2 2.5 -0.7
v -1.2 2.5 -0.8
v -1.2 2.8 0.7
v -1.2 2.8 -0.7
v -1.2 2.9 0.7
v -1.2 2.9 -0.7
v -1.1 0.1 0.7
v -1.1 0.1 -0.6
v -1.1 0.2 0.8
v -1.1 0.2 0.7
v -1.1 0.2 0.5
v -1.1 0.2 0.4
v -1.1 0.3 0.9
v -1.1 0.3 0.8
v -1.1 0.3 0.5
v -1.1 0.3 0.4
v -1.1 0.3 0.2
v -1.1 0.3 -0.2
v -1.1 0.3 -0.6
v -1.1 0.3 -0.9
v -1.1 0.4 1.1
v -1.1 0.4 0.9
v -1.1 0.4 0.5
v -1.1 0.4 0.4
v -1.1 0.4 0.2
v -1.1 0.4 -0.2
v -1.1 0.4 -0.9
v -1.1 0.4 -1.1
v -1.1 0.5 1.3
v -1.1 0.5 1.1
v -1.1 0.5 0.5
v -1.1 0.5 0.4
v -1.1 0.5 0.2
v -1.1 0.5 -0.2
v -1.1 0.5 -1.1
v -1.1 0.5 -1.3
v -1.1 0.8 1.3
v -1.1 0.8 1.1
v -1.1 0.8 -1.1
v -1.1 0.8 -1.3
v -1.1 1 1.5
v -1.1 1 1.3
v -1.1 1 -1.3
v -1.1 1 -1.5
v -1.1 1.3 1.4
v -1.1 1.3 1.3
v -1.1 1.3 -1.3
v -1.1 1.3 -1.4
v -1.1 1.4 1.5
v -1.1 1.4 -1.5
v -1.1 1.5 1.5
v -1.1 1.5 -1.5
v -1.1 1.6 1.5
v -1.1 1.6 -1.5
v -1.1 1.8 1.5
v -1.1 1.8 1.4
v -1.1 1.8 1.3
v -1.1 1.8 0.6
v -1.1 1.8 -0.6
v -1.1 1.8 -1.3
v -1.1 1.8 -1.4
v -1.1 1.8 -1.5
v -1.1 2.2 1.3
v -1.1 2.2 1.2
v -1.1 2.2 -1.2
v -1.1 2.2 -1.3
v -1.1 2.3 1.3
v -1.1 2.3 1.2
v -1.1 2.3 1.1
v -1.1 2.3 -1.1
v -1.1 2.3 -1.2
v -1.1 2.3 -1.3
v -1.1 2.4 1.2
v -1.1 2.4 1.1
v -1.1 2.4 0.9
v -1.1 2.4 0.8
v -1.1 2.4 -0.8
v -1.1 2.4 -0.9
v -1.1 2.4 -1.1
v -1.1 2.4 -1.2
v -1.1 2.5 0.8
v -1.1 2.5 0.7
v -1.1 2.5 -0.7
v -1.1 2.5 -0.8
v -1.1 2.5 -0.9
v -1.1 2.6 0.9
v -1.1 2.7 0.9
v -1.1 2.7 0.8
v -1.1 2.7 0.7
v -1.1 2.7 -0.7
v -1.1 2.7 -0.8
v -1.1 2.7 -0.9
v -1.1 2.8 0.9
v -1.1 2.8 0.8
v -1.1 2.8 0.6
v -1.1 2.8 -0.6
v -1.1 2.8 -0.8
v -1.1 2.8 -0.9
v -0.9 0.1 0.8
v -0.9 0.1 0.7
v -0.9 0.2 0.8
v -0.9 0.2 0.7
v -0.9 0.3 1.1
v -0.9 0.3 0.9
v -0.9 0.3 -0.9
v -0.9 0.3 -1.1
v -0.9 0.4 1.1
v -0.9 0.4 0.9
v -0.9 0.4 -0.9
v -0.9 0.4 -1.1
v -0.9 1.8 1.4
v -0.9 1.8 1.3
v -0.9 1.8 -1.3
v -0.9 1.8 -1.4
v -0.9 1.9 1.4
v -0.9 1.9 1.3
v -0.9 1.9 -1.3
v -0.9 1.9 -1.4
v -0.9 2.8 0.9
v -0.9 2.8 0.7
v -0.9 2.8 -0.7
v -0.9 2.8 -0.9
v -0.9 2.9 0.9
v -0.9 2.9 0.7
v -0.9 2.9 -0.7
v -0.9 2.9 -0.9
v -0.8 0.1 -0.6
v -0.8 0.1 -0.8
v -0.8 0.2 -0.6
v -0.8 0.2 -0.8
v -0.8 0.3 1.3
v -0.8 0.3 1.1
v -0.8 0.3 -0.6
v -0.8 0.3 -0.8
v -0.8 0.3 -1.1
v -0.8 0.3 -1.3
v -0.8 0.4 1.3
v -0.8 0.4 1.1
v -0.8 0.4 -1.1
v -0.8 0.4 -1.3
v -0.8 0.5 1.3
v -0.8 0.5 1.1
v -0.8 0.5 -1.2
v -0.8 0.5 -1.4
v -0.8 0.7 -1.2
v -0.8 0.7 -1.4
v -0.8 0.8 1.5
v -0.8 0.8 1.3
v -0.8 0.8 -1.3
v -0.8 0.8 -1.5
v -0.8 0.9 1.5
v -0.8 0.9 1.4
v -0.8 0.9 -1.4
v -0.8 0.9 -1.5
v -0.8 1 1.5
v -0.8 1 1.4
v -0.8 1 1.3
v -0.8 1 -1.3
v -0.8 1 -1.4
v -0.8 1 -1.5
v -0.8 1.8 1.5
v -0.8 1.8 1.4
v -0.8 1.8 0.8
v -0.8 1.8 0.6
v -0.8 1.8 -0.6
v -0.8 1.8 -0.8
v -0.8 1.8 -1.4
v -0.8 1.8 -1.5
v -0.8 1.9 1.4
v -0.8 1.9 1.3
v -0.8 1.9 -1.3
v -0.8 1.9 -1.4
v -0.8 2 1.5
v -0.8 2 1.3
v -0.8 2 -1.3
v -0.8 2 -1.5
v -0.8 2.3 1.1
v -0.8 2.3 1
v -0.8 2.4 1.1
v -0.8 2.4 1
v -0.8 2.4 -1
v -0.8 2.4 -1.1
v -0.8 2.5 -1
v -0.8 2.5 -1.1
v -0.8 2.8 0.8
v -0.8 2.8 0.6
v -0.8 2.8 -0.6
v -0.8 2.8 -0.8
v -0.7 2 1.4
v -0.7 2 1.3
v -0.7 2 -1.3
v -0.7 2 -1.4
v -0.7 2.1 1.4
v -0.7 2.1 1.3
v -0.7 2.1 -1.3
v -0.7 2.1 -1.4
v -0.7 2.5 1.1
v -0.7 2.5 1
v -0.7 2.5 -1
v -0.7 2.5 -1.1
v -0.7 2.6 1.1
v -0.7 2.6 -1.1
v -0.7 2.7 1.1
v -0.7 2.7 1
v -0.7 2.7 -1
v -0.7 2.7 -1.1
v -0.7 2.8 1.1
v -0.7 2.8 0.9
v -0.7 2.8 -0.9
v -0.7 2.8 -1.1
v -0.7 2.9 1.1
v -0.7 2.9 0.9
v -0.7 2.9 -0.9
v -0.7 2.9 -1.1
v -0.6 0.1 0.9
v -0.6 0.1 0.8
v -0.6 0.1 -0.8
v -0.6 0.1 -0.9
v -0.6 0.2 1.1
v -0.6 0.2 1
v -0.6 0.2 0.9
v -0.6 0.2 0.8
v -0.6 0.2 -0.8
v -0.6 0.2 -0.9
v -0.6 0.2 -1.1
v -0.6 0.3 1.1
v -0.6 0.3 1
v -0.6 0.3 0.8
v -0.6 0.3 -0.8
v -0.6 0.3 -1.1
v -0.6 0.4 -1.1
v -0.6 0.4 -1.3
v -0.6 0.5 1.5
v -0.6 0.5 1.4
v -0.6 0.5 1.3
v -0.6 0.5 -1.3
v -0.6 0.5 -1.4
v -0.6 0.5 -1.5
v -0.6 0.7 1.5
v -0.6 0.7 1.4
v -0.6 0.7 -1.4
v -0.6 0.7 -1.5
v -0.6 0.8 1.5
v -0.6 0.8 1.4
v -0.6 0.8 1.3
v -0.6 0.8 -1.1
v -0.6 0.8 -1.4
v -0.6 0.8 -1.5
v -0.6 1.8 1.1
v -0.6 1.8 0.8
v -0.6 1.8 -0.8
v -0.6 1.8 -1.1
v -0.6 2 1.5
v -0.6 2 1.4
v -0.6 2 -1.4
v -0.6 2 -1.5
v -0.6 2.1 1.5
v -0.6 2.1 1.4
v -0.6 2.1 1.3
v -0.6 2.1 -1.3
v -0.6 2.1 -1.4
v -0.6 2.1 -1.5
v -0.6 2.2 1.4
v -0.6 2.2 1.3
v -0.6 2.2 -1.3
v -0.6 2.2 -1.4
v -0.6 2.3 1.3
v -0.6 2.3 1.2
v -0.6 2.3 1.1
v -0.6 2.3 1
v -0.6 2.3 -1.2
v -0.6 2.3 -1.3
v -0.6 2.4 1.3
v -0.6 2.4 1.2
v -0.6 2.4 1
v -0.6 2.4 0.9
v -0.6 2.4 -0.9
v -0.6 2.4 -1
v -0.6 2.4 -1.1
v -0.6 2.4 -1.2
v -0.6 2.4 -1.3
v -0.6 2.8 0.9
v -0.6 2.8 0.8
v -0.6 2.8 -0.8
v -0.6 2.8 -0.9
v -0.5 2.1 1.5
v -0.5 2.1 1.4
v -0.5 2.1 -1.4
v -0.5 2.1 -1.5
v -0.5 2.2 1.5
v -0.5 2.2 1.4
v -0.5 2.2 -1.4
v -0.5 2.2 -1.5
v -0.4 0.1 1.1
v -0.4 0.1 0.9
v -0.4 0.1 -0.9
v -0.4 0.1 -1.1
v -0.4 0.2 1.1
v -0.4 0.2 0.9
v -0.4 0.2 -0.9
v -0.4 0.2 -1.1
v -0.4 1.3 0.3
v -0.4 1.3 -0.3
v -0.4 1.4 0.3
v -0.4 1.4 -0.3
v -0.4 1.8 0.3
v -0.4 1.8 -0.3
v -0.4 1.9 0.3
v -0.4 1.9 -0.3
v -0.4 2.6 1.2
v -0.4 2.6 1.1
v -0.4 2.6 -1.1
v -0.4 2.6 -1.2
v -0.4 2.7 1.2
v -0.4 2.7 1.1
v -0.4 2.7 -1.1
v -0.4 2.7 -1.2
v -0.2 0.3 1.5
v -0.2 0.3 1.4
v -0.2 0.3 1.3
v -0.2 0.3 -1.3
v -0.2 0.3 -1.4
v -0.2 0.3 -1.5
v -0.2 0.4 1.5
v -0.2 0.4 1.4
v -0.2 0.4 -1.4
v -0.2 0.4 -1.5
v -0.2 0.5 1.5
v -0.2 0.5 1.3
v -0.2 0.5 -1.3
v -0.2 0.5 -1.5
v -0.2 2.5 1.2
v -0.2 2.5 1.1
v -0.2 2.5 -1.1
v -0.2 2.5 -1.2
v -0.2 2.6 1.2
v -0.2 2.6 1.1
v -0.2 2.6 -1.1
v -0.2 2.6 -1.2
v 0.3 0.2 1.6
v 0.3 0.2 1.4
v 0.3 0.2 -1.4
v 0.3 0.2 -1.6
v 0.3 0.4 1.6
v 0.3 0.4 1.4
v 0.3 0.4 -1.4
v 0.3 0.4 -1.6
v 0.4 1.5 1.2
v 0.4 1.5 1.1
v 0.4 1.5 0.9
v 0.4 1.5 -0.9
v 0.4 1.5 -1.1
v 0.4 1.5 -1.2
v 0.4 1.7 1.2
v 0.4 1.7 1.1
v 0.4 1.7 0.9
v 0.4 1.7 -0.9
v 0.4 1.7 -1.1
v 0.4 1.7 -1.2
v 0.5 0 1.2
v 0.5 0 1
v 0.5 0 -1
v 0.5 0 -1.2
v 0.5 0.1 1.2
v 0.5 0.1 1
v 0.5 0.1 -1
v 0.5 0.1 -1.1
v 0.5 0.1 -1.2
v 0.5 2.5 1.3
v 0.5 2.5 1.2
v 0.5 2.5 -1.2
v 0.5 2.5 -1.3
v 0.5 2.7 1.3
v 0.5 2.7 1.2
v 0.5 2.7 -1.2
v 0.5 2.7 -1.3
v 0.6 1.3 0.3
v 0.6 1.3 -0.3
v 0.6 1.4 0.3
v 0.6 1.4 -0.3
v 0.6 1.8 0.3
v 0.6 1.8 -0.3
v 0.6 1.9 0.3
v 0.6 1.9 -0.3
v 0.6 2.2 1.6
v 0.6 2.2 1.5
v 0.6 2.2 -1.5
v 0.6 2.2 -1.6
v 0.6 2.3 1.6
v 0.6 2.3 1.5
v 0.6 2.3 -1.5
v 0.6 2.3 -1.6
v 0.7 0 1
v 0.7 0 0.9
v 0.7 0 -0.9
v 0.7 0 -1
v 0.7 0.1 1.2
v 0.7 0.1 1
v 0.7 0.1 -1
v 0.7 0.1 -1.1
v 0.7 0.1 -1.2
v 0.7 0.2 1.2
v 0.7 0.2 0.9
v 0.7 0.2 -0.9
v 0.7 0.2 -1.1
v 0.7 0.2 -1.2
v 0.7 0.4 1.6
v 0.7 0.4 1.4
v 0.7 0.4 -1.4
v 0.7 0.4 -1.6
v 0.7 0.7 1.6
v 0.7 0.7 1.4
v 0.7 0.7 -1.4
v 0.7 0.7 -1.6
v 0.7 1.7 1.2
v 0.7 1.7 0.9
v 0.7 1.7 -0.9
v 0.7 1.7 -1.2
v 0.7 1.8 1.1
v 0.7 1.8 0.9
v 0.7 1.8 -0.9
v 0.7 1.8 -1.1
v 0.7 2.1 1.6
v 0.7 2.1 1.5
v 0.7 2.1 -1.5
v 0.7 2.1 -1.6
v 0.7 2.2 1.6
v 0.7 2.2 1.5
v 0.7 2.2 1.4
v 0.7 2.2 1.2
v 0.7 2.2 1.1
v 0.7 2.2 1
v 0.7 2.2 0.9
v 0.7 2.2 -1.4
v 0.7 2.2 -1.5
v 0.7 2.2 -1.6
v 0.7 2.3 1.5
v 0.7 2.3 1.4
v 0.7 2.3 -1.2
v 0.7 2.3 -1.4
v 0.7 2.3 -1.5
v 0.7 2.4 1.4
v 0.7 2.4 1.3
v 0.7 2.4 -0.9
v 0.7 2.4 -1.1
v 0.7 2.4 -1.2
v 0.7 2.4 -1.3
v 0.7 2.4 -1.4
v 0.7 2.5 1.4
v 0.7 2.5 1.3
v 0.7 2.5 -0.9
v 0.7 2.5 -1.1
v 0.7 2.5 -1.3
v 0.7 2.5 -1.4
v 0.8 2.1 1.5
v 0.8 2.1 1.4
v 0.8 2.1 -1.4
v 0.8 2.1 -1.5
v 0.8 2.2 1.5
v 0.8 2.2 1.4
v 0.8 2.2 -1.4
v 0.8 2.2 -1.5
v 0.8 2.6 1.2
v 0.8 2.6 1
v 0.8 2.6 -1
v 0.8 2.6 -1.2
v 0.8 2.7 1.2
v 0.8 2.7 1
v 0.8 2.7 -1
v 0.8 2.7 -1.2
v 0.9 0 -0.7
v 0.9 0 -0.9
v 0.9 0.2 1.4
v 0.9 0.2 1.2
v 0.9 0.2 -0.7
v 0.9 0.2 -0.9
v 0.9 0.2 -1.2
v 0.9 0.2 -1.4
v 0.9 0.3 1.3
v 0.9 0.3 1.2
v 0.9 0.3 -1.2
v 0.9 0.3 -1.3
v 0.9 0.4 1.4
v 0.9 0.4 1.3
v 0.9 0.4 1.2
v 0.9 0.4 -1.2
v 0.9 0.4 -1.3
v 0.9 0.4 -1.4
v 0.9 0.7 1.6
v 0.9 0.7 1.4
v 0.9 0.7 -1.4
v 0.9 0.7 -1.6
v 0.9 0.9 1.6
v 0.9 0.9 1.4
v 0.9 0.9 -1.4
v 0.9 0.9 -1.6
v 0.9 1.7 0.9
v 0.9 1.7 0.7
v 0.9 1.7 -0.7
v 0.9 1.7 -0.9
v 0.9 1.9 1.6
v 0.9 1.9 1.5
v 0.9 1.9 -1.5
v 0.9 1.9 -1.6
v 0.9 2 1.5
v 0.9 2 1.4
v 0.9 2 -1.4
v 0.9 2 -1.5
v 0.9 2.1 1.6
v 0.9 2.1 1.4
v 0.9 2.1 0.9
v 0.9 2.1 0.8
v 0.9 2.1 -0.8
v 0.9 2.1 -0.9
v 0.9 2.1 -1.4
v 0.9 2.1 -1.6
v 0.9 2.2 1.2
v 0.9 2.2 1
v 0.9 2.2 0.9
v 0.9 2.3 1.2
v 0.9 2.4 1.2
v 0.9 2.4 1
v 0.9 2.4 0.9
v 0.9 2.4 -0.9
v 0.9 2.5 0.9
v 0.9 2.5 0.8
v 0.9 2.5 -0.9
v 0.9 2.6 -0.8
v 0.9 2.6 -0.9
v 0.9 2.7 1.3
v 0.9 2.7 1.2
v 0.9 2.7 0.9
v 0.9 2.7 0.7
v 0.9 2.7 -0.7
v 0.9 2.7 -0.9
v 0.9 2.7 -1.2
v 0.9 2.7 -1.3
v 0.9 2.8 1.3
v 0.9 2.8 1.2
v 0.9 2.8 -1.2
v 0.9 2.8 -1.3
v 0.9 2.9 1.3
v 0.9 2.9 1.2
v 0.9 2.9 -1.2
v 0.9 2.9 -1.3
v 1 0 0.9
v 1 0 0.8
v 1 0.1 0.9
v 1 0.1 0.8
v 1 0.2 1.2
v 1 0.2 1
v 1 0.2 -1
v 1 0.2 -1.2
v 1 0.3 1.2
v 1 0.3 1
v 1 0.3 -1
v 1 0.3 -1.2
v 1 1.9 1.5
v 1 1.9 1.4
v 1 1.9 -1.4
v 1 1.9 -1.5
v 1 2 1.5
v 1 2 1.4
v 1 2 -1.4
v 1 2 -1.5
v 1 2.5 1.2
v 1 2.5 1.1
v 1 2.5 1
v 1 2.5 -1
v 1 2.5 -1.2
v 1 2.6 1.2
v 1 2.6 1
v 1 2.6 -1
v 1 2.6 -1.2
v 1 2.7 0.9
v 1 2.7 0.8
v 1 2.7 -0.8
v 1 2.7 -0.9
v 1 2.8 0.9
v 1 2.8 0.8
v 1 2.8 -0.8
v 1 2.8 -0.9
v 1.2 0 0.8
v 1.2 0 -0.4
v 1.2 0 -0.5
v 1.2 0 -0.7
v 1.2 0.1 0.9
v 1.2 0.1 0.8
v 1.2 0.1 -0.4
v 1.2 0.1 -0.5
v 1.2 0.2 1
v 1.2 0.2 0.9
v 1.2 0.2 0.8
v 1.2 0.2 0.5
v 1.2 0.2 0.4
v 1.2 0.2 0.3
v 1.2 0.2 -0.3
v 1.2 0.2 -0.7
v 1.2 0.2 -1
v 1.2 0.3 1.2
v 1.2 0.3 1
v 1.2 0.3 0.5
v 1.2 0.3 0.4
v 1.2 0.3 0.3
v 1.2 0.3 -0.3
v 1.2 0.3 -1
v 1.2 0.3 -1.2
v 1.2 0.4 1.4
v 1.2 0.4 1.2
v 1.2 0.4 0.5
v 1.2 0.4 0.4
v 1.2 0.4 0.3
v 1.2 0.4 -0.3
v 1.2 0.4 -1.2
v 1.2 0.4 -1.4
v 1.2 0.7 1.4
v 1.2 0.7 1.2
v 1.2 0.7 -1.2
v 1.2 0.7 -1.4
v 1.2 0.9 1.6
v 1.2 0.9 1.4
v 1.2 0.9 -1.4
v 1.2 0.9 -1.6
v 1.2 1.7 0.7
v 1.2 1.7 -0.7
v 1.2 1.9 1.6
v 1.2 1.9 1.4
v 1.2 1.9 -1.4
v 1.2 1.9 -1.6
v 1.2 2.2 0.7
v 1.2 2.2 0.6
v 1.2 2.2 -0.6
v 1.2 2.2 -0.7
v 1.2 2.3 1.4
v 1.2 2.3 1.3
v 1.2 2.3 -1.3
v 1.2 2.3 -1.4
v 1.2 2.4 1.4
v 1.2 2.4 1.3
v 1.2 2.4 1.2
v 1.2 2.4 0.7
v 1.2 2.4 0.6
v 1.2 2.4 -0.6
v 1.2 2.4 -0.7
v 1.2 2.4 -1.2
v 1.2 2.4 -1.3
v 1.2 2.4 -1.4
v 1.2 2.5 1.3
v 1.2 2.5 1.2
v 1.2 2.5 1
v 1.2 2.5 0.9
v 1.2 2.5 -0.9
v 1.2 2.5 -1
v 1.2 2.5 -1.2
v 1.2 2.5 -1.3
v 1.2 2.6 1
v 1.2 2.6 0.9
v 1.2 2.6 0.8
v 1.2 2.6 -0.8
v 1.2 2.6 -0.9
v 1.2 2.7 1.2
v 1.2 2.7 1
v 1.2 2.7 0.9
v 1.2 2.7 0.8
v 1.2 2.7 -0.8
v 1.2 2.7 -0.9
v 1.2 2.7 -1
v 1.2 2.7 -1.2
v 1.2 2.8 1.2
v 1.2 2.8 0.9
v 1.2 2.8 -0.9
v 1.2 2.8 -1.2
v 1.2 2.9 1.2
v 1.2 2.9 0.9
v 1.2 2.9 -0.9
v 1.2 2.9 -1.2
v 1.3 2.2 1.4
v 1.3 2.2 1.3
v 1.3 2.2 -1.3
v 1.3 2.2 -1.4
v 1.3 2.3 1.4
v 1.3 2.3 1.3
v 1.3 2.3 1.2
v 1.3 2.3 -1.2
v 1.3 2.3 -1.3
v 1.3 2.3 -1.4
v 1.3 2.4 1.3
v 1.3 2.4 1.2
v 1.3 2.4 1
v 1.3 2.4 -1
v 1.3 2.4 -1.2
v 1.3 2.4 -1.3
v 1.3 2.5 1.2
v 1.3 2.5 1
v 1.3 2.5 0.9
v 1.3 2.5 0.6
v 1.3 2.5 0.5
v 1.3 2.5 -0.4
v 1.3 2.5 -0.5
v 1.3 2.5 -0.8
v 1.3 2.5 -0.9
v 1.3 2.5 -1
v 1.3 2.5 -1.2
v 1.3 2.6 0.9
v 1.3 2.6 0.8
v 1.3 2.6 0.6
v 1.3 2.6 0.5
v 1.3 2.6 0.2
v 1.3 2.6 0.1
v 1.3 2.6 -0.8
v 1.3 2.6 -0.9
v 1.3 2.7 0.9
v 1.3 2.7 0.8
v 1.3 2.7 0.2
v 1.3 2.7 0.1
v 1.3 2.7 -0.8
v 1.3 2.7 -0.9
v 1.3 2.8 0.9
v 1.3 2.8 0.8
v 1.3 2.8 -0.8
v 1.3 2.8 -0.9
v 1.3 2.9 0.9
v 1.3 2.9 0.8
v 1.3 2.9 -0.8
v 1.3 2.9 -0.9
v 1.4 0.2 0.3
v 1.4 0.2 -0.1
v 1.4 0.2 -0.2
v 1.4 0.2 -0.3
v 1.4 0.3 0.3
v 1.4 0.3 -0.1
v 1.4 0.3 -0.2
v 1.4 0.3 -0.3
v 1.4 0.4 1.2
v 1.4 0.4 0.5
v 1.4 0.4 0.4
v 1.4 0.4 0.3
v 1.4 0.4 -0.1
v 1.4 0.4 -0.2
v 1.4 0.4 -0.3
v 1.4 0.4 -1.2
v 1.4 0.5 0.5
v 1.4 0.5 0.4
v 1.4 0.5 -0.1
v 1.4 0.5 -0.2
v 1.4 0.6 1
v 1.4 0.6 0.8
v 1.4 0.6 0.5
v 1.4 0.6 0.4
v 1.4 0.7 1.4
v 1.4 0.7 1.2
v 1.4 0.7 0.9
v 1.4 0.7 0.8
v 1.4 0.7 0.5
v 1.4 0.7 0.4
v 1.4 0.7 -0.9
v 1.4 0.7 -1.2
v 1.4 0.7 -1.4
v 1.4 0.8 1
v 1.4 0.8 0.9
v 1.4 0.9 1.2
v 1.4 0.9 0.9
v 1.4 0.9 -0.9
v 1.4 0.9 -1.2
v 1.4 1.9 1.2
v 1.4 1.9 1
v 1.4 1.9 -1
v 1.4 1.9 -1.2
v 1.4 2 1
v 1.4 2 0.9
v 1.4 2 -0.9
v 1.4 2 -1
v 1.4 2.1 0.9
v 1.4 2.1 0.8
v 1.4 2.1 -0.8
v 1.4 2.1 -0.9
v 1.4 2.2 1.4
v 1.4 2.2 1.3
v 1.4 2.2 0.8
v 1.4 2.2 0.7
v 1.4 2.2 -0.7
v 1.4 2.2 -0.8
v 1.4 2.2 -1.1
v 1.4 2.2 -1.2
v 1.4 2.2 -1.3
v 1.4 2.2 -1.4
v 1.4 2.3 1.3
v 1.4 2.3 1.2
v 1.4 2.3 0.7
v 1.4 2.3 0.6
v 1.4 2.3 -0.7
v 1.4 2.3 -1.1
v 1.4 2.3 -1.2
v 1.4 2.3 -1.3
v 1.4 2.4 1.2
v 1.4 2.4 1
v 1.4 2.4 -0.4
v 1.4 2.4 -0.5
v 1.4 2.4 -1
v 1.4 2.4 -1.2
v 1.4 2.5 1
v 1.4 2.5 -0.4
v 1.4 2.5 -0.5
v 1.4 2.5 -1
v 1.4 2.7 0.8
v 1.4 2.7 -0.8
v 1.4 2.8 0.8
v 1.4 2.8 -0.8
v 1.4 2.9 0.8
v 1.4 2.9 -0.8
v 1.5 1.9 1
v 1.5 1.9 0.9
v 1.5 1.9 -0.9
v 1.5 1.9 -1
v 1.5 2 1
v 1.5 2 0.9
v 1.5 2 -0.9
v 1.5 2 -1
v 1.5 2.1 0.8
v 1.5 2.1 0.7
v 1.5 2.1 -0.7
v 1.5 2.1 -0.8
v 1.5 2.2 0.8
v 1.5 2.2 0.7
v 1.5 2.2 0.6
v 1.5 2.2 -0.6
v 1.5 2.2 -0.7
v 1.5 2.2 -0.8
v 1.5 2.3 0.7
v 1.5 2.3 0.6
v 1.5 2.3 -0.6
v 1.5 2.3 -0.7
v 1.6 0.7 0.9
v 1.6 0.7 0.8
v 1.6 0.7 0
v 1.6 0.7 -0.2
v 1.6 0.7 -0.8
v 1.6 0.7 -0.9
v 1.6 0.8 0.9
v 1.6 0.8 0.8
v 1.6 0.8 0
v 1.6 0.8 -0.2
v 1.6 0.9 1.2
v 1.6 0.9 0.9
v 1.6 0.9 -0.6
v 1.6 0.9 -0.7
v 1.6 0.9 -0.9
v 1.6 0.9 -1.2
v 1.6 1 -0.6
v 1.6 1 -0.7
v 1.6 1 -0.8
v 1.6 1 -0.9
v 1.6 1.2 0.9
v 1.6 1.2 0.8
v 1.6 1.3 0.9
v 1.6 1.3 0.8
v 1.6 1.4 0.3
v 1.6 1.4 0.2
v 1.6 1.4 -0.2
v 1.6 1.4 -0.3
v 1.6 1.4 -0.9
v 1.6 1.4 -1.1
v 1.6 1.5 1.2
v 1.6 1.5 1
v 1.6 1.5 0.5
v 1.6 1.5 0.4
v 1.6 1.5 0.3
v 1.6 1.5 0.2
v 1.6 1.5 0
v 1.6 1.5 -0.1
v 1.6 1.5 -0.2
v 1.6 1.5 -0.3
v 1.6 1.6 1.2
v 1.6 1.6 1
v 1.6 1.6 0.6
v 1.6 1.6 0.5
v 1.6 1.6 0
v 1.6 1.6 -0.1
v 1.6 1.6 -0.9
v 1.6 1.6 -1.1
v 1.6 1.7 0.6
v 1.6 1.7 0.4
v 1.6 1.8 0
v 1.6 1.8 -0.1
v 1.6 1.8 -0.8
v 1.6 1.8 -0.9
v 1.6 1.9 1.2
v 1.6 1.9 0.9
v 1.6 1.9 0
v 1.6 1.9 -0.1
v 1.6 1.9 -0.8
v 1.6 1.9 -0.9
v 1.6 1.9 -1.2
v 1.6 2 -0.2
v 1.6 2 -0.3
v 1.6 2.1 0.9
v 1.6 2.1 0.7
v 1.6 2.1 -0.2
v 1.6 2.1 -0.3
v 1.6 2.1 -0.7
v 1.6 2.1 -0.9
v 1.6 2.2 0.7
v 1.6 2.2 0.6
v 1.6 2.2 0.5
v 1.6 2.2 0.4
v 1.6 2.2 0.2
v 1.6 2.2 0.1
v 1.6 2.2 -0.6
v 1.6 2.2 -0.7
v 1.6 2.3 0.6
v 1.6 2.3 0.5
v 1.6 2.3 0.4
v 1.6 2.3 0.2
v 1.6 2.3 0.1
v 1.6 2.3 -0.6
v -1.2 0.9 1.6
v -1.2 1.3 1.6
v -1.2 1.4 1.6
v -1.2 1.9 1.6
v -1.1 1.3 1.6
v -1.1 1.4 1.6
v -1.1 1.5 1.6
v -1.1 1.6 1.6
v -1.1 1.8 1.6
v -1 1.3 1.6
v -1 1.4 1.6
v -1 1.5 1.6
v -0.9 0.7 1.6
v -0.9 0.9 1.6
v -0.9 1.3 1.6
v -0.9 1.4 1.6
v -0.9 1.6 1.6
v -0.9 1.8 1.6
v -0.9 1.9 1.6
v -0.9 2.1 1.6
v -0.7 0.4 1.6
v -0.7 0.7 1.6
v -0.7 1 1.6
v -0.7 1.1 1.6
v -0.7 1.5 1.6
v -0.7 1.6 1.6
v -0.7 1.9 1.6
v -0.7 2 1.6
v -0.7 2.1 1.6
v -0.7 2.2 1.6
v -0.6 1 1.6
v -0.6 1.1 1.6
v -0.6 1.5 1.6
v -0.6 1.6 1.6
v -0.6 1.9 1.6
v -0.6 2 1.6
v -0.6 2.1 1.6
v -0.6 2.2 1.6
v -0.6 2.3 1.6
v -0.5 1.3 1.6
v -0.5 1.5 1.6
v -0.5 2.2 1.6
v -0.5 2.3 1.6
v -0.4 0.8 1.6
v -0.4 0.9 1.6
v -0.4 1.3 1.6
v -0.4 1.5 1.6
v -0.4 1.6 1.6
v -0.4 1.7 1.6
v -0.3 0.2 1.6
v -0.3 0.4 1.6
v -0.3 0.8 1.6
v -0.3 0.9 1.6
v -0.3 1.2 1.6
v -0.3 1.4 1.6
v -0.3 1.6 1.6
v -0.3 1.7 1.6
v -0.2 1.2 1.6
v -0.2 1.4 1.6
v -0.2 2 1.6
v -0.2 2.2 1.6
v -0.2 2.3 1.6
v -0.1 0.6 1.6
v -0.1 0.8 1.6
v -0.1 2 1.6
v -0.1 2.2 1.6
v 0 0.6 1.6
v 0 0.8 1.6
v 0 1.3 1.6
v 0 1.4 1.6
v 0 1.7 1.6
v 0 1.8 1.6
v 0 2 1.6
v 0 2.2 1.6
v 0.1 1.3 1.6
v 0.1 1.4 1.6
v 0.1 1.7 1.6
v 0.1 1.8 1.6
v 0.1 2 1.6
v 0.1 2.2 1.6
v 0.2 1.2 1.6
v 0.2 1.4 1.6
v 0.3 0.2 1.6
v 0.3 0.4 1.6
v 0.3 1.2 1.6
v 0.3 1.4 1.6
v 0.3 2.2 1.6
v 0.3 2.3 1.6
v 0.4 0.4 1.6
v 0.4 0.6 1.6
v 0.4 0.8 1.6
v 0.4 0.9 1.6
v 0.4 1.6 1.6
v 0.4 1.7 1.6
v 0.4 2.2 1.6
v 0.4 2.3 1.6
v 0.5 0.4 1.6
v 0.5 0.6 1.6
v 0.5 1 1.6
v 0.5 1.4 1.6
v 0.5 1.6 1.6
v 0.5 1.7 1.6
v 0.5 1.8 1.6
v 0.5 1.9 1.6
v 0.5 2 1.6
v 0.5 2.1 1.6
v 0.6 0.8 1.6
v 0.6 0.9 1.6
v 0.6 1 1.6
v 0.6 1.4 1.6
v 0.6 1.8 1.6
v 0.6 1.9 1.6
v 0.6 2 1.6
v 0.6 2.1 1.6
v 0.6 2.2 1.6
v 0.6 2.3 1.6
v 0.7 0.4 1.6
v 0.7 0.7 1.6
v 0.7 2.1 1.6
v 0.7 2.2 1.6
v 0.9 0.7 1.6
v 0.9 0.9 1.6
v 0.9 1.2 1.6
v 0.9 1.4 1.6
v 0.9 1.8 1.6
v 0.9 1.9 1.6
v 0.9 2.1 1.6
v 1 0.9 1.6
v 1 1.1 1.6
v 1 1.8 1.6
v 1 1.9 1.6
v 1.1 0.9 1.6
v 1.1 1.1 1.6
v 1.1 1.2 1.6
v 1.1 1.4 1.6
v 1.2 0.9 1.6
v 1.2 1.9 1.6
v -1 1.9 1.5
v -1 2 1.5
v -0.9 1.9 1.5
v -0.9 2 1.5
v -0.8 2.1 1.5
v -0.8 2.2 1.5
v -0.7 2.1 1.5
v -0.7 2.2 1.5
v -0.7 2.3 1.5
v -0.6 2.2 1.5
v -0.6 2.3 1.5
v 0.6 2.2 1.5
v 0.6 2.3 1.5
v 0.7 2.1 1.5
v 0.7 2.2 1.5
v 0.7 2.3 1.5
v 0.8 2.1 1.5
v 0.8 2.2 1.5
v 0.9 1.9 1.5
v 0.9 2 1.5
v 1 1.9 1.5
v 1 2 1.5
v -1.4 0.7 1.4
v -1.4 2.2 1.4
v -1.3 2.2 1.4
v -1.3 2.3 1.4
v -1.2 0.4 1.4
v -1.2 0.7 1.4
v -1.2 0.9 1.4
v -1.2 1.9 1.4
v -1.2 2.1 1.4
v -1.2 2.3 1.4
v -1.2 2.4 1.4
v -1.1 0.4 1.4
v -1.1 0.5 1.4
v -1.1 1.9 1.4
v -1.1 2.1 1.4
v -1 0.4 1.4
v -1 0.5 1.4
v -1 1.9 1.4
v -1 2 1.4
v -1 2.3 1.4
v -1 2.4 1.4
v -0.9 0.2 1.4
v -0.9 0.4 1.4
v -0.9 0.7 1.4
v -0.9 0.9 1.4
v -0.9 2 1.4
v -0.9 2.1 1.4
v -0.9 2.3 1.4
v -0.9 2.4 1.4
v -0.8 0.5 1.4
v -0.8 0.6 1.4
v -0.8 2.1 1.4
v -0.8 2.2 1.4
v -0.7 0.4 1.4
v -0.7 0.5 1.4
v -0.7 0.6 1.4
v -0.7 0.7 1.4
v -0.7 2.2 1.4
v -0.7 2.3 1.4
v -0.7 2.4 1.4
v -0.7 2.5 1.4
v -0.5 2.3 1.4
v -0.5 2.4 1.4
v -0.3 0.2 1.4
v -0.3 0.4 1.4
v -0.2 2.3 1.4
v -0.2 2.4 1.4
v 0.2 2.4 1.4
v 0.2 2.5 1.4
v 0.3 0.2 1.4
v 0.3 0.4 1.4
v 0.3 2.4 1.4
v 0.3 2.5 1.4
v 0.6 2.3 1.4
v 0.6 2.5 1.4
v 0.7 0.4 1.4
v 0.7 0.7 1.4
v 0.7 2.2 1.4
v 0.7 2.3 1.4
v 0.7 2.4 1.4
v 0.7 2.5 1.4
v 0.8 2.1 1.4
v 0.8 2.2 1.4
v 0.8 2.4 1.4
v 0.9 0.2 1.4
v 0.9 0.4 1.4
v 0.9 0.7 1.4
v 0.9 0.9 1.4
v 0.9 2 1.4
v 0.9 2.1 1.4
v 1 1.9 1.4
v 1 2 1.4
v 1.2 0.4 1.4
v 1.2 0.7 1.4
v 1.2 0.9 1.4
v 1.2 1.9 1.4
v 1.2 2.3 1.4
v 1.2 2.4 1.4
v 1.3 2.2 1.4
v 1.3 2.3 1.4
v 1.4 0.7 1.4
v 1.4 2.2 1.4
v -1.4 2.2 1.3
v -1.4 2.3 1.3
v -1.3 2.2 1.3
v -1.3 2.3 1.3
v -1.3 2.4 1.3
v -1.2 2.3 1.3
v -1.2 2.4 1.3
v -1.2 2.5 1.3
v -1 2.4 1.3
v -1 2.5 1.3
v -0.9 2.4 1.3
v -0.9 2.5 1.3
v -0.9 2.7 1.3
v -0.9 2.8 1.3
v -0.9 2.9 1.3
v -0.7 2.4 1.3
v -0.7 2.5 1.3
v -0.5 2.5 1.3
v -0.5 2.7 1.3
v -0.4 2.5 1.3
v -0.4 2.6 1.3
v -0.3 2.5 1.3
v -0.3 2.6 1.3
v -0.3 2.7 1.3
v -0.2 2.6 1.3
v -0.2 2.7 1.3
v 0.2 2.5 1.3
v 0.3 2.5 1.3
v 0.5 2.5 1.3
v 0.5 2.7 1.3
v 0.7 2.4 1.3
v 0.7 2.5 1.3
v 0.8 2.4 1.3
v 0.8 2.5 1.3
v 0.9 2.7 1.3
v 0.9 2.8 1.3
v 0.9 2.9 1.3
v 1.2 2.3 1.3
v 1.2 2.4 1.3
v 1.2 2.5 1.3
v 1.3 2.2 1.3
v 1.3 2.3 1.3
v 1.3 2.4 1.3
v 1.4 2.2 1.3
v 1.4 2.3 1.3
v -1.6 0.9 1.2
v -1.6 1.5 1.2
v -1.6 1.6 1.2
v -1.6 1.9 1.2
v -1.5 1.5 1.2
v -1.5 1.6 1.2
v -1.4 0.4 1.2
v -1.4 0.7 1.2
v -1.4 0.9 1.2
v -1.4 1.9 1.2
v -1.4 2.3 1.2
v -1.4 2.4 1.2
v -1.3 2.3 1.2
v -1.3 2.4 1.2
v -1.3 2.5 1.2
v -1.2 0.3 1.2
v -1.2 0.4 1.2
v -1.2 0.7 1.2
v -1.2 2.4 1.2
v -1.2 2.5 1.2
v -1.2 2.7 1.2
v -1.2 2.8 1.2
v -1.2 2.9 1.2
v -1 0.2 1.2
v -1 0.3 1.2
v -0.9 0.2 1.2
v -0.9 0.3 1.2
v -0.9 0.4 1.2
v -0.9 2.2 1.2
v -0.9 2.3 1.2
v -0.9 2.5 1.2
v -0.9 2.6 1.2
v -0.9 2.7 1.2
v -0.9 2.8 1.2
v -0.9 2.9 1.2
v -0.8 2.6 1.2
v -0.8 2.7 1.2
v -0.7 0.1 1.2
v -0.7 0.2 1.2
v -0.7 1.7 1.2
v -0.7 1.9 1.2
v -0.7 2.2 1.2
v -0.7 2.6 1.2
v -0.7 2.7 1.2
v -0.6 1.8 1.2
v -0.6 1.9 1.2
v -0.6 2.3 1.2
v -0.6 2.4 1.2
v -0.6 2.6 1.2
v -0.6 2.7 1.2
v -0.5 0 1.2
v -0.5 0.1 1.2
v -0.5 2.5 1.2
v -0.5 2.7 1.2
v 0.2 1.5 1.2
v 0.2 1.7 1.2
v 0.4 1.5 1.2
v 0.4 1.7 1.2
v 0.5 0 1.2
v 0.5 0.1 1.2
v 0.5 2.5 1.2
v 0.5 2.7 1.2
v 0.6 1.8 1.2
v 0.6 2.3 1.2
v 0.6 2.4 1.2
v 0.6 2.5 1.2
v 0.6 2.6 1.2
v 0.7 0.1 1.2
v 0.7 0.2 1.2
v 0.7 1.7 1.2
v 0.7 2.2 1.2
v 0.7 2.3 1.2
v 0.8 2.3 1.2
v 0.8 2.5 1.2
v 0.8 2.6 1.2
v 0.8 2.7 1.2
v 0.9 0.2 1.2
v 0.9 0.3 1.2
v 0.9 0.4 1.2
v 0.9 2.2 1.2
v 0.9 2.3 1.2
v 0.9 2.7 1.2
v 0.9 2.8 1.2
v 0.9 2.9 1.2
v 1 0.2 1.2
v 1 0.3 1.2
v 1 2.5 1.2
v 1 2.6 1.2
v 1.2 0.3 1.2
v 1.2 0.4 1.2
v 1.2 0.7 1.2
v 1.2 2.4 1.2
v 1.2 2.5 1.2
v 1.2 2.7 1.2
v 1.2 2.8 1.2
v 1.2 2.9 1.2
v 1.3 2.3 1.2
v 1.3 2.4 1.2
v 1.3 2.5 1.2
v 1.4 0.4 1.2
v 1.4 0.7 1.2
v 1.4 0.9 1.2
v 1.4 1.9 1.2
v 1.4 2.3 1.2
v 1.4 2.4 1.2
v 1.5 1.5 1.2
v 1.5 1.6 1.2
v 1.6 0.9 1.2
v 1.6 1.5 1.2
v 1.6 1.6 1.2
v 1.6 1.9 1.2
v -1.5 1.9 1
v -1.5 2 1
v -1.4 1.9 1
v -1.4 2 1
v -1.4 2.4 1
v -1.4 2.5 1
v -1.3 2.4 1
v -1.3 2.5 1
v -1.2 0.2 1
v -1.2 0.3 1
v -1.2 2.5 1
v -1.2 2.6 1
v -1.2 2.7 1
v -1 0.2 1
v -1 0.3 1
v -1 2.5 1
v -1 2.6 1
v -0.9 2.5 1
v -0.9 2.6 1
v -0.8 2.3 1
v -0.8 2.4 1
v -0.8 2.6 1
v -0.8 2.7 1
v -0.7 0 1
v -0.7 0.1 1
v -0.7 2.4 1
v -0.7 2.5 1
v -0.7 2.7 1
v -0.6 2.3 1
v -0.6 2.4 1
v -0.6 2.5 1
v -0.6 2.7 1
v -0.5 0 1
v -0.5 0.1 1
v 0.5 0 1
v 0.5 0.1 1
v 0.6 2.3 1
v 0.6 2.4 1
v 0.7 0 1
v 0.7 0.1 1
v 0.7 2.3 1
v 0.7 2.4 1
v 0.7 2.5 1
v 0.7 2.7 1
v 0.8 2.3 1
v 0.8 2.4 1
v 0.8 2.6 1
v 0.8 2.7 1
v 1 0.2 1
v 1 0.3 1
v 1 2.5 1
v 1 2.6 1
v 1.2 0.2 1
v 1.2 0.3 1
v 1.2 2.5 1
v 1.2 2.6 1
v 1.2 2.7 1
v 1.3 2.4 1
v 1.3 2.5 1
v 1.4 1.9 1
v 1.4 2 1
v 1.4 2.4 1
v 1.4 2.5 1
v 1.5 1.9 1
v 1.5 2 1
v -1.6 0.7 0.9
v -1.6 0.8 0.9
v -1.6 0.9 0.9
v -1.6 1.9 0.9
v -1.6 2.1 0.9
v -1.5 1.9 0.9
v -1.5 2 0.9
v -1.4 0.7 0.9
v -1.4 0.8 0.9
v -1.4 0.9 0.9
v -1.4 2 0.9
v -1.4 2.1 0.9
v -1.3 2.5 0.9
v -1.3 2.6 0.9
v -1.3 2.7 0.9
v -1.3 2.8 0.9
v -1.3 2.9 0.9
v -1.2 0.1 0.9
v -1.2 0.2 0.9
v -1.2 2.5 0.9
v -1.2 2.6 0.9
v -1.2 2.7 0.9
v -1.2 2.8 0.9
v -1.2 2.9 0.9
v -1 0 0.9
v -1 0.1 0.9
v -0.9 1.7 0.9
v -0.9 2.1 0.9
v -0.9 2.2 0.9
v -0.8 1.8 0.9
v -0.8 2.1 0.9
v -0.7 0 0.9
v -0.7 0.2 0.9
v -0.7 1.7 0.9
v -0.7 1.8 0.9
v -0.7 2.2 0.9
v 0.7 0 0.9
v 0.7 0.2 0.9
v 0.7 1.7 0.9
v 0.7 1.8 0.9
v 0.7 2.2 0.9
v 0.8 2.1 0.9
v 0.8 2.2 0.9
v 0.9 1.7 0.9
v 0.9 2.1 0.9
v 0.9 2.2 0.9
v 1 0 0.9
v 1 0.1 0.9
v 1.1 0.1 0.9
v 1.1 0.2 0.9
v 1.2 0.1 0.9
v 1.2 0.2 0.9
v 1.2 2.5 0.9
v 1.2 2.6 0.9
v 1.2 2.7 0.9
v 1.2 2.8 0.9
v 1.2 2.9 0.9
v 1.3 2.5 0.9
v 1.3 2.6 0.9
v 1.3 2.7 0.9
v 1.3 2.8 0.9
v 1.3 2.9 0.9
v 1.4 0.7 0.9
v 1.4 0.8 0.9
v 1.4 0.9 0.9
v 1.4 2 0.9
v 1.4 2.1 0.9
v 1.5 1.9 0.9
v 1.5 2 0.9
v 1.6 0.7 0.9
v 1.6 0.8 0.9
v 1.6 0.9 0.9
v 1.6 1.9 0.9
v 1.6 2.1 0.9
v -1.5 2.1 0.8
v -1.5 2.2 0.8
v -1.4 2.1 0.8
v -1.4 2.2 0.8
v -1.4 2.7 0.8
v -1.4 2.8 0.8
v -1.4 2.9 0.8
v -1.3 2.6 0.8
v -1.3 2.7 0.8
v -1.3 2.8 0.8
v -1.3 2.9 0.8
v -1.2 0 0.8
v -1.2 0.1 0.8
v -1.2 2.6 0.8
v -1.2 2.7 0.8
v -1.1 2.7 0.8
v -1.1 2.8 0.8
v -1 0 0.8
v -1 0.1 0.8
v -1 2.7 0.8
v -1 2.8 0.8
v 1 0 0.8
v 1 0.1 0.8
v 1 2.7 0.8
v 1 2.8 0.8
v 1.1 0.1 0.8
v 1.1 2.7 0.8
v 1.1 2.8 0.8
v 1.2 0 0.8
v 1.2 0.1 0.8
v 1.2 2.6 0.8
v 1.2 2.7 0.8
v 1.3 2.6 0.8
v 1.3 2.7 0.8
v 1.3 2.8 0.8
v 1.3 2.9 0.8
v 1.4 2.1 0.8
v 1.4 2.2 0.8
v 1.4 2.7 0.8
v 1.4 2.8 0.8
v 1.4 2.9 0.8
v 1.5 2.1 0.8
v 1.5 2.2 0.8
v -1.6 2.1 0.7
v -1.6 2.2 0.7
v -1.5 2.1 0.7
v -1.5 2.2 0.7
v -1.5 2.3 0.7
v -1.4 2.2 0.7
v -1.4 2.3 0.7
v -1.2 1.7 0.7
v -1.2 2.3 0.7
v -1.2 2.4 0.7
v -1.2 2.5 0.7
v -1.1 1.8 0.7
v -1.1 2.3 0.7
v -1.1 2.5 0.7
v -1.1 2.7 0.7
v -0.9 1.7 0.7
v -0.9 1.8 0.7
v -0.9 2.7 0.7
v 0.9 1.7 0.7
v 0.9 2.7 0.7
v 1.1 2.2 0.7
v 1.1 2.5 0.7
v 1.1 2.7 0.7
v 1.2 1.7 0.7
v 1.2 2.2 0.7
v 1.2 2.4 0.7
v 1.2 2.5 0.7
v 1.4 2.2 0.7
v 1.4 2.3 0.7
v 1.5 2.1 0.7
v 1.5 2.2 0.7
v 1.5 2.3 0.7
v 1.6 2.1 0.7
v 1.6 2.2 0.7
v -1.6 2.2 0.6
v -1.6 2.3 0.6
v -1.5 2.2 0.6
v -1.5 2.3 0.6
v 1.5 2.2 0.6
v 1.5 2.3 0.6
v 1.6 2.2 0.6
v 1.6 2.3 0.6
v -1.4 0.2 0.3
v -1.4 0.3 0.3
v -1.4 0.4 0.3
v -1.2 0.2 0.3
v -1.2 0.3 0.3
v -1.2 0.4 0.3
v -0.6 1.3 0.3
v -0.6 1.4 0.3
v -0.6 1.8 0.3
v -0.6 1.9 0.3
v -0.4 1.3 0.3
v -0.4 1.4 0.3
v -0.4 1.8 0.3
v -0.4 1.9 0.3
v 0.4 1.3 0.3
v 0.4 1.4 0.3
v 0.4 1.8 0.3
v 0.4 1.9 0.3
v 0.6 1.3 0.3
v 0.6 1.4 0.3
v 0.6 1.8 0.3
v 0.6 1.9 0.3
v 1.2 0.2 0.3
v 1.2 0.3 0.3
v 1.2 0.4 0.3
v 1.4 0.2 0.3
v 1.4 0.3 0.3
v 1.4 0.4 0.3
v -1.3 0.3 -0.2
v -1.3 0.4 -0.2
v -1.3 0.5 -0.2
v -1.1 0.3 -0.2
v -1.1 0.4 -0.2
v -1.1 0.5 -0.2
v 1.1 0.3 -0.2
v 1.1 0.4 -0.2
v 1.1 0.5 -0.2
v 1.2 0.3 -0.2
v 1.3 0.3 -0.2
v 1.3 0.4 -0.2
v 1.3 0.5 -0.2
v -1.5 2.1 -0.5
v -1.5 2.2 -0.5
v -1.4 2.1 -0.5
v -1.4 2.2 -0.5
v 1.4 2.1 -0.5
v 1.4 2.2 -0.5
v 1.5 2.1 -0.5
v 1.5 2.2 -0.5
v -1.5 2 -0.6
v -1.5 2.1 -0.6
v -1.4 2 -0.6
v -1.4 2.1 -0.6
v -1.4 2.2 -0.6
v -1.3 2.1 -0.6
v -1.3 2.2 -0.6
v -1.1 0.1 -0.6
v -1.1 0.3 -0.6
v -1.1 1.8 -0.6
v -1.1 2.8 -0.6
v -1 0.1 -0.6
v -1 0.2 -0.6
v -0.9 0.2 -0.6
v -0.9 0.3 -0.6
v -0.8 0.1 -0.6
v -0.8 0.2 -0.6
v -0.8 0.3 -0.6
v -0.8 1.8 -0.6
v -0.8 2.8 -0.6
v 0.8 0.1 -0.6
v 0.8 0.2 -0.6
v 0.8 0.3 -0.6
v 0.8 1.8 -0.6
v 0.8 2.8 -0.6
v 0.9 0.2 -0.6
v 0.9 0.3 -0.6
v 1 0.1 -0.6
v 1 0.2 -0.6
v 1.1 0.1 -0.6
v 1.1 0.3 -0.6
v 1.1 1.8 -0.6
v 1.1 2.8 -0.6
v 1.3 2.1 -0.6
v 1.3 2.2 -0.6
v 1.4 2 -0.6
v 1.4 2.1 -0.6
v 1.4 2.2 -0.6
v 1.5 2 -0.6
v 1.5 2.1 -0.6
v -1.4 2 -0.7
v -1.4 2.1 -0.7
v -1.3 2 -0.7
v -1.3 2.1 -0.7
v -1.2 2.8 -0.7
v -1.2 2.9 -0.7
v -0.9 2.8 -0.7
v -0.9 2.9 -0.7
v 0.9 2.8 -0.7
v 0.9 2.9 -0.7
v 1.2 2.8 -0.7
v 1.2 2.9 -0.7
v 1.3 2 -0.7
v 1.3 2.1 -0.7
v 1.4 2 -0.7
v 1.4 2.1 -0.7
v -1.5 0.8 -0.8
v -1.5 1 -0.8
v -1.5 1.8 -0.8
v -1.5 2 -0.8
v -1.4 0.8 -0.8
v -1.4 1 -0.8
v -1.4 1.8 -0.8
v -1.4 1.9 -0.8
v -1.4 2 -0.8
v -1.3 0.8 -0.8
v -1.3 1 -0.8
v -1.3 1.9 -0.8
v -1.3 2 -0.8
v -1.2 2.4 -0.8
v -1.2 2.5 -0.8
v -1.1 2.4 -0.8
v -1.1 2.5 -0.8
v -0.8 0.1 -0.8
v -0.8 0.2 -0.8
v -0.8 0.3 -0.8
v -0.8 1.8 -0.8
v -0.8 2.8 -0.8
v -0.6 0.1 -0.8
v -0.6 0.2 -0.8
v -0.6 0.3 -0.8
v -0.6 1.8 -0.8
v -0.6 2.8 -0.8
v 0.6 0.1 -0.8
v 0.6 0.2 -0.8
v 0.6 0.3 -0.8
v 0.6 1.8 -0.8
v 0.6 2.8 -0.8
v 0.8 0.1 -0.8
v 0.8 0.2 -0.8
v 0.8 0.3 -0.8
v 0.8 1.8 -0.8
v 0.8 2.8 -0.8
v 1.1 2.4 -0.8
v 1.1 2.5 -0.8
v 1.2 2.4 -0.8
v 1.2 2.5 -0.8
v 1.3 0.8 -0.8
v 1.3 1 -0.8
v 1.3 1.9 -0.8
v 1.3 2 -0.8
v 1.4 1.8 -0.8
v 1.4 1.9 -0.8
v 1.5 0.8 -0.8
v 1.5 1 -0.8
v 1.5 1.8 -0.8
v 1.5 2 -0.8
v -1.4 1.8 -0.9
v -1.4 1.9 -0.9
v -1.3 1.8 -0.9
v -1.3 1.9 -0.9
v -1.3 2.3 -0.9
v -1.3 2.4 -0.9
v -1.2 2.3 -0.9
v -1.2 2.4 -0.9
v -1.1 0.3 -0.9
v -1.1 0.4 -0.9
v -1.1 2.4 -0.9
v -1.1 2.5 -0.9
v -1.1 2.7 -0.9
v -1.1 2.8 -0.9
v -1 2.7 -0.9
v -1 2.8 -0.9
v -0.9 0.3 -0.9
v -0.9 0.4 -0.9
v -0.9 2.4 -0.9
v -0.9 2.6 -0.9
v -0.9 2.7 -0.9
v -0.9 2.8 -0.9
v -0.9 2.9 -0.9
v -0.7 2.8 -0.9
v -0.7 2.9 -0.9
v -0.6 0.1 -0.9
v -0.6 0.2 -0.9
v -0.6 2.4 -0.9
v -0.6 2.8 -0.9
v -0.5 0.1 -0.9
v -0.5 0.2 -0.9
v -0.4 0.1 -0.9
v -0.4 0.2 -0.9
v 0.2 1.5 -0.9
v 0.2 1.7 -0.9
v 0.4 0.1 -0.9
v 0.4 0.2 -0.9
v 0.4 1.5 -0.9
v 0.4 1.7 -0.9
v 0.5 0.1 -0.9
v 0.5 0.2 -0.9
v 0.6 0.1 -0.9
v 0.6 0.2 -0.9
v 0.6 2.4 -0.9
v 0.6 2.8 -0.9
v 0.7 2.8 -0.9
v 0.7 2.9 -0.9
v 0.9 0.3 -0.9
v 0.9 0.4 -0.9
v 0.9 2.4 -0.9
v 0.9 2.5 -0.9
v 0.9 2.6 -0.9
v 0.9 2.7 -0.9
v 0.9 2.8 -0.9
v 0.9 2.9 -0.9
v 1 2.7 -0.9
v 1 2.8 -0.9
v 1.1 0.3 -0.9
v 1.1 0.4 -0.9
v 1.1 2.4 -0.9
v 1.1 2.5 -0.9
v 1.1 2.7 -0.9
v 1.1 2.8 -0.9
v 1.2 2.3 -0.9
v 1.2 2.4 -0.9
v 1.3 1.8 -0.9
v 1.3 1.9 -0.9
v 1.3 2.3 -0.9
v 1.3 2.4 -0.9
v 1.4 1.8 -0.9
v 1.4 1.9 -0.9
v -1.5 1 -1.1
v -1.5 1.4 -1.1
v -1.5 1.6 -1.1
v -1.5 1.8 -1.1
v -1.4 1 -1.1
v -1.4 1.8 -1.1
v -1.3 0.5 -1.1
v -1.3 0.8 -1.1
v -1.3 1 -1.1
v -1.3 1.8 -1.1
v -1.3 2.2 -1.1
v -1.3 2.3 -1.1
v -1.2 2.2 -1.1
v -1.2 2.3 -1.1
v -1.2 2.4 -1.1
v -1.1 0.4 -1.1
v -1.1 0.5 -1.1
v -1.1 0.8 -1.1
v -1.1 2.3 -1.1
v -1.1 2.4 -1.1
v -0.9 0.3 -1.1
v -0.9 0.4 -1.1
v -0.9 0.5 -1.1
v -0.9 0.8 -1.1
v -0.8 0.3 -1.1
v -0.8 0.4 -1.1
v -0.8 2.4 -1.1
v -0.8 2.5 -1.1
v -0.7 2.4 -1.1
v -0.7 2.5 -1.1
v -0.7 2.6 -1.1
v -0.7 2.7 -1.1
v -0.7 2.8 -1.1
v -0.7 2.9 -1.1
v -0.6 0.2 -1.1
v -0.6 0.3 -1.1
v -0.6 0.4 -1.1
v -0.6 0.8 -1.1
v -0.6 1.8 -1.1
v -0.6 2.4 -1.1
v -0.6 2.6 -1.1
v -0.6 2.7 -1.1
v -0.5 0.2 -1.1
v -0.4 0.1 -1.1
v -0.4 0.2 -1.1
v -0.4 2.6 -1.1
v -0.4 2.7 -1.1
v -0.2 2.5 -1.1
v -0.2 2.6 -1.1
v 0.2 2.5 -1.1
v 0.2 2.6 -1.1
v 0.4 0.1 -1.1
v 0.4 0.2 -1.1
v 0.4 2.6 -1.1
v 0.4 2.7 -1.1
v 0.5 0.2 -1.1
v 0.6 0.2 -1.1
v 0.6 0.3 -1.1
v 0.6 1.8 -1.1
v 0.6 2.4 -1.1
v 0.6 2.5 -1.1
v 0.6 2.6 -1.1
v 0.7 2.4 -1.1
v 0.7 2.5 -1.1
v 0.7 2.6 -1.1
v 0.7 2.7 -1.1
v 0.7 2.8 -1.1
v 0.7 2.9 -1.1
v 0.8 0.3 -1.1
v 0.8 0.4 -1.1
v 0.8 0.5 -1.1
v 0.9 0.3 -1.1
v 0.9 0.4 -1.1
v 0.9 2.4 -1.1
v 0.9 2.5 -1.1
v 1.1 0.4 -1.1
v 1.1 0.5 -1.1
v 1.1 0.7 -1.1
v 1.1 0.8 -1.1
v 1.1 2.3 -1.1
v 1.1 2.4 -1.1
v 1.2 0.5 -1.1
v 1.2 0.7 -1.1
v 1.2 2.2 -1.1
v 1.2 2.3 -1.1
v 1.2 2.4 -1.1
v 1.3 0.5 -1.1
v 1.3 0.8 -1.1
v 1.3 1 -1.1
v 1.3 1.8 -1.1
v 1.3 2.2 -1.1
v 1.3 2.3 -1.1
v 1.5 1 -1.1
v 1.5 1.4 -1.1
v 1.5 1.6 -1.1
v 1.5 1.8 -1.1
v -1.3 2.1 -1.2
v -1.3 2.2 -1.2
v -1.2 2.1 -1.2
v -1.2 2.2 -1.2
v -1.2 2.3 -1.2
v -1.1 2.2 -1.2
v -1.1 2.3 -1.2
v -1.1 2.4 -1.2
v -1 2.3 -1.2
v -1 2.4 -1.2
v -0.9 2.3 -1.2
v -0.9 2.4 -1.2
v -0.7 2.3 -1.2
v -0.7 2.4 -1.2
v -0.4 2.6 -1.2
v -0.4 2.7 -1.2
v -0.3 2.6 -1.2
v -0.3 2.7 -1.2
v -0.2 2.5 -1.2
v -0.2 2.6 -1.2
v -0.2 2.7 -1.2
v 0.2 2.5 -1.2
v 0.2 2.6 -1.2
v 0.4 2.6 -1.2
v 0.4 2.7 -1.2
v 0.7 2.3 -1.2
v 0.7 2.4 -1.2
v 0.8 2.3 -1.2
v 0.8 2.4 -1.2
v 0.9 2.4 -1.2
v 1.1 2.2 -1.2
v 1.1 2.3 -1.2
v 1.1 2.4 -1.2
v 1.2 2.1 -1.2
v 1.2 2.2 -1.2
v 1.2 2.3 -1.2
v 1.3 2.1 -1.2
v 1.3 2.2 -1.2
v -1.3 0.8 -1.3
v -1.3 2.1 -1.3
v -1.2 1.3 -1.3
v -1.2 1.9 -1.3
v -1.2 2.1 -1.3
v -1.2 2.2 -1.3
v -1.1 0.5 -1.3
v -1.1 0.8 -1.3
v -1.1 1 -1.3
v -1.1 1.3 -1.3
v -1.1 1.8 -1.3
v -1.1 1.9 -1.3
v -1.1 2.1 -1.3
v -1.1 2.2 -1.3
v -1.1 2.3 -1.3
v -1 1.9 -1.3
v -1 2 -1.3
v -1 2.3 -1.3
v -0.9 0.5 -1.3
v -0.9 0.8 -1.3
v -0.9 1.8 -1.3
v -0.9 1.9 -1.3
v -0.9 2 -1.3
v -0.9 2.1 -1.3
v -0.9 2.3 -1.3
v -0.8 0.3 -1.3
v -0.8 0.4 -1.3
v -0.8 0.8 -1.3
v -0.8 1 -1.3
v -0.8 1.9 -1.3
v -0.8 2 -1.3
v -0.8 2.1 -1.3
v -0.8 2.2 -1.3
v -0.7 2 -1.3
v -0.7 2.1 -1.3
v -0.6 0.4 -1.3
v -0.6 0.5 -1.3
v -0.6 2.1 -1.3
v -0.6 2.2 -1.3
v -0.6 2.3 -1.3
v -0.6 2.4 -1.3
v -0.5 2.2 -1.3
v -0.5 2.3 -1.3
v -0.5 2.4 -1.3
v -0.3 0.3 -1.3
v -0.3 0.4 -1.3
v -0.2 0.3 -1.3
v -0.2 0.5 -1.3
v -0.2 2.2 -1.3
v -0.2 2.3 -1.3
v -0.2 2.4 -1.3
v 0.2 0.3 -1.3
v 0.2 0.5 -1.3
v 0.3 0.3 -1.3
v 0.3 0.4 -1.3
v 0.6 0.5 -1.3
v 0.6 0.8 -1.3
v 0.6 2.1 -1.3
v 0.6 2.2 -1.3
v 0.6 2.3 -1.3
v 0.6 2.4 -1.3
v 0.7 0.4 -1.3
v 0.7 0.5 -1.3
v 0.7 2 -1.3
v 0.7 2.1 -1.3
v 0.8 0.3 -1.3
v 0.8 0.4 -1.3
v 0.8 0.5 -1.3
v 0.8 0.7 -1.3
v 0.8 0.8 -1.3
v 0.8 1 -1.3
v 0.8 1.9 -1.3
v 0.8 2 -1.3
v 0.8 2.1 -1.3
v 0.8 2.2 -1.3
v 0.8 2.3 -1.3
v 0.9 0.7 -1.3
v 0.9 0.8 -1.3
v 0.9 1.8 -1.3
v 0.9 1.9 -1.3
v 0.9 2 -1.3
v 0.9 2.1 -1.3
v 1 1.9 -1.3
v 1 2 -1.3
v 1.1 0.5 -1.3
v 1.1 0.8 -1.3
v 1.1 1 -1.3
v 1.1 1.3 -1.3
v 1.1 1.8 -1.3
v 1.1 2.2 -1.3
v 1.1 2.3 -1.3
v 1.2 1.3 -1.3
v 1.2 1.9 -1.3
v 1.2 2.1 -1.3
v 1.2 2.2 -1.3
v 1.3 0.8 -1.3
v 1.3 2.1 -1.3
v -0.9 1.8 -1.4
v -0.9 1.9 -1.4
v -0.8 1.8 -1.4
v -0.8 1.9 -1.4
v -0.7 2 -1.4
v -0.7 2.1 -1.4
v -0.6 2 -1.4
v -0.6 2.1 -1.4
v -0.6 2.2 -1.4
v -0.5 2.1 -1.4
v -0.5 2.2 -1.4
v 0.5 2.1 -1.4
v 0.5 2.2 -1.4
v 0.6 2 -1.4
v 0.6 2.1 -1.4
v 0.6 2.2 -1.4
v 0.7 2 -1.4
v 0.7 2.1 -1.4
v 0.8 1.8 -1.4
v 0.8 1.9 -1.4
v 0.9 1.8 -1.4
v 0.9 1.9 -1.4
v -1.1 1 -1.5
v -1.1 1.4 -1.5
v -1.1 1.5 -1.5
v -1.1 1.6 -1.5
v -1.1 1.8 -1.5
v -1 1.3 -1.5
v -1 1.4 -1.5
v -1 1.5 -1.5
v -1 1.8 -1.5
v -0.9 1 -1.5
v -0.9 1.3 -1.5
v -0.9 1.4 -1.5
v -0.9 1.6 -1.5
v -0.9 1.8 -1.5
v -0.8 0.8 -1.5
v -0.8 0.9 -1.5
v -0.8 1 -1.5
v -0.8 1.8 -1.5
v -0.8 2 -1.5
v -0.7 0.8 -1.5
v -0.7 1 -1.5
v -0.7 1.1 -1.5
v -0.7 1.5 -1.5
v -0.7 1.6 -1.5
v -0.7 1.9 -1.5
v -0.7 2 -1.5
v -0.6 0.5 -1.5
v -0.6 0.7 -1.5
v -0.6 0.8 -1.5
v -0.6 1 -1.5
v -0.6 1.1 -1.5
v -0.6 1.5 -1.5
v -0.6 1.6 -1.5
v -0.6 1.9 -1.5
v -0.6 2 -1.5
v -0.6 2.1 -1.5
v -0.5 1.3 -1.5
v -0.5 1.5 -1.5
v -0.5 2.1 -1.5
v -0.5 2.2 -1.5
v -0.4 0.8 -1.5
v -0.4 0.9 -1.5
v -0.4 1.3 -1.5
v -0.4 1.5 -1.5
v -0.4 1.6 -1.5
v -0.4 1.7 -1.5
v -0.3 0.5 -1.5
v -0.3 0.8 -1.5
v -0.3 0.9 -1.5
v -0.3 1.2 -1.5
v -0.3 1.4 -1.5
v -0.3 1.6 -1.5
v -0.3 1.7 -1.5
v -0.2 0.3 -1.5
v -0.2 0.4 -1.5
v -0.2 0.5 -1.5
v -0.2 1.2 -1.5
v -0.2 1.4 -1.5
v -0.2 2 -1.5
v -0.2 2.2 -1.5
v -0.1 0.6 -1.5
v -0.1 0.8 -1.5
v -0.1 2 -1.5
v -0.1 2.2 -1.5
v 0 0.6 -1.5
v 0 0.8 -1.5
v 0 1.3 -1.5
v 0 1.4 -1.5
v 0 1.7 -1.5
v 0 1.8 -1.5
v 0 2 -1.5
v 0 2.2 -1.5
v 0.1 1.3 -1.5
v 0.1 1.4 -1.5
v 0.1 1.7 -1.5
v 0.1 1.8 -1.5
v 0.1 2 -1.5
v 0.1 2.2 -1.5
v 0.2 0.3 -1.5
v 0.2 0.4 -1.5
v 0.2 0.5 -1.5
v 0.2 1.2 -1.5
v 0.2 1.4 -1.5
v 0.3 0.5 -1.5
v 0.3 1.2 -1.5
v 0.3 1.4 -1.5
v 0.4 0.5 -1.5
v 0.4 0.6 -1.5
v 0.4 0.8 -1.5
v 0.4 0.9 -1.5
v 0.4 1.6 -1.5
v 0.4 1.7 -1.5
v 0.5 0.5 -1.5
v 0.5 0.6 -1.5
v 0.5 1 -1.5
v 0.5 1.4 -1.5
v 0.5 1.6 -1.5
v 0.5 1.7 -1.5
v 0.5 1.8 -1.5
v 0.5 1.9 -1.5
v 0.5 2 -1.5
v 0.5 2.1 -1.5
v 0.5 2.2 -1.5
v 0.6 0.5 -1.5
v 0.6 0.7 -1.5
v 0.6 0.8 -1.5
v 0.6 0.9 -1.5
v 0.6 1 -1.5
v 0.6 1.4 -1.5
v 0.6 1.8 -1.5
v 0.6 1.9 -1.5
v 0.6 2 -1.5
v 0.6 2.1 -1.5
v 0.7 0.8 -1.5
v 0.8 0.8 -1.5
v 0.8 0.9 -1.5
v 0.8 1 -1.5
v 0.8 1.8 -1.5
v 0.8 2 -1.5
v 0.9 1 -1.5
v 0.9 1.2 -1.5
v 0.9 1.4 -1.5
v 0.9 1.8 -1.5
v 1 1 -1.5
v 1 1.1 -1.5
v 1 1.8 -1.5
v 1.1 1 -1.5
v 1.1 1.1 -1.5
v 1.1 1.2 -1.5
v 1.1 1.4 -1.5
v 1.1 1.8 -1.5
v -1.1 1 1.5
v -1.1 1.4 1.5
v -1.1 1.5 1.5
v -1.1 1.6 1.5
v -1.1 1.8 1.5
v -1 1.3 1.5
v -1 1.4 1.5
v -1 1.5 1.5
v -1 1.8 1.5
v -0.9 1 1.5
v -0.9 1.3 1.5
v -0.9 1.4 1.5
v -0.9 1.6 1.5
v -0.9 1.8 1.5
v -0.8 0.8 1.5
v -0.8 0.9 1.5
v -0.8 1 1.5
v -0.8 1.8 1.5
v -0.8 2 1.5
v -0.7 0.8 1.5
v -0.7 1 1.5
v -0.7 1.1 1.5
v -0.7 1.5 1.5
v -0.7 1.6 1.5
v -0.7 1.9 1.5
v -0.7 2 1.5
v -0.6 0.5 1.5
v -0.6 0.7 1.5
v -0.6 0.8 1.5
v -0.6 1 1.5
v -0.6 1.1 1.5
v -0.6 1.5 1.5
v -0.6 1.6 1.5
v -0.6 1.9 1.5
v -0.6 2 1.5
v -0.6 2.1 1.5
v -0.5 1.3 1.5
v -0.5 1.5 1.5
v -0.5 2.1 1.5
v -0.5 2.2 1.5
v -0.4 0.8 1.5
v -0.4 0.9 1.5
v -0.4 1.3 1.5
v -0.4 1.5 1.5
v -0.4 1.6 1.5
v -0.4 1.7 1.5
v -0.3 0.5 1.5
v -0.3 0.8 1.5
v -0.3 0.9 1.5
v -0.3 1.2 1.5
v -0.3 1.4 1.5
v -0.3 1.6 1.5
v -0.3 1.7 1.5
v -0.2 0.3 1.5
v -0.2 0.4 1.5
v -0.2 0.5 1.5
v -0.2 1.2 1.5
v -0.2 1.4 1.5
v -0.2 2 1.5
v -0.2 2.2 1.5
v -0.1 0.6 1.5
v -0.1 0.8 1.5
v -0.1 2 1.5
v -0.1 2.2 1.5
v 0 0.6 1.5
v 0 0.8 1.5
v 0 1.3 1.5
v 0 1.4 1.5
v 0 1.7 1.5
v 0 1.8 1.5
v 0 2 1.5
v 0 2.2 1.5
v 0.1 1.3 1.5
v 0.1 1.4 1.5
v 0.1 1.7 1.5
v 0.1 1.8 1.5
v 0.1 2 1.5
v 0.1 2.2 1.5
v 0.2 0.3 1.5
v 0.2 0.4 1.5
v 0.2 0.5 1.5
v 0.2 1.2 1.5
v 0.2 1.4 1.5
v 0.3 0.5 1.5
v 0.3 1.2 1.5
v 0.3 1.4 1.5
v 0.4 0.5 1.5
v 0.4 0.6 1.5
v 0.4 0.8 1.5
v 0.4 0.9 1.5
v 0.4 1.6 1.5
v 0.4 1.7 1.5
v 0.5 0.5 1.5
v 0.5 0.6 1.5
v 0.5 1 1.5
v 0.5 1.4 1.5
v 0.5 1.6 1.5
v 0.5 1.7 1.5
v 0.5 1.8 1.5
v 0.5 1.9 1.5
v 0.5 2 1.5
v 0.5 2.1 1.5
v 0.5 2.2 1.5
v 0.6 0.5 1.5
v 0.6 0.7 1.5
v 0.6 0.8 1.5
v 0.6 0.9 1.5
v 0.6 1 1.5
v 0.6 1.4 1.5
v 0.6 1.8 1.5
v 0.6 1.9 1.5
v 0.6 2 1.5
v 0.6 2.1 1.5
v 0.7 0.8 1.5
v 0.7 2 1.5
v 0.8 0.8 1.5
v 0.8 0.9 1.5
v 0.8 1 1.5
v 0.8 1.8 1.5
v 0.8 2 1.5
v 0.9 1 1.5
v 0.9 1.2 1.5
v 0.9 1.4 1.5
v 0.9 1.8 1.5
v 1 1 1.5
v 1 1.1 1.5
v 1 1.8 1.5
v 1.1 1 1.5
v 1.1 1.1 1.5
v 1.1 1.2 1.5
v 1.1 1.4 1.5
v 1.1 1.8 1.5
v -0.9 1.8 1.4
v -0.9 1.9 1.4
v -0.8 1.8 1.4
v -0.8 1.9 1.4
v -0.7 2 1.4
v -0.7 2.1 1.4
v -0.6 2 1.4
v -0.6 2.1 1.4
v -0.6 2.2 1.4
v -0.5 2.1 1.4
v -0.5 2.2 1.4
v 0.5 2.1 1.4
v 0.5 2.2 1.4
v 0.6 2 1.4
v 0.6 2.1 1.4
v 0.6 2.2 1.4
v 0.7 2 1.4
v 0.7 2.1 1.4
v 0.8 1.8 1.4
v 0.8 1.9 1.4
v 0.9 1.8 1.4
v 0.9 1.9 1.4
v -1.3 0.8 1.3
v -1.3 2.1 1.3
v -1.2 1.3 1.3
v -1.2 1.9 1.3
v -1.2 2.1 1.3
v -1.2 2.2 1.3
v -1.1 0.5 1.3
v -1.1 0.8 1.3
v -1.1 1 1.3
v -1.1 1.3 1.3
v -1.1 1.8 1.3
v -1.1 1.9 1.3
v -1.1 2.1 1.3
v -1.1 2.2 1.3
v -1.1 2.3 1.3
v -1 1.9 1.3
v -1 2 1.3
v -1 2.3 1.3
v -0.9 0.7 1.3
v -0.9 0.8 1.3
v -0.9 1.8 1.3
v -0.9 1.9 1.3
v -0.9 2 1.3
v -0.9 2.1 1.3
v -0.9 2.3 1.3
v -0.8 0.3 1.3
v -0.8 0.4 1.3
v -0.8 0.5 1.3
v -0.8 0.6 1.3
v -0.8 0.7 1.3
v -0.8 0.8 1.3
v -0.8 1 1.3
v -0.8 1.9 1.3
v -0.8 2 1.3
v -0.8 2.1 1.3
v -0.8 2.2 1.3
v -0.7 0.4 1.3
v -0.7 0.5 1.3
v -0.7 0.6 1.3
v -0.7 2 1.3
v -0.7 2.1 1.3
v -0.7 2.2 1.3
v -0.7 2.3 1.3
v -0.6 0.5 1.3
v -0.6 0.8 1.3
v -0.6 2.1 1.3
v -0.6 2.2 1.3
v -0.6 2.3 1.3
v -0.6 2.4 1.3
v -0.5 2.2 1.3
v -0.5 2.3 1.3
v -0.5 2.4 1.3
v -0.3 0.3 1.3
v -0.3 0.4 1.3
v -0.2 0.3 1.3
v -0.2 0.5 1.3
v -0.2 2.2 1.3
v -0.2 2.3 1.3
v -0.2 2.4 1.3
v 0.2 0.3 1.3
v 0.2 0.5 1.3
v 0.3 0.3 1.3
v 0.3 0.4 1.3
v 0.6 0.5 1.3
v 0.6 0.8 1.3
v 0.6 2.1 1.3
v 0.6 2.2 1.3
v 0.6 2.3 1.3
v 0.6 2.4 1.3
v 0.7 0.4 1.3
v 0.7 0.5 1.3
v 0.7 2 1.3
v 0.7 2.1 1.3
v 0.8 0.3 1.3
v 0.8 0.4 1.3
v 0.8 0.5 1.3
v 0.8 0.7 1.3
v 0.8 0.8 1.3
v 0.8 1 1.3
v 0.8 1.9 1.3
v 0.8 2 1.3
v 0.8 2.1 1.3
v 0.8 2.2 1.3
v 0.8 2.3 1.3
v 0.9 0.7 1.3
v 0.9 0.8 1.3
v 0.9 1.8 1.3
v 0.9 1.9 1.3
v 0.9 2 1.3
v 0.9 2.1 1.3
v 1 1.9 1.3
v 1 2 1.3
v 1.1 0.5 1.3
v 1.1 0.8 1.3
v 1.1 1 1.3
v 1.1 1.3 1.3
v 1.1 1.8 1.3
v 1.1 2.2 1.3
v 1.1 2.3 1.3
v 1.2 1.3 1.3
v 1.2 1.9 1.3
v 1.2 2.1 1.3
v 1.2 2.2 1.3
v 1.3 0.8 1.3
v 1.3 2.1 1.3
v -1.3 2.1 1.2
v -1.3 2.2 1.2
v -1.2 2.1 1.2
v -1.2 2.2 1.2
v -1.2 2.3 1.2
v -1.1 2.2 1.2
v -1.1 2.3 1.2
v -1.1 2.4 1.2
v -1 2.3 1.2
v -1 2.4 1.2
v -0.9 2.3 1.2
v -0.9 2.4 1.2
v -0.4 2.6 1.2
v -0.4 2.7 1.2
v -0.3 2.6 1.2
v -0.3 2.7 1.2
v -0.2 2.5 1.2
v -0.2 2.6 1.2
v -0.2 2.7 1.2
v 0.2 2.5 1.2
v 0.2 2.6 1.2
v 0.4 2.6 1.2
v 0.4 2.7 1.2
v 0.9 2.3 1.2
v 0.9 2.4 1.2
v 1.1 2.2 1.2
v 1.1 2.3 1.2
v 1.1 2.4 1.2
v 1.2 2.1 1.2
v 1.2 2.2 1.2
v 1.2 2.3 1.2
v 1.3 2.1 1.2
v 1.3 2.2 1.2
v -1.5 1 1.1
v -1.5 1.5 1.1
v -1.5 1.6 1.1
v -1.5 1.8 1.1
v -1.3 0.5 1.1
v -1.3 0.8 1.1
v -1.3 1 1.1
v -1.3 1.8 1.1
v -1.3 2.2 1.1
v -1.3 2.3 1.1
v -1.2 2.2 1.1
v -1.2 2.3 1.1
v -1.2 2.4 1.1
v -1.1 0.4 1.1
v -1.1 0.5 1.1
v -1.1 0.8 1.1
v -1.1 2.3 1.1
v -1.1 2.4 1.1
v -0.9 0.3 1.1
v -0.9 0.4 1.1
v -0.8 0.3 1.1
v -0.8 0.4 1.1
v -0.8 0.5 1.1
v -0.8 2.3 1.1
v -0.8 2.4 1.1
v -0.7 2.4 1.1
v -0.7 2.5 1.1
v -0.7 2.6 1.1
v -0.7 2.7 1.1
v -0.7 2.8 1.1
v -0.7 2.9 1.1
v -0.6 0.2 1.1
v -0.6 0.3 1.1
v -0.6 1.8 1.1
v -0.6 2.3 1.1
v -0.6 2.6 1.1
v -0.6 2.7 1.1
v -0.5 2.5 1.1
v -0.5 2.7 1.1
v -0.4 0.1 1.1
v -0.4 0.2 1.1
v -0.4 2.6 1.1
v -0.4 2.7 1.1
v -0.3 0.2 1.1
v -0.3 0.3 1.1
v -0.2 2.5 1.1
v -0.2 2.6 1.1
v 0.2 2.5 1.1
v 0.2 2.6 1.1
v 0.3 0.2 1.1
v 0.3 0.3 1.1
v 0.4 0.1 1.1
v 0.4 0.2 1.1
v 0.4 2.6 1.1
v 0.4 2.7 1.1
v 0.5 2.5 1.1
v 0.5 2.7 1.1
v 0.6 0.2 1.1
v 0.6 0.3 1.1
v 0.6 1.8 1.1
v 0.6 2.3 1.1
v 0.6 2.5 1.1
v 0.6 2.6 1.1
v 0.7 2.4 1.1
v 0.7 2.5 1.1
v 0.7 2.6 1.1
v 0.7 2.7 1.1
v 0.7 2.8 1.1
v 0.7 2.9 1.1
v 0.8 0.3 1.1
v 0.8 0.4 1.1
v 0.8 0.5 1.1
v 0.8 2.3 1.1
v 0.8 2.4 1.1
v 0.9 0.3 1.1
v 0.9 0.4 1.1
v 1.1 0.4 1.1
v 1.1 0.5 1.1
v 1.1 0.8 1.1
v 1.1 2.3 1.1
v 1.1 2.4 1.1
v 1.2 2.2 1.1
v 1.2 2.3 1.1
v 1.2 2.4 1.1
v 1.3 0.5 1.1
v 1.3 0.8 1.1
v 1.3 1 1.1
v 1.3 1.8 1.1
v 1.3 2.2 1.1
v 1.3 2.3 1.1
v 1.5 1 1.1
v 1.5 1.5 1.1
v 1.5 1.6 1.1
v 1.5 1.8 1.1
v -1.4 1.8 0.9
v -1.4 1.9 0.9
v -1.3 1.8 0.9
v -1.3 1.9 0.9
v -1.3 2.3 0.9
v -1.3 2.4 0.9
v -1.2 2.3 0.9
v -1.2 2.4 0.9
v -1.1 0.3 0.9
v -1.1 0.4 0.9
v -1.1 2.4 0.9
v -1.1 2.6 0.9
v -1.1 2.7 0.9
v -1.1 2.8 0.9
v -1 2.4 0.9
v -1 2.6 0.9
v -1 2.7 0.9
v -1 2.8 0.9
v -0.9 0.3 0.9
v -0.9 0.4 0.9
v -0.9 2.4 0.9
v -0.9 2.6 0.9
v -0.9 2.7 0.9
v -0.9 2.8 0.9
v -0.9 2.9 0.9
v -0.7 2.8 0.9
v -0.7 2.9 0.9
v -0.6 0.1 0.9
v -0.6 0.2 0.9
v -0.6 2.4 0.9
v -0.6 2.8 0.9
v -0.4 0.1 0.9
v -0.4 0.2 0.9
v 0.2 1.5 0.9
v 0.2 1.7 0.9
v 0.4 0.1 0.9
v 0.4 0.2 0.9
v 0.4 1.5 0.9
v 0.4 1.7 0.9
v 0.6 0.1 0.9
v 0.6 0.2 0.9
v 0.6 2.4 0.9
v 0.6 2.8 0.9
v 0.7 2.8 0.9
v 0.7 2.9 0.9
v 0.9 0.3 0.9
v 0.9 0.4 0.9
v 0.9 2.4 0.9
v 0.9 2.5 0.9
v 0.9 2.7 0.9
v 0.9 2.8 0.9
v 0.9 2.9 0.9
v 1 2.4 0.9
v 1 2.5 0.9
v 1 2.6 0.9
v 1 2.7 0.9
v 1 2.8 0.9
v 1.1 0.3 0.9
v 1.1 0.4 0.9
v 1.1 2.4 0.9
v 1.1 2.5 0.9
v 1.1 2.6 0.9
v 1.1 2.7 0.9
v 1.1 2.8 0.9
v 1.2 2.3 0.9
v 1.2 2.4 0.9
v 1.3 1.8 0.9
v 1.3 1.9 0.9
v 1.3 2.3 0.9
v 1.3 2.4 0.9
v 1.4 1.8 0.9
v 1.4 1.9 0.9
v -1.5 0.8 0.8
v -1.5 1 0.8
v -1.5 1.8 0.8
v -1.5 2 0.8
v -1.4 0.8 0.8
v -1.4 1 0.8
v -1.4 1.8 0.8
v -1.4 1.9 0.8
v -1.4 2 0.8
v -1.3 0.8 0.8
v -1.3 1 0.8
v -1.3 1.9 0.8
v -1.3 2 0.8
v -1.2 2.4 0.8
v -1.2 2.5 0.8
v -1.1 0.2 0.8
v -1.1 0.3 0.8
v -1.1 2.4 0.8
v -1.1 2.5 0.8
v -0.9 0.1 0.8
v -0.9 0.2 0.8
v -0.9 0.3 0.8
v -0.8 1.8 0.8
v -0.8 2.8 0.8
v -0.6 0.1 0.8
v -0.6 0.2 0.8
v -0.6 0.3 0.8
v -0.6 1.8 0.8
v -0.6 2.8 0.8
v 0.6 0.1 0.8
v 0.6 0.2 0.8
v 0.6 0.3 0.8
v 0.6 1.8 0.8
v 0.6 2.8 0.8
v 0.8 1.8 0.8
v 0.8 2.8 0.8
v 0.9 0.1 0.8
v 0.9 0.2 0.8
v 0.9 0.3 0.8
v 1.1 0.2 0.8
v 1.1 0.3 0.8
v 1.1 2.4 0.8
v 1.1 2.5 0.8
v 1.2 2.4 0.8
v 1.2 2.5 0.8
v 1.3 0.8 0.8
v 1.3 1 0.8
v 1.3 1.9 0.8
v 1.3 2 0.8
v 1.4 1.8 0.8
v 1.4 1.9 0.8
v 1.5 0.8 0.8
v 1.5 1 0.8
v 1.5 1.8 0.8
v 1.5 2 0.8
v -1.4 2 0.7
v -1.4 2.1 0.7
v -1.3 2 0.7
v -1.3 2.1 0.7
v -1.2 2.8 0.7
v -1.2 2.9 0.7
v -1.1 0.1 0.7
v -1.1 0.2 0.7
v -0.9 0.1 0.7
v -0.9 0.2 0.7
v -0.9 2.8 0.7
v -0.9 2.9 0.7
v 0.9 0.1 0.7
v 0.9 0.2 0.7
v 0.9 2.8 0.7
v 0.9 2.9 0.7
v 1.1 0.1 0.7
v 1.1 0.2 0.7
v 1.2 2.8 0.7
v 1.2 2.9 0.7
v 1.3 2 0.7
v 1.3 2.1 0.7
v 1.4 2 0.7
v 1.4 2.1 0.7
v -1.5 2 0.6
v -1.5 2.1 0.6
v -1.4 2 0.6
v -1.4 2.1 0.6
v -1.4 2.2 0.6
v -1.3 2.1 0.6
v -1.3 2.2 0.6
v -1.1 1.8 0.6
v -1.1 2.8 0.6
v -0.8 1.8 0.6
v -0.8 2.8 0.6
v 0.8 1.8 0.6
v 0.8 2.8 0.6
v 1.1 1.8 0.6
v 1.1 2.8 0.6
v 1.3 2.1 0.6
v 1.3 2.2 0.6
v 1.4 2 0.6
v 1.4 2.1 0.6
v 1.4 2.2 0.6
v 1.5 2 0.6
v 1.5 2.1 0.6
v -1.5 2.1 0.5
v -1.5 2.2 0.5
v -1.4 2.1 0.5
v -1.4 2.2 0.5
v 1.4 2.1 0.5
v 1.4 2.2 0.5
v 1.5 2.1 0.5
v 1.5 2.2 0.5
v -1.3 0.3 0.2
v -1.3 0.4 0.2
v -1.3 0.5 0.2
v -1.1 0.3 0.2
v -1.1 0.4 0.2
v -1.1 0.5 0.2
v 1.1 0.3 0.2
v 1.1 0.4 0.2
v 1.1 0.5 0.2
v 1.2 0.3 0.2
v 1.3 0.3 0.2
v 1.3 0.4 0.2
v 1.3 0.5 0.2
v -1.4 0.2 -0.3
v -1.4 0.3 -0.3
v -1.4 0.4 -0.3
v -1.2 0.2 -0.3
v -1.2 0.3 -0.3
v -1.2 0.4 -0.3
v -0.6 1.3 -0.3
v -0.6 1.4 -0.3
v -0.6 1.8 -0.3
v -0.6 1.9 -0.3
v -0.4 1.3 -0.3
v -0.4 1.4 -0.3
v -0.4 1.8 -0.3
v -0.4 1.9 -0.3
v 0.4 1.3 -0.3
v 0.4 1.4 -0.3
v 0.4 1.8 -0.3
v 0.4 1.9 -0.3
v 0.6 1.3 -0.3
v 0.6 1.4 -0.3
v 0.6 1.8 -0.3
v 0.6 1.9 -0.3
v 1.2 0.2 -0.3
v 1.2 0.3 -0.3
v 1.2 0.4 -0.3
v 1.4 0.2 -0.3
v 1.4 0.3 -0.3
v 1.4 0.4 -0.3
v -1.6 2.2 -0.6
v -1.6 2.3 -0.6
v -1.5 2.2 -0.6
v -1.5 2.3 -0.6
v 1.5 2.2 -0.6
v 1.5 2.3 -0.6
v 1.6 2.2 -0.6
v 1.6 2.3 -0.6
v -1.6 2.1 -0.7
v -1.6 2.2 -0.7
v -1.5 2.1 -0.7
v -1.5 2.2 -0.7
v -1.5 2.3 -0.7
v -1.4 2.2 -0.7
v -1.4 2.3 -0.7
v -1.2 0 -0.7
v -1.2 0.2 -0.7
v -1.2 1.7 -0.7
v -1.2 2.3 -0.7
v -1.2 2.4 -0.7
v -1.2 2.5 -0.7
v -1.1 1.8 -0.7
v -1.1 2.3 -0.7
v -1.1 2.5 -0.7
v -1.1 2.7 -0.7
v -1 0 -0.7
v -1 0.2 -0.7
v -0.9 0 -0.7
v -0.9 0.2 -0.7
v -0.9 1.7 -0.7
v -0.9 1.8 -0.7
v -0.9 2.7 -0.7
v 0.9 0 -0.7
v 0.9 0.2 -0.7
v 0.9 1.7 -0.7
v 0.9 2.7 -0.7
v 1 0 -0.7
v 1 0.2 -0.7
v 1.1 2.2 -0.7
v 1.1 2.5 -0.7
v 1.1 2.7 -0.7
v 1.2 0 -0.7
v 1.2 0.2 -0.7
v 1.2 1.7 -0.7
v 1.2 2.2 -0.7
v 1.2 2.4 -0.7
v 1.2 2.5 -0.7
v 1.4 2.2 -0.7
v 1.4 2.3 -0.7
v 1.5 2.1 -0.7
v 1.5 2.2 -0.7
v 1.5 2.3 -0.7
v 1.6 2.1 -0.7
v 1.6 2.2 -0.7
v -1.5 2.1 -0.8
v -1.5 2.2 -0.8
v -1.4 2.1 -0.8
v -1.4 2.2 -0.8
v -1.4 2.7 -0.8
v -1.4 2.8 -0.8
v -1.4 2.9 -0.8
v -1.3 2.6 -0.8
v -1.3 2.7 -0.8
v -1.3 2.8 -0.8
v -1.3 2.9 -0.8
v -1.2 2.6 -0.8
v -1.2 2.7 -0.8
v -1.1 2.7 -0.8
v -1.1 2.8 -0.8
v -1 2.7 -0.8
v -1 2.8 -0.8
v 1 2.7 -0.8
v 1 2.8 -0.8
v 1.1 2.7 -0.8
v 1.1 2.8 -0.8
v 1.2 2.6 -0.8
v 1.2 2.7 -0.8
v 1.3 2.6 -0.8
v 1.3 2.7 -0.8
v 1.3 2.8 -0.8
v 1.3 2.9 -0.8
v 1.4 2.1 -0.8
v 1.4 2.2 -0.8
v 1.4 2.7 -0.8
v 1.4 2.8 -0.8
v 1.4 2.9 -0.8
v 1.5 2.1 -0.8
v 1.5 2.2 -0.8
v -1.6 0.7 -0.9
v -1.6 0.9 -0.9
v -1.6 1.9 -0.9
v -1.6 2.1 -0.9
v -1.5 0.7 -0.9
v -1.5 0.9 -0.9
v -1.5 1.9 -0.9
v -1.5 2 -0.9
v -1.4 0.7 -0.9
v -1.4 0.9 -0.9
v -1.4 2 -0.9
v -1.4 2.1 -0.9
v -1.3 2.5 -0.9
v -1.3 2.6 -0.9
v -1.3 2.7 -0.9
v -1.3 2.8 -0.9
v -1.3 2.9 -0.9
v -1.2 2.5 -0.9
v -1.2 2.6 -0.9
v -1.2 2.7 -0.9
v -1.2 2.8 -0.9
v -1.2 2.9 -0.9
v -0.9 0 -0.9
v -0.9 0.2 -0.9
v -0.9 1.7 -0.9
v -0.9 2.1 -0.9
v -0.9 2.3 -0.9
v -0.8 1.8 -0.9
v -0.8 2.1 -0.9
v -0.7 0 -0.9
v -0.7 0.2 -0.9
v -0.7 1.7 -0.9
v -0.7 1.8 -0.9
v -0.7 2.3 -0.9
v 0.7 0 -0.9
v 0.7 0.2 -0.9
v 0.7 1.7 -0.9
v 0.7 1.8 -0.9
v 0.7 2.4 -0.9
v 0.7 2.5 -0.9
v 0.8 2.1 -0.9
v 0.8 2.5 -0.9
v 0.9 0 -0.9
v 0.9 0.2 -0.9
v 0.9 1.7 -0.9
v 0.9 2.1 -0.9
v 0.9 2.4 -0.9
v 0.9 2.5 -0.9
v 1.2 2.5 -0.9
v 1.2 2.6 -0.9
v 1.2 2.7 -0.9
v 1.2 2.8 -0.9
v 1.2 2.9 -0.9
v 1.3 2.5 -0.9
v 1.3 2.6 -0.9
v 1.3 2.7 -0.9
v 1.3 2.8 -0.9
v 1.3 2.9 -0.9
v 1.4 0.7 -0.9
v 1.4 0.9 -0.9
v 1.4 2 -0.9
v 1.4 2.1 -0.9
v 1.5 0.7 -0.9
v 1.5 0.9 -0.9
v 1.5 1.9 -0.9
v 1.5 2 -0.9
v 1.6 0.7 -0.9
v 1.6 0.9 -0.9
v 1.6 1.9 -0.9
v 1.6 2.1 -0.9
v -1.5 1.9 -1
v -1.5 2 -1
v -1.4 1.9 -1
v -1.4 2 -1
v -1.4 2.4 -1
v -1.4 2.5 -1
v -1.3 2.4 -1
v -1.3 2.5 -1
v -1.2 0.2 -1
v -1.2 0.3 -1
v -1.2 2.5 -1
v -1.2 2.7 -1
v -1 0.2 -1
v -1 0.3 -1
v -0.9 2.3 -1
v -0.9 2.4 -1
v -0.9 2.5 -1
v -0.9 2.6 -1
v -0.8 2.4 -1
v -0.8 2.5 -1
v -0.8 2.6 -1
v -0.8 2.7 -1
v -0.7 0 -1
v -0.7 0.1 -1
v -0.7 2.3 -1
v -0.7 2.4 -1
v -0.7 2.5 -1
v -0.7 2.7 -1
v -0.6 2.5 -1
v -0.6 2.7 -1
v -0.5 0 -1
v -0.5 0.1 -1
v 0.5 0 -1
v 0.5 0.1 -1
v 0.7 0 -1
v 0.7 0.1 -1
v 0.7 2.5 -1
v 0.7 2.7 -1
v 0.8 2.6 -1
v 0.8 2.7 -1
v 1 0.2 -1
v 1 0.3 -1
v 1 2.5 -1
v 1 2.6 -1
v 1.2 0.2 -1
v 1.2 0.3 -1
v 1.2 2.5 -1
v 1.2 2.7 -1
v 1.3 2.4 -1
v 1.3 2.5 -1
v 1.4 1.9 -1
v 1.4 2 -1
v 1.4 2.4 -1
v 1.4 2.5 -1
v 1.5 1.9 -1
v 1.5 2 -1
v -1.6 0.9 -1.2
v -1.6 1.9 -1.2
v -1.4 0.4 -1.2
v -1.4 0.7 -1.2
v -1.4 0.9 -1.2
v -1.4 1.9 -1.2
v -1.4 2.3 -1.2
v -1.4 2.4 -1.2
v -1.3 2.3 -1.2
v -1.3 2.4 -1.2
v -1.3 2.5 -1.2
v -1.2 0.3 -1.2
v -1.2 0.4 -1.2
v -1.2 0.7 -1.2
v -1.2 2.4 -1.2
v -1.2 2.5 -1.2
v -1.2 2.7 -1.2
v -1.2 2.8 -1.2
v -1.2 2.9 -1.2
v -1 0.2 -1.2
v -1 0.3 -1.2
v -0.9 0.2 -1.2
v -0.9 0.3 -1.2
v -0.9 0.4 -1.2
v -0.9 2.5 -1.2
v -0.9 2.6 -1.2
v -0.9 2.7 -1.2
v -0.9 2.8 -1.2
v -0.9 2.9 -1.2
v -0.8 0.5 -1.2
v -0.8 0.7 -1.2
v -0.8 2.6 -1.2
v -0.8 2.7 -1.2
v -0.7 0.1 -1.2
v -0.7 0.2 -1.2
v -0.7 0.5 -1.2
v -0.7 0.7 -1.2
v -0.7 1.7 -1.2
v -0.7 1.9 -1.2
v -0.7 2.3 -1.2
v -0.7 2.6 -1.2
v -0.7 2.7 -1.2
v -0.6 1.8 -1.2
v -0.6 1.9 -1.2
v -0.6 2.3 -1.2
v -0.6 2.4 -1.2
v -0.6 2.6 -1.2
v -0.6 2.7 -1.2
v -0.5 0 -1.2
v -0.5 0.1 -1.2
v -0.5 2.5 -1.2
v -0.5 2.7 -1.2
v 0.2 1.5 -1.2
v 0.2 1.7 -1.2
v 0.4 1.5 -1.2
v 0.4 1.7 -1.2
v 0.5 0 -1.2
v 0.5 0.1 -1.2
v 0.5 2.5 -1.2
v 0.5 2.7 -1.2
v 0.6 1.8 -1.2
v 0.6 2.3 -1.2
v 0.6 2.4 -1.2
v 0.6 2.5 -1.2
v 0.6 2.6 -1.2
v 0.7 0.1 -1.2
v 0.7 0.2 -1.2
v 0.7 1.7 -1.2
v 0.7 2.3 -1.2
v 0.8 2.5 -1.2
v 0.8 2.6 -1.2
v 0.8 2.7 -1.2
v 0.9 0.2 -1.2
v 0.9 0.3 -1.2
v 0.9 0.4 -1.2
v 0.9 2.7 -1.2
v 0.9 2.8 -1.2
v 0.9 2.9 -1.2
v 1 0.2 -1.2
v 1 0.3 -1.2
v 1 2.5 -1.2
v 1 2.6 -1.2
v 1.2 0.3 -1.2
v 1.2 0.4 -1.2
v 1.2 0.7 -1.2
v 1.2 2.4 -1.2
v 1.2 2.5 -1.2
v 1.2 2.7 -1.2
v 1.2 2.8 -1.2
v 1.2 2.9 -1.2
v 1.3 2.3 -1.2
v 1.3 2.4 -1.2
v 1.3 2.5 -1.2
v 1.4 0.4 -1.2
v 1.4 0.7 -1.2
v 1.4 0.9 -1.2
v 1.4 1.9 -1.2
v 1.4 2.3 -1.2
v 1.4 2.4 -1.2
v 1.6 0.9 -1.2
v 1.6 1.9 -1.2
v -1.4 2.2 -1.3
v -1.4 2.3 -1.3
v -1.3 2.2 -1.3
v -1.3 2.3 -1.3
v -1.3 2.4 -1.3
v -1.2 2.3 -1.3
v -1.2 2.4 -1.3
v -1.2 2.5 -1.3
v -1 2.4 -1.3
v -1 2.5 -1.3
v -0.9 2.4 -1.3
v -0.9 2.5 -1.3
v -0.9 2.7 -1.3
v -0.9 2.8 -1.3
v -0.9 2.9 -1.3
v -0.7 2.4 -1.3
v -0.7 2.5 -1.3
v -0.5 2.5 -1.3
v -0.5 2.7 -1.3
v -0.4 2.5 -1.3
v -0.4 2.6 -1.3
v -0.3 2.5 -1.3
v -0.3 2.6 -1.3
v -0.3 2.7 -1.3
v -0.2 2.6 -1.3
v -0.2 2.7 -1.3
v 0.2 2.5 -1.3
v 0.3 2.5 -1.3
v 0.5 2.5 -1.3
v 0.5 2.7 -1.3
v 0.7 2.4 -1.3
v 0.7 2.5 -1.3
v 0.8 2.4 -1.3
v 0.8 2.5 -1.3
v 0.9 2.7 -1.3
v 0.9 2.8 -1.3
v 0.9 2.9 -1.3
v 1.2 2.3 -1.3
v 1.2 2.4 -1.3
v 1.2 2.5 -1.3
v 1.3 2.2 -1.3
v 1.3 2.3 -1.3
v 1.3 2.4 -1.3
v 1.4 2.2 -1.3
v 1.4 2.3 -1.3
v -1.4 0.7 -1.4
v -1.4 2.2 -1.4
v -1.3 2.2 -1.4
v -1.3 2.3 -1.4
v -1.2 0.4 -1.4
v -1.2 0.7 -1.4
v -1.2 0.9 -1.4
v -1.2 1.9 -1.4
v -1.2 2.1 -1.4
v -1.2 2.3 -1.4
v -1.2 2.4 -1.4
v -1.1 0.4 -1.4
v -1.1 0.5 -1.4
v -1.1 1.9 -1.4
v -1.1 2.1 -1.4
v -1 0.4 -1.4
v -1 0.5 -1.4
v -1 1.9 -1.4
v -1 2 -1.4
v -1 2.3 -1.4
v -1 2.4 -1.4
v -0.9 0.2 -1.4
v -0.9 0.4 -1.4
v -0.9 0.7 -1.4
v -0.9 0.9 -1.4
v -0.9 2 -1.4
v -0.9 2.1 -1.4
v -0.9 2.3 -1.4
v -0.9 2.4 -1.4
v -0.8 0.5 -1.4
v -0.8 0.7 -1.4
v -0.8 2.1 -1.4
v -0.8 2.2 -1.4
v -0.7 0.4 -1.4
v -0.7 0.5 -1.4
v -0.7 2.2 -1.4
v -0.7 2.3 -1.4
v -0.7 2.4 -1.4
v -0.7 2.5 -1.4
v -0.5 2.3 -1.4
v -0.5 2.4 -1.4
v -0.3 0.2 -1.4
v -0.3 0.4 -1.4
v -0.2 2.3 -1.4
v -0.2 2.4 -1.4
v 0.2 2.4 -1.4
v 0.2 2.5 -1.4
v 0.3 0.2 -1.4
v 0.3 0.4 -1.4
v 0.3 2.4 -1.4
v 0.3 2.5 -1.4
v 0.6 2.3 -1.4
v 0.6 2.5 -1.4
v 0.7 0.4 -1.4
v 0.7 0.7 -1.4
v 0.7 2.2 -1.4
v 0.7 2.3 -1.4
v 0.7 2.4 -1.4
v 0.7 2.5 -1.4
v 0.8 2.1 -1.4
v 0.8 2.2 -1.4
v 0.8 2.4 -1.4
v 0.9 0.2 -1.4
v 0.9 0.4 -1.4
v 0.9 0.7 -1.4
v 0.9 0.9 -1.4
v 0.9 2 -1.4
v 0.9 2.1 -1.4
v 1 1.9 -1.4
v 1 2 -1.4
v 1.2 0.4 -1.4
v 1.2 0.7 -1.4
v 1.2 0.9 -1.4
v 1.2 1.9 -1.4
v 1.2 2.3 -1.4
v 1.2 2.4 -1.4
v 1.3 2.2 -1.4
v 1.3 2.3 -1.4
v 1.4 0.7 -1.4
v 1.4 2.2 -1.4
v -1 1.9 -1.5
v -1 2 -1.5
v -0.9 1.9 -1.5
v -0.9 2 -1.5
v -0.8 2.1 -1.5
v -0.8 2.2 -1.5
v -0.7 2.1 -1.5
v -0.7 2.2 -1.5
v -0.7 2.3 -1.5
v -0.6 2.2 -1.5
v -0.6 2.3 -1.5
v 0.6 2.2 -1.5
v 0.6 2.3 -1.5
v 0.7 2.1 -1.5
v 0.7 2.2 -1.5
v 0.7 2.3 -1.5
v 0.8 2.1 -1.5
v 0.8 2.2 -1.5
v 0.9 1.9 -1.5
v 0.9 2 -1.5
v 1 1.9 -1.5
v 1 2 -1.5
v -1.2 0.9 -1.6
v -1.2 1.3 -1.6
v -1.2 1.4 -1.6
v -1.2 1.9 -1.6
v -1.1 1.3 -1.6
v -1.1 1.4 -1.6
v -1.1 1.5 -1.6
v -1.1 1.6 -1.6
v -1.1 1.8 -1.6
v -1 1.3 -1.6
v -1 1.4 -1.6
v -1 1.5 -1.6
v -0.9 0.7 -1.6
v -0.9 0.9 -1.6
v -0.9 1.3 -1.6
v -0.9 1.4 -1.6
v -0.9 1.6 -1.6
v -0.9 1.8 -1.6
v -0.9 1.9 -1.6
v -0.9 2.1 -1.6
v -0.7 0.4 -1.6
v -0.7 0.7 -1.6
v -0.7 1 -1.6
v -0.7 1.1 -1.6
v -0.7 1.5 -1.6
v -0.7 1.6 -1.6
v -0.7 1.9 -1.6
v -0.7 2 -1.6
v -0.7 2.1 -1.6
v -0.7 2.2 -1.6
v -0.6 1 -1.6
v -0.6 1.1 -1.6
v -0.6 1.5 -1.6
v -0.6 1.6 -1.6
v -0.6 1.9 -1.6
v -0.6 2 -1.6
v -0.6 2.1 -1.6
v -0.6 2.2 -1.6
v -0.6 2.3 -1.6
v -0.5 1.3 -1.6
v -0.5 1.5 -1.6
v -0.5 2.2 -1.6
v -0.5 2.3 -1.6
v -0.4 0.8 -1.6
v -0.4 0.9 -1.6
v -0.4 1.3 -1.6
v -0.4 1.5 -1.6
v -0.4 1.6 -1.6
v -0.4 1.7 -1.6
v -0.3 0.2 -1.6
v -0.3 0.4 -1.6
v -0.3 0.8 -1.6
v -0.3 0.9 -1.6
v -0.3 1.2 -1.6
v -0.3 1.4 -1.6
v -0.3 1.6 -1.6
v -0.3 1.7 -1.6
v -0.2 1.2 -1.6
v -0.2 1.4 -1.6
v -0.2 2 -1.6
v -0.2 2.2 -1.6
v -0.2 2.3 -1.6
v -0.1 0.6 -1.6
v -0.1 0.8 -1.6
v -0.1 2 -1.6
v -0.1 2.2 -1.6
v 0 0.6 -1.6
v 0 0.8 -1.6
v 0 1.3 -1.6
v 0 1.4 -1.6
v 0 1.7 -1.6
v 0 1.8 -1.6
v 0 2 -1.6
v 0 2.2 -1.6
v 0.1 1.3 -1.6
v 0.1 1.4 -1.6
v 0.1 1.7 -1.6
v 0.1 1.8 -1.6
v 0.1 2 -1.6
v 0.1 2.2 -1.6
v 0.2 1.2 -1.6
v 0.2 1.4 -1.6
v 0.3 0.2 -1.6
v 0.3 0.4 -1.6
v 0.3 1.2 -1.6
v 0.3 1.4 -1.6
v 0.3 2.2 -1.6
v 0.3 2.3 -1.6
v 0.4 0.4 -1.6
v 0.4 0.6 -1.6
v 0.4 0.8 -1.6
v 0.4 0.9 -1.6
v 0.4 1.6 -1.6
v 0.4 1.7 -1.6
v 0.4 2.2 -1.6
v 0.4 2.3 -1.6
v 0.5 0.4 -1.6
v 0.5 0.6 -1.6
v 0.5 1 -1.6
v 0.5 1.4 -1.6
v 0.5 1.6 -1.6
v 0.5 1.7 -1.6
v 0.5 1.8 -1.6
v 0.5 1.9 -1.6
v 0.5 2 -1.6
v 0.5 2.1 -1.6
v 0.6 0.8 -1.6
v 0.6 0.9 -1.6
v 0.6 1 -1.6
v 0.6 1.4 -1.6
v 0.6 1.8 -1.6
v 0.6 1.9 -1.6
v 0.6 2 -1.6
v 0.6 2.1 -1.6
v 0.6 2.2 -1.6
v 0.6 2.3 -1.6
v 0.7 0.4 -1.6
v 0.7 0.7 -1.6
v 0.7 2.1 -1.6
v 0.7 2.2 -1.6
v 0.9 0.7 -1.6
v 0.9 0.9 -1.6
v 0.9 1.2 -1.6
v 0.9 1.4 -1.6
v 0.9 1.8 -1.6
v 0.9 1.9 -1.6
v 0.9 2.1 -1.6
v 1 0.9 -1.6
v 1 1.1 -1.6
v 1 1.8 -1.6
v 1 1.9 -1.6
v 1.1 0.9 -1.6
v 1.1 1.1 -1.6
v 1.1 1.2 -1.6
v 1.1 1.4 -1.6
v 1.2 0.9 -1.6
v 1.2 1.9 -1.6
v -0.5 0 1.2
v 0.5 0 1.2
v -0.7 0 1
v -0.5 0 1
v 0.5 0 1
v 0.7 0 1
v -1 0 0.9
v -0.7 0 0.9
v 0.7 0 0.9
v 1 0 0.9
v -1.2 0 0.8
v -1 0 0.8
v 1 0 0.8
v 1.2 0 0.8
v -0.6 0 0.6
v -0.4 0 0.6
v 0.4 0 0.6
v 0.6 0 0.6
v -0.6 0 0.4
v -0.4 0 0.4
v 0.4 0 0.4
v 0.6 0 0.4
v -1.2 0 -0.4
v -1.1 0 -0.4
v 1.1 0 -0.4
v 1.2 0 -0.4
v -1.2 0 -0.5
v -1.1 0 -0.5
v -0.2 0 -0.5
v 0.2 0 -0.5
v 1.1 0 -0.5
v 1.2 0 -0.5
v -1 0 -0.6
v -0.5 0 -0.6
v 0.5 0 -0.6
v 1 0 -0.6
v -1.2 0 -0.7
v -1 0 -0.7
v -0.9 0 -0.7
v 0.9 0 -0.7
v 1 0 -0.7
v 1.2 0 -0.7
v -0.2 0 -0.8
v 0.2 0 -0.8
v -0.9 0 -0.9
v -0.7 0 -0.9
v 0.7 0 -0.9
v 0.9 0 -0.9
v -0.7 0 -1
v -0.5 0 -1
v 0.5 0 -1
v 0.7 0 -1
v -0.5 0 -1.2
v 0.5 0 -1.2
v -0.7 0.1 1.2
v -0.5 0.1 1.2
v 0.5 0.1 1.2
v 0.7 0.1 1.2
v -0.7 0.1 1
v -0.5 0.1 1
v 0.5 0.1 1
v 0.7 0.1 1
v -1.2 0.1 0.9
v -1 0.1 0.9
v 1 0.1 0.9
v 1.1 0.1 0.9
v 1.2 0.1 0.9
v -1.2 0.1 0.8
v -1 0.1 0.8
v 1 0.1 0.8
v 1.1 0.1 0.8
v 1.2 0.1 0.8
v -0.7 0.1 -1
v -0.5 0.1 -1
v 0.5 0.1 -1
v 0.7 0.1 -1
v -0.7 0.1 -1.1
v -0.5 0.1 -1.1
v 0.5 0.1 -1.1
v 0.7 0.1 -1.1
v -0.7 0.1 -1.2
v -0.5 0.1 -1.2
v 0.5 0.1 -1.2
v 0.7 0.1 -1.2
v -0.3 0.2 1.6
v 0.3 0.2 1.6
v -0.9 0.2 1.4
v -0.3 0.2 1.4
v 0.3 0.2 1.4
v 0.9 0.2 1.4
v -1 0.2 1.2
v -0.9 0.2 1.2
v -0.7 0.2 1.2
v 0.7 0.2 1.2
v 0.9 0.2 1.2
v 1 0.2 1.2
v -1.2 0.2 1
v -1 0.2 1
v 1 0.2 1
v 1.2 0.2 1
v -1.2 0.2 0.9
v -0.7 0.2 0.9
v 0.7 0.2 0.9
v 1.1 0.2 0.9
v 1.2 0.2 0.9
v -1.4 0.2 0.3
v -1.2 0.2 0.3
v 1.2 0.2 0.3
v 1.4 0.2 0.3
v -1.4 0.2 -0.1
v -1.3 0.2 -0.1
v 1.3 0.2 -0.1
v 1.4 0.2 -0.1
v -1.4 0.2 -0.2
v -1.3 0.2 -0.2
v 1.3 0.2 -0.2
v 1.4 0.2 -0.2
v -1.4 0.2 -0.3
v -1.2 0.2 -0.3
v 1.2 0.2 -0.3
v 1.4 0.2 -0.3
v -1.2 0.2 -0.7
v -1 0.2 -0.7
v -0.9 0.2 -0.7
v 0.9 0.2 -0.7
v 1 0.2 -0.7
v 1.2 0.2 -0.7
v -0.9 0.2 -0.9
v -0.7 0.2 -0.9
v 0.7 0.2 -0.9
v 0.9 0.2 -0.9
v -1.2 0.2 -1
v -1 0.2 -1
v 1 0.2 -1
v 1.2 0.2 -1
v -0.7 0.2 -1.1
v 0.7 0.2 -1.1
v -1 0.2 -1.2
v -0.9 0.2 -1.2
v -0.7 0.2 -1.2
v 0.7 0.2 -1.2
v 0.9 0.2 -1.2
v 1 0.2 -1.2
v -0.9 0.2 -1.4
v -0.3 0.2 -1.4
v 0.3 0.2 -1.4
v 0.9 0.2 -1.4
v -0.3 0.2 -1.6
v 0.3 0.2 -1.6
v -1.2 0.3 1.2
v -1 0.3 1.2
v 1 0.3 1.2
v 1.2 0.3 1.2
v -1.2 0.3 1
v -1 0.3 1
v 1 0.3 1
v 1.2 0.3 1
v -1.2 0.3 -1
v -1 0.3 -1
v 1 0.3 -1
v 1.2 0.3 -1
v -1.2 0.3 -1.2
v -1 0.3 -1.2
v 1 0.3 -1.2
v 1.2 0.3 -1.2
v -0.7 0.4 1.6
v -0.3 0.4 1.6
v 0.3 0.4 1.6
v 0.4 0.4 1.6
v 0.5 0.4 1.6
v 0.7 0.4 1.6
v 0.4 0.4 1.5
v 0.5 0.4 1.5
v -1.2 0.4 1.4
v -1.1 0.4 1.4
v -1 0.4 1.4
v -0.9 0.4 1.4
v -0.7 0.4 1.4
v -0.3 0.4 1.4
v 0.3 0.4 1.4
v 0.7 0.4 1.4
v 0.9 0.4 1.4
v 1.2 0.4 1.4
v -1.1 0.4 1.3
v -1 0.4 1.3
v -0.9 0.4 1.3
v 0.9 0.4 1.3
v -1.4 0.4 1.2
v -1.2 0.4 1.2
v -0.9 0.4 1.2
v 0.9 0.4 1.2
v 1.2 0.4 1.2
v 1.4 0.4 1.2
v -1.4 0.4 0.5
v -1.2 0.4 0.5
v 1.2 0.4 0.5
v 1.4 0.4 0.5
v -1.4 0.4 0.4
v -1.2 0.4 0.4
v 1.2 0.4 0.4
v 1.4 0.4 0.4
v -1.4 0.4 0.3
v -1.2 0.4 0.3
v 1.2 0.4 0.3
v 1.4 0.4 0.3
v -1.4 0.4 -0.3
v -1.2 0.4 -0.3
v 1.2 0.4 -0.3
v 1.4 0.4 -0.3
v -0.8 0.4 -1.1
v -0.6 0.4 -1.1
v -1.4 0.4 -1.2
v -1.2 0.4 -1.2
v -0.9 0.4 -1.2
v 0.9 0.4 -1.2
v 1.2 0.4 -1.2
v 1.4 0.4 -1.2
v -1.1 0.4 -1.3
v -1 0.4 -1.3
v -0.9 0.4 -1.3
v -0.8 0.4 -1.3
v -0.6 0.4 -1.3
v 0.9 0.4 -1.3
v -1.2 0.4 -1.4
v -1.1 0.4 -1.4
v -1 0.4 -1.4
v -0.9 0.4 -1.4
v -0.7 0.4 -1.4
v -0.3 0.4 -1.4
v 0.3 0.4 -1.4
v 0.7 0.4 -1.4
v 0.9 0.4 -1.4
v 1.2 0.4 -1.4
v 0.4 0.4 -1.5
v 0.5 0.4 -1.5
v -0.7 0.4 -1.6
v -0.3 0.4 -1.6
v 0.3 0.4 -1.6
v 0.4 0.4 -1.6
v 0.5 0.4 -1.6
v 0.7 0.4 -1.6
v -0.9 0.7 1.6
v -0.7 0.7 1.6
v 0.7 0.7 1.6
v 0.9 0.7 1.6
v -1.4 0.7 1.4
v -1.2 0.7 1.4
v -0.9 0.7 1.4
v -0.7 0.7 1.4
v 0.7 0.7 1.4
v 0.9 0.7 1.4
v 1.2 0.7 1.4
v 1.4 0.7 1.4
v -1.4 0.7 1.2
v -1.2 0.7 1.2
v 1.2 0.7 1.2
v 1.4 0.7 1.2
v -1.6 0.7 0.9
v -1.4 0.7 0.9
v 1.4 0.7 0.9
v 1.6 0.7 0.9
v -1.6 0.7 0.8
v -1.4 0.7 0.8
v 1.4 0.7 0.8
v 1.6 0.7 0.8
v -1.4 0.7 0.5
v 1.4 0.7 0.5
v -1.4 0.7 0.4
v 1.4 0.7 0.4
v -1.6 0.7 0
v -1.5 0.7 0
v 1.5 0.7 0
v 1.6 0.7 0
v -1.6 0.7 -0.2
v -1.5 0.7 -0.2
v 1.5 0.7 -0.2
v 1.6 0.7 -0.2
v -1.6 0.7 -0.8
v -1.5 0.7 -0.8
v 1.5 0.7 -0.8
v 1.6 0.7 -0.8
v -1.6 0.7 -0.9
v -1.5 0.7 -0.9
v -1.4 0.7 -0.9
v 1.4 0.7 -0.9
v 1.5 0.7 -0.9
v 1.6 0.7 -0.9
v -1.4 0.7 -1.2
v -1.2 0.7 -1.2
v -0.8 0.7 -1.2
v -0.7 0.7 -1.2
v 1.2 0.7 -1.2
v 1.4 0.7 -1.2
v -1.4 0.7 -1.4
v -1.2 0.7 -1.4
v -0.9 0.7 -1.4
v -0.8 0.7 -1.4
v 0.7 0.7 -1.4
v 0.9 0.7 -1.4
v 1.2 0.7 -1.4
v 1.4 0.7 -1.4
v -0.9 0.7 -1.6
v -0.7 0.7 -1.6
v 0.7 0.7 -1.6
v 0.9 0.7 -1.6
v -1.2 0.9 1.6
v -0.9 0.9 1.6
v 0.9 0.9 1.6
v 1 0.9 1.6
v 1.1 0.9 1.6
v 1.2 0.9 1.6
v 1 0.9 1.5
v 1.1 0.9 1.5
v -1.2 0.9 1.4
v -0.9 0.9 1.4
v 0.9 0.9 1.4
v 1.2 0.9 1.4
v -1.6 0.9 1.2
v -1.4 0.9 1.2
v 1.4 0.9 1.2
v 1.6 0.9 1.2
v -1.6 0.9 0.9
v -1.4 0.9 0.9
v 1.4 0.9 0.9
v 1.6 0.9 0.9
v -1.6 0.9 -0.9
v -1.5 0.9 -0.9
v -1.4 0.9 -0.9
v 1.4 0.9 -0.9
v 1.5 0.9 -0.9
v 1.6 0.9 -0.9
v -1.6 0.9 -1.2
v -1.4 0.9 -1.2
v 1.4 0.9 -1.2
v 1.6 0.9 -1.2
v -1.2 0.9 -1.4
v -0.9 0.9 -1.4
v 0.9 0.9 -1.4
v 1.2 0.9 -1.4
v 1 0.9 -1.5
v 1.1 0.9 -1.5
v -1.2 0.9 -1.6
v -0.9 0.9 -1.6
v 0.9 0.9 -1.6
v 1 0.9 -1.6
v 1.1 0.9 -1.6
v 1.2 0.9 -1.6
v -0.6 1.3 0.3
v -0.4 1.3 0.3
v 0.4 1.3 0.3
v 0.6 1.3 0.3
v -0.6 1.3 -0.3
v -0.4 1.3 -0.3
v 0.4 1.3 -0.3
v 0.6 1.3 -0.3
v 0.2 1.5 1.2
v 0.4 1.5 1.2
v 0.2 1.5 1.1
v 0.4 1.5 1.1
v 0.2 1.5 0.9
v 0.4 1.5 0.9
v 0.2 1.5 -0.9
v 0.4 1.5 -0.9
v 0.2 1.5 -1.1
v 0.4 1.5 -1.1
v 0.2 1.5 -1.2
v 0.4 1.5 -1.2
v -0.7 1.7 1.2
v 0.2 1.7 1.2
v 0.4 1.7 1.2
v 0.7 1.7 1.2
v -0.6 1.7 1.1
v 0.2 1.7 1.1
v 0.4 1.7 1.1
v 0.6 1.7 1.1
v -0.9 1.7 0.9
v -0.7 1.7 0.9
v 0.2 1.7 0.9
v 0.4 1.7 0.9
v 0.7 1.7 0.9
v 0.9 1.7 0.9
v -0.8 1.7 0.8
v -0.6 1.7 0.8
v 0.6 1.7 0.8
v 0.7 1.7 0.8
v -1.2 1.7 0.7
v -0.9 1.7 0.7
v 0.9 1.7 0.7
v 1.2 1.7 0.7
v -1.1 1.7 0.6
v -0.8 1.7 0.6
v -1.1 1.7 -0.6
v -0.8 1.7 -0.6
v -1.2 1.7 -0.7
v -0.9 1.7 -0.7
v 0.9 1.7 -0.7
v 1.2 1.7 -0.7
v -0.8 1.7 -0.8
v -0.6 1.7 -0.8
v 0.6 1.7 -0.8
v 0.7 1.7 -0.8
v -0.9 1.7 -0.9
v -0.7 1.7 -0.9
v 0.2 1.7 -0.9
v 0.4 1.7 -0.9
v 0.7 1.7 -0.9
v 0.9 1.7 -0.9
v -0.6 1.7 -1.1
v 0.2 1.7 -1.1
v 0.4 1.7 -1.1
v 0.6 1.7 -1.1
v -0.7 1.7 -1.2
v 0.2 1.7 -1.2
v 0.4 1.7 -1.2
v 0.7 1.7 -1.2
v -1.1 1.8 1.5
v -1 1.8 1.5
v -0.9 1.8 1.5
v -0.8 1.8 1.5
v 0.8 1.8 1.5
v 0.9 1.8 1.5
v 1 1.8 1.5
v 1.1 1.8 1.5
v -1.1 1.8 1.4
v -1 1.8 1.4
v -0.9 1.8 1.4
v -0.8 1.8 1.4
v 0.8 1.8 1.4
v 0.9 1.8 1.4
v 1 1.8 1.4
v 1.1 1.8 1.4
v -1.1 1.8 1.3
v -0.9 1.8 1.3
v 0.9 1.8 1.3
v 1.1 1.8 1.3
v -1.5 1.8 1.1
v -1.3 1.8 1.1
v 1.3 1.8 1.1
v 1.5 1.8 1.1
v -1.4 1.8 1
v -1.3 1.8 1
v -1.4 1.8 0.9
v -1.3 1.8 0.9
v 1.3 1.8 0.9
v 1.4 1.8 0.9
v -1.5 1.8 0.8
v -1.4 1.8 0.8
v 1.4 1.8 0.8
v 1.5 1.8 0.8
v -1.5 1.8 -0.8
v -1.4 1.8 -0.8
v 1.4 1.8 -0.8
v 1.5 1.8 -0.8
v -1.4 1.8 -0.9
v -1.3 1.8 -0.9
v 1.3 1.8 -0.9
v 1.4 1.8 -0.9
v -1.5 1.8 -1.1
v -1.4 1.8 -1.1
v -1.3 1.8 -1.1
v 1.3 1.8 -1.1
v 1.5 1.8 -1.1
v -1.1 1.8 -1.3
v -0.9 1.8 -1.3
v 0.9 1.8 -1.3
v 1.1 1.8 -1.3
v -1.1 1.8 -1.4
v -1 1.8 -1.4
v -0.9 1.8 -1.4
v -0.8 1.8 -1.4
v 0.8 1.8 -1.4
v 0.9 1.8 -1.4
v 1 1.8 -1.4
v 1.1 1.8 -1.4
v -1.1 1.8 -1.5
v -1 1.8 -1.5
v -0.9 1.8 -1.5
v -0.8 1.8 -1.5
v 0.8 1.8 -1.5
v 0.9 1.8 -1.5
v 1 1.8 -1.5
v 1.1 1.8 -1.5
v -0.9 1.9 1.4
v -0.8 1.9 1.4
v 0.8 1.9 1.4
v 0.9 1.9 1.4
v -0.9 1.9 1.3
v -0.8 1.9 1.3
v 0.8 1.9 1.3
v 0.9 1.9 1.3
v -1.4 1.9 0.9
v -1.3 1.9 0.9
v 1.3 1.9 0.9
v 1.4 1.9 0.9
v -1.4 1.9 0.8
v -1.3 1.9 0.8
v 1.3 1.9 0.8
v 1.4 1.9 0.8
v -1.4 1.9 -0.8
v -1.3 1.9 -0.8
v 1.3 1.9 -0.8
v 1.4 1.9 -0.8
v -1.4 1.9 -0.9
v -1.3 1.9 -0.9
v 1.3 1.9 -0.9
v 1.4 1.9 -0.9
v -0.9 1.9 -1.3
v -0.8 1.9 -1.3
v 0.8 1.9 -1.3
v 0.9 1.9 -1.3
v -0.9 1.9 -1.4
v -0.8 1.9 -1.4
v 0.8 1.9 -1.4
v 0.9 1.9 -1.4
v -0.8 2 1.5
v -0.7 2 1.5
v -0.6 2 1.5
v 0.6 2 1.5
v 0.7 2 1.5
v 0.8 2 1.5
v -0.7 2 1.4
v -0.6 2 1.4
v 0.6 2 1.4
v 0.7 2 1.4
v 0.8 2 1.4
v -0.8 2 1.3
v -0.7 2 1.3
v 0.7 2 1.3
v 0.8 2 1.3
v -1.5 2 0.8
v -1.4 2 0.8
v -1.3 2 0.8
v 1.3 2 0.8
v 1.5 2 0.8
v -1.4 2 0.7
v -1.3 2 0.7
v 1.3 2 0.7
v 1.4 2 0.7
v -1.5 2 0.6
v -1.4 2 0.6
v 1.4 2 0.6
v 1.5 2 0.6
v -1.5 2 -0.6
v -1.4 2 -0.6
v 1.4 2 -0.6
v 1.5 2 -0.6
v -1.4 2 -0.7
v -1.3 2 -0.7
v 1.3 2 -0.7
v 1.4 2 -0.7
v -1.5 2 -0.8
v -1.4 2 -0.8
v -1.3 2 -0.8
v 1.3 2 -0.8
v 1.5 2 -0.8
v -0.8 2 -1.3
v -0.7 2 -1.3
v 0.7 2 -1.3
v 0.8 2 -1.3
v -0.7 2 -1.4
v -0.6 2 -1.4
v 0.6 2 -1.4
v 0.7 2 -1.4
v -0.8 2 -1.5
v -0.7 2 -1.5
v -0.6 2 -1.5
v 0.6 2 -1.5
v 0.8 2 -1.5
v -0.6 2.1 1.5
v -0.5 2.1 1.5
v 0.5 2.1 1.5
v 0.6 2.1 1.5
v -0.7 2.1 1.4
v -0.6 2.1 1.4
v -0.5 2.1 1.4
v 0.5 2.1 1.4
v 0.6 2.1 1.4
v 0.7 2.1 1.4
v -1.3 2.1 1.3
v -1.2 2.1 1.3
v -0.7 2.1 1.3
v -0.6 2.1 1.3
v 0.6 2.1 1.3
v 0.7 2.1 1.3
v 1.2 2.1 1.3
v 1.3 2.1 1.3
v -1.3 2.1 1.2
v -1.2 2.1 1.2
v 1.2 2.1 1.2
v 1.3 2.1 1.2
v -1.4 2.1 0.7
v -1.3 2.1 0.7
v 1.3 2.1 0.7
v 1.4 2.1 0.7
v -1.5 2.1 0.6
v -1.4 2.1 0.6
v -1.3 2.1 0.6
v 1.3 2.1 0.6
v 1.4 2.1 0.6
v 1.5 2.1 0.6
v -1.5 2.1 0.5
v -1.4 2.1 0.5
v 1.4 2.1 0.5
v 1.5 2.1 0.5
v -1.5 2.1 -0.5
v -1.4 2.1 -0.5
v 1.4 2.1 -0.5
v 1.5 2.1 -0.5
v -1.5 2.1 -0.6
v -1.4 2.1 -0.6
v -1.3 2.1 -0.6
v 1.3 2.1 -0.6
v 1.4 2.1 -0.6
v 1.5 2.1 -0.6
v -1.4 2.1 -0.7
v -1.3 2.1 -0.7
v 1.3 2.1 -0.7
v 1.4 2.1 -0.7
v -1.3 2.1 -1.2
v -1.2 2.1 -1.2
v 1.2 2.1 -1.2
v 1.3 2.1 -1.2
v -1.3 2.1 -1.3
v -1.2 2.1 -1.3
v -0.7 2.1 -1.3
v -0.6 2.1 -1.3
v 0.6 2.1 -1.3
v 0.7 2.1 -1.3
v 1.2 2.1 -1.3
v 1.3 2.1 -1.3
v -0.7 2.1 -1.4
v -0.6 2.1 -1.4
v -0.5 2.1 -1.4
v 0.5 2.1 -1.4
v 0.6 2.1 -1.4
v 0.7 2.1 -1.4
v -0.6 2.1 -1.5
v -0.5 2.1 -1.5
v 0.5 2.1 -1.5
v 0.6 2.1 -1.5
v -0.5 2.2 1.5
v -0.2 2.2 1.5
v -0.1 2.2 1.5
v 0 2.2 1.5
v 0.1 2.2 1.5
v 0.5 2.2 1.5
v -0.6 2.2 1.4
v -0.5 2.2 1.4
v -0.2 2.2 1.4
v 0.5 2.2 1.4
v 0.6 2.2 1.4
v -1.2 2.2 1.3
v -1.1 2.2 1.3
v -0.6 2.2 1.3
v -0.5 2.2 1.3
v -0.2 2.2 1.3
v 0.6 2.2 1.3
v 1.1 2.2 1.3
v 1.2 2.2 1.3
v -1.3 2.2 1.2
v -1.2 2.2 1.2
v -1.1 2.2 1.2
v -0.9 2.2 1.2
v -0.7 2.2 1.2
v 0.7 2.2 1.2
v 0.9 2.2 1.2
v 1.1 2.2 1.2
v 1.2 2.2 1.2
v 1.3 2.2 1.2
v -1.3 2.2 1.1
v -1.2 2.2 1.1
v 0.7 2.2 1.1
v 1.2 2.2 1.1
v 1.3 2.2 1.1
v 0.7 2.2 1
v 0.9 2.2 1
v -0.9 2.2 0.9
v -0.7 2.2 0.9
v 0.7 2.2 0.9
v 0.8 2.2 0.9
v 0.9 2.2 0.9
v -1.4 2.2 0.6
v -1.3 2.2 0.6
v 1.3 2.2 0.6
v 1.4 2.2 0.6
v -1.5 2.2 0.5
v -1.4 2.2 0.5
v 1.4 2.2 0.5
v 1.5 2.2 0.5
v -1.5 2.2 -0.5
v -1.4 2.2 -0.5
v 1.4 2.2 -0.5
v 1.5 2.2 -0.5
v -1.4 2.2 -0.6
v -1.3 2.2 -0.6
v 1.3 2.2 -0.6
v 1.4 2.2 -0.6
v -1.3 2.2 -1.1
v -1.2 2.2 -1.1
v 1.2 2.2 -1.1
v 1.3 2.2 -1.1
v -1.3 2.2 -1.2
v -1.2 2.2 -1.2
v -1.1 2.2 -1.2
v 1.1 2.2 -1.2
v 1.2 2.2 -1.2
v 1.3 2.2 -1.2
v -1.2 2.2 -1.3
v -1.1 2.2 -1.3
v -0.6 2.2 -1.3
v -0.5 2.2 -1.3
v -0.2 2.2 -1.3
v 0.6 2.2 -1.3
v 1.1 2.2 -1.3
v 1.2 2.2 -1.3
v -0.6 2.2 -1.4
v -0.5 2.2 -1.4
v -0.2 2.2 -1.4
v 0.5 2.2 -1.4
v 0.6 2.2 -1.4
v -0.5 2.2 -1.5
v -0.2 2.2 -1.5
v -0.1 2.2 -1.5
v 0 2.2 -1.5
v 0.1 2.2 -1.5
v 0.5 2.2 -1.5
v -1.1 2.3 1.3
v -1 2.3 1.3
v -0.9 2.3 1.3
v -0.7 2.3 1.3
v -0.6 2.3 1.3
v 0.6 2.3 1.3
v 0.8 2.3 1.3
v 1.1 2.3 1.3
v -1.2 2.3 1.2
v -1.1 2.3 1.2
v -1 2.3 1.2
v -0.9 2.3 1.2
v -0.6 2.3 1.2
v 0.6 2.3 1.2
v 0.7 2.3 1.2
v 0.8 2.3 1.2
v 0.9 2.3 1.2
v 1.1 2.3 1.2
v 1.2 2.3 1.2
v -1.3 2.3 1.1
v -1.2 2.3 1.1
v -1.1 2.3 1.1
v 1.1 2.3 1.1
v 1.2 2.3 1.1
v 1.3 2.3 1.1
v -1.3 2.3 0.9
v -1.2 2.3 0.9
v 1.2 2.3 0.9
v 1.3 2.3 0.9
v -1.3 2.3 -0.9
v -1.2 2.3 -0.9
v -0.9 2.3 -0.9
v -0.7 2.3 -0.9
v 1.2 2.3 -0.9
v 1.3 2.3 -0.9
v -0.9 2.3 -1
v -0.7 2.3 -1
v -1.3 2.3 -1.1
v -1.2 2.3 -1.1
v -1.1 2.3 -1.1
v 1.1 2.3 -1.1
v 1.2 2.3 -1.1
v 1.3 2.3 -1.1
v -1.2 2.3 -1.2
v -1.1 2.3 -1.2
v -1 2.3 -1.2
v -0.9 2.3 -1.2
v -0.7 2.3 -1.2
v -0.6 2.3 -1.2
v 0.6 2.3 -1.2
v 0.7 2.3 -1.2
v 0.8 2.3 -1.2
v 1.1 2.3 -1.2
v 1.2 2.3 -1.2
v -1.1 2.3 -1.3
v -1 2.3 -1.3
v -0.9 2.3 -1.3
v -0.6 2.3 -1.3
v 0.6 2.3 -1.3
v 0.8 2.3 -1.3
v 1.1 2.3 -1.3
v -0.6 2.4 1.3
v -0.5 2.4 1.3
v -0.2 2.4 1.3
v 0.6 2.4 1.3
v -1.1 2.4 1.2
v -1 2.4 1.2
v -0.9 2.4 1.2
v -0.6 2.4 1.2
v 0.6 2.4 1.2
v 0.9 2.4 1.2
v 1.1 2.4 1.2
v -1.2 2.4 1.1
v -1.1 2.4 1.1
v -1 2.4 1.1
v -0.8 2.4 1.1
v -0.7 2.4 1.1
v 0.7 2.4 1.1
v 0.8 2.4 1.1
v 1 2.4 1.1
v 1.1 2.4 1.1
v 1.2 2.4 1.1
v -0.8 2.4 1
v -0.7 2.4 1
v -0.6 2.4 1
v 0.6 2.4 1
v 0.7 2.4 1
v 0.8 2.4 1
v 0.9 2.4 1
v 1 2.4 1
v -1.3 2.4 0.9
v -1.2 2.4 0.9
v -1.1 2.4 0.9
v -1 2.4 0.9
v -0.9 2.4 0.9
v -0.6 2.4 0.9
v 0.6 2.4 0.9
v 0.9 2.4 0.9
v 1 2.4 0.9
v 1.1 2.4 0.9
v 1.2 2.4 0.9
v 1.3 2.4 0.9
v -1.2 2.4 0.8
v -1.1 2.4 0.8
v 1.1 2.4 0.8
v 1.2 2.4 0.8
v -1.2 2.4 0.7
v 1.2 2.4 0.7
v 1.2 2.4 0.6
v 1.3 2.4 0.6
v 1.2 2.4 -0.6
v 1.3 2.4 -0.6
v -1.2 2.4 -0.7
v 1.2 2.4 -0.7
v -1.2 2.4 -0.8
v -1.1 2.4 -0.8
v 1.1 2.4 -0.8
v 1.2 2.4 -0.8
v -1.3 2.4 -0.9
v -1.2 2.4 -0.9
v -1.1 2.4 -0.9
v -0.9 2.4 -0.9
v -0.6 2.4 -0.9
v 0.6 2.4 -0.9
v 0.9 2.4 -0.9
v 1.1 2.4 -0.9
v 1.2 2.4 -0.9
v 1.3 2.4 -0.9
v -0.9 2.4 -1
v -0.8 2.4 -1
v -0.6 2.4 -1
v 0.6 2.4 -1
v 0.9 2.4 -1
v 1.2 2.4 -1
v -1.2 2.4 -1.1
v -1.1 2.4 -1.1
v -0.8 2.4 -1.1
v -0.7 2.4 -1.1
v -0.6 2.4 -1.1
v 0.6 2.4 -1.1
v 0.7 2.4 -1.1
v 0.9 2.4 -1.1
v 1.1 2.4 -1.1
v 1.2 2.4 -1.1
v -1.1 2.4 -1.2
v -1 2.4 -1.2
v -0.9 2.4 -1.2
v -0.7 2.4 -1.2
v -0.6 2.4 -1.2
v 0.6 2.4 -1.2
v 0.7 2.4 -1.2
v 0.8 2.4 -1.2
v 0.9 2.4 -1.2
v 1.1 2.4 -1.2
v -0.6 2.4 -1.3
v -0.5 2.4 -1.3
v -0.2 2.4 -1.3
v 0.6 2.4 -1.3
v -1.2 2.5 0.8
v -1.1 2.5 0.8
v 1.1 2.5 0.8
v 1.2 2.5 0.8
v -1.2 2.5 0.7
v -1.1 2.5 0.7
v 1.1 2.5 0.7
v 1.2 2.5 0.7
v -1.2 2.5 -0.7
v -1.1 2.5 -0.7
v 1.1 2.5 -0.7
v 1.2 2.5 -0.7
v -1.2 2.5 -0.8
v -1.1 2.5 -0.8
v 1.1 2.5 -0.8
v 1.2 2.5 -0.8
v 0.7 2.5 -0.9
v 0.8 2.5 -0.9
v 0.9 2.5 -0.9
v -0.8 2.5 -1
v -0.7 2.5 -1
v 0.9 2.5 -1
v -0.8 2.5 -1.1
v -0.7 2.5 -1.1
v 0.7 2.5 -1.1
v 0.9 2.5 -1.1
v -0.9 2.7 1.3
v -0.5 2.7 1.3
v 0.5 2.7 1.3
v 0.9 2.7 1.3
v -1.2 2.7 1.2
v -0.9 2.7 1.2
v -0.8 2.7 1.2
v -0.7 2.7 1.2
v -0.6 2.7 1.2
v -0.5 2.7 1.2
v -0.4 2.7 1.2
v -0.3 2.7 1.2
v -0.2 2.7 1.2
v 0.4 2.7 1.2
v 0.5 2.7 1.2
v 0.8 2.7 1.2
v 0.9 2.7 1.2
v 1.2 2.7 1.2
v -0.7 2.7 1.1
v -0.6 2.7 1.1
v -0.5 2.7 1.1
v -0.4 2.7 1.1
v 0.4 2.7 1.1
v 0.5 2.7 1.1
v 0.7 2.7 1.1
v -1.2 2.7 1
v -0.8 2.7 1
v -0.7 2.7 1
v -0.6 2.7 1
v 0.7 2.7 1
v 0.8 2.7 1
v 1.2 2.7 1
v -1.3 2.7 0.9
v -1.2 2.7 0.9
v -1 2.7 0.9
v -0.9 2.7 0.9
v 0.9 2.7 0.9
v 1 2.7 0.9
v 1.2 2.7 0.9
v 1.3 2.7 0.9
v -1.4 2.7 0.8
v -1.3 2.7 0.8
v -1.2 2.7 0.8
v -1.1 2.7 0.8
v -1 2.7 0.8
v -0.9 2.7 0.8
v 1 2.7 0.8
v 1.1 2.7 0.8
v 1.2 2.7 0.8
v 1.3 2.7 0.8
v 1.4 2.7 0.8
v -1.1 2.7 0.7
v -0.9 2.7 0.7
v 0.9 2.7 0.7
v 1.1 2.7 0.7
v -1.3 2.7 0.2
v 1.3 2.7 0.2
v -1.3 2.7 0.1
v 1.3 2.7 0.1
v -1.1 2.7 -0.7
v -0.9 2.7 -0.7
v 0.9 2.7 -0.7
v 1.1 2.7 -0.7
v -1.4 2.7 -0.8
v -1.3 2.7 -0.8
v -1.2 2.7 -0.8
v -1.1 2.7 -0.8
v -1 2.7 -0.8
v -0.9 2.7 -0.8
v 1 2.7 -0.8
v 1.1 2.7 -0.8
v 1.2 2.7 -0.8
v 1.3 2.7 -0.8
v 1.4 2.7 -0.8
v -1.3 2.7 -0.9
v -1.2 2.7 -0.9
v -1 2.7 -0.9
v -0.9 2.7 -0.9
v 0.9 2.7 -0.9
v 1 2.7 -0.9
v 1.2 2.7 -0.9
v 1.3 2.7 -0.9
v -1.2 2.7 -1
v -0.8 2.7 -1
v -0.7 2.7 -1
v -0.6 2.7 -1
v 0.7 2.7 -1
v 0.8 2.7 -1
v 1.2 2.7 -1
v -0.7 2.7 -1.1
v -0.6 2.7 -1.1
v -0.4 2.7 -1.1
v 0.4 2.7 -1.1
v 0.7 2.7 -1.1
v -1.2 2.7 -1.2
v -0.9 2.7 -1.2
v -0.8 2.7 -1.2
v -0.7 2.7 -1.2
v -0.6 2.7 -1.2
v -0.5 2.7 -1.2
v -0.4 2.7 -1.2
v -0.3 2.7 -1.2
v -0.2 2.7 -1.2
v 0.4 2.7 -1.2
v 0.5 2.7 -1.2
v 0.8 2.7 -1.2
v 0.9 2.7 -1.2
v 1.2 2.7 -1.2
v -0.9 2.7 -1.3
v -0.5 2.7 -1.3
v 0.5 2.7 -1.3
v 0.9 2.7 -1.3
v -1.1 2.8 0.9
v -1 2.8 0.9
v 1 2.8 0.9
v 1.1 2.8 0.9
v -1.1 2.8 0.8
v -1 2.8 0.8
v 1 2.8 0.8
v 1.1 2.8 0.8
v -1.1 2.8 -0.8
v -1 2.8 -0.8
v 1 2.8 -0.8
v 1.1 2.8 -0.8
v -1.1 2.8 -0.9
v -1 2.8 -0.9
v 1 2.8 -0.9
v 1.1 2.8 -0.9
v -0.4 0.1 1.1
v 0.4 0.1 1.1
v -0.6 0.1 0.9
v -0.4 0.1 0.9
v 0.4 0.1 0.9
v 0.6 0.1 0.9
v -0.9 0.1 0.8
v -0.6 0.1 0.8
v 0.6 0.1 0.8
v 0.9 0.1 0.8
v -1.1 0.1 0.7
v -0.9 0.1 0.7
v 0.9 0.1 0.7
v 1.1 0.1 0.7
v -0.6 0.1 0.6
v -0.4 0.1 0.6
v 0.4 0.1 0.6
v 0.6 0.1 0.6
v -0.6 0.1 0.4
v -0.4 0.1 0.4
v 0.4 0.1 0.4
v 0.6 0.1 0.4
v -0.2 0.1 -0.5
v 0.2 0.1 -0.5
v -1.1 0.1 -0.6
v -1 0.1 -0.6
v -0.8 0.1 -0.6
v -0.5 0.1 -0.6
v 0.5 0.1 -0.6
v 0.8 0.1 -0.6
v 1 0.1 -0.6
v 1.1 0.1 -0.6
v -0.8 0.1 -0.8
v -0.6 0.1 -0.8
v -0.2 0.1 -0.8
v 0.2 0.1 -0.8
v 0.6 0.1 -0.8
v 0.8 0.1 -0.8
v -0.6 0.1 -0.9
v -0.5 0.1 -0.9
v -0.4 0.1 -0.9
v 0.4 0.1 -0.9
v 0.5 0.1 -0.9
v 0.6 0.1 -0.9
v -0.4 0.1 -1.1
v 0.4 0.1 -1.1
v -0.6 0.2 1.1
v -0.4 0.2 1.1
v 0.4 0.2 1.1
v 0.6 0.2 1.1
v -0.6 0.2 1
v 0.6 0.2 1
v -0.6 0.2 0.9
v -0.4 0.2 0.9
v 0.4 0.2 0.9
v 0.6 0.2 0.9
v -1.1 0.2 0.8
v -0.9 0.2 0.8
v 0.9 0.2 0.8
v 1.1 0.2 0.8
v -1.1 0.2 0.7
v -0.9 0.2 0.7
v 0.9 0.2 0.7
v 1.1 0.2 0.7
v -0.6 0.2 -0.9
v -0.5 0.2 -0.9
v -0.4 0.2 -0.9
v 0.4 0.2 -0.9
v 0.5 0.2 -0.9
v 0.6 0.2 -0.9
v -0.6 0.2 -1.1
v -0.5 0.2 -1.1
v -0.4 0.2 -1.1
v 0.4 0.2 -1.1
v 0.5 0.2 -1.1
v 0.6 0.2 -1.1
v -0.2 0.3 1.5
v 0.2 0.3 1.5
v -0.2 0.3 1.4
v 0.2 0.3 1.4
v -0.8 0.3 1.3
v -0.3 0.3 1.3
v -0.2 0.3 1.3
v 0.2 0.3 1.3
v 0.3 0.3 1.3
v 0.8 0.3 1.3
v -0.3 0.3 1.2
v 0.3 0.3 1.2
v -0.9 0.3 1.1
v -0.8 0.3 1.1
v -0.6 0.3 1.1
v -0.3 0.3 1.1
v 0.3 0.3 1.1
v 0.6 0.3 1.1
v 0.8 0.3 1.1
v 0.9 0.3 1.1
v -0.7 0.3 1
v -0.6 0.3 1
v 0.6 0.3 1
v 0.7 0.3 1
v -1.1 0.3 0.9
v -0.9 0.3 0.9
v -0.7 0.3 0.9
v 0.7 0.3 0.9
v 0.9 0.3 0.9
v 1.1 0.3 0.9
v -1.1 0.3 0.8
v -0.9 0.3 0.8
v -0.6 0.3 0.8
v 0.6 0.3 0.8
v 0.9 0.3 0.8
v 1.1 0.3 0.8
v -1.3 0.3 0.2
v -1.1 0.3 0.2
v 1.1 0.3 0.2
v 1.2 0.3 0.2
v 1.3 0.3 0.2
v -1.3 0.3 -0.1
v 1.3 0.3 -0.1
v -1.3 0.3 -0.2
v -1.1 0.3 -0.2
v 1.1 0.3 -0.2
v 1.2 0.3 -0.2
v 1.3 0.3 -0.2
v -1.1 0.3 -0.6
v -0.9 0.3 -0.6
v -0.8 0.3 -0.6
v 0.8 0.3 -0.6
v 0.9 0.3 -0.6
v 1.1 0.3 -0.6
v -0.8 0.3 -0.8
v -0.6 0.3 -0.8
v 0.6 0.3 -0.8
v 0.8 0.3 -0.8
v -1.1 0.3 -0.9
v -0.9 0.3 -0.9
v -0.7 0.3 -0.9
v 0.7 0.3 -0.9
v 0.9 0.3 -0.9
v 1.1 0.3 -0.9
v -0.9 0.3 -1.1
v -0.8 0.3 -1.1
v -0.6 0.3 -1.1
v 0.6 0.3 -1.1
v 0.8 0.3 -1.1
v 0.9 0.3 -1.1
v -0.7 0.3 -1.2
v 0.7 0.3 -1.2
v -0.8 0.3 -1.3
v -0.3 0.3 -1.3
v -0.2 0.3 -1.3
v 0.2 0.3 -1.3
v 0.3 0.3 -1.3
v 0.8 0.3 -1.3
v -0.2 0.3 -1.4
v 0.2 0.3 -1.4
v -0.2 0.3 -1.5
v 0.2 0.3 -1.5
v -1.1 0.4 1.1
v -0.9 0.4 1.1
v 0.9 0.4 1.1
v 1.1 0.4 1.1
v -1.1 0.4 0.9
v -0.9 0.4 0.9
v 0.9 0.4 0.9
v 1.1 0.4 0.9
v -1.1 0.4 -0.9
v -0.9 0.4 -0.9
v 0.9 0.4 -0.9
v 1.1 0.4 -0.9
v -1.1 0.4 -1.1
v -0.9 0.4 -1.1
v 0.9 0.4 -1.1
v 1.1 0.4 -1.1
v -0.6 0.5 1.5
v -0.3 0.5 1.5
v -0.2 0.5 1.5
v 0.2 0.5 1.5
v 0.3 0.5 1.5
v 0.4 0.5 1.5
v 0.5 0.5 1.5
v 0.6 0.5 1.5
v -0.6 0.5 1.4
v -0.3 0.5 1.4
v 0.3 0.5 1.4
v 0.6 0.5 1.4
v -1.1 0.5 1.3
v -0.8 0.5 1.3
v -0.6 0.5 1.3
v -0.2 0.5 1.3
v 0.2 0.5 1.3
v 0.6 0.5 1.3
v 0.8 0.5 1.3
v 1.1 0.5 1.3
v -1.3 0.5 1.1
v -1.1 0.5 1.1
v -0.8 0.5 1.1
v 0.8 0.5 1.1
v 1.1 0.5 1.1
v 1.3 0.5 1.1
v 1.1 0.5 0.9
v 1.2 0.5 0.9
v -1.3 0.5 0.5
v -1.1 0.5 0.5
v 1.1 0.5 0.5
v 1.2 0.5 0.5
v 1.3 0.5 0.5
v -1.3 0.5 0.4
v -1.1 0.5 0.4
v 1.1 0.5 0.4
v 1.2 0.5 0.4
v 1.3 0.5 0.4
v 1.2 0.5 0.3
v 1.3 0.5 0.3
v -1.3 0.5 0.2
v -1.1 0.5 0.2
v 1.1 0.5 0.2
v 1.3 0.5 0.2
v -1.3 0.5 -0.2
v -1.1 0.5 -0.2
v 1.1 0.5 -0.2
v 1.3 0.5 -0.2
v 1.2 0.5 -0.3
v 1.3 0.5 -0.3
v 1.1 0.5 -0.9
v 1.2 0.5 -0.9
v -1.3 0.5 -1.1
v -1.1 0.5 -1.1
v -0.9 0.5 -1.1
v 0.8 0.5 -1.1
v 1.1 0.5 -1.1
v 1.2 0.5 -1.1
v 1.3 0.5 -1.1
v -0.8 0.5 -1.2
v -0.7 0.5 -1.2
v 1.1 0.5 -1.2
v -1.1 0.5 -1.3
v -0.9 0.5 -1.3
v -0.6 0.5 -1.3
v -0.2 0.5 -1.3
v 0.2 0.5 -1.3
v 0.6 0.5 -1.3
v 0.8 0.5 -1.3
v 1.1 0.5 -1.3
v -0.8 0.5 -1.4
v -0.7 0.5 -1.4
v -0.6 0.5 -1.4
v -0.3 0.5 -1.4
v 0.3 0.5 -1.4
v 0.6 0.5 -1.4
v -0.6 0.5 -1.5
v -0.3 0.5 -1.5
v -0.2 0.5 -1.5
v 0.2 0.5 -1.5
v 0.3 0.5 -1.5
v 0.4 0.5 -1.5
v 0.5 0.5 -1.5
v 0.6 0.5 -1.5
v -0.8 0.8 1.5
v -0.7 0.8 1.5
v -0.6 0.8 1.5
v 0.6 0.8 1.5
v 0.7 0.8 1.5
v 0.8 0.8 1.5
v -0.7 0.8 1.4
v -0.6 0.8 1.4
v 0.6 0.8 1.4
v 0.7 0.8 1.4
v -1.3 0.8 1.3
v -1.1 0.8 1.3
v -0.8 0.8 1.3
v -0.6 0.8 1.3
v 0.6 0.8 1.3
v 0.8 0.8 1.3
v 1.1 0.8 1.3
v 1.3 0.8 1.3
v -1.3 0.8 1.1
v -1.1 0.8 1.1
v 1.1 0.8 1.1
v 1.3 0.8 1.1
v -1.5 0.8 0.8
v -1.4 0.8 0.8
v -1.3 0.8 0.8
v 1.3 0.8 0.8
v 1.5 0.8 0.8
v -1.5 0.8 -0.8
v -1.4 0.8 -0.8
v -1.3 0.8 -0.8
v 1.3 0.8 -0.8
v 1.5 0.8 -0.8
v -1.3 0.8 -1.1
v -1.1 0.8 -1.1
v -0.9 0.8 -1.1
v -0.6 0.8 -1.1
v 1.1 0.8 -1.1
v 1.3 0.8 -1.1
v -1.3 0.8 -1.3
v -1.1 0.8 -1.3
v -0.9 0.8 -1.3
v -0.8 0.8 -1.3
v 0.6 0.8 -1.3
v 0.8 0.8 -1.3
v 1.1 0.8 -1.3
v 1.3 0.8 -1.3
v -0.7 0.8 -1.4
v -0.6 0.8 -1.4
v 0.6 0.8 -1.4
v 0.7 0.8 -1.4
v -0.8 0.8 -1.5
v -0.7 0.8 -1.5
v -0.6 0.8 -1.5
v 0.6 0.8 -1.5
v 0.7 0.8 -1.5
v 0.8 0.8 -1.5
v -1.1 1 1.5
v -0.9 1 1.5
v -0.8 1 1.5
v 0.8 1 1.5
v 0.9 1 1.5
v 1 1 1.5
v 1.1 1 1.5
v -0.9 1 1.4
v -0.8 1 1.4
v 0.8 1 1.4
v 0.9 1 1.4
v -1.1 1 1.3
v -0.8 1 1.3
v 0.8 1 1.3
v 1.1 1 1.3
v -1.5 1 1.1
v -1.3 1 1.1
v 1.3 1 1.1
v 1.5 1 1.1
v -1.4 1 1
v -1.3 1 1
v -1.5 1 0.8
v -1.4 1 0.8
v -1.3 1 0.8
v 1.3 1 0.8
v 1.5 1 0.8
v -1.5 1 -0.8
v -1.4 1 -0.8
v -1.3 1 -0.8
v 1.3 1 -0.8
v 1.5 1 -0.8
v -1.5 1 -1.1
v -1.4 1 -1.1
v -1.3 1 -1.1
v 1.3 1 -1.1
v 1.5 1 -1.1
v -1.1 1 -1.3
v -0.8 1 -1.3
v 0.8 1 -1.3
v 1.1 1 -1.3
v -0.9 1 -1.4
v -0.8 1 -1.4
v 0.8 1 -1.4
v 0.9 1 -1.4
v -1.1 1 -1.5
v -0.9 1 -1.5
v -0.8 1 -1.5
v 0.8 1 -1.5
v 0.9 1 -1.5
v 1 1 -1.5
v 1.1 1 -1.5
v -0.6 1.4 0.3
v -0.4 1.4 0.3
v 0.4 1.4 0.3
v 0.6 1.4 0.3
v -0.6 1.4 -0.3
v -0.4 1.4 -0.3
v 0.4 1.4 -0.3
v 0.6 1.4 -0.3
v -0.6 1.8 1.1
v 0.6 1.8 1.1
v -0.8 1.8 0.8
v -0.6 1.8 0.8
v 0.6 1.8 0.8
v 0.8 1.8 0.8
v -1.1 1.8 0.6
v -0.8 1.8 0.6
v 0.8 1.8 0.6
v 1.1 1.8 0.6
v -0.6 1.8 0.3
v -0.4 1.8 0.3
v 0.4 1.8 0.3
v 0.6 1.8 0.3
v -0.6 1.8 -0.3
v -0.4 1.8 -0.3
v 0.4 1.8 -0.3
v 0.6 1.8 -0.3
v -1.1 1.8 -0.6
v -0.8 1.8 -0.6
v 0.8 1.8 -0.6
v 1.1 1.8 -0.6
v -0.8 1.8 -0.8
v -0.6 1.8 -0.8
v 0.6 1.8 -0.8
v 0.8 1.8 -0.8
v -0.6 1.8 -1.1
v 0.6 1.8 -1.1
v -1.2 1.9 1.6
v -0.9 1.9 1.6
v 0.9 1.9 1.6
v 1 1.9 1.6
v 1.2 1.9 1.6
v -1 1.9 1.5
v -0.9 1.9 1.5
v 0.9 1.9 1.5
v 1 1.9 1.5
v -1.2 1.9 1.4
v -1.1 1.9 1.4
v -1 1.9 1.4
v 1 1.9 1.4
v 1.2 1.9 1.4
v -1.6 1.9 1.2
v -1.4 1.9 1.2
v 1.4 1.9 1.2
v 1.6 1.9 1.2
v -1.5 1.9 1
v -1.4 1.9 1
v 1.4 1.9 1
v 1.5 1.9 1
v -1.6 1.9 0.9
v -1.5 1.9 0.9
v 1.5 1.9 0.9
v 1.6 1.9 0.9
v -0.6 1.9 0.3
v -0.4 1.9 0.3
v 0.4 1.9 0.3
v 0.6 1.9 0.3
v -0.6 1.9 -0.3
v -0.4 1.9 -0.3
v 0.4 1.9 -0.3
v 0.6 1.9 -0.3
v -1.6 1.9 -0.9
v -1.5 1.9 -0.9
v 1.5 1.9 -0.9
v 1.6 1.9 -0.9
v -1.5 1.9 -1
v -1.4 1.9 -1
v 1.4 1.9 -1
v 1.5 1.9 -1
v -1.6 1.9 -1.2
v -1.4 1.9 -1.2
v 1.4 1.9 -1.2
v 1.6 1.9 -1.2
v -1.2 1.9 -1.4
v -1.1 1.9 -1.4
v -1 1.9 -1.4
v 1 1.9 -1.4
v 1.2 1.9 -1.4
v -1 1.9 -1.5
v -0.9 1.9 -1.5
v 0.9 1.9 -1.5
v 1 1.9 -1.5
v -1.2 1.9 -1.6
v -0.9 1.9 -1.6
v 0.9 1.9 -1.6
v 1 1.9 -1.6
v 1.2 1.9 -1.6
v -1 2 1.5
v -0.9 2 1.5
v 0.9 2 1.5
v 1 2 1.5
v -1 2 1.4
v -0.9 2 1.4
v 0.9 2 1.4
v 1 2 1.4
v -1.5 2 1
v -1.4 2 1
v 1.4 2 1
v 1.5 2 1
v -1.5 2 0.9
v -1.4 2 0.9
v 1.4 2 0.9
v 1.5 2 0.9
v -1.5 2 -0.9
v -1.4 2 -0.9
v 1.4 2 -0.9
v 1.5 2 -0.9
v -1.5 2 -1
v -1.4 2 -1
v 1.4 2 -1
v 1.5 2 -1
v -1 2 -1.4
v -0.9 2 -1.4
v 0.9 2 -1.4
v 1 2 -1.4
v -1 2 -1.5
v -0.9 2 -1.5
v 0.9 2 -1.5
v 1 2 -1.5
v -0.9 2.1 1.6
v -0.7 2.1 1.6
v 0.7 2.1 1.6
v 0.9 2.1 1.6
v -0.8 2.1 1.5
v -0.7 2.1 1.5
v 0.7 2.1 1.5
v 0.8 2.1 1.5
v -0.9 2.1 1.4
v -0.8 2.1 1.4
v 0.8 2.1 1.4
v 0.9 2.1 1.4
v -1.6 2.1 0.9
v -1.4 2.1 0.9
v 1.4 2.1 0.9
v 1.6 2.1 0.9
v -1.5 2.1 0.8
v -1.4 2.1 0.8
v 1.4 2.1 0.8
v 1.5 2.1 0.8
v -1.6 2.1 0.7
v -1.5 2.1 0.7
v 1.5 2.1 0.7
v 1.6 2.1 0.7
v -1.6 2.1 -0.7
v -1.5 2.1 -0.7
v 1.5 2.1 -0.7
v 1.6 2.1 -0.7
v -1.5 2.1 -0.8
v -1.4 2.1 -0.8
v 1.4 2.1 -0.8
v 1.5 2.1 -0.8
v -1.6 2.1 -0.9
v -1.4 2.1 -0.9
v 1.4 2.1 -0.9
v 1.6 2.1 -0.9
v -0.9 2.1 -1.4
v -0.8 2.1 -1.4
v 0.8 2.1 -1.4
v 0.9 2.1 -1.4
v -0.8 2.1 -1.5
v -0.7 2.1 -1.5
v 0.7 2.1 -1.5
v 0.8 2.1 -1.5
v -0.9 2.1 -1.6
v -0.7 2.1 -1.6
v 0.7 2.1 -1.6
v 0.9 2.1 -1.6
v -0.7 2.2 1.6
v -0.6 2.2 1.6
v 0.6 2.2 1.6
v 0.7 2.2 1.6
v -0.8 2.2 1.5
v -0.7 2.2 1.5
v -0.6 2.2 1.5
v 0.6 2.2 1.5
v 0.7 2.2 1.5
v 0.8 2.2 1.5
v -1.4 2.2 1.4
v -1.3 2.2 1.4
v -0.8 2.2 1.4
v -0.7 2.2 1.4
v 0.7 2.2 1.4
v 0.8 2.2 1.4
v 1.3 2.2 1.4
v 1.4 2.2 1.4
v -1.4 2.2 1.3
v -1.3 2.2 1.3
v 1.3 2.2 1.3
v 1.4 2.2 1.3
v -1.5 2.2 0.8
v -1.4 2.2 0.8
v 1.4 2.2 0.8
v 1.5 2.2 0.8
v -1.6 2.2 0.7
v -1.5 2.2 0.7
v -1.4 2.2 0.7
v 1.4 2.2 0.7
v 1.5 2.2 0.7
v 1.6 2.2 0.7
v -1.6 2.2 0.6
v -1.5 2.2 0.6
v 1.5 2.2 0.6
v 1.6 2.2 0.6
v -1.6 2.2 -0.6
v -1.5 2.2 -0.6
v 1.5 2.2 -0.6
v 1.6 2.2 -0.6
v -1.6 2.2 -0.7
v -1.5 2.2 -0.7
v -1.4 2.2 -0.7
v 1.4 2.2 -0.7
v 1.5 2.2 -0.7
v 1.6 2.2 -0.7
v -1.5 2.2 -0.8
v -1.4 2.2 -0.8
v 1.4 2.2 -0.8
v 1.5 2.2 -0.8
v -1.4 2.2 -1.3
v -1.3 2.2 -1.3
v 1.3 2.2 -1.3
v 1.4 2.2 -1.3
v -1.4 2.2 -1.4
v -1.3 2.2 -1.4
v -0.8 2.2 -1.4
v -0.7 2.2 -1.4
v 0.7 2.2 -1.4
v 0.8 2.2 -1.4
v 1.3 2.2 -1.4
v 1.4 2.2 -1.4
v -0.8 2.2 -1.5
v -0.7 2.2 -1.5
v -0.6 2.2 -1.5
v 0.6 2.2 -1.5
v 0.7 2.2 -1.5
v 0.8 2.2 -1.5
v -0.7 2.2 -1.6
v -0.6 2.2 -1.6
v 0.6 2.2 -1.6
v 0.7 2.2 -1.6
v -0.6 2.3 1.6
v -0.5 2.3 1.6
v -0.2 2.3 1.6
v 0.3 2.3 1.6
v 0.4 2.3 1.6
v 0.6 2.3 1.6
v -0.7 2.3 1.5
v -0.6 2.3 1.5
v 0.3 2.3 1.5
v 0.4 2.3 1.5
v 0.6 2.3 1.5
v 0.7 2.3 1.5
v -1.3 2.3 1.4
v -1.2 2.3 1.4
v -0.7 2.3 1.4
v -0.5 2.3 1.4
v -0.2 2.3 1.4
v 0.6 2.3 1.4
v 0.7 2.3 1.4
v 1.2 2.3 1.4
v 1.3 2.3 1.4
v -1.4 2.3 1.3
v -1.3 2.3 1.3
v -1.2 2.3 1.3
v 1.2 2.3 1.3
v 1.3 2.3 1.3
v 1.4 2.3 1.3
v -1.4 2.3 1.2
v -1.3 2.3 1.2
v 1.3 2.3 1.2
v 1.4 2.3 1.2
v -0.8 2.3 1.1
v -0.6 2.3 1.1
v 0.6 2.3 1.1
v 0.8 2.3 1.1
v -0.8 2.3 1
v -0.6 2.3 1
v 0.6 2.3 1
v 0.7 2.3 1
v 0.8 2.3 1
v -1.5 2.3 0.7
v -1.4 2.3 0.7
v 1.4 2.3 0.7
v 1.5 2.3 0.7
v -1.6 2.3 0.6
v -1.5 2.3 0.6
v -1.4 2.3 0.6
v 1.4 2.3 0.6
v 1.5 2.3 0.6
v 1.6 2.3 0.6
v -1.6 2.3 0.5
v -1.5 2.3 0.5
v 1.5 2.3 0.5
v 1.6 2.3 0.5
v -1.6 2.3 0.4
v -1.5 2.3 0.4
v 1.5 2.3 0.4
v 1.6 2.3 0.4
v -1.6 2.3 0.2
v -1.5 2.3 0.2
v 1.5 2.3 0.2
v 1.6 2.3 0.2
v -1.6 2.3 0.1
v -1.5 2.3 0.1
v 1.5 2.3 0.1
v 1.6 2.3 0.1
v -1.6 2.3 -0.6
v -1.5 2.3 -0.6
v 1.5 2.3 -0.6
v 1.6 2.3 -0.6
v -1.5 2.3 -0.7
v -1.4 2.3 -0.7
v 1.4 2.3 -0.7
v 1.5 2.3 -0.7
v -1.4 2.3 -1.2
v -1.3 2.3 -1.2
v 1.3 2.3 -1.2
v 1.4 2.3 -1.2
v -1.4 2.3 -1.3
v -1.3 2.3 -1.3
v -1.2 2.3 -1.3
v 1.2 2.3 -1.3
v 1.3 2.3 -1.3
v 1.4 2.3 -1.3
v -1.3 2.3 -1.4
v -1.2 2.3 -1.4
v -0.7 2.3 -1.4
v -0.5 2.3 -1.4
v -0.2 2.3 -1.4
v 0.6 2.3 -1.4
v 0.7 2.3 -1.4
v 1.2 2.3 -1.4
v 1.3 2.3 -1.4
v -0.7 2.3 -1.5
v -0.6 2.3 -1.5
v 0.3 2.3 -1.5
v 0.4 2.3 -1.5
v 0.6 2.3 -1.5
v 0.7 2.3 -1.5
v -0.6 2.3 -1.6
v -0.5 2.3 -1.6
v -0.2 2.3 -1.6
v 0.3 2.3 -1.6
v 0.4 2.3 -1.6
v 0.6 2.3 -1.6
v -1.2 2.4 1.4
v -1 2.4 1.4
v -0.9 2.4 1.4
v -0.7 2.4 1.4
v 0.7 2.4 1.4
v 0.8 2.4 1.4
v 1.2 2.4 1.4
v -1.3 2.4 1.3
v -1.2 2.4 1.3
v -1 2.4 1.3
v -0.9 2.4 1.3
v -0.7 2.4 1.3
v 0.7 2.4 1.3
v 0.8 2.4 1.3
v 1.2 2.4 1.3
v 1.3 2.4 1.3
v -1.4 2.4 1.2
v -1.3 2.4 1.2
v -1.2 2.4 1.2
v 1.2 2.4 1.2
v 1.3 2.4 1.2
v 1.4 2.4 1.2
v -1.4 2.4 1
v -1.3 2.4 1
v 1.3 2.4 1
v 1.4 2.4 1
v -1.4 2.4 -1
v -1.3 2.4 -1
v 1.3 2.4 -1
v 1.4 2.4 -1
v -1.4 2.4 -1.2
v -1.3 2.4 -1.2
v -1.2 2.4 -1.2
v 1.2 2.4 -1.2
v 1.3 2.4 -1.2
v 1.4 2.4 -1.2
v -1.3 2.4 -1.3
v -1.2 2.4 -1.3
v -1 2.4 -1.3
v -0.9 2.4 -1.3
v -0.7 2.4 -1.3
v 0.7 2.4 -1.3
v 0.8 2.4 -1.3
v 1.2 2.4 -1.3
v 1.3 2.4 -1.3
v -1.2 2.4 -1.4
v -1 2.4 -1.4
v -0.9 2.4 -1.4
v -0.7 2.4 -1.4
v 0.7 2.4 -1.4
v 0.8 2.4 -1.4
v 1.2 2.4 -1.4
v -0.7 2.5 1.4
v 0.2 2.5 1.4
v 0.3 2.5 1.4
v 0.6 2.5 1.4
v 0.7 2.5 1.4
v -1.2 2.5 1.3
v -1 2.5 1.3
v -0.9 2.5 1.3
v -0.7 2.5 1.3
v -0.5 2.5 1.3
v -0.4 2.5 1.3
v -0.3 2.5 1.3
v 0.2 2.5 1.3
v 0.3 2.5 1.3
v 0.5 2.5 1.3
v 0.7 2.5 1.3
v 0.8 2.5 1.3
v 1.2 2.5 1.3
v -1.3 2.5 1.2
v -1.2 2.5 1.2
v -1 2.5 1.2
v -0.9 2.5 1.2
v -0.5 2.5 1.2
v -0.2 2.5 1.2
v 0.2 2.5 1.2
v 0.5 2.5 1.2
v 0.6 2.5 1.2
v 0.8 2.5 1.2
v 1 2.5 1.2
v 1.2 2.5 1.2
v 1.3 2.5 1.2
v -1.2 2.5 1.1
v -1 2.5 1.1
v -0.7 2.5 1.1
v -0.5 2.5 1.1
v -0.2 2.5 1.1
v 0.2 2.5 1.1
v 0.5 2.5 1.1
v 0.6 2.5 1.1
v 0.7 2.5 1.1
v 1 2.5 1.1
v 1.2 2.5 1.1
v -1.4 2.5 1
v -1.3 2.5 1
v -1.2 2.5 1
v -1 2.5 1
v -0.9 2.5 1
v -0.7 2.5 1
v -0.6 2.5 1
v 0.7 2.5 1
v 1 2.5 1
v 1.2 2.5 1
v 1.3 2.5 1
v 1.4 2.5 1
v -1.3 2.5 0.9
v -1.2 2.5 0.9
v 1.2 2.5 0.9
v 1.3 2.5 0.9
v -1.3 2.5 0.6
v 1.3 2.5 0.6
v -1.3 2.5 0.5
v 1.3 2.5 0.5
v -1.4 2.5 -0.4
v -1.3 2.5 -0.4
v 1.3 2.5 -0.4
v 1.4 2.5 -0.4
v -1.4 2.5 -0.5
v -1.3 2.5 -0.5
v 1.3 2.5 -0.5
v 1.4 2.5 -0.5
v -1.3 2.5 -0.8
v 1.3 2.5 -0.8
v -1.3 2.5 -0.9
v -1.2 2.5 -0.9
v 1.2 2.5 -0.9
v 1.3 2.5 -0.9
v -1.4 2.5 -1
v -1.3 2.5 -1
v -1.2 2.5 -1
v -0.9 2.5 -1
v -0.7 2.5 -1
v -0.6 2.5 -1
v 0.7 2.5 -1
v 1 2.5 -1
v 1.2 2.5 -1
v 1.3 2.5 -1
v 1.4 2.5 -1
v -0.7 2.5 -1.1
v -0.2 2.5 -1.1
v 0.2 2.5 -1.1
v 0.6 2.5 -1.1
v 0.7 2.5 -1.1
v -1.3 2.5 -1.2
v -1.2 2.5 -1.2
v -1 2.5 -1.2
v -0.9 2.5 -1.2
v -0.5 2.5 -1.2
v -0.2 2.5 -1.2
v 0.2 2.5 -1.2
v 0.5 2.5 -1.2
v 0.6 2.5 -1.2
v 0.8 2.5 -1.2
v 1 2.5 -1.2
v 1.2 2.5 -1.2
v 1.3 2.5 -1.2
v -1.2 2.5 -1.3
v -1 2.5 -1.3
v -0.9 2.5 -1.3
v -0.7 2.5 -1.3
v -0.5 2.5 -1.3
v -0.4 2.5 -1.3
v -0.3 2.5 -1.3
v 0.2 2.5 -1.3
v 0.3 2.5 -1.3
v 0.5 2.5 -1.3
v 0.7 2.5 -1.3
v 0.8 2.5 -1.3
v 1.2 2.5 -1.3
v -0.7 2.5 -1.4
v 0.2 2.5 -1.4
v 0.3 2.5 -1.4
v 0.6 2.5 -1.4
v 0.7 2.5 -1.4
v -0.9 2.6 1.2
v -0.8 2.6 1.2
v -0.4 2.6 1.2
v -0.3 2.6 1.2
v -0.2 2.6 1.2
v 0.2 2.6 1.2
v 0.4 2.6 1.2
v 0.8 2.6 1.2
v 1 2.6 1.2
v -0.4 2.6 1.1
v -0.2 2.6 1.1
v 0.2 2.6 1.1
v 0.4 2.6 1.1
v -0.9 2.6 1
v -0.8 2.6 1
v 0.8 2.6 1
v 1 2.6 1
v -1.3 2.6 0.9
v -1.2 2.6 0.9
v 1.2 2.6 0.9
v 1.3 2.6 0.9
v -1.3 2.6 0.8
v -1.2 2.6 0.8
v 1.2 2.6 0.8
v 1.3 2.6 0.8
v -1.3 2.6 -0.8
v -1.2 2.6 -0.8
v 1.2 2.6 -0.8
v 1.3 2.6 -0.8
v -1.3 2.6 -0.9
v -1.2 2.6 -0.9
v 1.2 2.6 -0.9
v 1.3 2.6 -0.9
v -0.9 2.6 -1
v -0.8 2.6 -1
v 0.8 2.6 -1
v 1 2.6 -1
v -0.4 2.6 -1.1
v -0.2 2.6 -1.1
v 0.2 2.6 -1.1
v 0.4 2.6 -1.1
v -0.9 2.6 -1.2
v -0.8 2.6 -1.2
v -0.4 2.6 -1.2
v -0.3 2.6 -1.2
v -0.2 2.6 -1.2
v 0.2 2.6 -1.2
v 0.4 2.6 -1.2
v 0.8 2.6 -1.2
v 1 2.6 -1.2
v -0.7 2.8 1.1
v 0.7 2.8 1.1
v -0.9 2.8 0.9
v -0.7 2.8 0.9
v -0.6 2.8 0.9
v 0.6 2.8 0.9
v 0.7 2.8 0.9
v 0.9 2.8 0.9
v -0.8 2.8 0.8
v -0.6 2.8 0.8
v 0.6 2.8 0.8
v 0.8 2.8 0.8
v -1.2 2.8 0.7
v -0.9 2.8 0.7
v 0.9 2.8 0.7
v 1.2 2.8 0.7
v -1.1 2.8 0.6
v -0.8 2.8 0.6
v 0.8 2.8 0.6
v 1.1 2.8 0.6
v -1.1 2.8 -0.6
v -0.8 2.8 -0.6
v 0.8 2.8 -0.6
v 1.1 2.8 -0.6
v -1.2 2.8 -0.7
v -0.9 2.8 -0.7
v 0.9 2.8 -0.7
v 1.2 2.8 -0.7
v -0.8 2.8 -0.8
v -0.6 2.8 -0.8
v 0.6 2.8 -0.8
v 0.8 2.8 -0.8
v -0.9 2.8 -0.9
v -0.7 2.8 -0.9
v -0.6 2.8 -0.9
v 0.6 2.8 -0.9
v 0.7 2.8 -0.9
v 0.9 2.8 -0.9
v -0.7 2.8 -1.1
v 0.7 2.8 -1.1
v -0.9 2.9 1.3
v 0.9 2.9 1.3
v -1.2 2.9 1.2
v -0.9 2.9 1.2
v 0.9 2.9 1.2
v 1.2 2.9 1.2
v -0.9 2.9 1.1
v -0.7 2.9 1.1
v 0.7 2.9 1.1
v 0.9 2.9 1.1
v -1.3 2.9 0.9
v -1.2 2.9 0.9
v -0.9 2.9 0.9
v -0.7 2.9 0.9
v 0.7 2.9 0.9
v 0.9 2.9 0.9
v 1.2 2.9 0.9
v 1.3 2.9 0.9
v -1.4 2.9 0.8
v -1.3 2.9 0.8
v 1.3 2.9 0.8
v 1.4 2.9 0.8
v -1.2 2.9 0.7
v -0.9 2.9 0.7
v 0.9 2.9 0.7
v 1.2 2.9 0.7
v -1.2 2.9 -0.7
v -0.9 2.9 -0.7
v 0.9 2.9 -0.7
v 1.2 2.9 -0.7
v -1.4 2.9 -0.8
v -1.3 2.9 -0.8
v 1.3 2.9 -0.8
v 1.4 2.9 -0.8
v -1.3 2.9 -0.9
v -1.2 2.9 -0.9
v -0.9 2.9 -0.9
v -0.7 2.9 -0.9
v 0.7 2.9 -0.9
v 0.9 2.9 -0.9
v 1.2 2.9 -0.9
v 1.3 2.9 -0.9
v -0.9 2.9 -1.1
v -0.7 2.9 -1.1
v 0.7 2.9 -1.1
v 0.9 2.9 -1.1
v -1.2 2.9 -1.2
v -0.9 2.9 -1.2
v 0.9 2.9 -1.2
v 1.2 2.9 -1.2
v -0.9 2.9 -1.3
v 0.9 2.9 -1.3

# faces
f 7/4/1 2/4/1 1/4/1
f 8/2/1 3/2/1 2/2/1
f 8/4/1 2/4/1 7/4/1
f 9/4/1 4/4/1 3/4/1
f 9/2/1 3/2/1 8/2/1
f 10/2/1 5/2/1 4/2/1
f 10/4/1 4/4/1 9/4/1
f 12/2/1 8/2/1 7/2/1
f 12/2/1 9/2/1 8/2/1
f 12/2/1 10/2/1 9/2/1
f 13/2/1 5/2/1 10/2/1
f 13/2/1 10/2/1 12/2/1
f 14/2/1 5/2/1 13/2/1
f 15/4/1 6/4/1 5/4/1
f 17/2/1 12/2/1 11/2/1
f 17/2/1 13/2/1 12/2/1
f 17/4/1 14/4/1 13/4/1
f 18/2/1 5/2/1 14/2/1
f 18/4/1 14/4/1 17/4/1
f 19/4/1 15/4/1 5/4/1
f 19/2/1 5/2/1 18/2/1
f 20/2/1 16/2/1 15/2/1
f 20/4/1 15/4/1 19/4/1
f 21/2/1 17/2/1 11/2/1
f 21/2/1 19/2/1 18/2/1
f 21/2/1 20/2/1 19/2/1
f 21/2/1 18/2/1 17/2/1
f 22/2/1 20/2/1 21/2/1
f 23/2/1 21/2/1 11/2/1
f 23/4/1 22/4/1 21/4/1
f 24/2/1 20/2/1 22/2/1
f 24/4/1 22/4/1 23/4/1
f 25/2/1 24/2/1 23/2/1
f 25/2/1 20/2/1 24/2/1
f 26/2/1 20/2/1 25/2/1
f 27/2/1 20/2/1 26/2/1
f 28/2/1 20/2/1 27/2/1
f 29/2/1 16/2/1 20/2/1
f 29/2/1 20/2/1 28/2/1
f 30/2/1 16/2/1 29/2/1
f 31/2/1 23/2/1 11/2/1
f 31/2/1 25/2/1 23/2/1
f 32/2/1 25/2/1 31/2/1
f 33/2/1 25/2/1 32/2/1
f 34/2/1 25/2/1 33/2/1
f 35/4/1 26/4/1 25/4/1
f 35/2/1 25/2/1 34/2/1
f 36/2/1 27/2/1 26/2/1
f 36/4/1 26/4/1 35/4/1
f 37/2/1 27/2/1 36/2/1
f 38/2/1 27/2/1 37/2/1
f 39/4/1 28/4/1 27/4/1
f 39/2/1 27/2/1 38/2/1
f 40/2/1 29/2/1 28/2/1
f 40/4/1 28/4/1 39/4/1
f 41/4/1 32/4/1 31/4/1
f 42/2/1 33/2/1 32/2/1
f 42/4/1 32/4/1 41/4/1
f 43/2/1 33/2/1 42/2/1
f 44/4/1 34/4/1 33/4/1
f 44/2/1 33/2/1 43/2/1
f 45/4/1 38/4/1 37/4/1
f 45/2/1 35/2/1 34/2/1
f 45/2/1 36/2/1 35/2/1
f 45/2/1 37/2/1 36/2/1
f 46/2/1 39/2/1 38/2/1
f 46/4/1 38/4/1 45/4/1
f 46/2/1 40/2/1 39/2/1
f 47/4/1 30/4/1 29/4/1
f 47/2/1 40/2/1 46/2/1
f 47/2/1 29/2/1 40/2/1
f 48/2/1 16/2/1 30/2/1
f 48/4/1 30/4/1 47/4/1
f 49/2/1 43/2/1 42/2/1
f 49/4/1 44/4/1 43/4/1
f 49/2/1 42/2/1 41/2/1
f 50/4/1 34/4/1 44/4/1
f 50/4/1 44/4/1 49/4/1
f 50/2/1 47/2/1 46/2/1
f 50/2/1 46/2/1 45/2/1
f 50/2/1 48/2/1 47/2/1
f 50/2/1 45/2/1 34/2/1
f 51/2/1 50/2/1 49/2/1
f 51/2/1 48/2/1 50/2/1
f 52/2/1 48/2/1 51/2/1
f 53/2/1 48/2/1 52/2/1
f 54/2/1 48/2/1 53/2/1
f 55/2/1 49/2/1 41/2/1
f 55/2/1 51/2/1 49/2/1
f 56/2/1 51/2/1 55/2/1
f 57/4/1 52/4/1 51/4/1
f 57/2/1 51/2/1 56/2/1
f 58/2/1 53/2/1 52/2/1
f 58/4/1 52/4/1 57/4/1
f 59/4/1 54/4/1 53/4/1
f 59/2/1 53/2/1 58/2/1
f 60/2/1 48/2/1 54/2/1
f 60/4/1 54/4/1 59/4/1
f 61/2/1 16/2/1 48/2/1
f 61/2/1 48/2/1 60/2/1
f 62/2/1 59/2/1 58/2/1
f 62/2/1 60/2/1 59/2/1
f 62/2/1 58/2/1 57/2/1
f 62/2/1 57/2/1 56/2/1
f 63/2/1 60/2/1 62/2/1
f 64/2/1 62/2/1 56/2/1
f 65/2/1 62/2/1 64/2/1
f 66/4/1 63/4/1 62/4/1
f 66/2/1 62/2/1 65/2/1
f 67/2/1 60/2/1 63/2/1
f 67/4/1 63/4/1 66/4/1
f 68/2/1 60/2/1 67/2/1
f 69/2/1 60/2/1 68/2/1
f 70/2/1 66/2/1 65/2/1
f 70/2/1 68/2/1 67/2/1
f 70/2/1 67/2/1 66/2/1
f 71/2/1 68/2/1 70/2/1
f 72/2/1 68/2/1 71/2/1
f 73/2/1 68/2/1 72/2/1
f 74/2/1 68/2/1 73/2/1
f 75/2/1 68/2/1 74/2/1
f 76/2/1 68/2/1 75/2/1
f 77/2/1 68/2/1 76/2/1
f 78/2/1 72/2/1 71/2/1
f 79/4/1 73/4/1 72/4/1
f 79/2/1 72/2/1 78/2/1
f 80/2/1 74/2/1 73/2/1
f 80/4/1 73/4/1 79/4/1
f 81/4/1 75/4/1 74/4/1
f 81/2/1 74/2/1 80/2/1
f 82/2/1 76/2/1 75/2/1
f 82/4/1 75/4/1 81/4/1
f 83/2/1 76/2/1 82/2/1
f 88/2/1 85/2/1 84/2/1
f 89/2/1 85/2/1 88/2/1
f 90/2/1 87/2/1 86/2/1
f 91/2/1 87/2/1 90/2/1
f 96/2/1 93/2/1 92/2/1
f 97/2/1 93/2/1 96/2/1
f 100/2/1 95/2/1 94/2/1
f 101/2/1 95/2/1 100/2/1
f 102/4/1 98/4/1 97/4/1
f 103/4/1 98/4/1 102/4/1
f 104/2/1 100/2/1 99/2/1
f 105/2/1 100/2/1 104/2/1
f 110/2/1 107/2/1 106/2/1
f 111/4/1 108/4/1 107/4/1
f 111/2/1 107/2/1 110/2/1
f 112/2/1 109/2/1 108/2/1
f 112/4/1 108/4/1 111/4/1
f 113/2/1 109/2/1 112/2/1
f 117/3/1 111/3/1 110/3/1
f 118/4/1 112/4/1 111/4/1
f 118/3/1 111/3/1 117/3/1
f 119/3/1 113/3/1 112/3/1
f 119/4/1 112/4/1 118/4/1
f 120/3/1 113/3/1 119/3/1
f 122/4/1 116/4/1 115/4/1
f 122/2/1 115/2/1 114/2/1
f 123/2/1 117/2/1 116/2/1
f 123/4/1 116/4/1 122/4/1
f 123/2/1 118/2/1 117/2/1
f 124/4/1 119/4/1 118/4/1
f 124/2/1 118/2/1 123/2/1
f 125/2/1 121/2/1 120/2/1
f 125/4/1 119/4/1 124/4/1
f 125/2/1 120/2/1 119/2/1
f 126/2/1 124/2/1 123/2/1
f 126/2/1 122/2/1 114/2/1
f 126/2/1 125/2/1 124/2/1
f 126/2/1 123/2/1 122/2/1
f 127/2/1 125/2/1 126/2/1
f 128/2/1 125/2/1 127/2/1
f 129/2/1 125/2/1 128/2/1
f 131/2/1 126/2/1 114/2/1
f 132/4/1 127/4/1 126/4/1
f 133/2/1 128/2/1 127/2/1
f 133/4/1 127/4/1 132/4/1
f 134/4/1 129/4/1 128/4/1
f 134/2/1 128/2/1 133/2/1
f 135/2/1 125/2/1 129/2/1
f 135/4/1 129/4/1 134/4/1
f 136/2/1 121/2/1 125/2/1
f 136/2/1 125/2/1 135/2/1
f 137/2/1 121/2/1 136/2/1
f 139/2/1 131/2/1 130/2/1
f 139/2/1 126/2/1 131/2/1
f 139/4/1 132/4/1 126/4/1
f 140/4/1 132/4/1 139/4/1
f 141/2/1 139/2/1 130/2/1
f 141/2/1 140/2/1 139/2/1
f 142/2/1 140/2/1 141/2/1
f 143/2/1 138/2/1 137/2/1
f 143/2/1 137/2/1 136/2/1
f 144/2/1 138/2/1 143/2/1
f 145/2/1 141/2/1 130/2/1
f 148/2/1 138/2/1 144/2/1
f 149/2/1 146/2/1 145/2/1
f 152/2/1 148/2/1 147/2/1
f 153/2/1 150/2/1 149/2/1
f 156/2/1 152/2/1 151/2/1
f 157/2/1 154/2/1 153/2/1
f 157/2/1 145/2/1 130/2/1
f 157/2/1 149/2/1 145/2/1
f 157/2/1 153/2/1 149/2/1
f 158/2/1 154/2/1 157/2/1
f 159/2/1 154/2/1 158/2/1
f 162/2/1 156/2/1 155/2/1
f 163/2/1 152/2/1 156/2/1
f 163/2/1 148/2/1 152/2/1
f 163/2/1 156/2/1 162/2/1
f 164/2/1 138/2/1 148/2/1
f 164/2/1 148/2/1 163/2/1
f 165/2/1 138/2/1 164/2/1
f 166/2/1 138/2/1 165/2/1
f 167/2/1 160/2/1 159/2/1
f 167/2/1 159/2/1 158/2/1
f 168/2/1 160/2/1 167/2/1
f 169/2/1 160/2/1 168/2/1
f 171/2/1 162/2/1 161/2/1
f 171/2/1 163/2/1 162/2/1
f 172/4/1 164/4/1 163/4/1
f 172/2/1 163/2/1 171/2/1
f 173/2/1 165/2/1 164/2/1
f 173/4/1 164/4/1 172/4/1
f 174/2/1 165/2/1 173/2/1
f 175/2/1 170/2/1 169/2/1
f 175/2/1 169/2/1 168/2/1
f 175/2/1 173/2/1 172/2/1
f 175/2/1 172/2/1 171/2/1
f 175/2/1 171/2/1 170/2/1
f 176/2/1 173/2/1 175/2/1
f 177/2/1 173/2/1 176/2/1
f 178/2/1 173/2/1 177/2/1
f 179/2/1 173/2/1 178/2/1
f 180/2/1 173/2/1 179/2/1
f 181/2/1 177/2/1 176/2/1
f 182/4/1 178/4/1 177/4/1
f 182/2/1 177/2/1 181/2/1
f 183/2/1 179/2/1 178/2/1
f 183/4/1 178/4/1 182/4/1
f 184/2/1 179/2/1 183/2/1
f 187/2/1 186/2/1 185/2/1
f 188/2/1 186/2/1 187/2/1
f 189/3/1 188/3/1 187/3/1
f 190/3/1 188/3/1 189/3/1
f 195/2/1 192/2/1 191/2/1
f 196/2/1 192/2/1 195/2/1
f 199/2/1 194/2/1 193/2/1
f 200/2/1 194/2/1 199/2/1
f 201/2/1 197/2/1 196/2/1
f 202/2/1 197/2/1 201/2/1
f 205/2/1 199/2/1 198/2/1
f 206/2/1 199/2/1 205/2/1
f 207/2/1 203/2/1 202/2/1
f 208/2/1 203/2/1 207/2/1
f 216/2/1 205/2/1 204/2/1
f 217/2/1 205/2/1 216/2/1
f 218/2/1 210/2/1 209/2/1
f 219/2/1 210/2/1 218/2/1
f 220/4/1 211/4/1 210/4/1
f 220/2/1 210/2/1 219/2/1
f 221/2/1 212/2/1 211/2/1
f 221/4/1 211/4/1 220/4/1
f 221/2/1 213/2/1 212/2/1
f 221/2/1 214/2/1 213/2/1
f 222/2/1 214/2/1 221/2/1
f 223/2/1 214/2/1 222/2/1
f 224/4/1 215/4/1 214/4/1
f 224/2/1 214/2/1 223/2/1
f 225/4/1 215/4/1 224/4/1
f 227/2/1 220/2/1 219/2/1
f 227/2/1 221/2/1 220/2/1
f 227/2/1 222/2/1 221/2/1
f 228/4/1 223/4/1 222/4/1
f 228/2/1 222/2/1 227/2/1
f 229/2/1 224/2/1 223/2/1
f 229/4/1 223/4/1 228/4/1
f 230/2/1 224/2/1 229/2/1
f 232/2/1 227/2/1 226/2/1
f 233/2/1 227/2/1 232/2/1
f 234/2/1 231/2/1 230/2/1
f 235/2/1 231/2/1 234/2/1
f 236/3/1 233/3/1 232/3/1
f 237/3/1 233/3/1 236/3/1
f 238/3/1 235/3/1 234/3/1
f 239/3/1 235/3/1 238/3/1
f 245/2/1 241/2/1 240/2/1
f 246/4/1 242/4/1 241/4/1
f 246/2/1 241/2/1 245/2/1
f 247/2/1 243/2/1 242/2/1
f 247/4/1 242/4/1 246/4/1
f 249/2/1 246/2/1 245/2/1
f 249/2/1 245/2/1 244/2/1
f 249/2/1 247/2/1 246/2/1
f 250/2/1 247/2/1 249/2/1
f 251/2/1 247/2/1 250/2/1
f 252/2/1 247/2/1 251/2/1
f 253/2/1 247/2/1 252/2/1
f 254/2/1 243/2/1 247/2/1
f 254/2/1 247/2/1 253/2/1
f 257/2/1 249/2/1 248/2/1
f 257/2/1 250/2/1 249/2/1
f 258/4/1 251/4/1 250/4/1
f 258/2/1 250/2/1 257/2/1
f 259/2/1 252/2/1 251/2/1
f 259/4/1 251/4/1 258/4/1
f 260/2/1 252/2/1 259/2/1
f 261/2/1 255/2/1 254/2/1
f 261/2/1 254/2/1 253/2/1
f 262/2/1 255/2/1 261/2/1
f 265/3/1 258/3/1 257/3/1
f 265/3/1 257/3/1 256/3/1
f 266/4/1 259/4/1 258/4/1
f 266/3/1 258/3/1 265/3/1
f 267/3/1 260/3/1 259/3/1
f 267/4/1 259/4/1 266/4/1
f 268/3/1 260/3/1 267/3/1
f 269/3/1 263/3/1 262/3/1
f 269/3/1 262/3/1 261/3/1
f 270/3/1 263/3/1 269/3/1
f 272/2/1 265/2/1 264/2/1
f 273/2/1 265/2/1 272/2/1
f 274/2/1 271/2/1 270/2/1
f 275/2/1 271/2/1 274/2/1
f 280/2/1 277/2/1 276/2/1
f 281/2/1 277/2/1 280/2/1
f 282/2/1 279/2/1 278/2/1
f 283/2/1 279/2/1 282/2/1
f 284/4/1 281/4/1 280/4/1
f 285/2/1 277/2/1 281/2/1
f 285/4/1 281/4/1 284/4/1
f 286/2/1 282/2/1 278/2/1
f 286/4/1 283/4/1 282/4/1
f 287/4/1 283/4/1 286/4/1
f 290/1/1 289/1/1 288/1/1
f 291/1/1 289/1/1 290/1/1
f 292/2/1 285/2/1 284/2/1
f 293/2/1 277/2/1 285/2/1
f 293/2/1 285/2/1 292/2/1
f 294/2/1 286/2/1 278/2/1
f 294/2/1 287/2/1 286/2/1
f 295/2/1 287/2/1 294/2/1
f 298/1/1 290/1/1 288/1/1
f 299/2/1 291/2/1 290/2/1
f 299/1/1 290/1/1 298/1/1
f 300/1/1 289/1/1 291/1/1
f 300/2/1 291/2/1 299/2/1
f 301/1/1 289/1/1 300/1/1
f 304/2/1 297/2/1 296/2/1
f 305/2/1 297/2/1 304/2/1
f 307/2/1 299/2/1 298/2/1
f 307/2/1 300/2/1 299/2/1
f 307/2/1 301/2/1 300/2/1
f 308/2/1 301/2/1 307/2/1
f 310/2/1 303/2/1 302/2/1
f 311/2/1 303/2/1 310/2/1
f 312/2/1 306/2/1 305/2/1
f 313/2/1 306/2/1 312/2/1
f 318/2/1 310/2/1 309/2/1
f 319/2/1 310/2/1 318/2/1
f 320/4/1 315/4/1 314/4/1
f 321/4/1 315/4/1 320/4/1
f 324/2/1 317/2/1 316/2/1
f 326/2/1 322/2/1 321/2/1
f 326/2/1 321/2/1 320/2/1
f 327/2/1 322/2/1 326/2/1
f 328/2/1 322/2/1 327/2/1
f 329/4/1 324/4/1 323/4/1
f 330/2/1 317/2/1 324/2/1
f 330/4/1 324/4/1 329/4/1
f 331/2/1 317/2/1 330/2/1
f 333/2/1 326/2/1 325/2/1
f 333/2/1 327/2/1 326/2/1
f 334/2/1 327/2/1 333/2/1
f 335/2/1 332/2/1 331/2/1
f 335/2/1 331/2/1 330/2/1
f 336/2/1 332/2/1 335/2/1
f 337/3/1 334/3/1 333/3/1
f 338/3/1 334/3/1 337/3/1
f 339/3/1 336/3/1 335/3/1
f 340/3/1 336/3/1 339/3/1
f 343/2/1 342/2/1 341/2/1
f 344/2/1 342/2/1 343/2/1
f 349/2/1 346/2/1 345/2/1
f 350/2/1 346/2/1 349/2/1
f 351/2/1 348/2/1 347/2/1
f 352/2/1 348/2/1 351/2/1
f 357/2/1 354/2/1 353/2/1
f 358/2/1 354/2/1 357/2/1
f 359/2/1 356/2/1 355/2/1
f 360/2/1 356/2/1 359/2/1
f 365/1/1 362/1/1 361/1/1
f 366/1/1 362/1/1 365/1/1
f 367/1/1 364/1/1 363/1/1
f 368/1/1 364/1/1 367/1/1
f 373/4/1 370/4/1 369/4/1
f 374/4/1 370/4/1 373/4/1
f 377/2/1 372/2/1 371/2/1
f 378/2/1 372/2/1 377/2/1
f 379/2/1 376/2/1 375/2/1
f 380/2/1 376/2/1 379/2/1
f 381/2/1 377/2/1 371/2/1
f 382/3/1 378/3/1 377/3/1
f 382/2/1 377/2/1 381/2/1
f 383/3/1 378/3/1 382/3/1
f 384/3/1 380/3/1 379/3/1
f 385/2/1 376/2/1 380/2/1
f 385/3/1 380/3/1 384/3/1
f 386/2/1 376/2/1 385/2/1
f 393/2/1 388/2/1 387/2/1
f 394/2/1 388/2/1 393/2/1
f 395/2/1 390/2/1 389/2/1
f 396/2/1 390/2/1 395/2/1
f 397/2/1 392/2/1 391/2/1
f 398/2/1 392/2/1 397/2/1
f 403/1/1 400/1/1 399/1/1
f 404/1/1 400/1/1 403/1/1
f 405/1/1 402/1/1 401/1/1
f 406/1/1 402/1/1 405/1/1
f 411/2/1 408/2/1 407/2/1
f 414/2/1 410/2/1 409/2/1
f 415/2/1 412/2/1 411/2/1
f 415/2/1 411/2/1 407/2/1
f 416/2/1 412/2/1 415/2/1
f 417/1/1 403/1/1 399/1/1
f 418/2/1 404/2/1 403/2/1
f 418/1/1 403/1/1 417/1/1
f 419/2/1 406/2/1 405/2/1
f 419/1/1 402/1/1 406/1/1
f 420/1/1 402/1/1 419/1/1
f 421/2/1 414/2/1 413/2/1
f 422/2/1 410/2/1 414/2/1
f 422/2/1 414/2/1 421/2/1
f 424/2/1 418/2/1 417/2/1
f 425/2/1 424/2/1 423/2/1
f 426/2/1 420/2/1 419/2/1
f 428/2/1 424/2/1 425/2/1
f 429/2/1 418/2/1 424/2/1
f 429/2/1 424/2/1 428/2/1
f 430/2/1 427/2/1 426/2/1
f 430/2/1 426/2/1 419/2/1
f 431/2/1 427/2/1 430/2/1
f 436/2/1 433/2/1 432/2/1
f 437/2/1 433/2/1 436/2/1
f 438/2/1 418/2/1 429/2/1
f 439/2/1 404/2/1 418/2/1
f 439/2/1 418/2/1 438/2/1
f 440/2/1 419/2/1 405/2/1
f 440/2/1 430/2/1 419/2/1
f 441/2/1 430/2/1 440/2/1
f 442/2/1 435/2/1 434/2/1
f 443/2/1 435/2/1 442/2/1
f 446/1/1 439/1/1 438/1/1
f 447/2/1 404/2/1 439/2/1
f 447/1/1 439/1/1 446/1/1
f 448/2/1 404/2/1 447/2/1
f 449/2/1 440/2/1 405/2/1
f 450/1/1 441/1/1 440/1/1
f 450/2/1 440/2/1 449/2/1
f 451/1/1 441/1/1 450/1/1
f 454/2/1 445/2/1 444/2/1
f 455/2/1 445/2/1 454/2/1
f 456/2/1 453/2/1 452/2/1
f 457/2/1 453/2/1 456/2/1
f 458/3/1 455/3/1 454/3/1
f 459/3/1 455/3/1 458/3/1
f 460/3/1 457/3/1 456/3/1
f 461/3/1 457/3/1 460/3/1
f 466/2/1 463/2/1 462/2/1
f 467/2/1 463/2/1 466/2/1
f 468/2/1 465/2/1 464/2/1
f 469/2/1 465/2/1 468/2/1
f 474/2/1 471/2/1 470/2/1
f 475/2/1 471/2/1 474/2/1
f 476/2/1 473/2/1 472/2/1
f 477/2/1 473/2/1 476/2/1
f 483/2/1 479/2/1 478/2/1
f 484/4/1 481/4/1 480/4/1
f 487/2/1 483/2/1 482/2/1
f 488/2/1 479/2/1 483/2/1
f 488/2/1 483/2/1 487/2/1
f 489/4/1 484/4/1 480/4/1
f 489/4/1 485/4/1 484/4/1
f 490/2/1 486/2/1 485/2/1
f 490/4/1 485/4/1 489/4/1
f 491/2/1 486/2/1 490/2/1
f 496/2/1 493/2/1 492/2/1
f 498/2/1 495/2/1 494/2/1
f 499/2/1 496/2/1 492/2/1
f 500/2/1 499/2/1 492/2/1
f 501/2/1 499/2/1 500/2/1
f 502/2/1 498/2/1 497/2/1
f 503/2/1 495/2/1 498/2/1
f 503/2/1 498/2/1 502/2/1
f 508/1/1 505/1/1 504/1/1
f 509/1/1 505/1/1 508/1/1
f 510/1/1 507/1/1 506/1/1
f 511/1/1 507/1/1 510/1/1
f 512/1/1 508/1/1 504/1/1
f 513/2/1 509/2/1 508/2/1
f 513/1/1 508/1/1 512/1/1
f 514/1/1 507/1/1 511/1/1
f 514/2/1 511/2/1 510/2/1
f 515/1/1 507/1/1 514/1/1
f 520/4/1 517/4/1 516/4/1
f 521/4/1 517/4/1 520/4/1
f 523/2/1 513/2/1 512/2/1
f 524/2/1 509/2/1 513/2/1
f 524/2/1 513/2/1 523/2/1
f 526/4/1 519/4/1 518/4/1
f 527/4/1 519/4/1 526/4/1
f 528/2/1 522/2/1 521/2/1
f 529/2/1 522/2/1 528/2/1
f 530/2/1 514/2/1 510/2/1
f 530/2/1 515/2/1 514/2/1
f 531/2/1 515/2/1 530/2/1
f 532/2/1 515/2/1 531/2/1
f 533/2/1 526/2/1 525/2/1
f 534/2/1 526/2/1 533/2/1
f 537/2/1 532/2/1 531/2/1
f 538/2/1 532/2/1 537/2/1
f 539/2/1 532/2/1 538/2/1
f 542/2/1 536/2/1 535/2/1
f 543/2/1 536/2/1 542/2/1
f 544/1/1 538/1/1 537/1/1
f 545/1/1 538/1/1 544/1/1
f 546/2/1 541/2/1 540/2/1
f 547/2/1 541/2/1 546/2/1
f 550/2/1 549/2/1 548/2/1
f 551/2/1 549/2/1 550/2/1
f 554/2/1 553/2/1 552/2/1
f 555/2/1 553/2/1 554/2/1
f 560/2/1 557/2/1 556/2/1
f 561/2/1 557/2/1 560/2/1
f 562/2/1 559/2/1 558/2/1
f 563/2/1 559/2/1 562/2/1
f 568/2/1 565/2/1 564/2/1
f 569/2/1 565/2/1 568/2/1
f 570/2/1 567/2/1 566/2/1
f 571/2/1 567/2/1 570/2/1
f 572/2/1 567/2/1 571/2/1
f 577/2/1 574/2/1 573/2/1
f 578/2/1 574/2/1 577/2/1
f 579/2/1 576/2/1 575/2/1
f 580/2/1 576/2/1 579/2/1
f 585/2/1 582/2/1 581/2/1
f 586/2/1 582/2/1 585/2/1
f 587/2/1 584/2/1 583/2/1
f 588/2/1 584/2/1 587/2/1
f 595/2/1 590/2/1 589/2/1
f 596/1/1 591/1/1 590/1/1
f 596/2/1 590/2/1 595/2/1
f 597/2/1 594/2/1 593/2/1
f 597/1/1 593/1/1 592/1/1
f 598/2/1 594/2/1 597/2/1
f 599/1/1 596/1/1 595/1/1
f 600/1/1 591/1/1 596/1/1
f 600/1/1 596/1/1 599/1/1
f 601/1/1 597/1/1 592/1/1
f 601/1/1 598/1/1 597/1/1
f 602/1/1 598/1/1 601/1/1
f 609/1/1 604/1/1 603/1/1
f 610/2/1 605/2/1 604/2/1
f 610/1/1 604/1/1 609/1/1
f 611/2/1 605/2/1 610/2/1
f 612/2/1 607/2/1 606/2/1
f 613/1/1 608/1/1 607/1/1
f 613/2/1 607/2/1 612/2/1
f 614/1/1 608/1/1 613/1/1
f 619/1/1 616/1/1 615/1/1
f 620/1/1 616/1/1 619/1/1
f 621/2/1 618/2/1 617/2/1
f 622/2/1 618/2/1 621/2/1
f 627/2/1 624/2/1 623/2/1
f 628/2/1 624/2/1 627/2/1
f 629/1/1 626/1/1 625/1/1
f 630/1/1 626/1/1 629/1/1
f 633/2/1 632/2/1 631/2/1
f 634/2/1 632/2/1 633/2/1
f 637/2/1 636/2/1 635/2/1
f 638/2/1 636/2/1 637/2/1
f 643/1/1 640/1/1 639/1/1
f 644/1/1 640/1/1 643/1/1
f 645/2/1 642/2/1 641/2/1
f 646/2/1 642/2/1 645/2/1
f 651/1/1 648/1/1 647/1/1
f 652/1/1 648/1/1 651/1/1
f 653/1/1 650/1/1 649/1/1
f 654/1/1 650/1/1 653/1/1
f 661/2/1 656/2/1 655/2/1
f 662/2/1 656/2/1 661/2/1
f 663/4/1 658/4/1 657/4/1
f 664/4/1 658/4/1 663/4/1
f 666/2/1 660/2/1 659/2/1
f 667/1/1 662/1/1 661/1/1
f 667/2/1 660/2/1 666/2/1
f 667/1/1 661/1/1 660/1/1
f 668/1/1 662/1/1 667/1/1
f 669/1/1 665/1/1 664/1/1
f 669/1/1 664/1/1 663/1/1
f 670/1/1 665/1/1 669/1/1
f 677/2/1 673/2/1 672/2/1
f 677/2/1 672/2/1 671/2/1
f 678/2/1 673/2/1 677/2/1
f 679/2/1 676/2/1 675/2/1
f 679/2/1 675/2/1 674/2/1
f 680/2/1 676/2/1 679/2/1
f 681/1/1 678/1/1 677/1/1
f 682/2/1 673/2/1 678/2/1
f 682/1/1 678/1/1 681/1/1
f 683/2/1 673/2/1 682/2/1
f 684/2/1 679/2/1 674/2/1
f 685/1/1 680/1/1 679/1/1
f 685/2/1 679/2/1 684/2/1
f 686/1/1 680/1/1 685/1/1
f 695/1/1 692/1/1 691/1/1
f 696/1/1 692/1/1 695/1/1
f 699/1/1 694/1/1 693/1/1
f 700/1/1 694/1/1 699/1/1
f 701/1/1 697/1/1 696/1/1
f 702/1/1 697/1/1 701/1/1
f 703/1/1 699/1/1 698/1/1
f 704/1/1 699/1/1 703/1/1
f 707/2/1 688/2/1 687/2/1
f 708/2/1 688/2/1 707/2/1
f 711/4/1 706/4/1 705/4/1
f 712/4/1 706/4/1 711/4/1
f 713/2/1 688/2/1 708/2/1
f 714/2/1 688/2/1 713/2/1
f 715/2/1 690/2/1 689/2/1
f 716/2/1 690/2/1 715/2/1
f 717/2/1 690/2/1 716/2/1
f 718/4/1 710/4/1 709/4/1
f 719/4/1 710/4/1 718/4/1
f 720/2/1 688/2/1 714/2/1
f 721/2/1 688/2/1 720/2/1
f 722/2/1 715/2/1 689/2/1
f 723/2/1 715/2/1 722/2/1
f 728/1/1 725/1/1 724/1/1
f 729/1/1 725/1/1 728/1/1
f 730/1/1 727/1/1 726/1/1
f 731/1/1 727/1/1 730/1/1
f 736/2/1 733/2/1 732/2/1
f 737/2/1 735/2/1 734/2/1
f 738/2/1 733/2/1 736/2/1
f 739/2/1 733/2/1 738/2/1
f 740/2/1 737/2/1 734/2/1
f 741/2/1 737/2/1 740/2/1
f 746/2/1 743/2/1 742/2/1
f 747/2/1 743/2/1 746/2/1
f 748/2/1 745/2/1 744/2/1
f 749/2/1 745/2/1 748/2/1
f 752/4/1 751/4/1 750/4/1
f 753/4/1 751/4/1 752/4/1
f 756/1/1 753/1/1 752/1/1
f 757/1/1 753/1/1 756/1/1
f 760/3/1 755/3/1 754/3/1
f 761/3/1 755/3/1 760/3/1
f 762/3/1 759/3/1 758/3/1
f 763/3/1 759/3/1 762/3/1
f 764/2/1 761/2/1 760/2/1
f 765/2/1 761/2/1 764/2/1
f 766/2/1 763/2/1 762/2/1
f 767/2/1 763/2/1 766/2/1
f 772/2/1 769/2/1 768/2/1
f 773/2/1 769/2/1 772/2/1
f 774/2/1 771/2/1 770/2/1
f 775/2/1 771/2/1 774/2/1
f 776/1/1 773/1/1 772/1/1
f 777/2/1 769/2/1 773/2/1
f 777/1/1 773/1/1 776/1/1
f 778/2/1 769/2/1 777/2/1
f 779/2/1 774/2/1 770/2/1
f 780/1/1 775/1/1 774/1/1
f 780/2/1 774/2/1 779/2/1
f 781/1/1 775/1/1 780/1/1
f 790/2/1 783/2/1 782/2/1
f 793/1/1 789/1/1 788/1/1
f 794/2/1 790/2/1 782/2/1
f 795/1/1 791/1/1 790/1/1
f 795/2/1 790/2/1 794/2/1
f 796/1/1 791/1/1 795/1/1
f 797/1/1 793/1/1 792/1/1
f 798/1/1 789/1/1 793/1/1
f 798/1/1 793/1/1 797/1/1
f 801/2/1 800/2/1 799/2/1
f 802/2/1 800/2/1 801/2/1
f 803/2/1 785/2/1 784/2/1
f 804/2/1 785/2/1 803/2/1
f 805/2/1 787/2/1 786/2/1
f 806/2/1 787/2/1 805/2/1
f 809/2/1 808/2/1 807/2/1
f 810/2/1 808/2/1 809/2/1
f 815/3/1 812/3/1 811/3/1
f 816/3/1 812/3/1 815/3/1
f 817/3/1 814/3/1 813/3/1
f 818/3/1 814/3/1 817/3/1
f 823/1/1 820/1/1 819/1/1
f 824/1/1 820/1/1 823/1/1
f 825/1/1 822/1/1 821/1/1
f 826/1/1 822/1/1 825/1/1
f 830/1/1 828/1/1 827/1/1
f 831/2/1 829/2/1 828/2/1
f 831/1/1 828/1/1 830/1/1
f 832/2/1 829/2/1 831/2/1
f 837/3/1 834/3/1 833/3/1
f 838/3/1 834/3/1 837/3/1
f 839/3/1 836/3/1 835/3/1
f 840/3/1 836/3/1 839/3/1
f 844/2/1 842/2/1 841/2/1
f 845/2/1 842/2/1 844/2/1
f 846/2/1 842/2/1 845/2/1
f 847/2/1 842/2/1 846/2/1
f 848/2/1 842/2/1 847/2/1
f 850/2/1 844/2/1 843/2/1
f 850/2/1 845/2/1 844/2/1
f 851/4/1 846/4/1 845/4/1
f 851/2/1 845/2/1 850/2/1
f 852/2/1 847/2/1 846/2/1
f 852/4/1 846/4/1 851/4/1
f 853/1/1 848/1/1 847/1/1
f 853/2/1 847/2/1 852/2/1
f 854/1/1 848/1/1 853/1/1
f 855/1/1 848/1/1 854/1/1
f 856/2/1 842/2/1 848/2/1
f 856/1/1 848/1/1 855/1/1
f 857/2/1 842/2/1 856/2/1
f 860/3/1 850/3/1 849/3/1
f 860/3/1 851/3/1 850/3/1
f 861/4/1 852/4/1 851/4/1
f 861/3/1 851/3/1 860/3/1
f 862/3/1 853/3/1 852/3/1
f 862/4/1 852/4/1 861/4/1
f 862/3/1 854/3/1 853/3/1
f 863/3/1 854/3/1 862/3/1
f 864/3/1 858/3/1 857/3/1
f 864/3/1 857/3/1 856/3/1
f 864/3/1 856/3/1 855/3/1
f 865/3/1 858/3/1 864/3/1
f 868/2/1 860/2/1 859/2/1
f 869/1/1 861/1/1 860/1/1
f 869/2/1 860/2/1 868/2/1
f 870/4/1 862/4/1 861/4/1
f 870/1/1 861/1/1 869/1/1
f 871/1/1 863/1/1 862/1/1
f 871/4/1 862/4/1 870/4/1
f 872/1/1 863/1/1 871/1/1
f 873/1/1 865/1/1 864/1/1
f 874/2/1 866/2/1 865/2/1
f 874/1/1 865/1/1 873/1/1
f 875/2/1 866/2/1 874/2/1
f 878/1/1 876/1/1 875/1/1
f 879/2/1 877/2/1 876/2/1
f 879/1/1 876/1/1 878/1/1
f 880/2/1 868/2/1 867/2/1
f 881/2/1 868/2/1 880/2/1
f 882/2/1 879/2/1 878/2/1
f 883/2/1 877/2/1 879/2/1
f 883/2/1 879/2/1 882/2/1
f 888/2/1 885/2/1 884/2/1
f 889/2/1 887/2/1 886/2/1
f 890/2/1 885/2/1 888/2/1
f 891/2/1 889/2/1 886/2/1
f 892/2/1 885/2/1 890/2/1
f 893/2/1 885/2/1 892/2/1
f 894/2/1 891/2/1 886/2/1
f 895/2/1 891/2/1 894/2/1
f 896/2/1 892/2/1 890/2/1
f 897/2/1 891/2/1 895/2/1
f 898/2/1 892/2/1 896/2/1
f 899/1/1 893/1/1 892/1/1
f 899/2/1 892/2/1 898/2/1
f 900/1/1 893/1/1 899/1/1
f 903/1/1 895/1/1 894/1/1
f 904/2/1 897/2/1 895/2/1
f 904/1/1 895/1/1 903/1/1
f 905/2/1 897/2/1 904/2/1
f 910/2/1 907/2/1 906/2/1
f 911/2/1 907/2/1 910/2/1
f 914/2/1 909/2/1 908/2/1
f 915/2/1 909/2/1 914/2/1
f 916/2/1 912/2/1 911/2/1
f 917/2/1 912/2/1 916/2/1
f 922/1/1 914/1/1 913/1/1
f 923/1/1 914/1/1 922/1/1
f 924/1/1 919/1/1 918/1/1
f 925/1/1 919/1/1 924/1/1
f 928/1/1 921/1/1 920/1/1
f 929/1/1 921/1/1 928/1/1
f 930/2/1 926/2/1 925/2/1
f 930/2/1 925/2/1 924/2/1
f 931/2/1 926/2/1 930/2/1
f 932/2/1 926/2/1 931/2/1
f 933/2/1 926/2/1 932/2/1
f 934/1/1 928/1/1 927/1/1
f 935/4/1 929/4/1 928/4/1
f 935/1/1 928/1/1 934/1/1
f 936/4/1 929/4/1 935/4/1
f 937/1/1 932/1/1 931/1/1
f 938/1/1 932/1/1 937/1/1
f 939/2/1 902/2/1 901/2/1
f 940/2/1 902/2/1 939/2/1
f 941/1/1 936/1/1 935/1/1
f 942/1/1 936/1/1 941/1/1
f 947/2/1 944/2/1 943/2/1
f 948/2/1 944/2/1 947/2/1
f 951/2/1 946/2/1 945/2/1
f 952/2/1 946/2/1 951/2/1
f 953/2/1 949/2/1 948/2/1
f 954/2/1 949/2/1 953/2/1
f 957/1/1 951/1/1 950/1/1
f 958/1/1 951/1/1 957/1/1
f 959/2/1 955/2/1 954/2/1
f 960/2/1 955/2/1 959/2/1
f 965/1/1 957/1/1 956/1/1
f 966/1/1 957/1/1 965/1/1
f 967/1/1 957/1/1 966/1/1
f 968/1/1 962/1/1 961/1/1
f 969/1/1 962/1/1 968/1/1
f 970/1/1 964/1/1 963/1/1
f 971/1/1 964/1/1 970/1/1
f 974/3/1 973/3/1 972/3/1
f 975/3/1 973/3/1 974/3/1
f 979/3/1 977/3/1 976/3/1
f 980/4/1 978/4/1 977/4/1
f 980/3/1 977/3/1 979/3/1
f 981/4/1 978/4/1 980/4/1
f 986/2/1 980/2/1 979/2/1
f 987/4/1 981/4/1 980/4/1
f 987/2/1 980/2/1 986/2/1
f 988/4/1 981/4/1 987/4/1
f 991/2/1 985/2/1 984/2/1
f 991/2/1 990/2/1 989/2/1
f 991/2/1 989/2/1 988/2/1
f 991/2/1 987/2/1 986/2/1
f 991/2/1 986/2/1 985/2/1
f 991/2/1 984/2/1 983/2/1
f 991/2/1 983/2/1 982/2/1
f 991/2/1 988/2/1 987/2/1
f 992/2/1 990/2/1 991/2/1
f 993/2/1 990/2/1 992/2/1
f 994/2/1 990/2/1 993/2/1
f 995/2/1 993/2/1 992/2/1
f 995/4/1 994/4/1 993/4/1
f 996/2/1 990/2/1 994/2/1
f 996/4/1 994/4/1 995/4/1
f 998/2/1 991/2/1 982/2/1
f 999/4/1 992/4/1 991/4/1
f 999/2/1 991/2/1 998/2/1
f 1000/2/1 995/2/1 992/2/1
f 1000/4/1 992/4/1 999/4/1
f 1000/2/1 996/2/1 995/2/1
f 1001/2/1 990/2/1 996/2/1
f 1001/2/1 996/2/1 1000/2/1
f 1002/2/1 990/2/1 1001/2/1
f 1004/2/1 1000/2/1 999/2/1
f 1004/2/1 998/2/1 997/2/1
f 1004/2/1 999/2/1 998/2/1
f 1005/2/1 1000/2/1 1004/2/1
f 1006/2/1 1003/2/1 1002/2/1
f 1006/2/1 1002/2/1 1001/2/1
f 1007/2/1 1003/2/1 1006/2/1
f 1008/2/1 1004/2/1 997/2/1
f 1011/2/1 1003/2/1 1007/2/1
f 1012/2/1 1009/2/1 1008/2/1
f 1015/2/1 1011/2/1 1010/2/1
f 1016/2/1 1011/2/1 1015/2/1
f 1017/2/1 1013/2/1 1012/2/1
f 1020/2/1 1015/2/1 1014/2/1
f 1021/1/1 1016/1/1 1015/1/1
f 1021/2/1 1015/2/1 1020/2/1
f 1022/2/1 1011/2/1 1016/2/1
f 1022/1/1 1016/1/1 1021/1/1
f 1023/2/1 1008/2/1 997/2/1
f 1023/2/1 1012/2/1 1008/2/1
f 1023/2/1 1018/2/1 1017/2/1
f 1023/2/1 1017/2/1 1012/2/1
f 1024/2/1 1018/2/1 1023/2/1
f 1025/2/1 1018/2/1 1024/2/1
f 1026/2/1 1018/2/1 1025/2/1
f 1029/2/1 1021/2/1 1020/2/1
f 1029/2/1 1022/2/1 1021/2/1
f 1029/2/1 1020/2/1 1019/2/1
f 1030/2/1 1022/2/1 1029/2/1
f 1031/2/1 1011/2/1 1022/2/1
f 1031/2/1 1022/2/1 1030/2/1
f 1031/2/1 1003/2/1 1011/2/1
f 1032/2/1 1003/2/1 1031/2/1
f 1033/2/1 1025/2/1 1024/2/1
f 1034/2/1 1025/2/1 1033/2/1
f 1035/1/1 1026/1/1 1025/1/1
f 1035/2/1 1025/2/1 1034/2/1
f 1036/2/1 1027/2/1 1026/2/1
f 1036/1/1 1026/1/1 1035/1/1
f 1037/2/1 1027/2/1 1036/2/1
f 1038/2/1 1029/2/1 1028/2/1
f 1039/1/1 1030/1/1 1029/1/1
f 1039/2/1 1029/2/1 1038/2/1
f 1040/2/1 1031/2/1 1030/2/1
f 1040/1/1 1030/1/1 1039/1/1
f 1041/2/1 1031/2/1 1040/2/1
f 1042/2/1 1031/2/1 1041/2/1
f 1043/2/1 1035/2/1 1034/2/1
f 1043/2/1 1038/2/1 1037/2/1
f 1043/2/1 1037/2/1 1036/2/1
f 1043/2/1 1036/2/1 1035/2/1
f 1044/2/1 1038/2/1 1043/2/1
f 1045/1/1 1039/1/1 1038/1/1
f 1045/2/1 1038/2/1 1044/2/1
f 1046/2/1 1041/2/1 1040/2/1
f 1046/1/1 1039/1/1 1045/1/1
f 1046/2/1 1040/2/1 1039/2/1
f 1047/2/1 1041/2/1 1046/2/1
f 1048/2/1 1041/2/1 1047/2/1
f 1049/2/1 1045/2/1 1044/2/1
f 1049/2/1 1047/2/1 1046/2/1
f 1049/2/1 1046/2/1 1045/2/1
f 1050/2/1 1047/2/1 1049/2/1
f 1051/2/1 1047/2/1 1050/2/1
f 1052/2/1 1047/2/1 1051/2/1
f 1057/2/1 1054/2/1 1053/2/1
f 1058/2/1 1054/2/1 1057/2/1
f 1059/2/1 1056/2/1 1055/2/1
f 1060/2/1 1056/2/1 1059/2/1
f 1065/2/1 1062/2/1 1061/2/1
f 1066/2/1 1062/2/1 1065/2/1
f 1069/2/1 1064/2/1 1063/2/1
f 1070/2/1 1064/2/1 1069/2/1
f 1071/2/1 1067/2/1 1066/2/1
f 1072/2/1 1067/2/1 1071/2/1
f 1073/2/1 1069/2/1 1068/2/1
f 1074/2/1 1069/2/1 1073/2/1
f 1077/2/1 1076/2/1 1075/2/1
f 1078/2/1 1076/2/1 1077/2/1
f 1080/2/1 1077/2/1 1075/2/1
f 1081/4/1 1078/4/1 1077/4/1
f 1081/2/1 1077/2/1 1080/2/1
f 1082/2/1 1076/2/1 1078/2/1
f 1082/4/1 1078/4/1 1081/4/1
f 1083/2/1 1076/2/1 1082/2/1
f 1085/2/1 1081/2/1 1080/2/1
f 1085/2/1 1084/2/1 1083/2/1
f 1085/2/1 1083/2/1 1082/2/1
f 1085/2/1 1082/2/1 1081/2/1
f 1085/2/1 1080/2/1 1079/2/1
f 1086/2/1 1084/2/1 1085/2/1
f 1087/2/1 1085/2/1 1079/2/1
f 1087/4/1 1086/4/1 1085/4/1
f 1088/2/1 1084/2/1 1086/2/1
f 1088/4/1 1086/4/1 1087/4/1
f 1089/2/1 1088/2/1 1087/2/1
f 1089/2/1 1084/2/1 1088/2/1
f 1090/2/1 1084/2/1 1089/2/1
f 1091/2/1 1084/2/1 1090/2/1
f 1092/2/1 1084/2/1 1091/2/1
f 1093/2/1 1084/2/1 1092/2/1
f 1094/2/1 1084/2/1 1093/2/1
f 1095/2/1 1087/2/1 1079/2/1
f 1095/2/1 1089/2/1 1087/2/1
f 1096/2/1 1089/2/1 1095/2/1
f 1097/2/1 1089/2/1 1096/2/1
f 1098/2/1 1089/2/1 1097/2/1
f 1099/4/1 1090/4/1 1089/4/1
f 1099/2/1 1089/2/1 1098/2/1
f 1100/2/1 1091/2/1 1090/2/1
f 1100/4/1 1090/4/1 1099/4/1
f 1101/2/1 1091/2/1 1100/2/1
f 1102/2/1 1091/2/1 1101/2/1
f 1103/4/1 1092/4/1 1091/4/1
f 1103/2/1 1091/2/1 1102/2/1
f 1104/2/1 1093/2/1 1092/2/1
f 1104/4/1 1092/4/1 1103/4/1
f 1105/4/1 1096/4/1 1095/4/1
f 1106/2/1 1097/2/1 1096/2/1
f 1106/4/1 1096/4/1 1105/4/1
f 1107/2/1 1097/2/1 1106/2/1
f 1108/4/1 1098/4/1 1097/4/1
f 1108/2/1 1097/2/1 1107/2/1
f 1109/2/1 1099/2/1 1098/2/1
f 1109/4/1 1102/4/1 1101/4/1
f 1109/2/1 1100/2/1 1099/2/1
f 1109/2/1 1101/2/1 1100/2/1
f 1110/2/1 1103/2/1 1102/2/1
f 1110/4/1 1102/4/1 1109/4/1
f 1110/2/1 1104/2/1 1103/2/1
f 1111/4/1 1094/4/1 1093/4/1
f 1111/2/1 1104/2/1 1110/2/1
f 1111/2/1 1093/2/1 1104/2/1
f 1112/4/1 1094/4/1 1111/4/1
f 1113/2/1 1107/2/1 1106/2/1
f 1113/4/1 1108/4/1 1107/4/1
f 1113/2/1 1106/2/1 1105/2/1
f 1114/2/1 1110/2/1 1109/2/1
f 1114/4/1 1108/4/1 1113/4/1
f 1114/4/1 1098/4/1 1108/4/1
f 1114/2/1 1112/2/1 1111/2/1
f 1114/2/1 1111/2/1 1110/2/1
f 1114/2/1 1109/2/1 1098/2/1
f 1115/2/1 1113/2/1 1105/2/1
f 1115/2/1 1114/2/1 1113/2/1
f 1116/2/1 1114/2/1 1115/2/1
f 1117/2/1 1112/2/1 1114/2/1
f 1117/2/1 1114/2/1 1116/2/1
f 1118/2/1 1112/2/1 1117/2/1
f 1119/2/1 1112/2/1 1118/2/1
f 1120/2/1 1112/2/1 1119/2/1
f 1121/2/1 1117/2/1 1116/2/1
f 1121/4/1 1118/4/1 1117/4/1
f 1122/2/1 1119/2/1 1118/2/1
f 1122/4/1 1118/4/1 1121/4/1
f 1123/2/1 1121/2/1 1116/2/1
f 1123/2/1 1122/2/1 1121/2/1
f 1124/2/1 1122/2/1 1123/2/1
f 1125/2/1 1119/2/1 1122/2/1
f 1125/2/1 1122/2/1 1124/2/1
f 1126/2/1 1119/2/1 1125/2/1
f 1127/2/1 1119/2/1 1126/2/1
f 1128/2/1 1119/2/1 1127/2/1
f 1129/2/1 1125/2/1 1124/2/1
f 1130/2/1 1125/2/1 1129/2/1
f 1131/4/1 1126/4/1 1125/4/1
f 1131/2/1 1125/2/1 1130/2/1
f 1132/2/1 1127/2/1 1126/2/1
f 1132/4/1 1126/4/1 1131/4/1
f 1133/2/1 1127/2/1 1132/2/1
f 1134/2/1 1127/2/1 1133/2/1
f 1135/2/1 1131/2/1 1130/2/1
f 1135/2/1 1133/2/1 1132/2/1
f 1135/2/1 1132/2/1 1131/2/1
f 1136/2/1 1133/2/1 1135/2/1
f 1137/2/2 1138/2/2 1139/2/2
f 1139/2/2 1138/2/2 1140/2/2
f 1137/2/2 1139/2/2 1142/2/2
f 1139/4/2 1140/4/2 1143/4/2
f 1142/2/2 1139/2/2 1143/2/2
f 1140/2/2 1138/2/2 1144/2/2
f 1143/4/2 1140/4/2 1144/4/2
f 1144/2/2 1138/2/2 1145/2/2
f 1142/2/2 1143/2/2 1147/2/2
f 1145/2/2 1146/2/2 1147/2/2
f 1144/2/2 1145/2/2 1147/2/2
f 1143/2/2 1144/2/2 1147/2/2
f 1141/2/2 1142/2/2 1147/2/2
f 1147/2/2 1146/2/2 1148/2/2
f 1141/2/2 1147/2/2 1149/2/2
f 1147/4/2 1148/4/2 1149/4/2
f 1148/2/2 1146/2/2 1150/2/2
f 1149/4/2 1148/4/2 1150/4/2
f 1149/2/2 1150/2/2 1151/2/2
f 1150/2/2 1146/2/2 1151/2/2
f 1151/2/2 1146/2/2 1152/2/2
f 1152/2/2 1146/2/2 1153/2/2
f 1153/2/2 1146/2/2 1154/2/2
f 1154/2/2 1146/2/2 1155/2/2
f 1155/2/2 1146/2/2 1156/2/2
f 1141/2/2 1149/2/2 1157/2/2
f 1149/2/2 1151/2/2 1157/2/2
f 1157/2/2 1151/2/2 1158/2/2
f 1158/2/2 1151/2/2 1159/2/2
f 1159/2/2 1151/2/2 1160/2/2
f 1151/4/2 1152/4/2 1161/4/2
f 1160/2/2 1151/2/2 1161/2/2
f 1152/2/2 1153/2/2 1162/2/2
f 1161/4/2 1152/4/2 1162/4/2
f 1162/2/2 1153/2/2 1163/2/2
f 1163/2/2 1153/2/2 1164/2/2
f 1153/4/2 1154/4/2 1165/4/2
f 1164/2/2 1153/2/2 1165/2/2
f 1154/2/2 1155/2/2 1166/2/2
f 1165/4/2 1154/4/2 1166/4/2
f 1157/4/2 1158/4/2 1167/4/2
f 1158/2/2 1159/2/2 1168/2/2
f 1167/4/2 1158/4/2 1168/4/2
f 1168/2/2 1159/2/2 1169/2/2
f 1159/4/2 1160/4/2 1170/4/2
f 1169/2/2 1159/2/2 1170/2/2
f 1160/2/2 1161/2/2 1171/2/2
f 1163/4/2 1164/4/2 1171/4/2
f 1161/2/2 1162/2/2 1171/2/2
f 1162/2/2 1163/2/2 1171/2/2
f 1164/2/2 1165/2/2 1172/2/2
f 1171/4/2 1164/4/2 1172/4/2
f 1165/2/2 1166/2/2 1172/2/2
f 1155/4/2 1156/4/2 1173/4/2
f 1172/2/2 1166/2/2 1173/2/2
f 1166/2/2 1155/2/2 1173/2/2
f 1173/4/2 1156/4/2 1174/4/2
f 1168/2/2 1169/2/2 1175/2/2
f 1169/4/2 1170/4/2 1175/4/2
f 1167/2/2 1168/2/2 1175/2/2
f 1171/2/2 1172/2/2 1176/2/2
f 1175/4/2 1170/4/2 1176/4/2
f 1170/4/2 1160/4/2 1176/4/2
f 1173/2/2 1174/2/2 1176/2/2
f 1172/2/2 1173/2/2 1176/2/2
f 1160/2/2 1171/2/2 1176/2/2
f 1167/2/2 1175/2/2 1177/2/2
f 1175/2/2 1176/2/2 1177/2/2
f 1177/2/2 1176/2/2 1178/2/2
f 1176/2/2 1174/2/2 1179/2/2
f 1178/2/2 1176/2/2 1179/2/2
f 1179/2/2 1174/2/2 1180/2/2
f 1180/2/2 1174/2/2 1181/2/2
f 1181/2/2 1174/2/2 1182/2/2
f 1178/2/2 1179/2/2 1183/2/2
f 1179/4/2 1180/4/2 1183/4/2
f 1180/2/2 1181/2/2 1184/2/2
f 1183/4/2 1180/4/2 1184/4/2
f 1178/2/2 1183/2/2 1185/2/2
f 1183/2/2 1184/2/2 1185/2/2
f 1185/2/2 1184/2/2 1186/2/2
f 1184/2/2 1181/2/2 1187/2/2
f 1186/2/2 1184/2/2 1187/2/2
f 1187/2/2 1181/2/2 1188/2/2
f 1188/2/2 1181/2/2 1189/2/2
f 1189/2/2 1181/2/2 1190/2/2
f 1186/2/2 1187/2/2 1191/2/2
f 1191/2/2 1187/2/2 1192/2/2
f 1187/4/2 1188/4/2 1193/4/2
f 1192/2/2 1187/2/2 1193/2/2
f 1188/2/2 1189/2/2 1194/2/2
f 1193/4/2 1188/4/2 1194/4/2
f 1194/2/2 1189/2/2 1195/2/2
f 1195/2/2 1189/2/2 1196/2/2
f 1192/2/2 1193/2/2 1197/2/2
f 1194/2/2 1195/2/2 1197/2/2
f 1193/2/2 1194/2/2 1197/2/2
f 1197/2/2 1195/2/2 1198/2/2
f 1199/2/2 1200/2/2 1203/2/2
f 1203/2/2 1200/2/2 1204/2/2
f 1201/2/2 1202/2/2 1205/2/2
f 1205/2/2 1202/2/2 1206/2/2
f 1207/2/2 1208/2/2 1211/2/2
f 1211/2/2 1208/2/2 1212/2/2
f 1209/2/2 1210/2/2 1215/2/2
f 1215/2/2 1210/2/2 1216/2/2
f 1212/2/2 1213/2/2 1217/2/2
f 1217/2/2 1213/2/2 1218/2/2
f 1214/2/2 1215/2/2 1219/2/2
f 1219/2/2 1215/2/2 1220/2/2
f 1221/3/2 1222/3/2 1224/3/2
f 1222/4/2 1223/4/2 1225/4/2
f 1224/3/2 1222/3/2 1225/3/2
f 1225/4/2 1223/4/2 1226/4/2
f 1224/2/2 1225/2/2 1230/2/2
f 1225/4/2 1226/4/2 1231/4/2
f 1230/2/2 1225/2/2 1231/2/2
f 1231/4/2 1226/4/2 1232/4/2
f 1228/2/2 1229/2/2 1234/2/2
f 1232/2/2 1233/2/2 1234/2/2
f 1230/2/2 1231/2/2 1234/2/2
f 1229/2/2 1230/2/2 1234/2/2
f 1227/2/2 1228/2/2 1234/2/2
f 1231/2/2 1232/2/2 1234/2/2
f 1234/2/2 1233/2/2 1235/2/2
f 1235/2/2 1233/2/2 1236/2/2
f 1236/2/2 1233/2/2 1237/2/2
f 1235/2/2 1236/2/2 1238/2/2
f 1236/4/2 1237/4/2 1238/4/2
f 1237/2/2 1233/2/2 1239/2/2
f 1238/4/2 1237/4/2 1239/4/2
f 1227/2/2 1234/2/2 1241/2/2
f 1234/4/2 1235/4/2 1242/4/2
f 1241/2/2 1234/2/2 1242/2/2
f 1242/4/2 1235/4/2 1243/4/2
f 1235/2/2 1238/2/2 1244/2/2
f 1243/4/2 1235/4/2 1244/4/2
f 1238/2/2 1239/2/2 1244/2/2
f 1239/2/2 1233/2/2 1245/2/2
f 1244/2/2 1239/2/2 1245/2/2
f 1245/2/2 1233/2/2 1246/2/2
f 1246/2/2 1233/2/2 1247/2/2
f 1240/2/2 1241/2/2 1249/2/2
f 1242/2/2 1243/2/2 1249/2/2
f 1241/2/2 1242/2/2 1249/2/2
f 1243/1/2 1244/1/2 1250/1/2
f 1249/2/2 1243/2/2 1250/2/2
f 1247/2/2 1248/2/2 1251/2/2
f 1246/2/2 1247/2/2 1251/2/2
f 1245/1/2 1246/1/2 1251/1/2
f 1251/2/2 1248/2/2 1252/2/2
f 1240/2/2 1249/2/2 1253/2/2
f 1249/1/2 1250/1/2 1254/1/2
f 1253/2/2 1249/2/2 1254/2/2
f 1250/1/2 1244/1/2 1255/1/2
f 1254/1/2 1250/1/2 1255/1/2
f 1245/1/2 1251/1/2 1256/1/2
f 1251/1/2 1252/1/2 1256/1/2
f 1256/1/2 1252/1/2 1257/1/2
f 1240/2/2 1253/2/2 1258/2/2
f 1257/1/2 1252/1/2 1262/1/2
f 1259/1/2 1260/1/2 1263/1/2
f 1261/1/2 1262/1/2 1266/1/2
f 1266/1/2 1262/1/2 1267/1/2
f 1252/2/2 1248/2/2 1268/2/2
f 1267/1/2 1262/1/2 1268/1/2
f 1262/1/2 1252/1/2 1268/1/2
f 1263/1/2 1264/1/2 1269/1/2
f 1258/2/2 1259/2/2 1269/2/2
f 1259/1/2 1263/1/2 1269/1/2
f 1269/1/2 1264/1/2 1270/1/2
f 1270/1/2 1264/1/2 1271/1/2
f 1266/1/2 1267/1/2 1274/1/2
f 1265/1/2 1266/1/2 1274/1/2
f 1274/1/2 1267/1/2 1275/1/2
f 1267/2/2 1268/2/2 1276/2/2
f 1275/1/2 1267/1/2 1276/1/2
f 1240/2/2 1258/2/2 1277/2/2
f 1258/2/2 1269/2/2 1277/2/2
f 1269/2/2 1270/2/2 1277/2/2
f 1277/2/2 1270/2/2 1278/2/2
f 1271/1/2 1272/1/2 1279/1/2
f 1278/2/2 1270/2/2 1279/2/2
f 1270/1/2 1271/1/2 1279/1/2
f 1279/1/2 1272/1/2 1280/1/2
f 1280/1/2 1272/1/2 1281/1/2
f 1274/1/2 1275/1/2 1284/1/2
f 1273/1/2 1274/1/2 1284/1/2
f 1284/1/2 1275/1/2 1285/1/2
f 1275/2/2 1276/2/2 1286/2/2
f 1285/1/2 1275/1/2 1286/1/2
f 1268/2/2 1248/2/2 1287/2/2
f 1286/2/2 1276/2/2 1287/2/2
f 1276/2/2 1268/2/2 1287/2/2
f 1287/2/2 1248/2/2 1288/2/2
f 1278/2/2 1279/2/2 1289/2/2
f 1279/2/2 1280/2/2 1289/2/2
f 1289/2/2 1280/2/2 1290/2/2
f 1281/1/2 1282/1/2 1291/1/2
f 1290/2/2 1280/2/2 1291/2/2
f 1280/1/2 1281/1/2 1291/1/2
f 1291/1/2 1282/1/2 1292/1/2
f 1292/1/2 1282/1/2 1293/1/2
f 1283/1/2 1284/1/2 1294/1/2
f 1284/1/2 1285/1/2 1294/1/2
f 1294/1/2 1285/1/2 1295/1/2
f 1285/2/2 1286/2/2 1296/2/2
f 1295/1/2 1285/1/2 1296/1/2
f 1286/2/2 1287/2/2 1296/2/2
f 1296/2/2 1287/2/2 1297/2/2
f 1297/2/2 1287/2/2 1298/2/2
f 1291/2/2 1292/2/2 1299/2/2
f 1290/2/2 1291/2/2 1299/2/2
f 1299/2/2 1292/2/2 1300/2/2
f 1294/1/2 1295/1/2 1301/1/2
f 1300/2/2 1292/2/2 1301/2/2
f 1292/1/2 1293/1/2 1301/1/2
f 1293/1/2 1294/1/2 1301/1/2
f 1296/2/2 1297/2/2 1302/2/2
f 1301/1/2 1295/1/2 1302/1/2
f 1295/2/2 1296/2/2 1302/2/2
f 1302/2/2 1297/2/2 1303/2/2
f 1303/2/2 1297/2/2 1304/2/2
f 1300/2/2 1301/2/2 1305/2/2
f 1302/2/2 1303/2/2 1305/2/2
f 1301/2/2 1302/2/2 1305/2/2
f 1305/2/2 1303/2/2 1306/2/2
f 1307/2/2 1308/2/2 1311/2/2
f 1311/2/2 1308/2/2 1312/2/2
f 1309/2/2 1310/2/2 1315/2/2
f 1315/2/2 1310/2/2 1316/2/2
f 1312/2/2 1313/2/2 1317/2/2
f 1317/2/2 1313/2/2 1318/2/2
f 1314/2/2 1315/2/2 1321/2/2
f 1321/2/2 1315/2/2 1322/2/2
f 1318/2/2 1319/2/2 1323/2/2
f 1323/2/2 1319/2/2 1324/2/2
f 1320/2/2 1321/2/2 1329/2/2
f 1329/2/2 1321/2/2 1330/2/2
f 1325/2/2 1326/2/2 1331/2/2
f 1331/2/2 1326/2/2 1332/2/2
f 1327/2/2 1328/2/2 1333/2/2
f 1333/2/2 1328/2/2 1334/2/2
f 1335/3/2 1336/3/2 1337/3/2
f 1337/3/2 1336/3/2 1338/3/2
f 1339/2/2 1340/2/2 1342/2/2
f 1342/2/2 1340/2/2 1343/2/2
f 1343/2/2 1340/2/2 1344/2/2
f 1341/2/2 1342/2/2 1346/2/2
f 1342/2/2 1343/2/2 1346/2/2
f 1343/4/2 1344/4/2 1347/4/2
f 1346/2/2 1343/2/2 1347/2/2
f 1344/2/2 1340/2/2 1348/2/2
f 1347/4/2 1344/4/2 1348/4/2
f 1348/2/2 1340/2/2 1349/2/2
f 1349/2/2 1340/2/2 1350/2/2
f 1350/2/2 1340/2/2 1351/2/2
f 1346/3/2 1347/3/2 1354/3/2
f 1345/3/2 1346/3/2 1354/3/2
f 1347/4/2 1348/4/2 1355/4/2
f 1354/3/2 1347/3/2 1355/3/2
f 1348/3/2 1349/3/2 1356/3/2
f 1355/4/2 1348/4/2 1356/4/2
f 1356/3/2 1349/3/2 1357/3/2
f 1350/3/2 1351/3/2 1358/3/2
f 1351/3/2 1352/3/2 1358/3/2
f 1358/3/2 1352/3/2 1359/3/2
f 1353/2/2 1354/2/2 1362/2/2
f 1354/2/2 1355/2/2 1362/2/2
f 1355/4/2 1356/4/2 1363/4/2
f 1362/2/2 1355/2/2 1363/2/2
f 1356/2/2 1357/2/2 1364/2/2
f 1363/4/2 1356/4/2 1364/4/2
f 1364/2/2 1357/2/2 1365/2/2
f 1359/2/2 1360/2/2 1366/2/2
f 1358/2/2 1359/2/2 1366/2/2
f 1366/2/2 1360/2/2 1367/2/2
f 1361/2/2 1362/2/2 1369/2/2
f 1369/2/2 1362/2/2 1370/2/2
f 1367/2/2 1368/2/2 1371/2/2
f 1371/2/2 1368/2/2 1372/2/2
f 1373/2/2 1374/2/2 1377/2/2
f 1377/2/2 1374/2/2 1378/2/2
f 1375/2/2 1376/2/2 1379/2/2
f 1379/2/2 1376/2/2 1380/2/2
f 1373/2/2 1377/2/2 1381/2/2
f 1380/2/2 1376/2/2 1382/2/2
f 1381/2/2 1377/2/2 1383/2/2
f 1380/2/2 1382/2/2 1384/2/2
f 1383/2/2 1377/2/2 1385/2/2
f 1380/2/2 1384/2/2 1386/2/2
f 1385/2/2 1377/2/2 1387/2/2
f 1377/1/2 1378/1/2 1388/1/2
f 1387/2/2 1377/2/2 1388/2/2
f 1388/1/2 1378/1/2 1389/1/2
f 1379/1/2 1380/1/2 1392/1/2
f 1380/2/2 1386/2/2 1393/2/2
f 1392/1/2 1380/1/2 1393/1/2
f 1393/2/2 1386/2/2 1394/2/2
f 1395/2/2 1396/2/2 1399/2/2
f 1399/2/2 1396/2/2 1400/2/2
f 1397/2/2 1398/2/2 1403/2/2
f 1403/2/2 1398/2/2 1404/2/2
f 1400/2/2 1401/2/2 1405/2/2
f 1405/2/2 1401/2/2 1406/2/2
f 1402/2/2 1403/2/2 1411/2/2
f 1411/2/2 1403/2/2 1412/2/2
f 1407/2/2 1408/2/2 1413/2/2
f 1409/2/2 1410/2/2 1416/2/2
f 1416/2/2 1410/2/2 1417/2/2
f 1413/2/2 1414/2/2 1418/2/2
f 1407/2/2 1413/2/2 1418/2/2
f 1418/2/2 1414/2/2 1419/2/2
f 1419/2/2 1414/2/2 1420/2/2
f 1420/2/2 1414/2/2 1421/2/2
f 1415/2/2 1416/2/2 1422/2/2
f 1416/4/2 1417/4/2 1423/4/2
f 1422/2/2 1416/2/2 1423/2/2
f 1423/4/2 1417/4/2 1424/4/2
f 1419/1/2 1420/1/2 1425/1/2
f 1425/1/2 1420/1/2 1426/1/2
f 1390/2/2 1391/2/2 1427/2/2
f 1427/2/2 1391/2/2 1428/2/2
f 1423/1/2 1424/1/2 1429/1/2
f 1429/1/2 1424/1/2 1430/1/2
f 1431/2/2 1432/2/2 1433/2/2
f 1433/2/2 1432/2/2 1434/2/2
f 1435/3/2 1436/3/2 1439/3/2
f 1439/3/2 1436/3/2 1440/3/2
f 1437/3/2 1438/3/2 1441/3/2
f 1441/3/2 1438/3/2 1442/3/2
f 1443/1/2 1444/1/2 1447/1/2
f 1447/1/2 1444/1/2 1448/1/2
f 1445/1/2 1446/1/2 1449/1/2
f 1449/1/2 1446/1/2 1450/1/2
f 1451/3/2 1452/3/2 1455/3/2
f 1455/3/2 1452/3/2 1456/3/2
f 1453/3/2 1454/3/2 1457/3/2
f 1457/3/2 1454/3/2 1458/3/2
f 1459/4/2 1460/4/2 1461/4/2
f 1461/4/2 1460/4/2 1462/4/2
f 1461/1/2 1462/1/2 1465/1/2
f 1465/1/2 1462/1/2 1466/1/2
f 1463/3/2 1464/3/2 1469/3/2
f 1469/3/2 1464/3/2 1470/3/2
f 1467/3/2 1468/3/2 1471/3/2
f 1471/3/2 1468/3/2 1472/3/2
f 1469/2/2 1470/2/2 1473/2/2
f 1473/2/2 1470/2/2 1474/2/2
f 1475/2/2 1476/2/2 1477/2/2
f 1477/2/2 1476/2/2 1478/2/2
f 1479/2/2 1480/2/2 1483/2/2
f 1483/2/2 1480/2/2 1484/2/2
f 1481/2/2 1482/2/2 1485/2/2
f 1485/2/2 1482/2/2 1486/2/2
f 1483/1/2 1484/1/2 1487/1/2
f 1484/2/2 1480/2/2 1488/2/2
f 1487/1/2 1484/1/2 1488/1/2
f 1488/2/2 1480/2/2 1489/2/2
f 1481/2/2 1485/2/2 1490/2/2
f 1485/1/2 1486/1/2 1491/1/2
f 1490/2/2 1485/2/2 1491/2/2
f 1491/1/2 1486/1/2 1492/1/2
f 1493/1/2 1494/1/2 1501/1/2
f 1499/1/2 1500/1/2 1504/1/2
f 1501/1/2 1502/1/2 1505/1/2
f 1493/1/2 1501/1/2 1505/1/2
f 1505/1/2 1502/1/2 1506/1/2
f 1503/1/2 1504/1/2 1507/1/2
f 1504/1/2 1500/1/2 1508/1/2
f 1507/1/2 1504/1/2 1508/1/2
f 1509/2/2 1510/2/2 1511/2/2
f 1511/2/2 1510/2/2 1512/2/2
f 1513/1/2 1514/1/2 1515/1/2
f 1515/1/2 1514/1/2 1516/1/2
f 1495/2/2 1496/2/2 1517/2/2
f 1517/2/2 1496/2/2 1518/2/2
f 1497/2/2 1498/2/2 1519/2/2
f 1519/2/2 1498/2/2 1520/2/2
f 1521/1/2 1522/1/2 1525/1/2
f 1525/1/2 1522/1/2 1526/1/2
f 1523/1/2 1524/1/2 1527/1/2
f 1527/1/2 1524/1/2 1528/1/2
f 1529/2/2 1530/2/2 1533/2/2
f 1531/2/2 1532/2/2 1534/2/2
f 1533/2/2 1530/2/2 1535/2/2
f 1535/2/2 1530/2/2 1536/2/2
f 1531/2/2 1534/2/2 1537/2/2
f 1537/2/2 1534/2/2 1538/2/2
f 1539/2/2 1540/2/2 1543/2/2
f 1543/2/2 1540/2/2 1544/2/2
f 1541/2/2 1542/2/2 1545/2/2
f 1545/2/2 1542/2/2 1546/2/2
f 1547/2/2 1548/2/2 1553/2/2
f 1553/2/2 1548/2/2 1554/2/2
f 1549/4/2 1550/4/2 1555/4/2
f 1555/4/2 1550/4/2 1556/4/2
f 1551/2/2 1552/2/2 1558/2/2
f 1553/1/2 1554/1/2 1559/1/2
f 1558/2/2 1552/2/2 1559/2/2
f 1552/1/2 1553/1/2 1559/1/2
f 1559/1/2 1554/1/2 1560/1/2
f 1556/1/2 1557/1/2 1561/1/2
f 1555/1/2 1556/1/2 1561/1/2
f 1561/1/2 1557/1/2 1562/1/2
f 1563/2/2 1564/2/2 1568/2/2
f 1566/2/2 1567/2/2 1571/2/2
f 1565/2/2 1566/2/2 1571/2/2
f 1571/2/2 1567/2/2 1572/2/2
f 1569/2/2 1570/2/2 1573/2/2
f 1568/2/2 1569/2/2 1573/2/2
f 1573/2/2 1570/2/2 1574/2/2
f 1571/1/2 1572/1/2 1575/1/2
f 1572/2/2 1567/2/2 1576/2/2
f 1575/1/2 1572/1/2 1576/1/2
f 1576/2/2 1567/2/2 1577/2/2
f 1563/2/2 1568/2/2 1578/2/2
f 1568/2/2 1573/2/2 1578/2/2
f 1573/1/2 1574/1/2 1579/1/2
f 1578/2/2 1573/2/2 1579/2/2
f 1579/1/2 1574/1/2 1580/1/2
f 1585/1/2 1586/1/2 1589/1/2
f 1589/1/2 1586/1/2 1590/1/2
f 1587/1/2 1588/1/2 1593/1/2
f 1593/1/2 1588/1/2 1594/1/2
f 1590/1/2 1591/1/2 1595/1/2
f 1595/1/2 1591/1/2 1596/1/2
f 1592/1/2 1593/1/2 1597/1/2
f 1597/1/2 1593/1/2 1598/1/2
f 1581/2/2 1582/2/2 1601/2/2
f 1601/2/2 1582/2/2 1602/2/2
f 1599/2/2 1600/2/2 1605/2/2
f 1605/2/2 1600/2/2 1606/2/2
f 1602/2/2 1582/2/2 1607/2/2
f 1607/2/2 1582/2/2 1608/2/2
f 1583/2/2 1584/2/2 1609/2/2
f 1609/2/2 1584/2/2 1610/2/2
f 1610/2/2 1584/2/2 1611/2/2
f 1603/2/2 1604/2/2 1612/2/2
f 1612/2/2 1604/2/2 1613/2/2
f 1608/2/2 1582/2/2 1614/2/2
f 1614/2/2 1582/2/2 1615/2/2
f 1583/2/2 1609/2/2 1616/2/2
f 1616/2/2 1609/2/2 1617/2/2
f 1618/1/2 1619/1/2 1622/1/2
f 1622/1/2 1619/1/2 1623/1/2
f 1620/1/2 1621/1/2 1624/1/2
f 1624/1/2 1621/1/2 1625/1/2
f 1626/2/2 1627/2/2 1630/2/2
f 1630/2/2 1627/2/2 1631/2/2
f 1628/1/2 1629/1/2 1632/1/2
f 1632/1/2 1629/1/2 1633/1/2
f 1634/2/2 1635/2/2 1636/2/2
f 1636/2/2 1635/2/2 1637/2/2
f 1638/2/2 1639/2/2 1640/2/2
f 1640/2/2 1639/2/2 1641/2/2
f 1642/1/2 1643/1/2 1646/1/2
f 1646/1/2 1643/1/2 1647/1/2
f 1644/2/2 1645/2/2 1648/2/2
f 1648/2/2 1645/2/2 1649/2/2
f 1650/2/2 1651/2/2 1656/2/2
f 1651/1/2 1652/1/2 1657/1/2
f 1656/2/2 1651/2/2 1657/2/2
f 1654/2/2 1655/2/2 1658/2/2
f 1653/1/2 1654/1/2 1658/1/2
f 1658/2/2 1655/2/2 1659/2/2
f 1656/1/2 1657/1/2 1660/1/2
f 1657/1/2 1652/1/2 1661/1/2
f 1660/1/2 1657/1/2 1661/1/2
f 1653/1/2 1658/1/2 1662/1/2
f 1658/1/2 1659/1/2 1662/1/2
f 1662/1/2 1659/1/2 1663/1/2
f 1664/1/2 1665/1/2 1668/1/2
f 1668/1/2 1665/1/2 1669/1/2
f 1666/2/2 1667/2/2 1670/2/2
f 1670/2/2 1667/2/2 1671/2/2
f 1672/2/2 1673/2/2 1676/2/2
f 1676/2/2 1673/2/2 1677/2/2
f 1674/2/2 1675/2/2 1678/2/2
f 1678/2/2 1675/2/2 1679/2/2
f 1680/1/2 1681/1/2 1686/1/2
f 1681/2/2 1682/2/2 1687/2/2
f 1686/1/2 1681/1/2 1687/1/2
f 1687/2/2 1682/2/2 1688/2/2
f 1683/2/2 1684/2/2 1689/2/2
f 1684/1/2 1685/1/2 1690/1/2
f 1689/2/2 1684/2/2 1690/2/2
f 1690/1/2 1685/1/2 1691/1/2
f 1692/2/2 1693/2/2 1696/2/2
f 1696/2/2 1693/2/2 1697/2/2
f 1694/2/2 1695/2/2 1698/2/2
f 1698/2/2 1695/2/2 1699/2/2
f 1699/2/2 1695/2/2 1700/2/2
f 1701/2/2 1702/2/2 1705/2/2
f 1705/2/2 1702/2/2 1706/2/2
f 1703/2/2 1704/2/2 1707/2/2
f 1707/2/2 1704/2/2 1708/2/2
f 1709/2/2 1710/2/2 1711/2/2
f 1711/2/2 1710/2/2 1712/2/2
f 1713/2/2 1714/2/2 1715/2/2
f 1715/2/2 1714/2/2 1716/2/2
f 1717/2/2 1718/2/2 1721/2/2
f 1721/2/2 1718/2/2 1722/2/2
f 1719/2/2 1720/2/2 1723/2/2
f 1723/2/2 1720/2/2 1724/2/2
f 1725/2/2 1726/2/2 1730/2/2
f 1727/4/2 1728/4/2 1731/4/2
f 1729/2/2 1730/2/2 1734/2/2
f 1730/2/2 1726/2/2 1735/2/2
f 1734/2/2 1730/2/2 1735/2/2
f 1727/4/2 1731/4/2 1736/4/2
f 1731/4/2 1732/4/2 1736/4/2
f 1732/2/2 1733/2/2 1737/2/2
f 1736/4/2 1732/4/2 1737/4/2
f 1737/2/2 1733/2/2 1738/2/2
f 1739/2/2 1740/2/2 1743/2/2
f 1743/2/2 1740/2/2 1744/2/2
f 1741/2/2 1742/2/2 1745/2/2
f 1745/2/2 1742/2/2 1746/2/2
f 1747/1/2 1748/1/2 1751/1/2
f 1751/1/2 1748/1/2 1752/1/2
f 1749/1/2 1750/1/2 1753/1/2
f 1753/1/2 1750/1/2 1754/1/2
f 1755/2/2 1756/2/2 1759/2/2
f 1759/2/2 1756/2/2 1760/2/2
f 1747/1/2 1751/1/2 1762/1/2
f 1751/2/2 1752/2/2 1763/2/2
f 1762/1/2 1751/1/2 1763/1/2
f 1763/2/2 1752/2/2 1764/2/2
f 1764/2/2 1752/2/2 1765/2/2
f 1757/2/2 1758/2/2 1767/2/2
f 1767/2/2 1758/2/2 1768/2/2
f 1760/4/2 1761/4/2 1769/4/2
f 1769/4/2 1761/4/2 1770/4/2
f 1754/1/2 1750/1/2 1771/1/2
f 1766/4/2 1767/4/2 1772/4/2
f 1772/4/2 1767/4/2 1773/4/2
f 1753/2/2 1754/2/2 1776/2/2
f 1754/1/2 1771/1/2 1777/1/2
f 1776/2/2 1754/2/2 1777/2/2
f 1777/1/2 1771/1/2 1778/1/2
f 1774/4/2 1775/4/2 1781/4/2
f 1781/4/2 1775/4/2 1782/4/2
f 1776/1/2 1777/1/2 1783/1/2
f 1783/1/2 1777/1/2 1784/1/2
f 1779/4/2 1780/4/2 1785/4/2
f 1785/4/2 1780/4/2 1786/4/2
f 1787/2/2 1788/2/2 1791/2/2
f 1791/2/2 1788/2/2 1792/2/2
f 1789/2/2 1790/2/2 1793/2/2
f 1793/2/2 1790/2/2 1794/2/2
f 1795/2/2 1796/2/2 1799/2/2
f 1799/2/2 1796/2/2 1800/2/2
f 1797/2/2 1798/2/2 1801/2/2
f 1801/2/2 1798/2/2 1802/2/2
f 1803/4/2 1804/4/2 1807/4/2
f 1807/4/2 1804/4/2 1808/4/2
f 1805/2/2 1806/2/2 1811/2/2
f 1811/2/2 1806/2/2 1812/2/2
f 1809/2/2 1810/2/2 1813/2/2
f 1813/2/2 1810/2/2 1814/2/2
f 1805/2/2 1811/2/2 1815/2/2
f 1811/3/2 1812/3/2 1816/3/2
f 1815/2/2 1811/2/2 1816/2/2
f 1816/3/2 1812/3/2 1817/3/2
f 1813/3/2 1814/3/2 1818/3/2
f 1814/2/2 1810/2/2 1819/2/2
f 1818/3/2 1814/3/2 1819/3/2
f 1819/2/2 1810/2/2 1820/2/2
f 1821/2/2 1822/2/2 1825/2/2
f 1825/2/2 1822/2/2 1826/2/2
f 1823/2/2 1824/2/2 1827/2/2
f 1827/2/2 1824/2/2 1828/2/2
f 1833/2/2 1834/2/2 1837/2/2
f 1835/2/2 1836/2/2 1840/2/2
f 1837/2/2 1838/2/2 1841/2/2
f 1833/2/2 1837/2/2 1841/2/2
f 1841/2/2 1838/2/2 1842/2/2
f 1829/2/2 1830/2/2 1843/2/2
f 1843/2/2 1830/2/2 1844/2/2
f 1831/2/2 1832/2/2 1845/2/2
f 1845/2/2 1832/2/2 1846/2/2
f 1839/2/2 1840/2/2 1847/2/2
f 1840/2/2 1836/2/2 1848/2/2
f 1847/2/2 1840/2/2 1848/2/2
f 1843/1/2 1844/1/2 1851/1/2
f 1849/2/2 1850/2/2 1852/2/2
f 1852/2/2 1850/2/2 1853/2/2
f 1850/1/2 1851/1/2 1854/1/2
f 1853/2/2 1850/2/2 1854/2/2
f 1851/1/2 1844/1/2 1855/1/2
f 1854/1/2 1851/1/2 1855/1/2
f 1845/1/2 1846/1/2 1856/1/2
f 1855/1/2 1844/1/2 1857/1/2
f 1844/2/2 1830/2/2 1858/2/2
f 1857/1/2 1844/1/2 1858/1/2
f 1845/1/2 1856/1/2 1859/1/2
f 1831/2/2 1845/2/2 1860/2/2
f 1845/1/2 1859/1/2 1860/1/2
f 1860/1/2 1859/1/2 1861/1/2
f 1857/2/2 1858/2/2 1864/2/2
f 1858/2/2 1830/2/2 1865/2/2
f 1864/2/2 1858/2/2 1865/2/2
f 1831/2/2 1860/2/2 1866/2/2
f 1860/2/2 1861/2/2 1866/2/2
f 1866/2/2 1861/2/2 1867/2/2
f 1862/2/2 1863/2/2 1870/2/2
f 1870/2/2 1863/2/2 1871/2/2
f 1868/2/2 1869/2/2 1872/2/2
f 1872/2/2 1869/2/2 1873/2/2
f 1870/3/2 1871/3/2 1874/3/2
f 1874/3/2 1871/3/2 1875/3/2
f 1872/3/2 1873/3/2 1876/3/2
f 1876/3/2 1873/3/2 1877/3/2
f 1878/2/2 1879/2/2 1880/2/2
f 1880/2/2 1879/2/2 1881/2/2
f 1882/2/2 1883/2/2 1886/2/2
f 1886/2/2 1883/2/2 1887/2/2
f 1884/2/2 1885/2/2 1888/2/2
f 1888/2/2 1885/2/2 1889/2/2
f 1890/4/2 1891/4/2 1894/4/2
f 1894/4/2 1891/4/2 1895/4/2
f 1892/4/2 1893/4/2 1896/4/2
f 1896/4/2 1893/4/2 1897/4/2
f 1898/2/2 1899/2/2 1903/2/2
f 1899/2/2 1900/2/2 1903/2/2
f 1903/2/2 1900/2/2 1904/2/2
f 1901/2/2 1902/2/2 1905/2/2
f 1905/2/2 1902/2/2 1906/2/2
f 1907/1/2 1908/1/2 1911/1/2
f 1911/1/2 1908/1/2 1912/1/2
f 1909/1/2 1910/1/2 1913/1/2
f 1913/1/2 1910/1/2 1914/1/2
f 1915/2/2 1916/2/2 1920/2/2
f 1916/4/2 1917/4/2 1921/4/2
f 1920/2/2 1916/2/2 1921/2/2
f 1917/2/2 1918/2/2 1922/2/2
f 1921/4/2 1917/4/2 1922/4/2
f 1919/4/2 1920/4/2 1924/4/2
f 1920/2/2 1921/2/2 1925/2/2
f 1921/2/2 1922/2/2 1925/2/2
f 1924/4/2 1920/4/2 1925/4/2
f 1925/2/2 1922/2/2 1926/2/2
f 1926/2/2 1922/2/2 1927/2/2
f 1927/2/2 1922/2/2 1928/2/2
f 1928/2/2 1922/2/2 1929/2/2
f 1922/2/2 1918/2/2 1930/2/2
f 1929/2/2 1922/2/2 1930/2/2
f 1923/2/2 1924/2/2 1933/2/2
f 1924/2/2 1925/2/2 1933/2/2
f 1925/2/2 1926/2/2 1933/2/2
f 1926/4/2 1927/4/2 1934/4/2
f 1933/2/2 1926/2/2 1934/2/2
f 1927/2/2 1928/2/2 1935/2/2
f 1934/4/2 1927/4/2 1935/4/2
f 1935/2/2 1928/2/2 1936/2/2
f 1929/2/2 1930/2/2 1937/2/2
f 1930/2/2 1931/2/2 1937/2/2
f 1937/2/2 1931/2/2 1938/2/2
f 1933/3/2 1934/3/2 1941/3/2
f 1932/3/2 1933/3/2 1941/3/2
f 1934/4/2 1935/4/2 1942/4/2
f 1941/3/2 1934/3/2 1942/3/2
f 1935/3/2 1936/3/2 1943/3/2
f 1942/4/2 1935/4/2 1943/4/2
f 1943/3/2 1936/3/2 1944/3/2
f 1938/3/2 1939/3/2 1945/3/2
f 1937/3/2 1938/3/2 1945/3/2
f 1945/3/2 1939/3/2 1946/3/2
f 1940/2/2 1941/2/2 1948/2/2
f 1948/2/2 1941/2/2 1949/2/2
f 1946/2/2 1947/2/2 1950/2/2
f 1950/2/2 1947/2/2 1951/2/2
f 1952/2/2 1953/2/2 1958/2/2
f 1958/2/2 1953/2/2 1959/2/2
f 1954/2/2 1955/2/2 1960/2/2
f 1960/2/2 1955/2/2 1961/2/2
f 1956/2/2 1957/2/2 1962/2/2
f 1962/2/2 1957/2/2 1963/2/2
f 1963/2/2 1957/2/2 1964/2/2
f 1964/2/2 1957/2/2 1965/2/2
f 1966/2/2 1967/2/2 1970/2/2
f 1970/2/2 1967/2/2 1971/2/2
f 1962/1/2 1963/1/2 1973/1/2
f 1963/2/2 1964/2/2 1974/2/2
f 1973/1/2 1963/1/2 1974/1/2
f 1964/1/2 1965/1/2 1975/1/2
f 1974/2/2 1964/2/2 1975/2/2
f 1975/1/2 1965/1/2 1976/1/2
f 1968/2/2 1969/2/2 1978/2/2
f 1978/2/2 1969/2/2 1979/2/2
f 1971/2/2 1972/2/2 1980/2/2
f 1980/2/2 1972/2/2 1981/2/2
f 1977/2/2 1978/2/2 1986/2/2
f 1986/2/2 1978/2/2 1987/2/2
f 1982/4/2 1983/4/2 1988/4/2
f 1988/4/2 1983/4/2 1989/4/2
f 1984/2/2 1985/2/2 1992/2/2
f 1989/2/2 1990/2/2 1994/2/2
f 1988/2/2 1989/2/2 1994/2/2
f 1994/2/2 1990/2/2 1995/2/2
f 1995/2/2 1990/2/2 1996/2/2
f 1991/4/2 1992/4/2 1997/4/2
f 1992/2/2 1985/2/2 1998/2/2
f 1997/4/2 1992/4/2 1998/4/2
f 1998/2/2 1985/2/2 1999/2/2
f 1993/2/2 1994/2/2 2001/2/2
f 1994/2/2 1995/2/2 2001/2/2
f 2001/2/2 1995/2/2 2002/2/2
f 1999/2/2 2000/2/2 2003/2/2
f 1998/2/2 1999/2/2 2003/2/2
f 2003/2/2 2000/2/2 2004/2/2
f 2001/3/2 2002/3/2 2005/3/2
f 2005/3/2 2002/3/2 2006/3/2
f 2003/3/2 2004/3/2 2007/3/2
f 2007/3/2 2004/3/2 2008/3/2
f 2009/2/2 2010/2/2 2013/2/2
f 2013/2/2 2010/2/2 2014/2/2
f 2011/2/2 2012/2/2 2017/2/2
f 2017/2/2 2012/2/2 2018/2/2
f 2014/2/2 2015/2/2 2019/2/2
f 2019/2/2 2015/2/2 2020/2/2
f 2016/2/2 2017/2/2 2023/2/2
f 2023/2/2 2017/2/2 2024/2/2
f 2020/2/2 2021/2/2 2025/2/2
f 2025/2/2 2021/2/2 2026/2/2
f 2022/2/2 2023/2/2 2034/2/2
f 2034/2/2 2023/2/2 2035/2/2
f 2027/2/2 2028/2/2 2036/2/2
f 2036/2/2 2028/2/2 2037/2/2
f 2028/4/2 2029/4/2 2038/4/2
f 2037/2/2 2028/2/2 2038/2/2
f 2029/2/2 2030/2/2 2039/2/2
f 2038/4/2 2029/4/2 2039/4/2
f 2030/2/2 2031/2/2 2039/2/2
f 2031/2/2 2032/2/2 2039/2/2
f 2039/2/2 2032/2/2 2040/2/2
f 2040/2/2 2032/2/2 2041/2/2
f 2032/4/2 2033/4/2 2042/4/2
f 2041/2/2 2032/2/2 2042/2/2
f 2042/4/2 2033/4/2 2043/4/2
f 2037/2/2 2038/2/2 2045/2/2
f 2038/2/2 2039/2/2 2045/2/2
f 2039/2/2 2040/2/2 2045/2/2
f 2040/4/2 2041/4/2 2046/4/2
f 2045/2/2 2040/2/2 2046/2/2
f 2041/2/2 2042/2/2 2047/2/2
f 2046/4/2 2041/4/2 2047/4/2
f 2047/2/2 2042/2/2 2048/2/2
f 2044/2/2 2045/2/2 2050/2/2
f 2050/2/2 2045/2/2 2051/2/2
f 2048/2/2 2049/2/2 2052/2/2
f 2052/2/2 2049/2/2 2053/2/2
f 2050/3/2 2051/3/2 2054/3/2
f 2054/3/2 2051/3/2 2055/3/2
f 2052/3/2 2053/3/2 2056/3/2
f 2056/3/2 2053/3/2 2057/3/2
f 2058/2/2 2059/2/2 2062/2/2
f 2059/4/2 2060/4/2 2063/4/2
f 2062/2/2 2059/2/2 2063/2/2
f 2060/2/2 2061/2/2 2064/2/2
f 2063/4/2 2060/4/2 2064/4/2
f 2064/2/2 2061/2/2 2065/2/2
f 2062/3/2 2063/3/2 2069/3/2
f 2063/4/2 2064/4/2 2070/4/2
f 2069/3/2 2063/3/2 2070/3/2
f 2064/3/2 2065/3/2 2071/3/2
f 2070/4/2 2064/4/2 2071/4/2
f 2071/3/2 2065/3/2 2072/3/2
f 2067/4/2 2068/4/2 2074/4/2
f 2066/2/2 2067/2/2 2074/2/2
f 2068/2/2 2069/2/2 2075/2/2
f 2074/4/2 2068/4/2 2075/4/2
f 2069/2/2 2070/2/2 2075/2/2
f 2070/4/2 2071/4/2 2076/4/2
f 2075/2/2 2070/2/2 2076/2/2
f 2072/2/2 2073/2/2 2077/2/2
f 2076/4/2 2071/4/2 2077/4/2
f 2071/2/2 2072/2/2 2077/2/2
f 2075/2/2 2076/2/2 2078/2/2
f 2066/2/2 2074/2/2 2078/2/2
f 2076/2/2 2077/2/2 2078/2/2
f 2074/2/2 2075/2/2 2078/2/2
f 2078/2/2 2077/2/2 2079/2/2
f 2079/2/2 2077/2/2 2080/2/2
f 2080/2/2 2077/2/2 2081/2/2
f 2066/2/2 2078/2/2 2083/2/2
f 2078/4/2 2079/4/2 2084/4/2
f 2079/2/2 2080/2/2 2085/2/2
f 2084/4/2 2079/4/2 2085/4/2
f 2080/4/2 2081/4/2 2086/4/2
f 2085/2/2 2080/2/2 2086/2/2
f 2081/2/2 2077/2/2 2087/2/2
f 2086/4/2 2081/4/2 2087/4/2
f 2077/2/2 2073/2/2 2088/2/2
f 2087/2/2 2077/2/2 2088/2/2
f 2088/2/2 2073/2/2 2089/2/2
f 2082/2/2 2083/2/2 2091/2/2
f 2083/2/2 2078/2/2 2091/2/2
f 2078/4/2 2084/4/2 2091/4/2
f 2091/4/2 2084/4/2 2092/4/2
f 2082/2/2 2091/2/2 2093/2/2
f 2091/2/2 2092/2/2 2093/2/2
f 2093/2/2 2092/2/2 2094/2/2
f 2089/2/2 2090/2/2 2095/2/2
f 2088/2/2 2089/2/2 2095/2/2
f 2095/2/2 2090/2/2 2096/2/2
f 2082/2/2 2093/2/2 2097/2/2
f 2096/2/2 2090/2/2 2100/2/2
f 2097/2/2 2098/2/2 2101/2/2
f 2099/2/2 2100/2/2 2104/2/2
f 2101/2/2 2102/2/2 2105/2/2
f 2103/2/2 2104/2/2 2108/2/2
f 2105/2/2 2106/2/2 2109/2/2
f 2082/2/2 2097/2/2 2109/2/2
f 2097/2/2 2101/2/2 2109/2/2
f 2101/2/2 2105/2/2 2109/2/2
f 2109/2/2 2106/2/2 2110/2/2
f 2110/2/2 2106/2/2 2111/2/2
f 2107/2/2 2108/2/2 2114/2/2
f 2108/2/2 2104/2/2 2115/2/2
f 2104/2/2 2100/2/2 2115/2/2
f 2114/2/2 2108/2/2 2115/2/2
f 2100/2/2 2090/2/2 2116/2/2
f 2115/2/2 2100/2/2 2116/2/2
f 2116/2/2 2090/2/2 2117/2/2
f 2117/2/2 2090/2/2 2118/2/2
f 2111/2/2 2112/2/2 2119/2/2
f 2110/2/2 2111/2/2 2119/2/2
f 2119/2/2 2112/2/2 2120/2/2
f 2120/2/2 2112/2/2 2121/2/2
f 2113/2/2 2114/2/2 2123/2/2
f 2114/2/2 2115/2/2 2123/2/2
f 2115/4/2 2116/4/2 2124/4/2
f 2123/2/2 2115/2/2 2124/2/2
f 2116/2/2 2117/2/2 2125/2/2
f 2124/4/2 2116/4/2 2125/4/2
f 2125/2/2 2117/2/2 2126/2/2
f 2121/2/2 2122/2/2 2127/2/2
f 2120/2/2 2121/2/2 2127/2/2
f 2124/2/2 2125/2/2 2127/2/2
f 2123/2/2 2124/2/2 2127/2/2
f 2122/2/2 2123/2/2 2127/2/2
f 2127/2/2 2125/2/2 2128/2/2
f 2128/2/2 2125/2/2 2129/2/2
f 2129/2/2 2125/2/2 2130/2/2
f 2130/2/2 2125/2/2 2131/2/2
f 2131/2/2 2125/2/2 2132/2/2
f 2128/2/2 2129/2/2 2133/2/2
f 2129/4/2 2130/4/2 2134/4/2
f 2133/2/2 2129/2/2 2134/2/2
f 2130/2/2 2131/2/2 2135/2/2
f 2134/4/2 2130/4/2 2135/4/2
f 2135/2/2 2131/2/2 2136/2/2
f 2137/2/2 2138/2/2 2139/2/2
f 2139/2/2 2138/2/2 2140/2/2
f 2139/3/2 2140/3/2 2141/3/2
f 2141/3/2 2140/3/2 2142/3/2
f 2143/2/2 2144/2/2 2147/2/2
f 2147/2/2 2144/2/2 2148/2/2
f 2145/2/2 2146/2/2 2149/2/2
f 2149/2/2 2146/2/2 2150/2/2
f 2151/2/2 2152/2/2 2155/2/2
f 2155/2/2 2152/2/2 2156/2/2
f 2153/2/2 2154/2/2 2159/2/2
f 2159/2/2 2154/2/2 2160/2/2
f 2156/4/2 2157/4/2 2161/4/2
f 2161/4/2 2157/4/2 2162/4/2
f 2158/2/2 2159/2/2 2163/2/2
f 2163/2/2 2159/2/2 2164/2/2
f 2165/4/2 2166/4/2 2171/4/2
f 2166/2/2 2167/2/2 2172/2/2
f 2171/4/2 2166/4/2 2172/4/2
f 2167/4/2 2168/4/2 2173/4/2
f 2172/2/2 2167/2/2 2173/2/2
f 2168/2/2 2169/2/2 2174/2/2
f 2173/4/2 2168/4/2 2174/4/2
f 2171/2/2 2172/2/2 2176/2/2
f 2172/2/2 2173/2/2 2176/2/2
f 2173/2/2 2174/2/2 2176/2/2
f 2174/2/2 2169/2/2 2177/2/2
f 2176/2/2 2174/2/2 2177/2/2
f 2177/2/2 2169/2/2 2178/2/2
f 2169/4/2 2170/4/2 2179/4/2
f 2175/2/2 2176/2/2 2181/2/2
f 2176/2/2 2177/2/2 2181/2/2
f 2177/4/2 2178/4/2 2181/4/2
f 2178/2/2 2169/2/2 2182/2/2
f 2181/4/2 2178/4/2 2182/4/2
f 2169/4/2 2179/4/2 2183/4/2
f 2182/2/2 2169/2/2 2183/2/2
f 2179/2/2 2180/2/2 2184/2/2
f 2183/4/2 2179/4/2 2184/4/2
f 2175/2/2 2181/2/2 2185/2/2
f 2182/2/2 2183/2/2 2185/2/2
f 2183/2/2 2184/2/2 2185/2/2
f 2181/2/2 2182/2/2 2185/2/2
f 2185/2/2 2184/2/2 2186/2/2
f 2175/2/2 2185/2/2 2187/2/2
f 2185/4/2 2186/4/2 2187/4/2
f 2186/2/2 2184/2/2 2188/2/2
f 2187/4/2 2186/4/2 2188/4/2
f 2187/2/2 2188/2/2 2189/2/2
f 2188/2/2 2184/2/2 2189/2/2
f 2189/2/2 2184/2/2 2190/2/2
f 2190/2/2 2184/2/2 2191/2/2
f 2191/2/2 2184/2/2 2192/2/2
f 2184/2/2 2180/2/2 2193/2/2
f 2192/2/2 2184/2/2 2193/2/2
f 2193/2/2 2180/2/2 2194/2/2
f 2175/2/2 2187/2/2 2195/2/2
f 2187/2/2 2189/2/2 2195/2/2
f 2195/2/2 2189/2/2 2196/2/2
f 2196/2/2 2189/2/2 2197/2/2
f 2197/2/2 2189/2/2 2198/2/2
f 2189/4/2 2190/4/2 2199/4/2
f 2198/2/2 2189/2/2 2199/2/2
f 2190/2/2 2191/2/2 2200/2/2
f 2199/4/2 2190/4/2 2200/4/2
f 2200/2/2 2191/2/2 2201/2/2
f 2201/2/2 2191/2/2 2202/2/2
f 2191/4/2 2192/4/2 2203/4/2
f 2202/2/2 2191/2/2 2203/2/2
f 2192/2/2 2193/2/2 2204/2/2
f 2203/4/2 2192/4/2 2204/4/2
f 2195/4/2 2196/4/2 2205/4/2
f 2196/2/2 2197/2/2 2206/2/2
f 2205/4/2 2196/4/2 2206/4/2
f 2206/2/2 2197/2/2 2207/2/2
f 2197/4/2 2198/4/2 2208/4/2
f 2207/2/2 2197/2/2 2208/2/2
f 2201/4/2 2202/4/2 2209/4/2
f 2198/2/2 2199/2/2 2209/2/2
f 2199/2/2 2200/2/2 2209/2/2
f 2200/2/2 2201/2/2 2209/2/2
f 2202/2/2 2203/2/2 2210/2/2
f 2209/4/2 2202/4/2 2210/4/2
f 2203/2/2 2204/2/2 2210/2/2
f 2193/4/2 2194/4/2 2211/4/2
f 2210/2/2 2204/2/2 2211/2/2
f 2204/2/2 2193/2/2 2211/2/2
f 2194/2/2 2180/2/2 2212/2/2
f 2211/4/2 2194/4/2 2212/4/2
f 2206/2/2 2207/2/2 2213/2/2
f 2207/4/2 2208/4/2 2213/4/2
f 2205/2/2 2206/2/2 2213/2/2
f 2208/4/2 2198/4/2 2214/4/2
f 2213/4/2 2208/4/2 2214/4/2
f 2210/2/2 2211/2/2 2214/2/2
f 2209/2/2 2210/2/2 2214/2/2
f 2211/2/2 2212/2/2 2214/2/2
f 2198/2/2 2209/2/2 2214/2/2
f 2213/2/2 2214/2/2 2215/2/2
f 2214/2/2 2212/2/2 2215/2/2
f 2215/2/2 2212/2/2 2216/2/2
f 2216/2/2 2212/2/2 2217/2/2
f 2217/2/2 2212/2/2 2218/2/2
f 2205/2/2 2213/2/2 2219/2/2
f 2213/2/2 2215/2/2 2219/2/2
f 2219/2/2 2215/2/2 2220/2/2
f 2215/4/2 2216/4/2 2221/4/2
f 2220/2/2 2215/2/2 2221/2/2
f 2216/2/2 2217/2/2 2222/2/2
f 2221/4/2 2216/4/2 2222/4/2
f 2217/4/2 2218/4/2 2223/4/2
f 2222/2/2 2217/2/2 2223/2/2
f 2218/2/2 2212/2/2 2224/2/2
f 2223/4/2 2218/4/2 2224/4/2
f 2212/2/2 2180/2/2 2225/2/2
f 2224/2/2 2212/2/2 2225/2/2
f 2222/2/2 2223/2/2 2226/2/2
f 2223/2/2 2224/2/2 2226/2/2
f 2221/2/2 2222/2/2 2226/2/2
f 2220/2/2 2221/2/2 2226/2/2
f 2226/2/2 2224/2/2 2227/2/2
f 2220/2/2 2226/2/2 2228/2/2
f 2228/2/2 2226/2/2 2229/2/2
f 2226/4/2 2227/4/2 2230/4/2
f 2229/2/2 2226/2/2 2230/2/2
f 2227/2/2 2224/2/2 2231/2/2
f 2230/4/2 2227/4/2 2231/4/2
f 2231/2/2 2224/2/2 2232/2/2
f 2232/2/2 2224/2/2 2233/2/2
f 2229/2/2 2230/2/2 2234/2/2
f 2231/2/2 2232/2/2 2234/2/2
f 2230/2/2 2231/2/2 2234/2/2
f 2234/2/2 2232/2/2 2235/2/2
f 2235/2/2 2232/2/2 2236/2/2
f 2236/2/2 2232/2/2 2237/2/2
f 2237/2/2 2232/2/2 2238/2/2
f 2238/2/2 2232/2/2 2239/2/2
f 2239/2/2 2232/2/2 2240/2/2
f 2240/2/2 2232/2/2 2241/2/2
f 2235/2/2 2236/2/2 2242/2/2
f 2236/4/2 2237/4/2 2243/4/2
f 2242/2/2 2236/2/2 2243/2/2
f 2237/2/2 2238/2/2 2244/2/2
f 2243/4/2 2237/4/2 2244/4/2
f 2238/4/2 2239/4/2 2245/4/2
f 2244/2/2 2238/2/2 2245/2/2
f 2239/2/2 2240/2/2 2246/2/2
f 2245/4/2 2239/4/2 2246/4/2
f 2246/2/2 2240/2/2 2247/2/2
f 2252/2/3 2249/2/3 2248/2/3
f 2252/4/3 2250/4/3 2249/4/3
f 2253/2/3 2251/2/3 2250/2/3
f 2253/4/3 2250/4/3 2252/4/3
f 2254/2/3 2251/2/3 2253/2/3
f 2255/2/3 2251/2/3 2254/2/3
f 2256/2/3 2251/2/3 2255/2/3
f 2257/2/3 2252/2/3 2248/2/3
f 2257/2/3 2253/2/3 2252/2/3
f 2258/4/3 2254/4/3 2253/4/3
f 2258/2/3 2253/2/3 2257/2/3
f 2259/2/3 2255/2/3 2254/2/3
f 2259/4/3 2254/4/3 2258/4/3
f 2261/2/3 2257/2/3 2248/2/3
f 2262/4/3 2258/4/3 2257/4/3
f 2262/2/3 2257/2/3 2261/2/3
f 2263/2/3 2259/2/3 2258/2/3
f 2263/4/3 2258/4/3 2262/4/3
f 2264/4/3 2256/4/3 2255/4/3
f 2264/2/3 2259/2/3 2263/2/3
f 2264/2/3 2255/2/3 2259/2/3
f 2265/2/3 2251/2/3 2256/2/3
f 2265/4/3 2256/4/3 2264/4/3
f 2266/2/3 2251/2/3 2265/2/3
f 2269/2/3 2264/2/3 2263/2/3
f 2269/2/3 2267/2/3 2266/2/3
f 2269/2/3 2266/2/3 2265/2/3
f 2269/2/3 2265/2/3 2264/2/3
f 2269/2/3 2262/2/3 2261/2/3
f 2269/2/3 2261/2/3 2260/2/3
f 2269/2/3 2263/2/3 2262/2/3
f 2270/2/3 2267/2/3 2269/2/3
f 2271/2/3 2267/2/3 2270/2/3
f 2272/2/3 2267/2/3 2271/2/3
f 2273/2/3 2267/2/3 2272/2/3
f 2274/2/3 2267/2/3 2273/2/3
f 2275/2/3 2267/2/3 2274/2/3
f 2276/2/3 2267/2/3 2275/2/3
f 2278/2/3 2269/2/3 2268/2/3
f 2278/2/3 2270/2/3 2269/2/3
f 2278/4/3 2271/4/3 2270/4/3
f 2279/2/3 2272/2/3 2271/2/3
f 2279/4/3 2271/4/3 2278/4/3
f 2280/4/3 2273/4/3 2272/4/3
f 2280/2/3 2272/2/3 2279/2/3
f 2281/2/3 2274/2/3 2273/2/3
f 2281/4/3 2273/4/3 2280/4/3
f 2282/4/3 2275/4/3 2274/4/3
f 2282/2/3 2274/2/3 2281/2/3
f 2283/2/3 2276/2/3 2275/2/3
f 2283/4/3 2275/4/3 2282/4/3
f 2284/4/3 2277/4/3 2276/4/3
f 2284/2/3 2276/2/3 2283/2/3
f 2285/4/3 2277/4/3 2284/4/3
f 2287/2/3 2283/2/3 2282/2/3
f 2287/2/3 2286/2/3 2285/2/3
f 2287/2/3 2285/2/3 2284/2/3
f 2287/2/3 2284/2/3 2283/2/3
f 2287/2/3 2280/2/3 2279/2/3
f 2287/2/3 2279/2/3 2278/2/3
f 2287/2/3 2282/2/3 2281/2/3
f 2287/2/3 2281/2/3 2280/2/3
f 2288/2/3 2286/2/3 2287/2/3
f 2289/2/3 2286/2/3 2288/2/3
f 2290/2/3 2286/2/3 2289/2/3
f 2291/2/3 2278/2/3 2268/2/3
f 2291/2/3 2287/2/3 2278/2/3
f 2292/2/3 2287/2/3 2291/2/3
f 2293/4/3 2288/4/3 2287/4/3
f 2293/2/3 2287/2/3 2292/2/3
f 2294/2/3 2289/2/3 2288/2/3
f 2294/4/3 2288/4/3 2293/4/3
f 2295/2/3 2289/2/3 2294/2/3
f 2296/2/3 2289/2/3 2295/2/3
f 2298/2/3 2291/2/3 2268/2/3
f 2299/4/3 2292/4/3 2291/4/3
f 2299/2/3 2291/2/3 2298/2/3
f 2300/2/3 2293/2/3 2292/2/3
f 2300/4/3 2292/4/3 2299/4/3
f 2300/2/3 2294/2/3 2293/2/3
f 2300/2/3 2295/2/3 2294/2/3
f 2301/2/3 2295/2/3 2300/2/3
f 2302/2/3 2295/2/3 2301/2/3
f 2303/4/3 2296/4/3 2295/4/3
f 2303/2/3 2295/2/3 2302/2/3
f 2304/2/3 2289/2/3 2296/2/3
f 2304/4/3 2296/4/3 2303/4/3
f 2305/2/3 2298/2/3 2297/2/3
f 2305/2/3 2299/2/3 2298/2/3
f 2305/4/3 2302/4/3 2301/4/3
f 2305/2/3 2301/2/3 2300/2/3
f 2305/2/3 2300/2/3 2299/2/3
f 2306/2/3 2304/2/3 2303/2/3
f 2306/4/3 2302/4/3 2305/4/3
f 2306/2/3 2303/2/3 2302/2/3
f 2307/2/3 2289/2/3 2304/2/3
f 2307/2/3 2304/2/3 2306/2/3
f 2308/4/3 2290/4/3 2289/4/3
f 2308/2/3 2289/2/3 2307/2/3
f 2309/4/3 2290/4/3 2308/4/3
f 2310/2/3 2307/2/3 2306/2/3
f 2310/2/3 2306/2/3 2305/2/3
f 2310/2/3 2305/2/3 2297/2/3
f 2311/2/3 2307/2/3 2310/2/3
f 2312/4/3 2308/4/3 2307/4/3
f 2312/2/3 2307/2/3 2311/2/3
f 2313/2/3 2309/2/3 2308/2/3
f 2313/4/3 2308/4/3 2312/4/3
f 2314/4/3 2311/4/3 2310/4/3
f 2314/2/3 2310/2/3 2297/2/3
f 2315/2/3 2312/2/3 2311/2/3
f 2315/4/3 2311/4/3 2314/4/3
f 2315/2/3 2313/2/3 2312/2/3
f 2316/2/3 2313/2/3 2315/2/3
f 2317/2/3 2313/2/3 2316/2/3
f 2318/2/3 2313/2/3 2317/2/3
f 2319/2/3 2313/2/3 2318/2/3
f 2320/2/3 2313/2/3 2319/2/3
f 2321/2/3 2309/2/3 2313/2/3
f 2321/2/3 2313/2/3 2320/2/3
f 2322/2/3 2315/2/3 2314/2/3
f 2322/2/3 2316/2/3 2315/2/3
f 2322/4/3 2317/4/3 2316/4/3
f 2323/2/3 2318/2/3 2317/2/3
f 2323/4/3 2317/4/3 2322/4/3
f 2324/4/3 2319/4/3 2318/4/3
f 2324/2/3 2318/2/3 2323/2/3
f 2325/2/3 2320/2/3 2319/2/3
f 2325/4/3 2319/4/3 2324/4/3
f 2326/4/3 2321/4/3 2320/4/3
f 2326/2/3 2320/2/3 2325/2/3
f 2327/2/3 2309/2/3 2321/2/3
f 2327/4/3 2321/4/3 2326/4/3
f 2328/2/3 2324/2/3 2323/2/3
f 2328/2/3 2326/2/3 2325/2/3
f 2328/2/3 2327/2/3 2326/2/3
f 2328/2/3 2322/2/3 2314/2/3
f 2328/2/3 2323/2/3 2322/2/3
f 2328/2/3 2325/2/3 2324/2/3
f 2329/2/3 2327/2/3 2328/2/3
f 2330/2/3 2314/2/3 2297/2/3
f 2330/2/3 2328/2/3 2314/2/3
f 2331/2/3 2328/2/3 2330/2/3
f 2332/4/3 2329/4/3 2328/4/3
f 2332/2/3 2328/2/3 2331/2/3
f 2333/2/3 2327/2/3 2329/2/3
f 2333/4/3 2329/4/3 2332/4/3
f 2334/2/3 2309/2/3 2327/2/3
f 2334/2/3 2327/2/3 2333/2/3
f 2335/2/3 2309/2/3 2334/2/3
f 2336/2/3 2332/2/3 2331/2/3
f 2336/2/3 2333/2/3 2332/2/3
f 2336/2/3 2334/2/3 2333/2/3
f 2337/2/3 2334/2/3 2336/2/3
f 2338/2/3 2334/2/3 2337/2/3
f 2339/2/3 2334/2/3 2338/2/3
f 2340/2/3 2334/2/3 2339/2/3
f 2341/2/3 2334/2/3 2340/2/3
f 2342/4/3 2335/4/3 2334/4/3
f 2342/2/3 2334/2/3 2341/2/3
f 2343/4/3 2335/4/3 2342/4/3
f 2344/4/3 2337/4/3 2336/4/3
f 2345/2/3 2338/2/3 2337/2/3
f 2345/4/3 2337/4/3 2344/4/3
f 2346/2/3 2340/2/3 2339/2/3
f 2347/2/3 2340/2/3 2346/2/3
f 2348/4/3 2341/4/3 2340/4/3
f 2348/2/3 2340/2/3 2347/2/3
f 2349/2/3 2342/2/3 2341/2/3
f 2349/4/3 2341/4/3 2348/4/3
f 2349/2/3 2343/2/3 2342/2/3
f 2350/2/3 2343/2/3 2349/2/3
f 2351/2/3 2343/2/3 2350/2/3
f 2352/2/3 2343/2/3 2351/2/3
f 2353/2/3 2343/2/3 2352/2/3
f 2354/4/3 2339/4/3 2338/4/3
f 2354/2/3 2338/2/3 2345/2/3
f 2354/2/3 2345/2/3 2344/2/3
f 2355/2/3 2346/2/3 2339/2/3
f 2355/4/3 2339/4/3 2354/4/3
f 2356/4/3 2347/4/3 2346/4/3
f 2356/2/3 2346/2/3 2355/2/3
f 2357/2/3 2348/2/3 2347/2/3
f 2357/4/3 2347/4/3 2356/4/3
f 2357/2/3 2349/2/3 2348/2/3
f 2357/2/3 2350/2/3 2349/2/3
f 2358/4/3 2351/4/3 2350/4/3
f 2358/2/3 2350/2/3 2357/2/3
f 2359/2/3 2352/2/3 2351/2/3
f 2359/4/3 2351/4/3 2358/4/3
f 2360/4/3 2353/4/3 2352/4/3
f 2360/2/3 2352/2/3 2359/2/3
f 2361/2/3 2343/2/3 2353/2/3
f 2361/4/3 2353/4/3 2360/4/3
f 2362/2/3 2343/2/3 2361/2/3
f 2363/2/3 2343/2/3 2362/2/3
f 2364/2/3 2355/2/3 2354/2/3
f 2364/2/3 2360/2/3 2359/2/3
f 2364/2/3 2362/2/3 2361/2/3
f 2364/2/3 2361/2/3 2360/2/3
f 2364/2/3 2357/2/3 2356/2/3
f 2364/2/3 2358/2/3 2357/2/3
f 2364/2/3 2354/2/3 2344/2/3
f 2364/2/3 2356/2/3 2355/2/3
f 2364/2/3 2359/2/3 2358/2/3
f 2365/2/3 2362/2/3 2364/2/3
f 2366/2/3 2362/2/3 2365/2/3
f 2367/2/3 2362/2/3 2366/2/3
f 2368/2/3 2366/2/3 2365/2/3
f 2369/2/3 2366/2/3 2368/2/3
f 2370/2/3 2366/2/3 2369/2/3
f 2371/2/3 2366/2/3 2370/2/3
f 2372/2/3 2366/2/3 2371/2/3
f 2373/2/3 2366/2/3 2372/2/3
f 2374/2/3 2366/2/3 2373/2/3
f 2375/2/3 2370/2/3 2369/2/3
f 2376/2/3 2370/2/3 2375/2/3
f 2377/4/3 2373/4/3 2372/4/3
f 2377/2/3 2372/2/3 2371/2/3
f 2378/4/3 2373/4/3 2377/4/3
f 2379/4/3 2376/4/3 2375/4/3
f 2380/2/3 2370/2/3 2376/2/3
f 2380/4/3 2376/4/3 2379/4/3
f 2381/4/3 2371/4/3 2370/4/3
f 2381/2/3 2370/2/3 2380/2/3
f 2382/2/3 2377/2/3 2371/2/3
f 2382/4/3 2371/4/3 2381/4/3
f 2382/2/3 2378/2/3 2377/2/3
f 2383/2/3 2380/2/3 2379/2/3
f 2383/2/3 2381/2/3 2380/2/3
f 2383/2/3 2382/2/3 2381/2/3
f 2384/2/3 2378/2/3 2382/2/3
f 2384/2/3 2382/2/3 2383/2/3
f 2387/2/3 2386/2/3 2385/2/3
f 2388/2/3 2386/2/3 2387/2/3
f 2391/2/3 2390/2/3 2389/2/3
f 2392/2/3 2390/2/3 2391/2/3
f 2394/2/3 2393/2/3 2392/2/3
f 2395/2/3 2393/2/3 2394/2/3
f 2399/4/3 2397/4/3 2396/4/3
f 2400/4/3 2397/4/3 2399/4/3
f 2401/2/3 2399/2/3 2398/2/3
f 2402/2/3 2399/2/3 2401/2/3
f 2405/4/3 2404/4/3 2403/4/3
f 2406/4/3 2404/4/3 2405/4/3
f 2409/2/3 2408/2/3 2407/2/3
f 2412/2/3 2409/2/3 2407/2/3
f 2412/2/3 2410/2/3 2409/2/3
f 2413/2/3 2410/2/3 2412/2/3
f 2414/2/3 2410/2/3 2413/2/3
f 2415/2/3 2410/2/3 2414/2/3
f 2416/2/3 2410/2/3 2415/2/3
f 2418/2/3 2412/2/3 2411/2/3
f 2418/2/3 2413/2/3 2412/2/3
f 2419/2/3 2413/2/3 2418/2/3
f 2420/4/3 2415/4/3 2414/4/3
f 2421/2/3 2417/2/3 2416/2/3
f 2421/4/3 2415/4/3 2420/4/3
f 2421/2/3 2416/2/3 2415/2/3
f 2422/4/3 2419/4/3 2418/4/3
f 2423/2/3 2413/2/3 2419/2/3
f 2423/4/3 2419/4/3 2422/4/3
f 2424/2/3 2421/2/3 2420/2/3
f 2425/2/3 2421/2/3 2424/2/3
f 2426/2/3 2417/2/3 2421/2/3
f 2426/2/3 2421/2/3 2425/2/3
f 2427/2/3 2417/2/3 2426/2/3
f 2429/2/3 2423/2/3 2422/2/3
f 2430/2/3 2413/2/3 2423/2/3
f 2430/2/3 2423/2/3 2429/2/3
f 2431/2/3 2413/2/3 2430/2/3
f 2432/2/3 2426/2/3 2425/2/3
f 2433/2/3 2426/2/3 2432/2/3
f 2434/4/3 2427/4/3 2426/4/3
f 2434/2/3 2426/2/3 2433/2/3
f 2435/4/3 2427/4/3 2434/4/3
f 2436/2/3 2429/2/3 2428/2/3
f 2436/2/3 2430/2/3 2429/2/3
f 2437/2/3 2430/2/3 2436/2/3
f 2438/2/3 2435/2/3 2434/2/3
f 2438/2/3 2434/2/3 2433/2/3
f 2439/2/3 2435/2/3 2438/2/3
f 2440/2/3 2436/2/3 2428/2/3
f 2441/4/3 2437/4/3 2436/4/3
f 2441/2/3 2436/2/3 2440/2/3
f 2442/2/3 2430/2/3 2437/2/3
f 2442/4/3 2437/4/3 2441/4/3
f 2443/2/3 2430/2/3 2442/2/3
f 2444/2/3 2435/2/3 2439/2/3
f 2445/2/3 2435/2/3 2444/2/3
f 2446/2/3 2435/2/3 2445/2/3
f 2448/2/3 2446/2/3 2445/2/3
f 2448/2/3 2447/2/3 2446/2/3
f 2449/2/3 2447/2/3 2448/2/3
f 2450/2/3 2440/2/3 2428/2/3
f 2451/2/3 2440/2/3 2450/2/3
f 2452/4/3 2449/4/3 2448/4/3
f 2453/2/3 2447/2/3 2449/2/3
f 2453/4/3 2449/4/3 2452/4/3
f 2454/2/3 2453/2/3 2452/2/3
f 2454/2/3 2447/2/3 2453/2/3
f 2455/2/3 2447/2/3 2454/2/3
f 2458/2/3 2454/2/3 2452/2/3
f 2458/4/3 2455/4/3 2454/4/3
f 2459/4/3 2455/4/3 2458/4/3
f 2460/2/3 2458/2/3 2452/2/3
f 2460/2/3 2459/2/3 2458/2/3
f 2461/2/3 2459/2/3 2460/2/3
f 2462/2/3 2457/2/3 2456/2/3
f 2465/4/3 2461/4/3 2460/4/3
f 2466/4/3 2461/4/3 2465/4/3
f 2467/4/3 2461/4/3 2466/4/3
f 2469/4/3 2465/4/3 2464/4/3
f 2469/4/3 2466/4/3 2465/4/3
f 2470/4/3 2466/4/3 2469/4/3
f 2471/2/3 2463/2/3 2462/2/3
f 2471/2/3 2462/2/3 2456/2/3
f 2472/2/3 2463/2/3 2471/2/3
f 2473/2/3 2463/2/3 2472/2/3
f 2476/2/3 2470/2/3 2469/2/3
f 2476/2/3 2469/2/3 2468/2/3
f 2478/2/3 2476/2/3 2475/2/3
f 2479/2/3 2474/2/3 2473/2/3
f 2479/2/3 2473/2/3 2472/2/3
f 2480/2/3 2474/2/3 2479/2/3
f 2481/2/3 2474/2/3 2480/2/3
f 2482/2/3 2478/2/3 2477/2/3
f 2483/2/3 2476/2/3 2478/2/3
f 2483/2/3 2470/2/3 2476/2/3
f 2483/2/3 2478/2/3 2482/2/3
f 2484/2/3 2470/2/3 2483/2/3
f 2485/2/3 2481/2/3 2480/2/3
f 2485/2/3 2482/2/3 2481/2/3
f 2485/2/3 2483/2/3 2482/2/3
f 2486/2/3 2483/2/3 2485/2/3
f 2487/2/3 2485/2/3 2480/2/3
f 2488/2/3 2485/2/3 2487/2/3
f 2491/2/3 2490/2/3 2489/2/3
f 2492/2/3 2490/2/3 2491/2/3
f 2494/2/3 2493/2/3 2492/2/3
f 2495/2/3 2493/2/3 2494/2/3
f 2497/2/3 2496/2/3 2495/2/3
f 2498/2/3 2496/2/3 2497/2/3
f 2499/4/3 2498/4/3 2497/4/3
f 2500/4/3 2498/4/3 2499/4/3
f 2504/2/3 2500/2/3 2499/2/3
f 2505/2/3 2500/2/3 2504/2/3
f 2507/2/3 2502/2/3 2501/2/3
f 2508/2/3 2507/2/3 2506/2/3
f 2509/2/3 2507/2/3 2508/2/3
f 2510/4/3 2509/4/3 2508/4/3
f 2511/2/3 2507/2/3 2509/2/3
f 2511/4/3 2509/4/3 2510/4/3
f 2512/2/3 2502/2/3 2507/2/3
f 2512/2/3 2507/2/3 2511/2/3
f 2513/2/3 2511/2/3 2510/2/3
f 2513/4/3 2512/4/3 2511/4/3
f 2514/2/3 2502/2/3 2512/2/3
f 2514/4/3 2512/4/3 2513/4/3
f 2515/2/3 2513/2/3 2510/2/3
f 2515/2/3 2514/2/3 2513/2/3
f 2516/2/3 2514/2/3 2515/2/3
f 2517/2/3 2514/2/3 2516/2/3
f 2518/2/3 2502/2/3 2514/2/3
f 2518/2/3 2514/2/3 2517/2/3
f 2521/4/3 2520/4/3 2519/4/3
f 2522/4/3 2520/4/3 2521/4/3
f 2523/2/3 2502/2/3 2518/2/3
f 2524/3/3 2503/3/3 2502/3/3
f 2524/2/3 2502/2/3 2523/2/3
f 2525/3/3 2503/3/3 2524/3/3
f 2527/2/3 2522/2/3 2521/2/3
f 2528/2/3 2522/2/3 2527/2/3
f 2530/2/3 2527/2/3 2526/2/3
f 2531/2/3 2527/2/3 2530/2/3
f 2532/2/3 2530/2/3 2529/2/3
f 2533/2/3 2530/2/3 2532/2/3
f 2538/2/3 2535/2/3 2534/2/3
f 2538/4/3 2536/4/3 2535/4/3
f 2539/2/3 2537/2/3 2536/2/3
f 2539/4/3 2536/4/3 2538/4/3
f 2542/2/3 2538/2/3 2534/2/3
f 2542/2/3 2539/2/3 2538/2/3
f 2543/2/3 2537/2/3 2539/2/3
f 2543/2/3 2539/2/3 2542/2/3
f 2546/2/3 2545/2/3 2544/2/3
f 2547/2/3 2545/2/3 2546/2/3
f 2550/2/3 2541/2/3 2540/2/3
f 2551/2/3 2541/2/3 2550/2/3
f 2552/2/3 2548/2/3 2547/2/3
f 2553/2/3 2548/2/3 2552/2/3
f 2558/3/3 2550/3/3 2549/3/3
f 2559/2/3 2558/2/3 2557/2/3
f 2560/3/3 2550/3/3 2558/3/3
f 2560/2/3 2558/2/3 2559/2/3
f 2561/3/3 2550/3/3 2560/3/3
f 2566/2/3 2555/2/3 2554/2/3
f 2567/3/3 2556/3/3 2555/3/3
f 2567/2/3 2555/2/3 2566/2/3
f 2568/3/3 2556/3/3 2567/3/3
f 2569/2/3 2565/2/3 2564/2/3
f 2575/2/3 2563/2/3 2562/2/3
f 2576/2/3 2569/2/3 2564/2/3
f 2576/2/3 2570/2/3 2569/2/3
f 2577/2/3 2570/2/3 2576/2/3
f 2578/1/3 2574/1/3 2573/1/3
f 2579/2/3 2575/2/3 2574/2/3
f 2579/1/3 2574/1/3 2578/1/3
f 2580/2/3 2563/2/3 2575/2/3
f 2580/2/3 2575/2/3 2579/2/3
f 2582/2/3 2576/2/3 2564/2/3
f 2582/4/3 2577/4/3 2576/4/3
f 2583/4/3 2577/4/3 2582/4/3
f 2585/2/3 2572/2/3 2571/2/3
f 2586/2/3 2582/2/3 2564/2/3
f 2586/2/3 2583/2/3 2582/2/3
f 2587/2/3 2583/2/3 2586/2/3
f 2589/1/3 2578/1/3 2573/1/3
f 2590/1/3 2589/1/3 2588/1/3
f 2591/1/3 2578/1/3 2589/1/3
f 2591/1/3 2589/1/3 2590/1/3
f 2592/2/3 2585/2/3 2584/2/3
f 2593/2/3 2572/2/3 2585/2/3
f 2593/2/3 2585/2/3 2592/2/3
f 2596/2/3 2579/2/3 2578/2/3
f 2596/2/3 2581/2/3 2580/2/3
f 2596/2/3 2580/2/3 2579/2/3
f 2596/1/3 2578/1/3 2591/1/3
f 2597/2/3 2581/2/3 2596/2/3
f 2598/2/3 2581/2/3 2597/2/3
f 2599/2/3 2595/2/3 2594/2/3
f 2600/2/3 2595/2/3 2599/2/3
f 2601/2/3 2572/2/3 2593/2/3
f 2602/2/3 2572/2/3 2601/2/3
f 2603/1/3 2596/1/3 2591/1/3
f 2603/1/3 2597/1/3 2596/1/3
f 2604/1/3 2597/1/3 2603/1/3
f 2605/1/3 2597/1/3 2604/1/3
f 2606/2/3 2605/2/3 2604/2/3
f 2607/4/3 2600/4/3 2599/4/3
f 2608/2/3 2595/2/3 2600/2/3
f 2608/4/3 2600/4/3 2607/4/3
f 2609/2/3 2595/2/3 2608/2/3
f 2613/2/3 2606/2/3 2604/2/3
f 2614/2/3 2606/2/3 2613/2/3
f 2618/2/3 2611/2/3 2610/2/3
f 2619/3/3 2612/3/3 2611/3/3
f 2619/2/3 2611/2/3 2618/2/3
f 2620/2/3 2608/2/3 2607/2/3
f 2621/2/3 2608/2/3 2620/2/3
f 2622/3/3 2612/3/3 2619/3/3
f 2623/3/3 2612/3/3 2622/3/3
f 2627/2/3 2616/2/3 2615/2/3
f 2628/3/3 2617/3/3 2616/3/3
f 2628/2/3 2616/2/3 2627/2/3
f 2629/3/3 2617/3/3 2628/3/3
f 2631/2/3 2626/2/3 2625/2/3
f 2632/2/3 2626/2/3 2631/2/3
f 2633/2/3 2624/2/3 2623/2/3
f 2634/2/3 2624/2/3 2633/2/3
f 2637/2/3 2631/2/3 2630/2/3
f 2638/2/3 2631/2/3 2637/2/3
f 2639/2/3 2636/2/3 2635/2/3
f 2640/2/3 2636/2/3 2639/2/3
f 2641/2/3 2639/2/3 2635/2/3
f 2642/4/3 2640/4/3 2639/4/3
f 2642/2/3 2639/2/3 2641/2/3
f 2643/2/3 2636/2/3 2640/2/3
f 2643/4/3 2640/4/3 2642/4/3
f 2644/2/3 2636/2/3 2643/2/3
f 2647/2/3 2646/2/3 2645/2/3
f 2648/2/3 2646/2/3 2647/2/3
f 2651/2/3 2650/2/3 2649/2/3
f 2652/2/3 2650/2/3 2651/2/3
f 2658/2/3 2654/2/3 2653/2/3
f 2659/2/3 2654/2/3 2658/2/3
f 2660/4/3 2656/4/3 2655/4/3
f 2661/2/3 2657/2/3 2656/2/3
f 2661/4/3 2656/4/3 2660/4/3
f 2662/2/3 2661/2/3 2660/2/3
f 2663/2/3 2657/2/3 2661/2/3
f 2663/2/3 2661/2/3 2662/2/3
f 2666/2/3 2657/2/3 2663/2/3
f 2667/2/3 2657/2/3 2666/2/3
f 2670/2/3 2665/2/3 2664/2/3
f 2673/2/3 2670/2/3 2664/2/3
f 2674/2/3 2670/2/3 2673/2/3
f 2675/1/3 2672/1/3 2671/1/3
f 2676/1/3 2672/1/3 2675/1/3
f 2677/2/3 2669/2/3 2668/2/3
f 2678/2/3 2669/2/3 2677/2/3
f 2683/2/3 2680/2/3 2679/2/3
f 2684/2/3 2680/2/3 2683/2/3
f 2685/2/3 2682/2/3 2681/2/3
f 2686/2/3 2682/2/3 2685/2/3
f 2687/2/3 2676/2/3 2675/2/3
f 2688/2/3 2676/2/3 2687/2/3
f 2689/1/3 2686/1/3 2685/1/3
f 2690/1/3 2686/1/3 2689/1/3
f 2696/2/3 2692/2/3 2691/2/3
f 2697/2/3 2694/2/3 2693/2/3
f 2698/2/3 2694/2/3 2697/2/3
f 2699/4/3 2696/4/3 2695/4/3
f 2700/2/3 2692/2/3 2696/2/3
f 2700/4/3 2696/4/3 2699/4/3
f 2701/2/3 2692/2/3 2700/2/3
f 2706/2/3 2703/2/3 2702/2/3
f 2707/2/3 2703/2/3 2706/2/3
f 2708/2/3 2705/2/3 2704/2/3
f 2709/2/3 2705/2/3 2708/2/3
f 2715/2/3 2714/2/3 2713/2/3
f 2716/2/3 2714/2/3 2715/2/3
f 2717/4/3 2711/4/3 2710/4/3
f 2718/2/3 2712/2/3 2711/2/3
f 2718/4/3 2711/4/3 2717/4/3
f 2719/2/3 2712/2/3 2718/2/3
f 2720/2/3 2714/2/3 2716/2/3
f 2721/2/3 2714/2/3 2720/2/3
f 2729/2/3 2723/2/3 2722/2/3
f 2730/2/3 2723/2/3 2729/2/3
f 2731/2/3 2725/2/3 2724/2/3
f 2732/3/3 2726/3/3 2725/3/3
f 2732/2/3 2725/2/3 2731/2/3
f 2733/3/3 2726/3/3 2732/3/3
f 2735/2/3 2728/2/3 2727/2/3
f 2739/1/3 2737/1/3 2736/1/3
f 2740/2/3 2738/2/3 2737/2/3
f 2740/1/3 2737/1/3 2739/1/3
f 2741/2/3 2735/2/3 2734/2/3
f 2742/2/3 2728/2/3 2735/2/3
f 2742/2/3 2735/2/3 2741/2/3
f 2743/1/3 2739/1/3 2736/1/3
f 2744/2/3 2740/2/3 2739/2/3
f 2744/1/3 2739/1/3 2743/1/3
f 2745/2/3 2738/2/3 2740/2/3
f 2745/2/3 2740/2/3 2744/2/3
f 2751/2/3 2749/2/3 2748/2/3
f 2751/2/3 2750/2/3 2749/2/3
f 2752/2/3 2750/2/3 2751/2/3
f 2753/2/3 2751/2/3 2748/2/3
f 2754/1/3 2752/1/3 2751/1/3
f 2754/2/3 2751/2/3 2753/2/3
f 2755/1/3 2752/1/3 2754/1/3
f 2756/2/3 2747/2/3 2746/2/3
f 2757/2/3 2747/2/3 2756/2/3
f 2758/2/3 2747/2/3 2757/2/3
f 2759/2/3 2747/2/3 2758/2/3
f 2760/4/3 2759/4/3 2758/4/3
f 2761/4/3 2759/4/3 2760/4/3
f 2767/2/3 2763/2/3 2762/2/3
f 2768/2/3 2763/2/3 2767/2/3
f 2769/2/3 2765/2/3 2764/2/3
f 2770/3/3 2766/3/3 2765/3/3
f 2770/2/3 2765/2/3 2769/2/3
f 2771/3/3 2766/3/3 2770/3/3
f 2778/2/3 2776/2/3 2775/2/3
f 2779/4/3 2773/4/3 2772/4/3
f 2780/2/3 2774/2/3 2773/2/3
f 2780/4/3 2773/4/3 2779/4/3
f 2781/2/3 2774/2/3 2780/2/3
f 2782/2/3 2778/2/3 2777/2/3
f 2783/2/3 2776/2/3 2778/2/3
f 2783/2/3 2778/2/3 2782/2/3
f 2786/2/3 2785/2/3 2784/2/3
f 2787/2/3 2785/2/3 2786/2/3
f 2792/2/3 2789/2/3 2788/2/3
f 2793/3/3 2790/3/3 2789/3/3
f 2793/2/3 2789/2/3 2792/2/3
f 2794/3/3 2790/3/3 2793/3/3
f 2797/2/3 2792/2/3 2791/2/3
f 2798/2/3 2792/2/3 2797/2/3
f 2801/2/3 2796/2/3 2795/2/3
f 2802/2/3 2796/2/3 2801/2/3
f 2803/1/3 2800/1/3 2799/1/3
f 2804/1/3 2800/1/3 2803/1/3
f 2809/2/3 2806/2/3 2805/2/3
f 2810/1/3 2808/1/3 2807/1/3
f 2811/1/3 2808/1/3 2810/1/3
f 2812/2/3 2809/2/3 2805/2/3
f 2813/2/3 2809/2/3 2812/2/3
f 2816/2/3 2815/2/3 2814/2/3
f 2817/2/3 2815/2/3 2816/2/3
f 2822/2/3 2818/2/3 2817/2/3
f 2823/3/3 2819/3/3 2818/3/3
f 2823/2/3 2818/2/3 2822/2/3
f 2824/3/3 2819/3/3 2823/3/3
f 2825/2/3 2821/2/3 2820/2/3
f 2826/2/3 2821/2/3 2825/2/3
f 2829/2/3 2828/2/3 2827/2/3
f 2830/2/3 2828/2/3 2829/2/3
f 2832/4/3 2831/4/3 2830/4/3
f 2833/4/3 2831/4/3 2832/4/3
f 2838/1/3 2835/1/3 2834/1/3
f 2839/2/3 2837/2/3 2836/2/3
f 2839/1/3 2835/1/3 2838/1/3
f 2839/2/3 2836/2/3 2835/2/3
f 2840/2/3 2837/2/3 2839/2/3
f 2842/1/3 2838/1/3 2834/1/3
f 2843/2/3 2841/2/3 2840/2/3
f 2843/1/3 2838/1/3 2842/1/3
f 2843/2/3 2839/2/3 2838/2/3
f 2843/2/3 2840/2/3 2839/2/3
f 2844/2/3 2841/2/3 2843/2/3
f 2847/2/3 2846/2/3 2845/2/3
f 2848/2/3 2846/2/3 2847/2/3
f 2849/2/3 2846/2/3 2848/2/3
f 2850/2/3 2847/2/3 2845/2/3
f 2851/1/3 2848/1/3 2847/1/3
f 2851/2/3 2847/2/3 2850/2/3
f 2852/1/3 2848/1/3 2851/1/3
f 2853/1/3 2848/1/3 2852/1/3
f 2857/4/3 2855/4/3 2854/4/3
f 2858/4/3 2855/4/3 2857/4/3
f 2859/2/3 2857/2/3 2856/2/3
f 2860/2/3 2857/2/3 2859/2/3
f 2863/2/3 2862/2/3 2861/2/3
f 2864/2/3 2862/2/3 2863/2/3
f 2867/2/3 2866/2/3 2865/2/3
f 2868/2/3 2866/2/3 2867/2/3
f 2872/2/3 2870/2/3 2869/2/3
f 2873/3/3 2871/3/3 2870/3/3
f 2873/2/3 2870/2/3 2872/2/3
f 2874/3/3 2871/3/3 2873/3/3
f 2879/2/3 2876/2/3 2875/2/3
f 2880/2/3 2876/2/3 2879/2/3
f 2881/2/3 2878/2/3 2877/2/3
f 2882/2/3 2878/2/3 2881/2/3
f 2887/2/3 2884/2/3 2883/2/3
f 2888/2/3 2884/2/3 2887/2/3
f 2889/2/3 2886/2/3 2885/2/3
f 2890/2/3 2886/2/3 2889/2/3
f 2894/2/3 2892/2/3 2891/2/3
f 2895/3/3 2893/3/3 2892/3/3
f 2895/2/3 2892/2/3 2894/2/3
f 2896/3/3 2893/3/3 2895/3/3
f 2900/3/3 2898/3/3 2897/3/3
f 2901/2/3 2899/2/3 2898/2/3
f 2901/3/3 2898/3/3 2900/3/3
f 2902/2/3 2899/2/3 2901/2/3
f 2906/3/3 2904/3/3 2903/3/3
f 2907/3/3 2904/3/3 2906/3/3
f 2908/1/3 2905/1/3 2904/1/3
f 2908/3/3 2904/3/3 2907/3/3
f 2909/1/3 2905/1/3 2908/1/3
f 2912/2/3 2911/2/3 2910/2/3
f 2913/2/3 2911/2/3 2912/2/3
f 2916/2/3 2915/2/3 2914/2/3
f 2917/2/3 2915/2/3 2916/2/3
f 2920/2/3 2919/2/3 2918/2/3
f 2921/2/3 2919/2/3 2920/2/3
f 2923/1/3 2922/1/3 2921/1/3
f 2924/1/3 2922/1/3 2923/1/3
f 2929/2/3 2926/2/3 2925/2/3
f 2930/2/3 2926/2/3 2929/2/3
f 2931/4/3 2930/4/3 2929/4/3
f 2931/2/3 2926/2/3 2930/2/3
f 2932/2/3 2926/2/3 2931/2/3
f 2933/4/3 2931/4/3 2929/4/3
f 2934/1/3 2932/1/3 2931/1/3
f 2934/4/3 2931/4/3 2933/4/3
f 2935/1/3 2932/1/3 2934/1/3
f 2936/2/3 2928/2/3 2927/2/3
f 2937/2/3 2928/2/3 2936/2/3
f 2943/4/3 2939/4/3 2938/4/3
f 2943/1/3 2940/1/3 2939/1/3
f 2944/1/3 2940/1/3 2943/1/3
f 2945/4/3 2943/4/3 2938/4/3
f 2946/2/3 2944/2/3 2943/2/3
f 2946/4/3 2943/4/3 2945/4/3
f 2947/2/3 2946/2/3 2945/2/3
f 2948/2/3 2944/2/3 2946/2/3
f 2948/2/3 2946/2/3 2947/2/3
f 2949/2/3 2942/2/3 2941/2/3
f 2950/2/3 2942/2/3 2949/2/3
f 2954/2/3 2952/2/3 2951/2/3
f 2955/2/3 2952/2/3 2954/2/3
f 2956/2/3 2954/2/3 2953/2/3
f 2957/2/3 2954/2/3 2956/2/3
f 2960/1/3 2959/1/3 2958/1/3
f 2961/1/3 2959/1/3 2960/1/3
f 2964/3/3 2963/3/3 2962/3/3
f 2965/3/3 2963/3/3 2964/3/3
f 2968/3/3 2967/3/3 2966/3/3
f 2969/3/3 2967/3/3 2968/3/3
f 2972/2/3 2971/2/3 2970/2/3
f 2973/2/3 2971/2/3 2972/2/3
f 2978/2/3 2975/2/3 2974/2/3
f 2979/2/3 2975/2/3 2978/2/3
f 2980/2/3 2977/2/3 2976/2/3
f 2981/2/3 2977/2/3 2980/2/3
f 2982/2/3 2977/2/3 2981/2/3
f 2983/1/3 2979/1/3 2978/1/3
f 2984/1/3 2979/1/3 2983/1/3
f 2985/1/3 2982/1/3 2981/1/3
f 2986/1/3 2982/1/3 2985/1/3
f 2989/2/3 2988/2/3 2987/2/3
f 2990/2/3 2988/2/3 2989/2/3
f 2996/4/3 2992/4/3 2991/4/3
f 2997/1/3 2993/1/3 2992/1/3
f 2997/4/3 2992/4/3 2996/4/3
f 2998/1/3 2993/1/3 2997/1/3
f 2999/2/3 2995/2/3 2994/2/3
f 3000/2/3 2995/2/3 2999/2/3
f 3006/4/3 3002/4/3 3001/4/3
f 3007/1/3 3003/1/3 3002/1/3
f 3007/4/3 3002/4/3 3006/4/3
f 3008/1/3 3003/1/3 3007/1/3
f 3009/2/3 3005/2/3 3004/2/3
f 3010/2/3 3005/2/3 3009/2/3
f 3013/1/3 3012/1/3 3011/1/3
f 3014/1/3 3012/1/3 3013/1/3
f 3020/2/3 3018/2/3 3017/2/3
f 3021/2/3 3016/2/3 3015/2/3
f 3022/2/3 3016/2/3 3021/2/3
f 3023/2/3 3020/2/3 3019/2/3
f 3024/2/3 3018/2/3 3020/2/3
f 3024/2/3 3020/2/3 3023/2/3
f 3027/1/3 3026/1/3 3025/1/3
f 3028/1/3 3026/1/3 3027/1/3
f 3031/2/3 3030/2/3 3029/2/3
f 3032/2/3 3030/2/3 3031/2/3
f 3039/2/3 3036/2/3 3035/2/3
f 3039/1/3 3038/1/3 3037/1/3
f 3039/2/3 3037/2/3 3036/2/3
f 3040/1/3 3038/1/3 3039/1/3
f 3041/3/3 3034/3/3 3033/3/3
f 3042/3/3 3034/3/3 3041/3/3
f 3043/2/3 3039/2/3 3035/2/3
f 3044/2/3 3039/2/3 3043/2/3
f 3045/2/3 3039/2/3 3044/2/3
f 3048/2/3 3047/2/3 3046/2/3
f 3049/2/3 3047/2/3 3048/2/3
f 3054/4/3 3051/4/3 3050/4/3
f 3055/4/3 3051/4/3 3054/4/3
f 3056/1/3 3055/1/3 3054/1/3
f 3057/1/3 3055/1/3 3056/1/3
f 3062/2/3 3059/2/3 3058/2/3
f 3063/2/3 3059/2/3 3062/2/3
f 3064/1/3 3061/1/3 3060/1/3
f 3065/1/3 3061/1/3 3064/1/3
f 3066/4/3 3065/4/3 3064/4/3
f 3067/4/3 3065/4/3 3066/4/3
f 3068/2/3 3053/2/3 3052/2/3
f 3069/2/3 3053/2/3 3068/2/3
f 3078/2/3 3071/2/3 3070/2/3
f 3079/2/3 3071/2/3 3078/2/3
f 3080/2/3 3077/2/3 3076/2/3
f 3080/2/3 3076/2/3 3075/2/3
f 3082/3/3 3073/3/3 3072/3/3
f 3083/3/3 3073/3/3 3082/3/3
f 3084/1/3 3075/1/3 3074/1/3
f 3085/2/3 3081/2/3 3080/2/3
f 3085/1/3 3075/1/3 3084/1/3
f 3085/2/3 3080/2/3 3075/2/3
f 3086/2/3 3081/2/3 3085/2/3
f 3087/2/3 3081/2/3 3086/2/3
f 3092/1/3 3089/1/3 3088/1/3
f 3093/1/3 3089/1/3 3092/1/3
f 3094/2/3 3091/2/3 3090/2/3
f 3095/2/3 3091/2/3 3094/2/3
f 3100/2/3 3097/2/3 3096/2/3
f 3100/2/3 3099/2/3 3098/2/3
f 3100/2/3 3098/2/3 3097/2/3
f 3101/2/3 3099/2/3 3100/2/3
f 3104/1/3 3101/1/3 3100/1/3
f 3105/1/3 3101/1/3 3104/1/3
f 3108/2/3 3107/2/3 3106/2/3
f 3109/2/3 3107/2/3 3108/2/3
f 3112/2/3 3103/2/3 3102/2/3
f 3113/2/3 3103/2/3 3112/2/3
f 3114/2/3 3110/2/3 3109/2/3
f 3115/2/3 3110/2/3 3114/2/3
f 3117/2/3 3112/2/3 3111/2/3
f 3118/2/3 3112/2/3 3117/2/3
f 3120/3/3 3117/3/3 3116/3/3
f 3121/2/3 3119/2/3 3118/2/3
f 3121/3/3 3117/3/3 3120/3/3
f 3121/2/3 3118/2/3 3117/2/3
f 3124/1/3 3123/1/3 3122/1/3
f 3125/1/3 3123/1/3 3124/1/3
f 3132/2/3 3119/2/3 3121/2/3
f 3133/2/3 3119/2/3 3132/2/3
f 3136/2/3 3126/2/3 3125/2/3
f 3136/4/3 3127/4/3 3126/4/3
f 3137/4/3 3127/4/3 3136/4/3
f 3138/1/3 3131/1/3 3130/1/3
f 3140/1/3 3131/1/3 3138/1/3
f 3141/2/3 3137/2/3 3136/2/3
f 3141/2/3 3136/2/3 3125/2/3
f 3142/2/3 3137/2/3 3141/2/3
f 3143/2/3 3141/2/3 3125/2/3
f 3144/2/3 3141/2/3 3143/2/3
f 3147/2/3 3140/2/3 3139/2/3
f 3148/1/3 3131/1/3 3140/1/3
f 3148/2/3 3140/2/3 3147/2/3
f 3149/2/3 3146/2/3 3145/2/3
f 3151/1/3 3131/1/3 3148/1/3
f 3152/1/3 3131/1/3 3151/1/3
f 3153/1/3 3131/1/3 3152/1/3
f 3154/2/3 3135/2/3 3134/2/3
f 3155/2/3 3135/2/3 3154/2/3
f 3156/2/3 3150/2/3 3149/2/3
f 3156/2/3 3149/2/3 3145/2/3
f 3157/2/3 3150/2/3 3156/2/3
f 3159/4/3 3157/4/3 3156/4/3
f 3160/2/3 3150/2/3 3157/2/3
f 3160/4/3 3157/4/3 3159/4/3
f 3161/2/3 3150/2/3 3160/2/3
f 3162/3/3 3129/3/3 3128/3/3
f 3163/3/3 3129/3/3 3162/3/3
f 3167/3/3 3165/3/3 3164/3/3
f 3168/2/3 3166/2/3 3165/2/3
f 3168/3/3 3165/3/3 3167/3/3
f 3169/1/3 3159/1/3 3158/1/3
f 3170/1/3 3159/1/3 3169/1/3
f 3171/2/3 3166/2/3 3168/2/3
f 3172/2/3 3166/2/3 3171/2/3
f 3177/1/3 3173/1/3 3172/1/3
f 3178/2/3 3174/2/3 3173/2/3
f 3178/1/3 3173/1/3 3177/1/3
f 3180/1/3 3176/1/3 3175/1/3
f 3181/1/3 3176/1/3 3180/1/3
f 3182/2/3 3178/2/3 3177/2/3
f 3183/2/3 3174/2/3 3178/2/3
f 3183/2/3 3178/2/3 3182/2/3
f 3186/1/3 3180/1/3 3179/1/3
f 3187/1/3 3180/1/3 3186/1/3
f 3188/2/3 3185/2/3 3184/2/3
f 3189/2/3 3185/2/3 3188/2/3
f 3190/2/3 3185/2/3 3189/2/3
f 3191/2/3 3185/2/3 3190/2/3
f 3194/2/3 3193/2/3 3192/2/3
f 3195/2/3 3193/2/3 3194/2/3
f 3197/2/3 3196/2/3 3195/2/3
f 3198/2/3 3196/2/3 3197/2/3
f 3200/2/3 3199/2/3 3198/2/3
f 3201/2/3 3199/2/3 3200/2/3
f 3202/4/3 3201/4/3 3200/4/3
f 3203/4/3 3201/4/3 3202/4/3
f 3204/2/3 3203/2/3 3202/2/3
f 3205/2/3 3203/2/3 3204/2/3
f 3208/2/3 3207/2/3 3206/2/3
f 3209/2/3 3207/2/3 3208/2/3
f 3211/4/3 3209/4/3 3208/4/3
f 3212/4/3 3209/4/3 3211/4/3
f 3213/2/3 3211/2/3 3210/2/3
f 3213/2/3 3212/2/3 3211/2/3
f 3214/2/3 3212/2/3 3213/2/3
f 3215/2/3 3212/2/3 3214/2/3
f 3216/2/3 3212/2/3 3215/2/3
f 3219/4/3 3218/4/3 3217/4/3
f 3220/4/3 3218/4/3 3219/4/3
f 3221/2/3 3220/2/3 3219/2/3
f 3223/2/3 3221/2/3 3219/2/3
f 3224/2/3 3221/2/3 3223/2/3
f 3226/2/3 3223/2/3 3222/2/3
f 3227/2/3 3223/2/3 3226/2/3
f 3228/2/3 3226/2/3 3225/2/3
f 3229/2/3 3226/2/3 3228/2/3
f 3232/2/3 3231/2/3 3230/2/3
f 3233/2/3 3231/2/3 3232/2/3
f 3234/2/3 3231/2/3 3233/2/3
f 3237/2/3 3232/2/3 3230/2/3
f 3238/2/3 3232/2/3 3237/2/3
f 3239/1/3 3233/1/3 3232/1/3
f 3239/2/3 3232/2/3 3238/2/3
f 3240/1/3 3233/1/3 3239/1/3
f 3241/4/3 3234/4/3 3233/4/3
f 3241/1/3 3233/1/3 3240/1/3
f 3242/2/3 3235/2/3 3234/2/3
f 3242/4/3 3234/4/3 3241/4/3
f 3243/2/3 3235/2/3 3242/2/3
f 3245/1/3 3241/1/3 3240/1/3
f 3245/2/3 3244/2/3 3243/2/3
f 3245/2/3 3243/2/3 3242/2/3
f 3245/2/3 3242/2/3 3241/2/3
f 3246/2/3 3244/2/3 3245/2/3
f 3247/2/3 3244/2/3 3246/2/3
f 3248/2/3 3237/2/3 3236/2/3
f 3248/2/3 3238/2/3 3237/2/3
f 3249/2/3 3238/2/3 3248/2/3
f 3250/1/3 3245/1/3 3240/1/3
f 3250/1/3 3246/1/3 3245/1/3
f 3251/1/3 3246/1/3 3250/1/3
f 3252/2/3 3247/2/3 3246/2/3
f 3252/1/3 3246/1/3 3251/1/3
f 3253/2/3 3247/2/3 3252/2/3
f 3254/2/3 3247/2/3 3253/2/3
f 3257/2/3 3238/2/3 3249/2/3
f 3258/2/3 3238/2/3 3257/2/3
f 3259/1/3 3252/1/3 3251/1/3
f 3259/1/3 3253/1/3 3252/1/3
f 3260/1/3 3253/1/3 3259/1/3
f 3261/2/3 3254/2/3 3253/2/3
f 3261/1/3 3253/1/3 3260/1/3
f 3262/2/3 3254/2/3 3261/2/3
f 3263/1/3 3262/1/3 3261/1/3
f 3263/1/3 3261/1/3 3260/1/3
f 3264/1/3 3262/1/3 3263/1/3
f 3265/2/3 3256/2/3 3255/2/3
f 3267/1/3 3262/1/3 3264/1/3
f 3268/2/3 3254/2/3 3262/2/3
f 3268/1/3 3262/1/3 3267/1/3
f 3269/2/3 3254/2/3 3268/2/3
f 3271/1/3 3269/1/3 3268/1/3
f 3272/2/3 3270/2/3 3269/2/3
f 3272/1/3 3269/1/3 3271/1/3
f 3273/2/3 3270/2/3 3272/2/3
f 3274/2/3 3265/2/3 3255/2/3
f 3275/1/3 3266/1/3 3265/1/3
f 3275/2/3 3265/2/3 3274/2/3
f 3276/1/3 3275/1/3 3274/1/3
f 3277/1/3 3266/1/3 3275/1/3
f 3277/1/3 3275/1/3 3276/1/3
f 3278/4/3 3272/4/3 3271/4/3
f 3278/4/3 3273/4/3 3272/4/3
f 3279/4/3 3273/4/3 3278/4/3
f 3280/4/3 3273/4/3 3279/4/3
f 3283/1/3 3282/1/3 3281/1/3
f 3284/1/3 3282/1/3 3283/1/3
f 3285/1/3 3282/1/3 3284/1/3
f 3288/1/3 3279/1/3 3278/1/3
f 3289/2/3 3280/2/3 3279/2/3
f 3289/1/3 3279/1/3 3288/1/3
f 3290/2/3 3280/2/3 3289/2/3
f 3291/2/3 3284/2/3 3283/2/3
f 3291/1/3 3285/1/3 3284/1/3
f 3292/2/3 3286/2/3 3285/2/3
f 3292/1/3 3285/1/3 3291/1/3
f 3294/1/3 3288/1/3 3287/1/3
f 3295/2/3 3291/2/3 3283/2/3
f 3295/2/3 3292/2/3 3291/2/3
f 3296/2/3 3292/2/3 3295/2/3
f 3297/2/3 3286/2/3 3292/2/3
f 3297/2/3 3292/2/3 3296/2/3
f 3298/2/3 3286/2/3 3297/2/3
f 3299/2/3 3286/2/3 3298/2/3
f 3302/1/3 3294/1/3 3293/1/3
f 3303/1/3 3288/1/3 3294/1/3
f 3303/1/3 3294/1/3 3302/1/3
f 3304/4/3 3289/4/3 3288/4/3
f 3304/1/3 3288/1/3 3303/1/3
f 3305/4/3 3289/4/3 3304/4/3
f 3306/2/3 3298/2/3 3297/2/3
f 3306/1/3 3299/1/3 3298/1/3
f 3307/2/3 3300/2/3 3299/2/3
f 3307/1/3 3299/1/3 3306/1/3
f 3309/1/3 3303/1/3 3302/1/3
f 3309/1/3 3302/1/3 3301/1/3
f 3310/1/3 3303/1/3 3309/1/3
f 3311/2/3 3305/2/3 3304/2/3
f 3311/1/3 3303/1/3 3310/1/3
f 3311/2/3 3304/2/3 3303/2/3
f 3312/1/3 3310/1/3 3309/1/3
f 3312/1/3 3309/1/3 3308/1/3
f 3313/2/3 3311/2/3 3310/2/3
f 3313/1/3 3310/1/3 3312/1/3
f 3314/2/3 3306/2/3 3297/2/3
f 3314/2/3 3307/2/3 3306/2/3
f 3315/2/3 3300/2/3 3307/2/3
f 3315/2/3 3307/2/3 3314/2/3
f 3316/2/3 3300/2/3 3315/2/3
f 3318/1/3 3312/1/3 3308/1/3
f 3319/2/3 3311/2/3 3313/2/3
f 3319/2/3 3313/2/3 3312/2/3
f 3319/2/3 3305/2/3 3311/2/3
f 3320/2/3 3305/2/3 3319/2/3
f 3321/1/3 3318/1/3 3317/1/3
f 3321/2/3 3317/2/3 3316/2/3
f 3321/2/3 3316/2/3 3315/2/3
f 3322/1/3 3312/1/3 3318/1/3
f 3322/1/3 3318/1/3 3321/1/3
f 3322/2/3 3319/2/3 3312/2/3
f 3323/2/3 3319/2/3 3322/2/3
f 3324/2/3 3319/2/3 3323/2/3
f 3325/2/3 3321/2/3 3315/2/3
f 3325/2/3 3322/2/3 3321/2/3
f 3325/2/3 3323/2/3 3322/2/3
f 3326/2/3 3323/2/3 3325/2/3
f 3329/1/3 3328/1/3 3327/1/3
f 3330/1/3 3328/1/3 3329/1/3
f 3333/1/3 3332/1/3 3331/1/3
f 3334/1/3 3332/1/3 3333/1/3
f 3336/1/3 3335/1/3 3334/1/3
f 3337/1/3 3335/1/3 3336/1/3
f 3341/1/3 3339/1/3 3338/1/3
f 3342/1/3 3339/1/3 3341/1/3
f 3343/1/3 3341/1/3 3340/1/3
f 3344/1/3 3341/1/3 3343/1/3
f 3347/1/3 3346/1/3 3345/1/3
f 3348/1/3 3346/1/3 3347/1/3
f 3354/2/3 3350/2/3 3349/2/3
f 3355/4/3 3351/4/3 3350/4/3
f 3355/2/3 3350/2/3 3354/2/3
f 3356/2/3 3352/2/3 3351/2/3
f 3356/4/3 3351/4/3 3355/4/3
f 3357/4/3 3353/4/3 3352/4/3
f 3358/2/3 3354/2/3 3349/2/3
f 3359/4/3 3355/4/3 3354/4/3
f 3359/2/3 3354/2/3 3358/2/3
f 3360/2/3 3356/2/3 3355/2/3
f 3360/4/3 3355/4/3 3359/4/3
f 3361/2/3 3352/2/3 3356/2/3
f 3361/2/3 3356/2/3 3360/2/3
f 3361/4/3 3357/4/3 3352/4/3
f 3362/4/3 3357/4/3 3361/4/3
f 3365/2/3 3360/2/3 3359/2/3
f 3365/2/3 3359/2/3 3358/2/3
f 3365/2/3 3361/2/3 3360/2/3
f 3365/2/3 3362/2/3 3361/2/3
f 3366/2/3 3362/2/3 3365/2/3
f 3368/2/3 3364/2/3 3363/2/3
f 3368/2/3 3367/2/3 3366/2/3
f 3368/2/3 3366/2/3 3365/2/3
f 3368/2/3 3365/2/3 3364/2/3
f 3369/2/3 3367/2/3 3368/2/3
f 3370/2/3 3367/2/3 3369/2/3
f 3371/2/3 3367/2/3 3370/2/3
f 3372/2/3 3367/2/3 3371/2/3
f 3373/2/3 3367/2/3 3372/2/3
f 3374/2/3 3367/2/3 3373/2/3
f 3377/2/3 3369/2/3 3368/2/3
f 3378/4/3 3370/4/3 3369/4/3
f 3378/2/3 3369/2/3 3377/2/3
f 3379/2/3 3371/2/3 3370/2/3
f 3379/4/3 3370/4/3 3378/4/3
f 3380/4/3 3372/4/3 3371/4/3
f 3380/2/3 3371/2/3 3379/2/3
f 3381/2/3 3373/2/3 3372/2/3
f 3381/4/3 3372/4/3 3380/4/3
f 3382/4/3 3374/4/3 3373/4/3
f 3382/2/3 3373/2/3 3381/2/3
f 3383/4/3 3374/4/3 3382/4/3
f 3385/2/3 3376/2/3 3375/2/3
f 3385/2/3 3384/2/3 3383/2/3
f 3385/2/3 3382/2/3 3381/2/3
f 3385/2/3 3377/2/3 3376/2/3
f 3385/2/3 3383/2/3 3382/2/3
f 3385/2/3 3381/2/3 3380/2/3
f 3385/2/3 3380/2/3 3379/2/3
f 3385/2/3 3379/2/3 3378/2/3
f 3385/2/3 3378/2/3 3377/2/3
f 3386/2/3 3384/2/3 3385/2/3
f 3387/2/3 3384/2/3 3386/2/3
f 3389/2/3 3385/2/3 3375/2/3
f 3390/2/3 3385/2/3 3389/2/3
f 3391/4/3 3386/4/3 3385/4/3
f 3391/2/3 3385/2/3 3390/2/3
f 3392/2/3 3388/2/3 3387/2/3
f 3392/4/3 3386/4/3 3391/4/3
f 3392/2/3 3387/2/3 3386/2/3
f 3393/2/3 3388/2/3 3392/2/3
f 3394/2/3 3388/2/3 3393/2/3
f 3395/2/3 3389/2/3 3375/2/3
f 3396/4/3 3390/4/3 3389/4/3
f 3396/2/3 3389/2/3 3395/2/3
f 3397/2/3 3391/2/3 3390/2/3
f 3397/4/3 3390/4/3 3396/4/3
f 3397/2/3 3392/2/3 3391/2/3
f 3397/2/3 3393/2/3 3392/2/3
f 3398/2/3 3393/2/3 3397/2/3
f 3399/2/3 3393/2/3 3398/2/3
f 3400/4/3 3394/4/3 3393/4/3
f 3400/2/3 3393/2/3 3399/2/3
f 3401/2/3 3388/2/3 3394/2/3
f 3401/4/3 3394/4/3 3400/4/3
f 3404/2/3 3396/2/3 3395/2/3
f 3404/2/3 3397/2/3 3396/2/3
f 3404/2/3 3398/2/3 3397/2/3
f 3405/4/3 3399/4/3 3398/4/3
f 3405/2/3 3398/2/3 3404/2/3
f 3406/2/3 3400/2/3 3399/2/3
f 3406/4/3 3399/4/3 3405/4/3
f 3406/2/3 3401/2/3 3400/2/3
f 3407/2/3 3388/2/3 3401/2/3
f 3407/2/3 3401/2/3 3406/2/3
f 3408/2/3 3388/2/3 3407/2/3
f 3409/2/3 3403/2/3 3402/2/3
f 3409/2/3 3405/2/3 3404/2/3
f 3409/2/3 3404/2/3 3403/2/3
f 3409/2/3 3407/2/3 3406/2/3
f 3409/2/3 3406/2/3 3405/2/3
f 3410/2/3 3407/2/3 3409/2/3
f 3411/4/3 3408/4/3 3407/4/3
f 3411/2/3 3407/2/3 3410/2/3
f 3412/4/3 3408/4/3 3411/4/3
f 3413/4/3 3410/4/3 3409/4/3
f 3413/2/3 3409/2/3 3402/2/3
f 3414/2/3 3412/2/3 3411/2/3
f 3414/4/3 3410/4/3 3413/4/3
f 3414/2/3 3411/2/3 3410/2/3
f 3415/2/3 3412/2/3 3414/2/3
f 3416/2/3 3412/2/3 3415/2/3
f 3417/2/3 3412/2/3 3416/2/3
f 3418/2/3 3412/2/3 3417/2/3
f 3419/2/3 3412/2/3 3418/2/3
f 3420/2/3 3412/2/3 3419/2/3
f 3421/2/3 3414/2/3 3413/2/3
f 3421/2/3 3415/2/3 3414/2/3
f 3421/4/3 3416/4/3 3415/4/3
f 3422/2/3 3417/2/3 3416/2/3
f 3422/4/3 3416/4/3 3421/4/3
f 3423/4/3 3418/4/3 3417/4/3
f 3423/2/3 3417/2/3 3422/2/3
f 3424/2/3 3419/2/3 3418/2/3
f 3424/4/3 3418/4/3 3423/4/3
f 3425/4/3 3420/4/3 3419/4/3
f 3425/2/3 3419/2/3 3424/2/3
f 3426/4/3 3420/4/3 3425/4/3
f 3427/2/3 3413/2/3 3402/2/3
f 3427/2/3 3424/2/3 3423/2/3
f 3427/2/3 3426/2/3 3425/2/3
f 3427/2/3 3425/2/3 3424/2/3
f 3427/2/3 3422/2/3 3421/2/3
f 3427/2/3 3421/2/3 3413/2/3
f 3427/2/3 3423/2/3 3422/2/3
f 3428/2/3 3426/2/3 3427/2/3
f 3429/2/3 3426/2/3 3428/2/3
f 3430/2/3 3426/2/3 3429/2/3
f 3431/2/3 3426/2/3 3430/2/3
f 3432/2/3 3430/2/3 3429/2/3
f 3433/4/3 3431/4/3 3430/4/3
f 3433/2/3 3430/2/3 3432/2/3
f 3434/2/3 3426/2/3 3431/2/3
f 3434/4/3 3431/4/3 3433/4/3
f 3435/2/3 3433/2/3 3432/2/3
f 3435/2/3 3434/2/3 3433/2/3
f 3436/2/3 3434/2/3 3435/2/3
f 3437/2/3 3434/2/3 3436/2/3
f 3438/2/3 3434/2/3 3437/2/3
f 3439/2/3 3426/2/3 3434/2/3
f 3439/2/3 3434/2/3 3438/2/3
f 3440/2/3 3426/2/3 3439/2/3
f 3441/4/3 3436/4/3 3435/4/3
f 3442/2/3 3437/2/3 3436/2/3
f 3442/4/3 3436/4/3 3441/4/3
f 3443/2/3 3439/2/3 3438/2/3
f 3444/2/3 3439/2/3 3443/2/3
f 3445/4/3 3440/4/3 3439/4/3
f 3445/2/3 3439/2/3 3444/2/3
f 3446/2/3 3426/2/3 3440/2/3
f 3446/4/3 3440/4/3 3445/4/3
f 3447/2/3 3426/2/3 3446/2/3
f 3448/2/3 3426/2/3 3447/2/3
f 3449/2/3 3426/2/3 3448/2/3
f 3450/2/3 3426/2/3 3449/2/3
f 3451/2/3 3426/2/3 3450/2/3
f 3452/2/3 3442/2/3 3441/2/3
f 3453/2/3 3437/2/3 3442/2/3
f 3453/2/3 3442/2/3 3452/2/3
f 3454/4/3 3438/4/3 3437/4/3
f 3454/2/3 3437/2/3 3453/2/3
f 3455/2/3 3443/2/3 3438/2/3
f 3455/4/3 3438/4/3 3454/4/3
f 3456/4/3 3444/4/3 3443/4/3
f 3456/2/3 3443/2/3 3455/2/3
f 3457/2/3 3445/2/3 3444/2/3
f 3457/4/3 3444/4/3 3456/4/3
f 3457/2/3 3446/2/3 3445/2/3
f 3457/2/3 3447/2/3 3446/2/3
f 3458/4/3 3448/4/3 3447/4/3
f 3458/2/3 3447/2/3 3457/2/3
f 3459/2/3 3449/2/3 3448/2/3
f 3459/4/3 3448/4/3 3458/4/3
f 3460/4/3 3450/4/3 3449/4/3
f 3460/2/3 3449/2/3 3459/2/3
f 3461/4/3 3450/4/3 3460/4/3
f 3462/2/3 3456/2/3 3455/2/3
f 3462/2/3 3460/2/3 3459/2/3
f 3462/2/3 3457/2/3 3456/2/3
f 3462/2/3 3458/2/3 3457/2/3
f 3462/2/3 3459/2/3 3458/2/3
f 3462/2/3 3455/2/3 3454/2/3
f 3463/2/3 3460/2/3 3462/2/3
f 3464/2/3 3460/2/3 3463/2/3
f 3465/2/3 3460/2/3 3464/2/3
f 3466/2/3 3460/2/3 3465/2/3
f 3467/2/3 3460/2/3 3466/2/3
f 3468/2/3 3466/2/3 3465/2/3
f 3469/2/3 3466/2/3 3468/2/3
f 3470/2/3 3466/2/3 3469/2/3
f 3471/2/3 3466/2/3 3470/2/3
f 3472/2/3 3469/2/3 3468/2/3
f 3473/2/3 3469/2/3 3472/2/3
f 3474/2/3 3471/2/3 3470/2/3
f 3475/4/3 3473/4/3 3472/4/3
f 3476/2/3 3469/2/3 3473/2/3
f 3476/4/3 3473/4/3 3475/4/3
f 3477/4/3 3470/4/3 3469/4/3
f 3477/2/3 3469/2/3 3476/2/3
f 3478/2/3 3474/2/3 3470/2/3
f 3478/4/3 3470/4/3 3477/4/3
f 3479/2/3 3474/2/3 3478/2/3
f 3480/2/4 3481/2/4 3485/2/4
f 3481/4/4 3482/4/4 3486/4/4
f 3485/2/4 3481/2/4 3486/2/4
f 3482/2/4 3483/2/4 3487/2/4
f 3486/4/4 3482/4/4 3487/4/4
f 3483/4/4 3484/4/4 3488/4/4
f 3480/2/4 3485/2/4 3489/2/4
f 3485/4/4 3486/4/4 3490/4/4
f 3489/2/4 3485/2/4 3490/2/4
f 3486/2/4 3487/2/4 3491/2/4
f 3490/4/4 3486/4/4 3491/4/4
f 3487/2/4 3483/2/4 3492/2/4
f 3491/2/4 3487/2/4 3492/2/4
f 3483/4/4 3488/4/4 3492/4/4
f 3492/4/4 3488/4/4 3493/4/4
f 3490/2/4 3491/2/4 3496/2/4
f 3489/2/4 3490/2/4 3496/2/4
f 3491/2/4 3492/2/4 3496/2/4
f 3492/2/4 3493/2/4 3496/2/4
f 3496/2/4 3493/2/4 3497/2/4
f 3494/2/4 3495/2/4 3499/2/4
f 3497/2/4 3498/2/4 3499/2/4
f 3496/2/4 3497/2/4 3499/2/4
f 3495/2/4 3496/2/4 3499/2/4
f 3499/2/4 3498/2/4 3500/2/4
f 3500/2/4 3498/2/4 3501/2/4
f 3501/2/4 3498/2/4 3502/2/4
f 3502/2/4 3498/2/4 3503/2/4
f 3503/2/4 3498/2/4 3504/2/4
f 3504/2/4 3498/2/4 3505/2/4
f 3499/2/4 3500/2/4 3508/2/4
f 3500/4/4 3501/4/4 3509/4/4
f 3508/2/4 3500/2/4 3509/2/4
f 3501/2/4 3502/2/4 3510/2/4
f 3509/4/4 3501/4/4 3510/4/4
f 3502/4/4 3503/4/4 3511/4/4
f 3510/2/4 3502/2/4 3511/2/4
f 3503/2/4 3504/2/4 3512/2/4
f 3511/4/4 3503/4/4 3512/4/4
f 3504/4/4 3505/4/4 3513/4/4
f 3512/2/4 3504/2/4 3513/2/4
f 3513/4/4 3505/4/4 3514/4/4
f 3506/2/4 3507/2/4 3516/2/4
f 3514/2/4 3515/2/4 3516/2/4
f 3512/2/4 3513/2/4 3516/2/4
f 3507/2/4 3508/2/4 3516/2/4
f 3513/2/4 3514/2/4 3516/2/4
f 3511/2/4 3512/2/4 3516/2/4
f 3510/2/4 3511/2/4 3516/2/4
f 3509/2/4 3510/2/4 3516/2/4
f 3508/2/4 3509/2/4 3516/2/4
f 3516/2/4 3515/2/4 3517/2/4
f 3517/2/4 3515/2/4 3518/2/4
f 3506/2/4 3516/2/4 3520/2/4
f 3520/2/4 3516/2/4 3521/2/4
f 3516/4/4 3517/4/4 3522/4/4
f 3521/2/4 3516/2/4 3522/2/4
f 3518/2/4 3519/2/4 3523/2/4
f 3522/4/4 3517/4/4 3523/4/4
f 3517/2/4 3518/2/4 3523/2/4
f 3523/2/4 3519/2/4 3524/2/4
f 3524/2/4 3519/2/4 3525/2/4
f 3506/2/4 3520/2/4 3526/2/4
f 3520/4/4 3521/4/4 3527/4/4
f 3526/2/4 3520/2/4 3527/2/4
f 3521/2/4 3522/2/4 3528/2/4
f 3527/4/4 3521/4/4 3528/4/4
f 3522/2/4 3523/2/4 3528/2/4
f 3523/2/4 3524/2/4 3528/2/4
f 3528/2/4 3524/2/4 3529/2/4
f 3529/2/4 3524/2/4 3530/2/4
f 3524/4/4 3525/4/4 3531/4/4
f 3530/2/4 3524/2/4 3531/2/4
f 3525/2/4 3519/2/4 3532/2/4
f 3531/4/4 3525/4/4 3532/4/4
f 3526/2/4 3527/2/4 3535/2/4
f 3527/2/4 3528/2/4 3535/2/4
f 3528/2/4 3529/2/4 3535/2/4
f 3529/4/4 3530/4/4 3536/4/4
f 3535/2/4 3529/2/4 3536/2/4
f 3530/2/4 3531/2/4 3537/2/4
f 3536/4/4 3530/4/4 3537/4/4
f 3531/2/4 3532/2/4 3537/2/4
f 3532/2/4 3519/2/4 3538/2/4
f 3537/2/4 3532/2/4 3538/2/4
f 3538/2/4 3519/2/4 3539/2/4
f 3533/2/4 3534/2/4 3540/2/4
f 3535/2/4 3536/2/4 3540/2/4
f 3534/2/4 3535/2/4 3540/2/4
f 3537/2/4 3538/2/4 3540/2/4
f 3536/2/4 3537/2/4 3540/2/4
f 3540/2/4 3538/2/4 3541/2/4
f 3538/4/4 3539/4/4 3542/4/4
f 3541/2/4 3538/2/4 3542/2/4
f 3542/4/4 3539/4/4 3543/4/4
f 3540/4/4 3541/4/4 3544/4/4
f 3533/2/4 3540/2/4 3544/2/4
f 3542/2/4 3543/2/4 3545/2/4
f 3544/4/4 3541/4/4 3545/4/4
f 3541/2/4 3542/2/4 3545/2/4
f 3545/2/4 3543/2/4 3546/2/4
f 3546/2/4 3543/2/4 3547/2/4
f 3547/2/4 3543/2/4 3548/2/4
f 3548/2/4 3543/2/4 3549/2/4
f 3549/2/4 3543/2/4 3550/2/4
f 3550/2/4 3543/2/4 3551/2/4
f 3544/2/4 3545/2/4 3552/2/4
f 3545/2/4 3546/2/4 3552/2/4
f 3546/4/4 3547/4/4 3552/4/4
f 3547/2/4 3548/2/4 3553/2/4
f 3552/4/4 3547/4/4 3553/4/4
f 3548/4/4 3549/4/4 3554/4/4
f 3553/2/4 3548/2/4 3554/2/4
f 3549/2/4 3550/2/4 3555/2/4
f 3554/4/4 3549/4/4 3555/4/4
f 3550/4/4 3551/4/4 3556/4/4
f 3555/2/4 3550/2/4 3556/2/4
f 3556/4/4 3551/4/4 3557/4/4
f 3533/2/4 3544/2/4 3558/2/4
f 3554/2/4 3555/2/4 3558/2/4
f 3556/2/4 3557/2/4 3558/2/4
f 3555/2/4 3556/2/4 3558/2/4
f 3552/2/4 3553/2/4 3558/2/4
f 3544/2/4 3552/2/4 3558/2/4
f 3553/2/4 3554/2/4 3558/2/4
f 3558/2/4 3557/2/4 3559/2/4
f 3559/2/4 3557/2/4 3560/2/4
f 3560/2/4 3557/2/4 3561/2/4
f 3561/2/4 3557/2/4 3562/2/4
f 3560/2/4 3561/2/4 3563/2/4
f 3561/4/4 3562/4/4 3564/4/4
f 3563/2/4 3561/2/4 3564/2/4
f 3562/2/4 3557/2/4 3565/2/4
f 3564/4/4 3562/4/4 3565/4/4
f 3563/2/4 3564/2/4 3566/2/4
f 3564/2/4 3565/2/4 3566/2/4
f 3566/2/4 3565/2/4 3567/2/4
f 3567/2/4 3565/2/4 3568/2/4
f 3568/2/4 3565/2/4 3569/2/4
f 3565/2/4 3557/2/4 3570/2/4
f 3569/2/4 3565/2/4 3570/2/4
f 3570/2/4 3557/2/4 3571/2/4
f 3566/4/4 3567/4/4 3572/4/4
f 3567/2/4 3568/2/4 3573/2/4
f 3572/4/4 3567/4/4 3573/4/4
f 3569/2/4 3570/2/4 3574/2/4
f 3574/2/4 3570/2/4 3575/2/4
f 3570/4/4 3571/4/4 3576/4/4
f 3575/2/4 3570/2/4 3576/2/4
f 3571/2/4 3557/2/4 3577/2/4
f 3576/4/4 3571/4/4 3577/4/4
f 3577/2/4 3557/2/4 3578/2/4
f 3578/2/4 3557/2/4 3579/2/4
f 3579/2/4 3557/2/4 3580/2/4
f 3580/2/4 3557/2/4 3581/2/4
f 3581/2/4 3557/2/4 3582/2/4
f 3572/2/4 3573/2/4 3583/2/4
f 3573/2/4 3568/2/4 3584/2/4
f 3583/2/4 3573/2/4 3584/2/4
f 3568/4/4 3569/4/4 3585/4/4
f 3584/2/4 3568/2/4 3585/2/4
f 3569/2/4 3574/2/4 3586/2/4
f 3585/4/4 3569/4/4 3586/4/4
f 3574/4/4 3575/4/4 3587/4/4
f 3586/2/4 3574/2/4 3587/2/4
f 3575/2/4 3576/2/4 3588/2/4
f 3587/4/4 3575/4/4 3588/4/4
f 3576/2/4 3577/2/4 3588/2/4
f 3577/2/4 3578/2/4 3588/2/4
f 3578/4/4 3579/4/4 3589/4/4
f 3588/2/4 3578/2/4 3589/2/4
f 3579/2/4 3580/2/4 3590/2/4
f 3589/4/4 3579/4/4 3590/4/4
f 3580/4/4 3581/4/4 3591/4/4
f 3590/2/4 3580/2/4 3591/2/4
f 3591/4/4 3581/4/4 3592/4/4
f 3586/2/4 3587/2/4 3593/2/4
f 3590/2/4 3591/2/4 3593/2/4
f 3587/2/4 3588/2/4 3593/2/4
f 3588/2/4 3589/2/4 3593/2/4
f 3589/2/4 3590/2/4 3593/2/4
f 3585/2/4 3586/2/4 3593/2/4
f 3593/2/4 3591/2/4 3594/2/4
f 3593/2/4 3594/2/4 3595/2/4
f 3595/2/4 3594/2/4 3596/2/4
f 3596/2/4 3594/2/4 3597/2/4
f 3597/2/4 3594/2/4 3598/2/4
f 3598/2/4 3594/2/4 3599/2/4
f 3597/2/4 3598/2/4 3600/2/4
f 3600/2/4 3598/2/4 3601/2/4
f 3601/2/4 3598/2/4 3602/2/4
f 3602/2/4 3598/2/4 3603/2/4
f 3600/2/4 3601/2/4 3604/2/4
f 3604/2/4 3601/2/4 3605/2/4
f 3602/2/4 3603/2/4 3606/2/4
f 3604/4/4 3605/4/4 3607/4/4
f 3605/2/4 3601/2/4 3608/2/4
f 3607/4/4 3605/4/4 3608/4/4
f 3601/4/4 3602/4/4 3609/4/4
f 3608/2/4 3601/2/4 3609/2/4
f 3602/2/4 3606/2/4 3610/2/4
f 3609/4/4 3602/4/4 3610/4/4
f 3610/2/4 3606/2/4 3611/2/4
f 3612/1/4 3613/1/4 3614/1/4
f 3614/1/4 3613/1/4 3615/1/4
f 3616/1/4 3617/1/4 3618/1/4
f 3618/1/4 3617/1/4 3619/1/4
f 3619/1/4 3620/1/4 3621/1/4
f 3621/1/4 3620/1/4 3622/1/4
f 3623/1/4 3624/1/4 3626/1/4
f 3626/1/4 3624/1/4 3627/1/4
f 3625/1/4 3626/1/4 3628/1/4
f 3628/1/4 3626/1/4 3629/1/4
f 3630/2/4 3631/2/4 3632/2/4
f 3632/2/4 3631/2/4 3633/2/4
f 3634/2/4 3635/2/4 3636/2/4
f 3636/2/4 3635/2/4 3637/2/4
f 3637/2/4 3635/2/4 3638/2/4
f 3634/2/4 3636/2/4 3641/2/4
f 3641/2/4 3636/2/4 3642/2/4
f 3636/1/4 3637/1/4 3643/1/4
f 3642/2/4 3636/2/4 3643/2/4
f 3643/1/4 3637/1/4 3644/1/4
f 3637/4/4 3638/4/4 3645/4/4
f 3644/1/4 3637/1/4 3645/1/4
f 3638/2/4 3639/2/4 3646/2/4
f 3645/4/4 3638/4/4 3646/4/4
f 3646/2/4 3639/2/4 3647/2/4
f 3644/1/4 3645/1/4 3649/1/4
f 3647/2/4 3648/2/4 3649/2/4
f 3646/2/4 3647/2/4 3649/2/4
f 3645/2/4 3646/2/4 3649/2/4
f 3649/2/4 3648/2/4 3650/2/4
f 3650/2/4 3648/2/4 3651/2/4
f 3640/2/4 3641/2/4 3652/2/4
f 3641/2/4 3642/2/4 3652/2/4
f 3652/2/4 3642/2/4 3653/2/4
f 3644/1/4 3649/1/4 3654/1/4
f 3649/1/4 3650/1/4 3654/1/4
f 3654/1/4 3650/1/4 3655/1/4
f 3650/2/4 3651/2/4 3656/2/4
f 3655/1/4 3650/1/4 3656/1/4
f 3656/2/4 3651/2/4 3657/2/4
f 3657/2/4 3651/2/4 3658/2/4
f 3640/2/4 3652/2/4 3661/2/4
f 3661/2/4 3652/2/4 3662/2/4
f 3652/1/4 3653/1/4 3663/1/4
f 3662/2/4 3652/2/4 3663/2/4
f 3653/2/4 3642/2/4 3664/2/4
f 3663/1/4 3653/1/4 3664/1/4
f 3664/2/4 3642/2/4 3665/2/4
f 3655/1/4 3656/1/4 3666/1/4
f 3656/1/4 3657/1/4 3666/1/4
f 3666/1/4 3657/1/4 3667/1/4
f 3657/2/4 3658/2/4 3668/2/4
f 3667/1/4 3657/1/4 3668/1/4
f 3668/2/4 3658/2/4 3669/2/4
f 3659/2/4 3660/2/4 3670/2/4
f 3660/2/4 3661/2/4 3670/2/4
f 3661/4/4 3662/4/4 3671/4/4
f 3670/2/4 3661/2/4 3671/2/4
f 3662/2/4 3663/2/4 3672/2/4
f 3671/4/4 3662/4/4 3672/4/4
f 3663/2/4 3664/2/4 3672/2/4
f 3668/1/4 3669/1/4 3673/1/4
f 3667/1/4 3668/1/4 3673/1/4
f 3673/1/4 3669/1/4 3674/1/4
f 3669/2/4 3658/2/4 3675/2/4
f 3674/1/4 3669/1/4 3675/1/4
f 3675/2/4 3658/2/4 3676/2/4
f 3670/1/4 3671/1/4 3677/1/4
f 3671/2/4 3672/2/4 3677/2/4
f 3672/2/4 3664/2/4 3678/2/4
f 3677/2/4 3672/2/4 3678/2/4
f 3675/1/4 3676/1/4 3679/1/4
f 3674/1/4 3675/1/4 3679/1/4
f 3679/1/4 3676/1/4 3680/1/4
f 3680/1/4 3676/1/4 3681/1/4
f 3680/1/4 3681/1/4 3683/1/4
f 3681/2/4 3682/2/4 3684/2/4
f 3683/1/4 3681/1/4 3684/1/4
f 3684/2/4 3682/2/4 3685/2/4
f 3659/2/4 3670/2/4 3686/2/4
f 3670/1/4 3677/1/4 3687/1/4
f 3686/2/4 3670/2/4 3687/2/4
f 3686/1/4 3687/1/4 3688/1/4
f 3687/1/4 3677/1/4 3689/1/4
f 3688/1/4 3687/1/4 3689/1/4
f 3683/4/4 3684/4/4 3690/4/4
f 3684/4/4 3685/4/4 3690/4/4
f 3690/4/4 3685/4/4 3691/4/4
f 3691/4/4 3685/4/4 3692/4/4
f 3693/1/4 3694/1/4 3695/1/4
f 3695/1/4 3694/1/4 3696/1/4
f 3696/1/4 3694/1/4 3697/1/4
f 3690/1/4 3691/1/4 3700/1/4
f 3691/2/4 3692/2/4 3701/2/4
f 3700/1/4 3691/1/4 3701/1/4
f 3701/2/4 3692/2/4 3702/2/4
f 3695/2/4 3696/2/4 3703/2/4
f 3696/1/4 3697/1/4 3703/1/4
f 3697/2/4 3698/2/4 3704/2/4
f 3703/1/4 3697/1/4 3704/1/4
f 3699/1/4 3700/1/4 3706/1/4
f 3695/2/4 3703/2/4 3707/2/4
f 3703/2/4 3704/2/4 3707/2/4
f 3707/2/4 3704/2/4 3708/2/4
f 3704/2/4 3698/2/4 3709/2/4
f 3708/2/4 3704/2/4 3709/2/4
f 3709/2/4 3698/2/4 3710/2/4
f 3710/2/4 3698/2/4 3711/2/4
f 3705/1/4 3706/1/4 3714/1/4
f 3706/1/4 3700/1/4 3715/1/4
f 3714/1/4 3706/1/4 3715/1/4
f 3700/4/4 3701/4/4 3716/4/4
f 3715/1/4 3700/1/4 3716/1/4
f 3716/4/4 3701/4/4 3717/4/4
f 3709/2/4 3710/2/4 3718/2/4
f 3710/1/4 3711/1/4 3718/1/4
f 3711/2/4 3712/2/4 3719/2/4
f 3718/1/4 3711/1/4 3719/1/4
f 3714/1/4 3715/1/4 3721/1/4
f 3713/1/4 3714/1/4 3721/1/4
f 3721/1/4 3715/1/4 3722/1/4
f 3716/2/4 3717/2/4 3723/2/4
f 3722/1/4 3715/1/4 3723/1/4
f 3715/2/4 3716/2/4 3723/2/4
f 3721/1/4 3722/1/4 3724/1/4
f 3720/1/4 3721/1/4 3724/1/4
f 3722/2/4 3723/2/4 3725/2/4
f 3724/1/4 3722/1/4 3725/1/4
f 3709/2/4 3718/2/4 3726/2/4
f 3718/2/4 3719/2/4 3726/2/4
f 3719/2/4 3712/2/4 3727/2/4
f 3726/2/4 3719/2/4 3727/2/4
f 3727/2/4 3712/2/4 3728/2/4
f 3720/1/4 3724/1/4 3730/1/4
f 3725/2/4 3723/2/4 3731/2/4
f 3724/2/4 3725/2/4 3731/2/4
f 3723/2/4 3717/2/4 3731/2/4
f 3731/2/4 3717/2/4 3732/2/4
f 3729/1/4 3730/1/4 3733/1/4
f 3728/2/4 3729/2/4 3733/2/4
f 3727/2/4 3728/2/4 3733/2/4
f 3730/1/4 3724/1/4 3734/1/4
f 3733/1/4 3730/1/4 3734/1/4
f 3724/2/4 3731/2/4 3734/2/4
f 3734/2/4 3731/2/4 3735/2/4
f 3735/2/4 3731/2/4 3736/2/4
f 3727/2/4 3733/2/4 3737/2/4
f 3733/2/4 3734/2/4 3737/2/4
f 3734/2/4 3735/2/4 3737/2/4
f 3737/2/4 3735/2/4 3738/2/4
f 3739/2/4 3740/2/4 3741/2/4
f 3741/2/4 3740/2/4 3742/2/4
f 3742/2/4 3743/2/4 3744/2/4
f 3744/2/4 3743/2/4 3745/2/4
f 3745/2/4 3746/2/4 3747/2/4
f 3747/2/4 3746/2/4 3748/2/4
f 3747/4/4 3748/4/4 3749/4/4
f 3749/4/4 3748/4/4 3750/4/4
f 3751/2/4 3752/2/4 3753/2/4
f 3753/2/4 3752/2/4 3754/2/4
f 3753/4/4 3754/4/4 3756/4/4
f 3756/4/4 3754/4/4 3757/4/4
f 3755/2/4 3756/2/4 3758/2/4
f 3756/2/4 3757/2/4 3758/2/4
f 3758/2/4 3757/2/4 3759/2/4
f 3759/2/4 3757/2/4 3760/2/4
f 3760/2/4 3757/2/4 3761/2/4
f 3762/2/4 3763/2/4 3765/2/4
f 3765/2/4 3763/2/4 3766/2/4
f 3764/2/4 3765/2/4 3768/2/4
f 3768/2/4 3765/2/4 3769/2/4
f 3767/2/4 3768/2/4 3770/2/4
f 3770/2/4 3768/2/4 3771/2/4
f 3772/2/4 3773/2/4 3778/2/4
f 3773/2/4 3774/2/4 3778/2/4
f 3774/2/4 3775/2/4 3778/2/4
f 3778/2/4 3775/2/4 3779/2/4
f 3780/2/4 3781/2/4 3782/2/4
f 3782/2/4 3781/2/4 3783/2/4
f 3776/2/4 3777/2/4 3786/2/4
f 3786/2/4 3777/2/4 3787/2/4
f 3783/2/4 3784/2/4 3788/2/4
f 3788/2/4 3784/2/4 3789/2/4
f 3785/2/4 3786/2/4 3791/2/4
f 3790/3/4 3791/3/4 3792/3/4
f 3791/2/4 3786/2/4 3793/2/4
f 3792/3/4 3791/3/4 3793/3/4
f 3793/2/4 3786/2/4 3794/2/4
f 3795/2/4 3796/2/4 3797/2/4
f 3795/2/4 3797/2/4 3806/2/4
f 3798/2/4 3799/2/4 3807/2/4
f 3799/4/4 3800/4/4 3807/4/4
f 3807/4/4 3800/4/4 3808/4/4
f 3798/2/4 3807/2/4 3809/2/4
f 3807/2/4 3808/2/4 3809/2/4
f 3809/2/4 3808/2/4 3810/2/4
f 3803/2/4 3804/2/4 3812/2/4
f 3809/1/4 3810/1/4 3813/1/4
f 3813/1/4 3810/1/4 3814/1/4
f 3811/2/4 3812/2/4 3815/2/4
f 3812/2/4 3804/2/4 3815/2/4
f 3815/2/4 3804/2/4 3816/2/4
f 3809/1/4 3813/1/4 3817/1/4
f 3817/1/4 3813/1/4 3818/1/4
f 3815/1/4 3816/1/4 3821/1/4
f 3811/2/4 3815/2/4 3821/2/4
f 3821/1/4 3816/1/4 3822/1/4
f 3811/2/4 3821/2/4 3823/2/4
f 3821/2/4 3822/2/4 3823/2/4
f 3823/2/4 3822/2/4 3824/2/4
f 3819/1/4 3820/1/4 3825/1/4
f 3819/1/4 3825/1/4 3827/1/4
f 3825/1/4 3826/1/4 3827/1/4
f 3827/1/4 3826/1/4 3828/1/4
f 3824/2/4 3822/2/4 3829/2/4
f 3829/2/4 3822/2/4 3830/2/4
f 3805/2/4 3806/2/4 3831/2/4
f 3806/2/4 3797/2/4 3832/2/4
f 3831/2/4 3806/2/4 3832/2/4
f 3827/2/4 3828/2/4 3833/2/4
f 3833/2/4 3828/2/4 3834/2/4
f 3832/2/4 3797/2/4 3835/2/4
f 3833/4/4 3834/4/4 3836/4/4
f 3834/2/4 3828/2/4 3837/2/4
f 3836/4/4 3834/4/4 3837/4/4
f 3837/2/4 3828/2/4 3838/2/4
f 3801/3/4 3802/3/4 3839/3/4
f 3839/3/4 3802/3/4 3840/3/4
f 3832/2/4 3835/2/4 3844/2/4
f 3844/2/4 3835/2/4 3845/2/4
f 3841/3/4 3842/3/4 3846/3/4
f 3842/2/4 3843/2/4 3847/2/4
f 3846/3/4 3842/3/4 3847/3/4
f 3847/2/4 3843/2/4 3848/2/4
f 3848/2/4 3843/2/4 3849/2/4
f 3851/2/4 3852/2/4 3854/2/4
f 3854/2/4 3852/2/4 3855/2/4
f 3849/2/4 3850/2/4 3856/2/4
f 3856/2/4 3850/2/4 3857/2/4
f 3853/2/4 3854/2/4 3860/2/4
f 3860/2/4 3854/2/4 3861/2/4
f 3858/2/4 3859/2/4 3862/2/4
f 3862/2/4 3859/2/4 3863/2/4
f 3863/2/4 3859/2/4 3864/2/4
f 3864/2/4 3859/2/4 3865/2/4
f 3866/1/4 3867/1/4 3868/1/4
f 3868/1/4 3867/1/4 3869/1/4
f 3870/2/4 3871/2/4 3872/2/4
f 3872/2/4 3871/2/4 3873/2/4
f 3876/4/4 3877/4/4 3880/4/4
f 3877/2/4 3878/2/4 3881/2/4
f 3880/4/4 3877/4/4 3881/4/4
f 3878/1/4 3879/1/4 3882/1/4
f 3881/2/4 3878/2/4 3882/2/4
f 3882/1/4 3879/1/4 3883/1/4
f 3874/3/4 3875/3/4 3884/3/4
f 3884/3/4 3875/3/4 3885/3/4
f 3880/2/4 3881/2/4 3886/2/4
f 3881/2/4 3882/2/4 3886/2/4
f 3886/2/4 3882/2/4 3887/2/4
f 3887/2/4 3882/2/4 3888/2/4
f 3889/2/4 3890/2/4 3891/2/4
f 3891/2/4 3890/2/4 3892/2/4
f 3893/2/4 3894/2/4 3897/2/4
f 3897/2/4 3894/2/4 3898/2/4
f 3899/2/4 3900/2/4 3903/2/4
f 3903/2/4 3900/2/4 3904/2/4
f 3901/2/4 3902/2/4 3905/2/4
f 3905/2/4 3902/2/4 3906/2/4
f 3895/2/4 3896/2/4 3907/2/4
f 3907/2/4 3896/2/4 3908/2/4
f 3909/2/4 3910/2/4 3916/2/4
f 3916/2/4 3910/2/4 3917/2/4
f 3913/1/4 3914/1/4 3918/1/4
f 3914/2/4 3915/2/4 3919/2/4
f 3918/1/4 3914/1/4 3919/1/4
f 3919/2/4 3915/2/4 3920/2/4
f 3920/2/4 3915/2/4 3921/2/4
f 3911/3/4 3912/3/4 3923/3/4
f 3923/3/4 3912/3/4 3924/3/4
f 3918/4/4 3919/4/4 3925/4/4
f 3919/4/4 3920/4/4 3925/4/4
f 3925/4/4 3920/4/4 3926/4/4
f 3920/2/4 3921/2/4 3927/2/4
f 3926/4/4 3920/4/4 3927/4/4
f 3921/1/4 3922/1/4 3928/1/4
f 3927/2/4 3921/2/4 3928/2/4
f 3928/1/4 3922/1/4 3929/1/4
f 3930/2/4 3931/2/4 3934/2/4
f 3934/2/4 3931/2/4 3935/2/4
f 3932/2/4 3933/2/4 3936/2/4
f 3936/2/4 3933/2/4 3937/2/4
f 3938/2/4 3939/2/4 3942/2/4
f 3942/2/4 3939/2/4 3943/2/4
f 3940/2/4 3941/2/4 3944/2/4
f 3944/2/4 3941/2/4 3945/2/4
f 3945/2/4 3941/2/4 3946/2/4
f 3942/1/4 3943/1/4 3947/1/4
f 3947/1/4 3943/1/4 3948/1/4
f 3945/1/4 3946/1/4 3949/1/4
f 3949/1/4 3946/1/4 3950/1/4
f 3951/2/4 3952/2/4 3955/2/4
f 3955/2/4 3952/2/4 3956/2/4
f 3953/2/4 3954/2/4 3958/2/4
f 3958/2/4 3954/2/4 3959/2/4
f 3957/2/4 3958/2/4 3962/2/4
f 3958/1/4 3959/1/4 3963/1/4
f 3962/2/4 3958/2/4 3963/2/4
f 3963/1/4 3959/1/4 3964/1/4
f 3960/2/4 3961/2/4 3965/2/4
f 3965/2/4 3961/2/4 3966/2/4
f 3970/2/4 3971/2/4 3972/2/4
f 3972/2/4 3971/2/4 3973/2/4
f 3967/2/4 3968/2/4 3974/2/4
f 3968/1/4 3969/1/4 3975/1/4
f 3974/2/4 3968/2/4 3975/2/4
f 3975/1/4 3969/1/4 3976/1/4
f 3975/2/4 3976/2/4 3977/2/4
f 3977/2/4 3976/2/4 3978/2/4
f 3979/1/4 3980/1/4 3981/1/4
f 3981/1/4 3980/1/4 3982/1/4
f 3985/2/4 3986/2/4 3988/2/4
f 3983/2/4 3984/2/4 3989/2/4
f 3989/2/4 3984/2/4 3990/2/4
f 3987/2/4 3988/2/4 3991/2/4
f 3988/2/4 3986/2/4 3992/2/4
f 3991/2/4 3988/2/4 3992/2/4
f 3993/1/4 3994/1/4 3995/1/4
f 3995/1/4 3994/1/4 3996/1/4
f 3999/2/4 4000/2/4 4001/2/4
f 4001/2/4 4000/2/4 4002/2/4
f 3997/3/4 3998/3/4 4003/3/4
f 4003/3/4 3998/3/4 4004/3/4
f 4005/2/4 4006/2/4 4009/2/4
f 4009/2/4 4006/2/4 4010/2/4
f 4007/3/4 4008/3/4 4011/3/4
f 4011/3/4 4008/3/4 4012/3/4
f 4013/2/4 4014/2/4 4015/2/4
f 4015/2/4 4014/2/4 4016/2/4
f 4017/2/4 4018/2/4 4019/2/4
f 4019/2/4 4018/2/4 4020/2/4
f 4020/1/4 4021/1/4 4022/1/4
f 4022/1/4 4021/1/4 4023/1/4
f 4024/2/4 4025/2/4 4026/2/4
f 4026/2/4 4025/2/4 4027/2/4
f 4028/2/4 4029/2/4 4030/2/4
f 4030/2/4 4029/2/4 4031/2/4
f 4032/2/4 4033/2/4 4035/2/4
f 4035/2/4 4033/2/4 4036/2/4
f 4034/2/4 4035/2/4 4037/2/4
f 4037/2/4 4035/2/4 4038/2/4
f 4039/2/4 4040/2/4 4041/2/4
f 4041/2/4 4040/2/4 4042/2/4
f 4043/2/4 4044/2/4 4045/2/4
f 4045/2/4 4044/2/4 4046/2/4
f 4047/3/4 4048/3/4 4050/3/4
f 4048/2/4 4049/2/4 4051/2/4
f 4050/3/4 4048/3/4 4051/3/4
f 4051/2/4 4049/2/4 4052/2/4
f 4053/3/4 4054/3/4 4056/3/4
f 4056/3/4 4054/3/4 4057/3/4
f 4054/1/4 4055/1/4 4058/1/4
f 4057/3/4 4054/3/4 4058/3/4
f 4058/1/4 4055/1/4 4059/1/4
f 4060/2/4 4061/2/4 4063/2/4
f 4061/3/4 4062/3/4 4064/3/4
f 4063/2/4 4061/2/4 4064/2/4
f 4064/3/4 4062/3/4 4065/3/4
f 4066/2/4 4067/2/4 4070/2/4
f 4070/2/4 4067/2/4 4071/2/4
f 4068/2/4 4069/2/4 4072/2/4
f 4072/2/4 4069/2/4 4073/2/4
f 4074/2/4 4075/2/4 4078/2/4
f 4078/2/4 4075/2/4 4079/2/4
f 4076/2/4 4077/2/4 4080/2/4
f 4080/2/4 4077/2/4 4081/2/4
f 4082/2/4 4083/2/4 4085/2/4
f 4083/3/4 4084/3/4 4086/3/4
f 4085/2/4 4083/2/4 4086/2/4
f 4086/3/4 4084/3/4 4087/3/4
f 4088/2/4 4089/2/4 4090/2/4
f 4090/2/4 4089/2/4 4091/2/4
f 4092/2/4 4093/2/4 4094/2/4
f 4094/2/4 4093/2/4 4095/2/4
f 4096/2/4 4097/2/4 4098/2/4
f 4098/2/4 4097/2/4 4099/2/4
f 4099/2/4 4100/2/4 4101/2/4
f 4101/2/4 4100/2/4 4102/2/4
f 4105/1/4 4106/1/4 4109/1/4
f 4107/2/4 4108/2/4 4110/2/4
f 4109/1/4 4106/1/4 4110/1/4
f 4106/2/4 4107/2/4 4110/2/4
f 4110/2/4 4108/2/4 4111/2/4
f 4103/2/4 4104/2/4 4113/2/4
f 4113/2/4 4104/2/4 4114/2/4
f 4113/4/4 4114/4/4 4115/4/4
f 4115/4/4 4114/4/4 4116/4/4
f 4105/1/4 4109/1/4 4117/1/4
f 4111/2/4 4112/2/4 4118/2/4
f 4117/1/4 4109/1/4 4118/1/4
f 4109/2/4 4110/2/4 4118/2/4
f 4110/2/4 4111/2/4 4118/2/4
f 4118/2/4 4112/2/4 4119/2/4
f 4120/4/4 4121/4/4 4124/4/4
f 4124/4/4 4121/4/4 4125/4/4
f 4122/2/4 4123/2/4 4126/2/4
f 4126/2/4 4123/2/4 4127/2/4
f 4127/2/4 4123/2/4 4128/2/4
f 4124/2/4 4125/2/4 4129/2/4
f 4129/2/4 4125/2/4 4130/2/4
f 4122/2/4 4126/2/4 4131/2/4
f 4126/1/4 4127/1/4 4132/1/4
f 4131/2/4 4126/2/4 4132/2/4
f 4132/1/4 4127/1/4 4133/1/4
f 4133/1/4 4127/1/4 4134/1/4
f 4135/2/4 4136/2/4 4138/2/4
f 4138/2/4 4136/2/4 4139/2/4
f 4137/2/4 4138/2/4 4140/2/4
f 4140/2/4 4138/2/4 4141/2/4
f 4142/2/4 4143/2/4 4144/2/4
f 4144/2/4 4143/2/4 4145/2/4
f 4146/2/4 4147/2/4 4150/2/4
f 4147/3/4 4148/3/4 4151/3/4
f 4150/2/4 4147/2/4 4151/2/4
f 4151/3/4 4148/3/4 4152/3/4
f 4149/2/4 4150/2/4 4153/2/4
f 4153/2/4 4150/2/4 4154/2/4
f 4155/1/4 4156/1/4 4157/1/4
f 4157/1/4 4156/1/4 4158/1/4
f 4159/1/4 4160/1/4 4161/1/4
f 4161/1/4 4160/1/4 4162/1/4
f 4163/2/4 4164/2/4 4165/2/4
f 4165/2/4 4164/2/4 4166/2/4
f 4166/2/4 4167/2/4 4171/2/4
f 4167/3/4 4168/3/4 4172/3/4
f 4171/2/4 4167/2/4 4172/2/4
f 4172/3/4 4168/3/4 4173/3/4
f 4169/2/4 4170/2/4 4174/2/4
f 4174/2/4 4170/2/4 4175/2/4
f 4176/4/4 4177/4/4 4180/4/4
f 4180/4/4 4177/4/4 4181/4/4
f 4178/2/4 4179/2/4 4182/2/4
f 4182/2/4 4179/2/4 4183/2/4
f 4180/2/4 4181/2/4 4184/2/4
f 4184/2/4 4181/2/4 4185/2/4
f 4183/2/4 4179/2/4 4186/2/4
f 4186/2/4 4179/2/4 4187/2/4
f 4188/4/4 4189/4/4 4193/4/4
f 4193/4/4 4189/4/4 4194/4/4
f 4190/2/4 4191/2/4 4195/2/4
f 4191/3/4 4192/3/4 4196/3/4
f 4195/2/4 4191/2/4 4196/2/4
f 4196/3/4 4192/3/4 4197/3/4
f 4200/1/4 4201/1/4 4203/1/4
f 4201/2/4 4202/2/4 4204/2/4
f 4203/1/4 4201/1/4 4204/1/4
f 4198/4/4 4199/4/4 4205/4/4
f 4205/4/4 4199/4/4 4206/4/4
f 4200/1/4 4203/1/4 4207/1/4
f 4203/2/4 4204/2/4 4208/2/4
f 4207/1/4 4203/1/4 4208/1/4
f 4204/2/4 4202/2/4 4209/2/4
f 4208/2/4 4204/2/4 4209/2/4
f 4212/2/4 4213/2/4 4216/2/4
f 4214/2/4 4215/2/4 4216/2/4
f 4213/2/4 4214/2/4 4216/2/4
f 4216/2/4 4215/2/4 4217/2/4
f 4210/4/4 4211/4/4 4218/4/4
f 4218/4/4 4211/4/4 4219/4/4
f 4212/2/4 4216/2/4 4220/2/4
f 4216/1/4 4217/1/4 4221/1/4
f 4220/2/4 4216/2/4 4221/2/4
f 4221/1/4 4217/1/4 4222/1/4
f 4222/1/4 4217/1/4 4223/1/4
f 4224/4/4 4225/4/4 4229/4/4
f 4229/4/4 4225/4/4 4230/4/4
f 4226/2/4 4227/2/4 4231/2/4
f 4227/3/4 4228/3/4 4232/3/4
f 4231/2/4 4227/2/4 4232/2/4
f 4232/3/4 4228/3/4 4233/3/4
f 4234/2/4 4235/2/4 4238/2/4
f 4238/2/4 4235/2/4 4239/2/4
f 4236/2/4 4237/2/4 4241/2/4
f 4238/4/4 4239/4/4 4242/4/4
f 4242/4/4 4239/4/4 4243/4/4
f 4240/2/4 4241/2/4 4244/2/4
f 4241/2/4 4237/2/4 4245/2/4
f 4244/2/4 4241/2/4 4245/2/4
f 4246/2/4 4247/2/4 4248/2/4
f 4248/2/4 4247/2/4 4249/2/4
f 4250/2/4 4251/2/4 4252/2/4
f 4252/2/4 4251/2/4 4253/2/4
f 4254/2/4 4255/2/4 4258/2/4
f 4258/2/4 4255/2/4 4259/2/4
f 4256/2/4 4257/2/4 4262/2/4
f 4262/2/4 4257/2/4 4263/2/4
f 4260/2/4 4261/2/4 4264/2/4
f 4263/2/4 4257/2/4 4266/2/4
f 4266/2/4 4257/2/4 4267/2/4
f 4264/2/4 4265/2/4 4270/2/4
f 4260/2/4 4264/2/4 4270/2/4
f 4270/2/4 4265/2/4 4271/2/4
f 4271/2/4 4265/2/4 4272/2/4
f 4272/1/4 4273/1/4 4274/1/4
f 4274/1/4 4273/1/4 4275/1/4
f 4268/4/4 4269/4/4 4276/4/4
f 4276/4/4 4269/4/4 4277/4/4
f 4278/4/4 4279/4/4 4280/4/4
f 4280/4/4 4279/4/4 4281/4/4
f 4274/2/4 4275/2/4 4282/2/4
f 4282/2/4 4275/2/4 4283/2/4
f 4284/2/4 4285/2/4 4289/2/4
f 4286/2/4 4287/2/4 4290/2/4
f 4290/2/4 4287/2/4 4291/2/4
f 4288/2/4 4289/2/4 4292/2/4
f 4289/2/4 4285/2/4 4293/2/4
f 4292/2/4 4289/2/4 4293/2/4
f 4294/2/4 4295/2/4 4298/2/4
f 4298/2/4 4295/2/4 4299/2/4
f 4296/2/4 4297/2/4 4300/2/4
f 4300/2/4 4297/2/4 4301/2/4
f 4302/2/4 4303/2/4 4306/2/4
f 4306/2/4 4303/2/4 4307/2/4
f 4308/2/4 4309/2/4 4310/2/4
f 4310/2/4 4309/2/4 4311/2/4
f 4304/2/4 4305/2/4 4314/2/4
f 4314/2/4 4305/2/4 4315/2/4
f 4311/2/4 4312/2/4 4316/2/4
f 4316/2/4 4312/2/4 4317/2/4
f 4313/3/4 4314/3/4 4322/3/4
f 4321/2/4 4322/2/4 4323/2/4
f 4322/3/4 4314/3/4 4324/3/4
f 4323/2/4 4322/2/4 4324/2/4
f 4324/3/4 4314/3/4 4325/3/4
f 4318/2/4 4319/2/4 4328/2/4
f 4319/3/4 4320/3/4 4329/3/4
f 4328/2/4 4319/2/4 4329/2/4
f 4329/3/4 4320/3/4 4330/3/4
f 4326/2/4 4327/2/4 4333/2/4
f 4331/2/4 4332/2/4 4337/2/4
f 4337/2/4 4332/2/4 4338/2/4
f 4326/2/4 4333/2/4 4342/2/4
f 4333/2/4 4334/2/4 4342/2/4
f 4342/2/4 4334/2/4 4343/2/4
f 4339/1/4 4340/1/4 4344/1/4
f 4340/2/4 4341/2/4 4345/2/4
f 4344/1/4 4340/1/4 4345/1/4
f 4345/2/4 4341/2/4 4346/2/4
f 4342/4/4 4343/4/4 4348/4/4
f 4326/2/4 4342/2/4 4348/2/4
f 4348/4/4 4343/4/4 4349/4/4
f 4335/2/4 4336/2/4 4351/2/4
f 4326/2/4 4348/2/4 4352/2/4
f 4348/2/4 4349/2/4 4352/2/4
f 4352/2/4 4349/2/4 4353/2/4
f 4339/1/4 4344/1/4 4355/1/4
f 4354/1/4 4355/1/4 4356/1/4
f 4355/1/4 4344/1/4 4357/1/4
f 4356/1/4 4355/1/4 4357/1/4
f 4350/2/4 4351/2/4 4358/2/4
f 4351/2/4 4336/2/4 4359/2/4
f 4358/2/4 4351/2/4 4359/2/4
f 4346/2/4 4347/2/4 4362/2/4
f 4345/2/4 4346/2/4 4362/2/4
f 4344/2/4 4345/2/4 4362/2/4
f 4357/1/4 4344/1/4 4362/1/4
f 4362/2/4 4347/2/4 4363/2/4
f 4363/2/4 4347/2/4 4364/2/4
f 4360/2/4 4361/2/4 4365/2/4
f 4365/2/4 4361/2/4 4366/2/4
f 4359/2/4 4336/2/4 4367/2/4
f 4367/2/4 4336/2/4 4368/2/4
f 4357/1/4 4362/1/4 4369/1/4
f 4362/1/4 4363/1/4 4369/1/4
f 4369/1/4 4363/1/4 4370/1/4
f 4365/4/4 4366/4/4 4371/4/4
f 4366/2/4 4361/2/4 4372/2/4
f 4371/4/4 4366/4/4 4372/4/4
f 4372/2/4 4361/2/4 4373/2/4
f 4374/2/4 4375/2/4 4380/2/4
f 4375/3/4 4376/3/4 4381/3/4
f 4380/2/4 4375/2/4 4381/2/4
f 4371/2/4 4372/2/4 4382/2/4
f 4382/2/4 4372/2/4 4383/2/4
f 4381/3/4 4376/3/4 4384/3/4
f 4384/3/4 4376/3/4 4385/3/4
f 4377/2/4 4378/2/4 4389/2/4
f 4378/3/4 4379/3/4 4390/3/4
f 4389/2/4 4378/2/4 4390/2/4
f 4390/3/4 4379/3/4 4391/3/4
f 4387/2/4 4388/2/4 4393/2/4
f 4393/2/4 4388/2/4 4394/2/4
f 4385/2/4 4386/2/4 4395/2/4
f 4395/2/4 4386/2/4 4396/2/4
f 4392/2/4 4393/2/4 4399/2/4
f 4399/2/4 4393/2/4 4400/2/4
f 4397/2/4 4398/2/4 4401/2/4
f 4401/2/4 4398/2/4 4402/2/4
f 4403/2/4 4404/2/4 4405/2/4
f 4405/2/4 4404/2/4 4406/2/4
f 4406/2/4 4407/2/4 4408/2/4
f 4408/2/4 4407/2/4 4409/2/4
f 4409/2/4 4410/2/4 4411/2/4
f 4411/2/4 4410/2/4 4412/2/4
f 4411/4/4 4412/4/4 4413/4/4
f 4413/4/4 4412/4/4 4414/4/4
f 4413/2/4 4414/2/4 4418/2/4
f 4418/2/4 4414/2/4 4419/2/4
f 4415/2/4 4416/2/4 4421/2/4
f 4420/2/4 4421/2/4 4422/2/4
f 4422/2/4 4421/2/4 4423/2/4
f 4422/4/4 4423/4/4 4424/4/4
f 4423/2/4 4421/2/4 4425/2/4
f 4424/4/4 4423/4/4 4425/4/4
f 4421/2/4 4416/2/4 4426/2/4
f 4425/2/4 4421/2/4 4426/2/4
f 4424/2/4 4425/2/4 4427/2/4
f 4425/4/4 4426/4/4 4427/4/4
f 4426/2/4 4416/2/4 4428/2/4
f 4427/4/4 4426/4/4 4428/4/4
f 4424/2/4 4427/2/4 4429/2/4
f 4427/2/4 4428/2/4 4429/2/4
f 4429/2/4 4428/2/4 4430/2/4
f 4430/2/4 4428/2/4 4431/2/4
f 4428/2/4 4416/2/4 4432/2/4
f 4431/2/4 4428/2/4 4432/2/4
f 4433/4/4 4434/4/4 4435/4/4
f 4435/4/4 4434/4/4 4436/4/4
f 4432/2/4 4416/2/4 4437/2/4
f 4416/3/4 4417/3/4 4438/3/4
f 4437/2/4 4416/2/4 4438/2/4
f 4438/3/4 4417/3/4 4439/3/4
f 4435/2/4 4436/2/4 4441/2/4
f 4441/2/4 4436/2/4 4442/2/4
f 4440/2/4 4441/2/4 4444/2/4
f 4444/2/4 4441/2/4 4445/2/4
f 4443/2/4 4444/2/4 4446/2/4
f 4446/2/4 4444/2/4 4447/2/4
f 4448/2/4 4449/2/4 4450/2/4
f 4448/2/4 4450/2/4 4453/2/4
f 4450/2/4 4451/2/4 4453/2/4
f 4453/2/4 4451/2/4 4454/2/4
f 4454/2/4 4451/2/4 4455/2/4
f 4455/2/4 4451/2/4 4456/2/4
f 4456/2/4 4451/2/4 4457/2/4
f 4452/2/4 4453/2/4 4459/2/4
f 4453/2/4 4454/2/4 4459/2/4
f 4459/2/4 4454/2/4 4460/2/4
f 4455/4/4 4456/4/4 4461/4/4
f 4457/2/4 4458/2/4 4462/2/4
f 4461/4/4 4456/4/4 4462/4/4
f 4456/2/4 4457/2/4 4462/2/4
f 4459/4/4 4460/4/4 4463/4/4
f 4460/2/4 4454/2/4 4464/2/4
f 4463/4/4 4460/4/4 4464/4/4
f 4461/2/4 4462/2/4 4465/2/4
f 4465/2/4 4462/2/4 4466/2/4
f 4462/2/4 4458/2/4 4467/2/4
f 4466/2/4 4462/2/4 4467/2/4
f 4467/2/4 4458/2/4 4468/2/4
f 4463/2/4 4464/2/4 4470/2/4
f 4464/2/4 4454/2/4 4471/2/4
f 4470/2/4 4464/2/4 4471/2/4
f 4471/2/4 4454/2/4 4472/2/4
f 4466/2/4 4467/2/4 4473/2/4
f 4473/2/4 4467/2/4 4474/2/4
f 4467/4/4 4468/4/4 4475/4/4
f 4474/2/4 4467/2/4 4475/2/4
f 4475/4/4 4468/4/4 4476/4/4
f 4469/2/4 4470/2/4 4477/2/4
f 4470/2/4 4471/2/4 4477/2/4
f 4477/2/4 4471/2/4 4478/2/4
f 4475/2/4 4476/2/4 4479/2/4
f 4474/2/4 4475/2/4 4479/2/4
f 4479/2/4 4476/2/4 4480/2/4
f 4469/2/4 4477/2/4 4481/2/4
f 4481/2/4 4477/2/4 4482/2/4
f 4480/2/4 4476/2/4 4483/2/4
f 4483/2/4 4476/2/4 4484/2/4
f 4484/2/4 4476/2/4 4485/2/4
f 4484/2/4 4485/2/4 4487/2/4
f 4485/2/4 4486/2/4 4487/2/4
f 4487/2/4 4486/2/4 4488/2/4
f 4469/2/4 4481/2/4 4489/2/4
f 4489/2/4 4481/2/4 4490/2/4
f 4487/4/4 4488/4/4 4491/4/4
f 4488/2/4 4486/2/4 4492/2/4
f 4491/4/4 4488/4/4 4492/4/4
f 4491/2/4 4492/2/4 4493/2/4
f 4492/2/4 4486/2/4 4493/2/4
f 4493/2/4 4486/2/4 4494/2/4
f 4491/2/4 4493/2/4 4497/2/4
f 4493/4/4 4494/4/4 4497/4/4
f 4497/4/4 4494/4/4 4498/4/4
f 4491/2/4 4497/2/4 4499/2/4
f 4497/2/4 4498/2/4 4499/2/4
f 4499/2/4 4498/2/4 4500/2/4
f 4495/2/4 4496/2/4 4501/2/4
f 4499/4/4 4500/4/4 4504/4/4
f 4504/4/4 4500/4/4 4505/4/4
f 4505/4/4 4500/4/4 4506/4/4
f 4503/4/4 4504/4/4 4508/4/4
f 4504/4/4 4505/4/4 4508/4/4
f 4508/4/4 4505/4/4 4509/4/4
f 4501/2/4 4502/2/4 4510/2/4
f 4495/2/4 4501/2/4 4510/2/4
f 4510/2/4 4502/2/4 4511/2/4
f 4511/2/4 4502/2/4 4512/2/4
f 4508/2/4 4509/2/4 4515/2/4
f 4507/2/4 4508/2/4 4515/2/4
f 4514/2/4 4515/2/4 4517/2/4
f 4512/2/4 4513/2/4 4518/2/4
f 4511/2/4 4512/2/4 4518/2/4
f 4518/2/4 4513/2/4 4519/2/4
f 4519/2/4 4513/2/4 4520/2/4
f 4516/2/4 4517/2/4 4521/2/4
f 4517/2/4 4515/2/4 4522/2/4
f 4515/2/4 4509/2/4 4522/2/4
f 4521/2/4 4517/2/4 4522/2/4
f 4522/2/4 4509/2/4 4523/2/4
f 4519/2/4 4520/2/4 4524/2/4
f 4520/2/4 4521/2/4 4524/2/4
f 4521/2/4 4522/2/4 4524/2/4
f 4524/2/4 4522/2/4 4525/2/4
f 4519/2/4 4524/2/4 4526/2/4
f 4526/2/4 4524/2/4 4527/2/4
f 4528/2/4 4529/2/4 4530/2/4
f 4530/2/4 4529/2/4 4531/2/4
f 4532/2/4 4533/2/4 4534/2/4
f 4534/2/4 4533/2/4 4535/2/4
f 4535/2/4 4536/2/4 4537/2/4
f 4537/2/4 4536/2/4 4538/2/4
f 4539/4/4 4540/4/4 4542/4/4
f 4542/4/4 4540/4/4 4543/4/4
f 4541/2/4 4542/2/4 4544/2/4
f 4544/2/4 4542/2/4 4545/2/4
f 4546/4/4 4547/4/4 4548/4/4
f 4548/4/4 4547/4/4 4549/4/4
f 4550/2/4 4551/2/4 4554/2/4
f 4551/4/4 4552/4/4 4554/4/4
f 4552/2/4 4553/2/4 4555/2/4
f 4554/4/4 4552/4/4 4555/4/4
f 4555/2/4 4553/2/4 4556/2/4
f 4556/2/4 4553/2/4 4557/2/4
f 4557/2/4 4553/2/4 4558/2/4
f 4550/2/4 4554/2/4 4559/2/4
f 4554/2/4 4555/2/4 4559/2/4
f 4555/4/4 4556/4/4 4560/4/4
f 4559/2/4 4555/2/4 4560/2/4
f 4556/2/4 4557/2/4 4561/2/4
f 4560/4/4 4556/4/4 4561/4/4
f 4550/2/4 4559/2/4 4563/2/4
f 4559/4/4 4560/4/4 4564/4/4
f 4563/2/4 4559/2/4 4564/2/4
f 4560/2/4 4561/2/4 4565/2/4
f 4564/4/4 4560/4/4 4565/4/4
f 4557/4/4 4558/4/4 4566/4/4
f 4565/2/4 4561/2/4 4566/2/4
f 4561/2/4 4557/2/4 4566/2/4
f 4558/2/4 4553/2/4 4567/2/4
f 4566/4/4 4558/4/4 4567/4/4
f 4567/2/4 4553/2/4 4568/2/4
f 4565/2/4 4566/2/4 4571/2/4
f 4568/2/4 4569/2/4 4571/2/4
f 4567/2/4 4568/2/4 4571/2/4
f 4566/2/4 4567/2/4 4571/2/4
f 4563/2/4 4564/2/4 4571/2/4
f 4562/2/4 4563/2/4 4571/2/4
f 4564/2/4 4565/2/4 4571/2/4
f 4571/2/4 4569/2/4 4572/2/4
f 4572/2/4 4569/2/4 4573/2/4
f 4573/2/4 4569/2/4 4574/2/4
f 4574/2/4 4569/2/4 4575/2/4
f 4575/2/4 4569/2/4 4576/2/4
f 4576/2/4 4569/2/4 4577/2/4
f 4577/2/4 4569/2/4 4578/2/4
f 4570/2/4 4571/2/4 4580/2/4
f 4571/2/4 4572/2/4 4580/2/4
f 4572/4/4 4573/4/4 4580/4/4
f 4573/2/4 4574/2/4 4581/2/4
f 4580/4/4 4573/4/4 4581/4/4
f 4574/4/4 4575/4/4 4582/4/4
f 4581/2/4 4574/2/4 4582/2/4
f 4575/2/4 4576/2/4 4583/2/4
f 4582/4/4 4575/4/4 4583/4/4
f 4576/4/4 4577/4/4 4584/4/4
f 4583/2/4 4576/2/4 4584/2/4
f 4577/2/4 4578/2/4 4585/2/4
f 4584/4/4 4577/4/4 4585/4/4
f 4578/4/4 4579/4/4 4586/4/4
f 4585/2/4 4578/2/4 4586/2/4
f 4586/4/4 4579/4/4 4587/4/4
f 4584/2/4 4585/2/4 4589/2/4
f 4587/2/4 4588/2/4 4589/2/4
f 4586/2/4 4587/2/4 4589/2/4
f 4585/2/4 4586/2/4 4589/2/4
f 4581/2/4 4582/2/4 4589/2/4
f 4580/2/4 4581/2/4 4589/2/4
f 4583/2/4 4584/2/4 4589/2/4
f 4582/2/4 4583/2/4 4589/2/4
f 4589/2/4 4588/2/4 4590/2/4
f 4590/2/4 4588/2/4 4591/2/4
f 4591/2/4 4588/2/4 4592/2/4
f 4570/2/4 4580/2/4 4593/2/4
f 4580/2/4 4589/2/4 4593/2/4
f 4593/2/4 4589/2/4 4594/2/4
f 4589/4/4 4590/4/4 4595/4/4
f 4594/2/4 4589/2/4 4595/2/4
f 4590/2/4 4591/2/4 4596/2/4
f 4595/4/4 4590/4/4 4596/4/4
f 4596/2/4 4591/2/4 4597/2/4
f 4597/2/4 4591/2/4 4598/2/4
f 4570/2/4 4593/2/4 4600/2/4
f 4593/4/4 4594/4/4 4601/4/4
f 4600/2/4 4593/2/4 4601/2/4
f 4594/2/4 4595/2/4 4602/2/4
f 4601/4/4 4594/4/4 4602/4/4
f 4595/2/4 4596/2/4 4602/2/4
f 4596/2/4 4597/2/4 4602/2/4
f 4602/2/4 4597/2/4 4603/2/4
f 4603/2/4 4597/2/4 4604/2/4
f 4597/4/4 4598/4/4 4605/4/4
f 4604/2/4 4597/2/4 4605/2/4
f 4598/2/4 4591/2/4 4606/2/4
f 4605/4/4 4598/4/4 4606/4/4
f 4599/2/4 4600/2/4 4607/2/4
f 4600/2/4 4601/2/4 4607/2/4
f 4603/4/4 4604/4/4 4607/4/4
f 4602/2/4 4603/2/4 4607/2/4
f 4601/2/4 4602/2/4 4607/2/4
f 4605/2/4 4606/2/4 4608/2/4
f 4607/4/4 4604/4/4 4608/4/4
f 4604/2/4 4605/2/4 4608/2/4
f 4606/2/4 4591/2/4 4609/2/4
f 4608/2/4 4606/2/4 4609/2/4
f 4591/4/4 4592/4/4 4610/4/4
f 4609/2/4 4591/2/4 4610/2/4
f 4610/4/4 4592/4/4 4611/4/4
f 4608/2/4 4609/2/4 4612/2/4
f 4607/2/4 4608/2/4 4612/2/4
f 4599/2/4 4607/2/4 4612/2/4
f 4612/2/4 4609/2/4 4613/2/4
f 4609/4/4 4610/4/4 4614/4/4
f 4613/2/4 4609/2/4 4614/2/4
f 4610/2/4 4611/2/4 4615/2/4
f 4614/4/4 4610/4/4 4615/4/4
f 4612/4/4 4613/4/4 4616/4/4
f 4599/2/4 4612/2/4 4616/2/4
f 4613/2/4 4614/2/4 4617/2/4
f 4616/4/4 4613/4/4 4617/4/4
f 4614/2/4 4615/2/4 4617/2/4
f 4617/2/4 4615/2/4 4618/2/4
f 4618/2/4 4615/2/4 4619/2/4
f 4619/2/4 4615/2/4 4620/2/4
f 4620/2/4 4615/2/4 4621/2/4
f 4621/2/4 4615/2/4 4622/2/4
f 4615/2/4 4611/2/4 4623/2/4
f 4622/2/4 4615/2/4 4623/2/4
f 4616/2/4 4617/2/4 4624/2/4
f 4617/2/4 4618/2/4 4624/2/4
f 4618/4/4 4619/4/4 4624/4/4
f 4619/2/4 4620/2/4 4625/2/4
f 4624/4/4 4619/4/4 4625/4/4
f 4620/4/4 4621/4/4 4626/4/4
f 4625/2/4 4620/2/4 4626/2/4
f 4621/2/4 4622/2/4 4627/2/4
f 4626/4/4 4621/4/4 4627/4/4
f 4622/4/4 4623/4/4 4628/4/4
f 4627/2/4 4622/2/4 4628/2/4
f 4623/2/4 4611/2/4 4629/2/4
f 4628/4/4 4623/4/4 4629/4/4
f 4625/2/4 4626/2/4 4630/2/4
f 4627/2/4 4628/2/4 4630/2/4
f 4628/2/4 4629/2/4 4630/2/4
f 4616/2/4 4624/2/4 4630/2/4
f 4624/2/4 4625/2/4 4630/2/4
f 4626/2/4 4627/2/4 4630/2/4
f 4630/2/4 4629/2/4 4631/2/4
f 4599/2/4 4616/2/4 4632/2/4
f 4616/2/4 4630/2/4 4632/2/4
f 4632/2/4 4630/2/4 4633/2/4
f 4630/4/4 4631/4/4 4634/4/4
f 4633/2/4 4630/2/4 4634/2/4
f 4631/2/4 4629/2/4 4635/2/4
f 4634/4/4 4631/4/4 4635/4/4
f 4629/2/4 4611/2/4 4636/2/4
f 4635/2/4 4629/2/4 4636/2/4
f 4636/2/4 4611/2/4 4637/2/4
f 4633/2/4 4634/2/4 4638/2/4
f 4634/2/4 4635/2/4 4638/2/4
f 4635/2/4 4636/2/4 4638/2/4
f 4638/2/4 4636/2/4 4639/2/4
f 4639/2/4 4636/2/4 4640/2/4
f 4640/2/4 4636/2/4 4641/2/4
f 4641/2/4 4636/2/4 4642/2/4
f 4642/2/4 4636/2/4 4643/2/4
f 4636/4/4 4637/4/4 4644/4/4
f 4643/2/4 4636/2/4 4644/2/4
f 4644/4/4 4637/4/4 4645/4/4
f 4638/4/4 4639/4/4 4646/4/4
f 4639/2/4 4640/2/4 4647/2/4
f 4646/4/4 4639/4/4 4647/4/4
f 4641/2/4 4642/2/4 4648/2/4
f 4648/2/4 4642/2/4 4649/2/4
f 4642/4/4 4643/4/4 4650/4/4
f 4649/2/4 4642/2/4 4650/2/4
f 4643/2/4 4644/2/4 4651/2/4
f 4650/4/4 4643/4/4 4651/4/4
f 4644/2/4 4645/2/4 4651/2/4
f 4651/2/4 4645/2/4 4652/2/4
f 4652/2/4 4645/2/4 4653/2/4
f 4653/2/4 4645/2/4 4654/2/4
f 4654/2/4 4645/2/4 4655/2/4
f 4640/4/4 4641/4/4 4656/4/4
f 4647/2/4 4640/2/4 4656/2/4
f 4646/2/4 4647/2/4 4656/2/4
f 4641/2/4 4648/2/4 4657/2/4
f 4656/4/4 4641/4/4 4657/4/4
f 4648/4/4 4649/4/4 4658/4/4
f 4657/2/4 4648/2/4 4658/2/4
f 4649/2/4 4650/2/4 4659/2/4
f 4658/4/4 4649/4/4 4659/4/4
f 4650/2/4 4651/2/4 4659/2/4
f 4651/2/4 4652/2/4 4659/2/4
f 4652/4/4 4653/4/4 4660/4/4
f 4659/2/4 4652/2/4 4660/2/4
f 4653/2/4 4654/2/4 4661/2/4
f 4660/4/4 4653/4/4 4661/4/4
f 4654/4/4 4655/4/4 4662/4/4
f 4661/2/4 4654/2/4 4662/2/4
f 4655/2/4 4645/2/4 4663/2/4
f 4662/4/4 4655/4/4 4663/4/4
f 4663/2/4 4645/2/4 4664/2/4
f 4664/2/4 4645/2/4 4665/2/4
f 4656/2/4 4657/2/4 4666/2/4
f 4661/2/4 4662/2/4 4666/2/4
f 4663/2/4 4664/2/4 4666/2/4
f 4662/2/4 4663/2/4 4666/2/4
f 4658/2/4 4659/2/4 4666/2/4
f 4659/2/4 4660/2/4 4666/2/4
f 4646/2/4 4656/2/4 4666/2/4
f 4657/2/4 4658/2/4 4666/2/4
f 4660/2/4 4661/2/4 4666/2/4
f 4666/2/4 4664/2/4 4667/2/4
f 4667/2/4 4664/2/4 4668/2/4
f 4668/2/4 4664/2/4 4669/2/4
f 4667/2/4 4668/2/4 4670/2/4
f 4670/2/4 4668/2/4 4671/2/4
f 4671/2/4 4668/2/4 4672/2/4
f 4672/2/4 4668/2/4 4673/2/4
f 4673/2/4 4668/2/4 4674/2/4
f 4674/2/4 4668/2/4 4675/2/4
f 4675/2/4 4668/2/4 4676/2/4
f 4671/2/4 4672/2/4 4677/2/4
f 4677/2/4 4672/2/4 4678/2/4
f 4674/4/4 4675/4/4 4679/4/4
f 4673/2/4 4674/2/4 4679/2/4
f 4679/4/4 4675/4/4 4680/4/4
f 4677/4/4 4678/4/4 4681/4/4
f 4678/2/4 4672/2/4 4682/2/4
f 4681/4/4 4678/4/4 4682/4/4
f 4672/4/4 4673/4/4 4683/4/4
f 4682/2/4 4672/2/4 4683/2/4
f 4673/2/4 4679/2/4 4684/2/4
f 4683/4/4 4673/4/4 4684/4/4
f 4679/2/4 4680/2/4 4684/2/4
f 4681/2/4 4682/2/4 4685/2/4
f 4682/2/4 4683/2/4 4685/2/4
f 4683/2/4 4684/2/4 4685/2/4
f 4684/2/4 4680/2/4 4686/2/4
f 4685/2/4 4684/2/4 4686/2/4
f 4690/2/5 4688/2/5 4687/2/5
f 4691/2/5 4688/2/5 4690/2/5
f 4694/2/5 4690/2/5 4689/2/5
f 4694/2/5 4692/2/5 4691/2/5
f 4694/2/5 4691/2/5 4690/2/5
f 4695/2/5 4692/2/5 4694/2/5
f 4698/2/5 4694/2/5 4693/2/5
f 4698/2/5 4696/2/5 4695/2/5
f 4698/2/5 4695/2/5 4694/2/5
f 4699/2/5 4696/2/5 4698/2/5
f 4701/2/5 4698/2/5 4697/2/5
f 4701/2/5 4700/2/5 4699/2/5
f 4701/2/5 4699/2/5 4698/2/5
f 4702/2/5 4700/2/5 4701/2/5
f 4703/2/5 4700/2/5 4702/2/5
f 4704/2/5 4700/2/5 4703/2/5
f 4705/2/5 4701/2/5 4697/2/5
f 4705/4/5 4702/4/5 4701/4/5
f 4706/2/5 4703/2/5 4702/2/5
f 4706/4/5 4702/4/5 4705/4/5
f 4707/4/5 4704/4/5 4703/4/5
f 4707/2/5 4703/2/5 4706/2/5
f 4708/2/5 4700/2/5 4704/2/5
f 4708/4/5 4704/4/5 4707/4/5
f 4709/2/5 4707/2/5 4706/2/5
f 4709/2/5 4706/2/5 4705/2/5
f 4709/2/5 4708/2/5 4707/2/5
f 4709/2/5 4705/2/5 4697/2/5
f 4710/2/5 4708/2/5 4709/2/5
f 4711/2/5 4700/2/5 4708/2/5
f 4711/2/5 4708/2/5 4710/2/5
f 4712/2/5 4700/2/5 4711/2/5
f 4713/4/5 4710/4/5 4709/4/5
f 4714/2/5 4711/2/5 4710/2/5
f 4714/4/5 4710/4/5 4713/4/5
f 4715/2/5 4711/2/5 4714/2/5
f 4716/2/5 4711/2/5 4715/2/5
f 4717/4/5 4712/4/5 4711/4/5
f 4717/2/5 4711/2/5 4716/2/5
f 4718/4/5 4712/4/5 4717/4/5
f 4719/2/5 4714/2/5 4713/2/5
f 4719/2/5 4715/2/5 4714/2/5
f 4720/2/5 4715/2/5 4719/2/5
f 4721/2/5 4718/2/5 4717/2/5
f 4721/2/5 4717/2/5 4716/2/5
f 4722/2/5 4718/2/5 4721/2/5
f 4723/2/5 4719/2/5 4713/2/5
f 4724/4/5 4720/4/5 4719/4/5
f 4724/2/5 4719/2/5 4723/2/5
f 4725/4/5 4720/4/5 4724/4/5
f 4726/4/5 4722/4/5 4721/4/5
f 4727/2/5 4718/2/5 4722/2/5
f 4727/4/5 4722/4/5 4726/4/5
f 4728/2/5 4718/2/5 4727/2/5
f 4729/4/5 4716/4/5 4715/4/5
f 4729/2/5 4715/2/5 4720/2/5
f 4730/2/5 4721/2/5 4716/2/5
f 4730/4/5 4716/4/5 4729/4/5
f 4731/4/5 4720/4/5 4725/4/5
f 4732/4/5 4720/4/5 4731/4/5
f 4733/4/5 4726/4/5 4721/4/5
f 4734/4/5 4726/4/5 4733/4/5
f 4735/4/5 4720/4/5 4732/4/5
f 4736/2/5 4729/2/5 4720/2/5
f 4736/4/5 4720/4/5 4735/4/5
f 4736/2/5 4730/2/5 4729/2/5
f 4737/2/5 4721/2/5 4730/2/5
f 4737/2/5 4730/2/5 4736/2/5
f 4737/4/5 4733/4/5 4721/4/5
f 4738/4/5 4733/4/5 4737/4/5
f 4739/2/5 4737/2/5 4736/2/5
f 4740/2/5 4737/2/5 4739/2/5
f 4745/2/5 4742/2/5 4741/2/5
f 4746/2/5 4742/2/5 4745/2/5
f 4747/2/5 4744/2/5 4743/2/5
f 4748/2/5 4744/2/5 4747/2/5
f 4754/2/5 4750/2/5 4749/2/5
f 4755/2/5 4750/2/5 4754/2/5
f 4756/2/5 4752/2/5 4751/2/5
f 4757/4/5 4753/4/5 4752/4/5
f 4757/2/5 4752/2/5 4756/2/5
f 4758/4/5 4753/4/5 4757/4/5
f 4763/4/5 4760/4/5 4759/4/5
f 4764/4/5 4760/4/5 4763/4/5
f 4765/4/5 4762/4/5 4761/4/5
f 4766/4/5 4762/4/5 4765/4/5
f 4767/2/5 4764/2/5 4763/2/5
f 4768/2/5 4764/2/5 4767/2/5
f 4769/2/5 4766/2/5 4765/2/5
f 4770/2/5 4766/2/5 4769/2/5
f 4774/2/5 4772/2/5 4771/2/5
f 4775/2/5 4772/2/5 4774/2/5
f 4778/2/5 4774/2/5 4773/2/5
f 4778/2/5 4776/2/5 4775/2/5
f 4778/2/5 4775/2/5 4774/2/5
f 4779/2/5 4776/2/5 4778/2/5
f 4780/2/5 4776/2/5 4779/2/5
f 4781/2/5 4776/2/5 4780/2/5
f 4784/2/5 4778/2/5 4777/2/5
f 4784/2/5 4779/2/5 4778/2/5
f 4785/2/5 4781/2/5 4780/2/5
f 4785/2/5 4782/2/5 4781/2/5
f 4787/2/5 4784/2/5 4783/2/5
f 4788/2/5 4779/2/5 4784/2/5
f 4788/2/5 4784/2/5 4787/2/5
f 4789/2/5 4786/2/5 4785/2/5
f 4789/2/5 4785/2/5 4780/2/5
f 4790/2/5 4786/2/5 4789/2/5
f 4791/2/5 4786/2/5 4790/2/5
f 4796/2/5 4793/2/5 4792/2/5
f 4797/2/5 4793/2/5 4796/2/5
f 4798/2/5 4795/2/5 4794/2/5
f 4799/2/5 4795/2/5 4798/2/5
f 4800/4/5 4797/4/5 4796/4/5
f 4801/2/5 4793/2/5 4797/2/5
f 4801/4/5 4797/4/5 4800/4/5
f 4802/2/5 4798/2/5 4794/2/5
f 4802/4/5 4799/4/5 4798/4/5
f 4803/4/5 4799/4/5 4802/4/5
f 4804/2/5 4801/2/5 4800/2/5
f 4805/2/5 4793/2/5 4801/2/5
f 4805/2/5 4801/2/5 4804/2/5
f 4806/2/5 4802/2/5 4794/2/5
f 4806/2/5 4803/2/5 4802/2/5
f 4807/2/5 4803/2/5 4806/2/5
f 4814/2/5 4809/2/5 4808/2/5
f 4814/2/5 4810/2/5 4809/2/5
f 4817/2/5 4813/2/5 4812/2/5
f 4817/2/5 4812/2/5 4811/2/5
f 4818/2/5 4815/2/5 4814/2/5
f 4818/2/5 4814/2/5 4808/2/5
f 4819/2/5 4815/2/5 4818/2/5
f 4820/2/5 4817/2/5 4816/2/5
f 4820/2/5 4813/2/5 4817/2/5
f 4821/2/5 4813/2/5 4820/2/5
f 4822/2/5 4815/2/5 4819/2/5
f 4823/2/5 4820/2/5 4816/2/5
f 4824/2/5 4822/2/5 4819/2/5
f 4825/2/5 4822/2/5 4824/2/5
f 4826/2/5 4822/2/5 4825/2/5
f 4827/2/5 4820/2/5 4823/2/5
f 4828/2/5 4820/2/5 4827/2/5
f 4829/2/5 4820/2/5 4828/2/5
f 4830/2/5 4826/2/5 4825/2/5
f 4830/2/5 4828/2/5 4827/2/5
f 4830/2/5 4827/2/5 4826/2/5
f 4831/2/5 4828/2/5 4830/2/5
f 4832/2/5 4828/2/5 4831/2/5
f 4833/2/5 4828/2/5 4832/2/5
f 4834/2/5 4832/2/5 4831/2/5
f 4835/2/5 4832/2/5 4834/2/5
f 4840/3/5 4837/3/5 4836/3/5
f 4841/3/5 4837/3/5 4840/3/5
f 4842/3/5 4839/3/5 4838/3/5
f 4843/3/5 4839/3/5 4842/3/5
f 4848/3/5 4845/3/5 4844/3/5
f 4849/3/5 4845/3/5 4848/3/5
f 4850/3/5 4847/3/5 4846/3/5
f 4851/3/5 4847/3/5 4850/3/5
f 4858/2/5 4855/2/5 4854/2/5
f 4858/4/5 4856/4/5 4855/4/5
f 4859/2/5 4857/2/5 4856/2/5
f 4859/4/5 4856/4/5 4858/4/5
f 4864/2/5 4853/2/5 4852/2/5
f 4865/2/5 4853/2/5 4864/2/5
f 4866/2/5 4858/2/5 4854/2/5
f 4866/2/5 4859/2/5 4858/2/5
f 4867/2/5 4857/2/5 4859/2/5
f 4867/2/5 4859/2/5 4866/2/5
f 4870/2/5 4861/2/5 4860/2/5
f 4870/4/5 4862/4/5 4861/4/5
f 4871/2/5 4863/2/5 4862/2/5
f 4871/4/5 4862/4/5 4870/4/5
f 4872/2/5 4863/2/5 4871/2/5
f 4873/2/5 4869/2/5 4868/2/5
f 4875/2/5 4870/2/5 4860/2/5
f 4875/2/5 4872/2/5 4871/2/5
f 4875/2/5 4871/2/5 4870/2/5
f 4876/2/5 4872/2/5 4875/2/5
f 4877/2/5 4869/2/5 4873/2/5
f 4878/2/5 4869/2/5 4877/2/5
f 4880/2/5 4875/2/5 4874/2/5
f 4881/2/5 4875/2/5 4880/2/5
f 4882/2/5 4879/2/5 4878/2/5
f 4883/2/5 4879/2/5 4882/2/5
f 4884/4/5 4881/4/5 4880/4/5
f 4885/4/5 4881/4/5 4884/4/5
f 4886/4/5 4883/4/5 4882/4/5
f 4887/4/5 4883/4/5 4886/4/5
f 4888/2/5 4885/2/5 4884/2/5
f 4889/2/5 4885/2/5 4888/2/5
f 4890/2/5 4887/2/5 4886/2/5
f 4891/2/5 4887/2/5 4890/2/5
f 4898/2/5 4893/2/5 4892/2/5
f 4899/2/5 4893/2/5 4898/2/5
f 4902/2/5 4895/2/5 4894/2/5
f 4903/2/5 4895/2/5 4902/2/5
f 4904/2/5 4900/2/5 4899/2/5
f 4905/2/5 4900/2/5 4904/2/5
f 4906/2/5 4900/2/5 4905/2/5
f 4907/2/5 4897/2/5 4896/2/5
f 4908/2/5 4897/2/5 4907/2/5
f 4909/2/5 4902/2/5 4901/2/5
f 4910/2/5 4904/2/5 4899/2/5
f 4911/4/5 4905/4/5 4904/4/5
f 4911/2/5 4904/2/5 4910/2/5
f 4912/2/5 4906/2/5 4905/2/5
f 4912/4/5 4905/4/5 4911/4/5
f 4913/2/5 4906/2/5 4912/2/5
f 4918/2/5 4902/2/5 4909/2/5
f 4919/2/5 4902/2/5 4918/2/5
f 4920/2/5 4917/2/5 4916/2/5
f 4921/2/5 4917/2/5 4920/2/5
f 4922/2/5 4915/2/5 4914/2/5
f 4923/2/5 4915/2/5 4922/2/5
f 4924/2/5 4920/2/5 4916/2/5
f 4925/4/5 4921/4/5 4920/4/5
f 4925/2/5 4920/2/5 4924/2/5
f 4926/2/5 4917/2/5 4921/2/5
f 4926/4/5 4921/4/5 4925/4/5
f 4927/2/5 4917/2/5 4926/2/5
f 4934/2/5 4929/2/5 4928/2/5
f 4935/2/5 4929/2/5 4934/2/5
f 4936/2/5 4931/2/5 4930/2/5
f 4937/2/5 4931/2/5 4936/2/5
f 4940/2/5 4933/2/5 4932/2/5
f 4941/2/5 4933/2/5 4940/2/5
f 4942/2/5 4939/2/5 4938/2/5
f 4943/2/5 4939/2/5 4942/2/5
f 4948/4/5 4945/4/5 4944/4/5
f 4949/4/5 4945/4/5 4948/4/5
f 4950/4/5 4947/4/5 4946/4/5
f 4951/4/5 4947/4/5 4950/4/5
f 4952/2/5 4949/2/5 4948/2/5
f 4953/2/5 4951/2/5 4950/2/5
f 4954/2/5 4952/2/5 4948/2/5
f 4955/2/5 4951/2/5 4953/2/5
f 4956/2/5 4954/2/5 4948/2/5
f 4957/2/5 4954/2/5 4956/2/5
f 4958/2/5 4951/2/5 4955/2/5
f 4959/2/5 4951/2/5 4958/2/5
f 4960/4/5 4957/4/5 4956/4/5
f 4961/2/5 4954/2/5 4957/2/5
f 4961/4/5 4957/4/5 4960/4/5
f 4962/2/5 4958/2/5 4955/2/5
f 4962/4/5 4959/4/5 4958/4/5
f 4963/4/5 4959/4/5 4962/4/5
f 4964/2/5 4961/2/5 4960/2/5
f 4965/2/5 4954/2/5 4961/2/5
f 4965/2/5 4961/2/5 4964/2/5
f 4966/2/5 4962/2/5 4955/2/5
f 4966/2/5 4963/2/5 4962/2/5
f 4967/2/5 4963/2/5 4966/2/5
f 4968/4/5 4965/4/5 4964/4/5
f 4969/2/5 4954/2/5 4965/2/5
f 4969/4/5 4965/4/5 4968/4/5
f 4970/2/5 4954/2/5 4969/2/5
f 4971/2/5 4966/2/5 4955/2/5
f 4972/4/5 4967/4/5 4966/4/5
f 4972/2/5 4966/2/5 4971/2/5
f 4973/4/5 4967/4/5 4972/4/5
f 4980/2/5 4975/2/5 4974/2/5
f 4981/2/5 4975/2/5 4980/2/5
f 4983/2/5 4977/2/5 4976/2/5
f 4986/2/5 4979/2/5 4978/2/5
f 4987/2/5 4979/2/5 4986/2/5
f 4988/2/5 4983/2/5 4982/2/5
f 4989/2/5 4977/2/5 4983/2/5
f 4989/2/5 4983/2/5 4988/2/5
f 4990/2/5 4985/2/5 4984/2/5
f 4991/2/5 4985/2/5 4990/2/5
f 4998/2/5 4995/2/5 4994/2/5
f 4998/4/5 4996/4/5 4995/4/5
f 4999/2/5 4997/2/5 4996/2/5
f 4999/4/5 4996/4/5 4998/4/5
f 5000/2/5 4993/2/5 4992/2/5
f 5001/2/5 4993/2/5 5000/2/5
f 5002/2/5 4998/2/5 4994/2/5
f 5002/2/5 4999/2/5 4998/2/5
f 5003/2/5 4997/2/5 4999/2/5
f 5003/2/5 4999/2/5 5002/2/5
f 5008/2/5 5005/2/5 5004/2/5
f 5009/2/5 5005/2/5 5008/2/5
f 5010/2/5 5007/2/5 5006/2/5
f 5011/2/5 5007/2/5 5010/2/5
f 5018/2/5 5013/2/5 5012/2/5
f 5018/2/5 5014/2/5 5013/2/5
f 5019/2/5 5014/2/5 5018/2/5
f 5020/2/5 5017/2/5 5016/2/5
f 5020/2/5 5016/2/5 5015/2/5
f 5021/2/5 5017/2/5 5020/2/5
f 5026/2/5 5025/2/5 5024/2/5
f 5027/2/5 5025/2/5 5026/2/5
f 5028/2/5 5023/2/5 5022/2/5
f 5029/2/5 5023/2/5 5028/2/5
f 5030/2/5 5026/2/5 5024/2/5
f 5031/4/5 5027/4/5 5026/4/5
f 5031/2/5 5026/2/5 5030/2/5
f 5032/2/5 5025/2/5 5027/2/5
f 5032/4/5 5027/4/5 5031/4/5
f 5033/2/5 5025/2/5 5032/2/5
f 5038/2/5 5035/2/5 5034/2/5
f 5039/2/5 5035/2/5 5038/2/5
f 5040/2/5 5037/2/5 5036/2/5
f 5041/2/5 5037/2/5 5040/2/5
f 5044/1/5 5043/1/5 5042/1/5
f 5045/1/5 5043/1/5 5044/1/5
f 5046/2/5 5045/2/5 5044/2/5
f 5047/2/5 5045/2/5 5046/2/5
f 5050/2/5 5049/2/5 5048/2/5
f 5051/2/5 5049/2/5 5050/2/5
f 5052/1/5 5051/1/5 5050/1/5
f 5053/1/5 5051/1/5 5052/1/5
f 5058/1/5 5055/1/5 5054/1/5
f 5059/1/5 5055/1/5 5058/1/5
f 5060/1/5 5057/1/5 5056/1/5
f 5061/1/5 5057/1/5 5060/1/5
f 5063/1/5 5058/1/5 5054/1/5
f 5064/2/5 5059/2/5 5058/2/5
f 5065/2/5 5061/2/5 5060/2/5
f 5066/1/5 5057/1/5 5061/1/5
f 5068/1/5 5063/1/5 5062/1/5
f 5069/2/5 5065/2/5 5064/2/5
f 5069/1/5 5063/1/5 5068/1/5
f 5069/2/5 5064/2/5 5058/2/5
f 5069/1/5 5058/1/5 5063/1/5
f 5070/1/5 5066/1/5 5061/1/5
f 5070/2/5 5065/2/5 5069/2/5
f 5070/2/5 5061/2/5 5065/2/5
f 5071/2/5 5067/2/5 5066/2/5
f 5071/1/5 5066/1/5 5070/1/5
f 5073/1/5 5068/1/5 5062/1/5
f 5074/2/5 5070/2/5 5069/2/5
f 5074/2/5 5067/2/5 5071/2/5
f 5074/2/5 5069/2/5 5068/2/5
f 5074/2/5 5071/2/5 5070/2/5
f 5076/1/5 5073/1/5 5072/1/5
f 5077/2/5 5075/2/5 5074/2/5
f 5077/1/5 5073/1/5 5076/1/5
f 5077/1/5 5068/1/5 5073/1/5
f 5077/2/5 5074/2/5 5068/2/5
f 5078/1/5 5076/1/5 5072/1/5
f 5078/2/5 5077/2/5 5076/2/5
f 5079/2/5 5075/2/5 5077/2/5
f 5079/2/5 5077/2/5 5078/2/5
f 5080/1/5 5078/1/5 5072/1/5
f 5080/1/5 5079/1/5 5078/1/5
f 5081/1/5 5079/1/5 5080/1/5
f 5082/2/5 5075/2/5 5079/2/5
f 5083/2/5 5075/2/5 5082/2/5
f 5084/1/5 5079/1/5 5081/1/5
f 5084/2/5 5082/2/5 5079/2/5
f 5085/2/5 5082/2/5 5084/2/5
f 5086/2/5 5082/2/5 5085/2/5
f 5087/2/5 5082/2/5 5086/2/5
f 5088/1/5 5084/1/5 5081/1/5
f 5088/1/5 5085/1/5 5084/1/5
f 5089/1/5 5085/1/5 5088/1/5
f 5090/2/5 5086/2/5 5085/2/5
f 5091/2/5 5086/2/5 5090/2/5
f 5092/2/5 5082/2/5 5087/2/5
f 5092/1/5 5087/1/5 5086/1/5
f 5093/2/5 5082/2/5 5092/2/5
f 5094/1/5 5085/1/5 5089/1/5
f 5094/2/5 5090/2/5 5085/2/5
f 5095/2/5 5090/2/5 5094/2/5
f 5096/2/5 5086/2/5 5091/2/5
f 5097/1/5 5092/1/5 5086/1/5
f 5097/2/5 5086/2/5 5096/2/5
f 5098/1/5 5095/1/5 5094/1/5
f 5098/1/5 5094/1/5 5089/1/5
f 5099/1/5 5095/1/5 5098/1/5
f 5100/1/5 5097/1/5 5096/1/5
f 5101/1/5 5092/1/5 5097/1/5
f 5101/1/5 5097/1/5 5100/1/5
f 5110/2/5 5103/2/5 5102/2/5
f 5111/1/5 5104/1/5 5103/1/5
f 5111/2/5 5103/2/5 5110/2/5
f 5111/1/5 5105/1/5 5104/1/5
f 5112/1/5 5105/1/5 5111/1/5
f 5113/1/5 5105/1/5 5112/1/5
f 5114/2/5 5107/2/5 5106/2/5
f 5115/4/5 5108/4/5 5107/4/5
f 5115/2/5 5107/2/5 5114/2/5
f 5116/2/5 5109/2/5 5108/2/5
f 5116/4/5 5108/4/5 5115/4/5
f 5117/2/5 5109/2/5 5116/2/5
f 5118/1/5 5111/1/5 5110/1/5
f 5118/1/5 5112/1/5 5111/1/5
f 5119/1/5 5112/1/5 5118/1/5
f 5120/1/5 5117/1/5 5116/1/5
f 5120/1/5 5116/1/5 5115/1/5
f 5121/1/5 5117/1/5 5120/1/5
f 5126/2/5 5123/2/5 5122/2/5
f 5127/2/5 5123/2/5 5126/2/5
f 5128/2/5 5126/2/5 5122/2/5
f 5128/1/5 5127/1/5 5126/1/5
f 5129/1/5 5127/1/5 5128/1/5
f 5130/2/5 5125/2/5 5124/2/5
f 5131/2/5 5125/2/5 5130/2/5
f 5132/2/5 5128/2/5 5122/2/5
f 5133/2/5 5128/2/5 5132/2/5
f 5134/2/5 5125/2/5 5131/2/5
f 5135/2/5 5125/2/5 5134/2/5
f 5140/2/5 5137/2/5 5136/2/5
f 5143/2/5 5139/2/5 5138/2/5
f 5144/2/5 5140/2/5 5136/2/5
f 5145/1/5 5141/1/5 5140/1/5
f 5145/2/5 5140/2/5 5144/2/5
f 5146/1/5 5141/1/5 5145/1/5
f 5147/2/5 5143/2/5 5142/2/5
f 5148/2/5 5139/2/5 5143/2/5
f 5148/2/5 5143/2/5 5147/2/5
f 5153/1/5 5150/1/5 5149/1/5
f 5154/1/5 5150/1/5 5153/1/5
f 5155/1/5 5150/1/5 5154/1/5
f 5158/1/5 5152/1/5 5151/1/5
f 5159/1/5 5152/1/5 5158/1/5
f 5160/1/5 5152/1/5 5159/1/5
f 5161/2/5 5154/2/5 5153/2/5
f 5162/1/5 5156/1/5 5155/1/5
f 5162/2/5 5154/2/5 5161/2/5
f 5162/1/5 5155/1/5 5154/1/5
f 5163/1/5 5156/1/5 5162/1/5
f 5164/1/5 5156/1/5 5163/1/5
f 5165/1/5 5158/1/5 5157/1/5
f 5166/4/5 5159/4/5 5158/4/5
f 5166/1/5 5158/1/5 5165/1/5
f 5167/2/5 5160/2/5 5159/2/5
f 5167/4/5 5159/4/5 5166/4/5
f 5168/2/5 5160/2/5 5167/2/5
f 5173/1/5 5170/1/5 5169/1/5
f 5174/1/5 5170/1/5 5173/1/5
f 5175/1/5 5172/1/5 5171/1/5
f 5176/1/5 5172/1/5 5175/1/5
f 5181/1/5 5178/1/5 5177/1/5
f 5182/1/5 5178/1/5 5181/1/5
f 5183/2/5 5180/2/5 5179/2/5
f 5184/2/5 5180/2/5 5183/2/5
f 5189/1/5 5186/1/5 5185/1/5
f 5190/1/5 5186/1/5 5189/1/5
f 5191/2/5 5188/2/5 5187/2/5
f 5192/2/5 5188/2/5 5191/2/5
f 5197/1/5 5194/1/5 5193/1/5
f 5198/1/5 5194/1/5 5197/1/5
f 5199/1/5 5196/1/5 5195/1/5
f 5200/1/5 5196/1/5 5199/1/5
f 5207/1/5 5202/1/5 5201/1/5
f 5207/1/5 5203/1/5 5202/1/5
f 5208/1/5 5203/1/5 5207/1/5
f 5209/1/5 5205/1/5 5204/1/5
f 5210/2/5 5206/2/5 5205/2/5
f 5210/1/5 5205/1/5 5209/1/5
f 5211/2/5 5206/2/5 5210/2/5
f 5212/1/5 5207/1/5 5201/1/5
f 5213/1/5 5207/1/5 5212/1/5
f 5214/1/5 5211/1/5 5210/1/5
f 5215/1/5 5211/1/5 5214/1/5
f 5221/1/5 5218/1/5 5217/1/5
f 5221/2/5 5217/2/5 5216/2/5
f 5222/1/5 5218/1/5 5221/1/5
f 5223/2/5 5220/2/5 5219/2/5
f 5224/2/5 5220/2/5 5223/2/5
f 5225/2/5 5221/2/5 5216/2/5
f 5226/2/5 5221/2/5 5225/2/5
f 5227/2/5 5220/2/5 5224/2/5
f 5228/2/5 5220/2/5 5227/2/5
f 5233/2/5 5230/2/5 5229/2/5
f 5236/2/5 5232/2/5 5231/2/5
f 5237/2/5 5233/2/5 5229/2/5
f 5238/1/5 5234/1/5 5233/1/5
f 5238/2/5 5233/2/5 5237/2/5
f 5239/1/5 5234/1/5 5238/1/5
f 5240/2/5 5236/2/5 5235/2/5
f 5241/2/5 5232/2/5 5236/2/5
f 5241/2/5 5236/2/5 5240/2/5
f 5246/1/5 5243/1/5 5242/1/5
f 5249/1/5 5245/1/5 5244/1/5
f 5250/1/5 5247/1/5 5246/1/5
f 5250/1/5 5246/1/5 5242/1/5
f 5251/1/5 5247/1/5 5250/1/5
f 5252/1/5 5247/1/5 5251/1/5
f 5253/1/5 5249/1/5 5248/1/5
f 5254/1/5 5245/1/5 5249/1/5
f 5254/1/5 5249/1/5 5253/1/5
f 5260/1/5 5256/1/5 5255/1/5
f 5261/1/5 5256/1/5 5260/1/5
f 5262/1/5 5258/1/5 5257/1/5
f 5263/1/5 5258/1/5 5262/1/5
f 5267/1/5 5260/1/5 5259/1/5
f 5268/1/5 5260/1/5 5267/1/5
f 5269/1/5 5264/1/5 5263/1/5
f 5270/1/5 5264/1/5 5269/1/5
f 5273/2/5 5266/2/5 5265/2/5
f 5274/2/5 5266/2/5 5273/2/5
f 5275/2/5 5272/2/5 5271/2/5
f 5276/2/5 5272/2/5 5275/2/5
f 5282/1/5 5278/1/5 5277/1/5
f 5283/1/5 5278/1/5 5282/1/5
f 5284/2/5 5280/2/5 5279/2/5
f 5285/2/5 5280/2/5 5284/2/5
f 5287/2/5 5282/2/5 5281/2/5
f 5288/2/5 5282/2/5 5287/2/5
f 5289/2/5 5286/2/5 5285/2/5
f 5290/2/5 5286/2/5 5289/2/5
f 5295/2/5 5292/2/5 5291/2/5
f 5296/2/5 5292/2/5 5295/2/5
f 5299/2/5 5294/2/5 5293/2/5
f 5300/2/5 5294/2/5 5299/2/5
f 5301/1/5 5297/1/5 5296/1/5
f 5302/1/5 5297/1/5 5301/1/5
f 5303/2/5 5299/2/5 5298/2/5
f 5304/2/5 5299/2/5 5303/2/5
f 5309/2/5 5306/2/5 5305/2/5
f 5310/2/5 5306/2/5 5309/2/5
f 5315/2/5 5308/2/5 5307/2/5
f 5316/2/5 5308/2/5 5315/2/5
f 5317/1/5 5312/1/5 5311/1/5
f 5318/1/5 5312/1/5 5317/1/5
f 5321/1/5 5314/1/5 5313/1/5
f 5322/1/5 5314/1/5 5321/1/5
f 5323/1/5 5319/1/5 5318/1/5
f 5324/1/5 5319/1/5 5323/1/5
f 5325/1/5 5321/1/5 5320/1/5
f 5326/1/5 5321/1/5 5325/1/5
f 5334/4/5 5328/4/5 5327/4/5
f 5335/2/5 5332/2/5 5331/2/5
f 5335/2/5 5329/2/5 5328/2/5
f 5335/4/5 5328/4/5 5334/4/5
f 5335/2/5 5330/2/5 5329/2/5
f 5335/2/5 5331/2/5 5330/2/5
f 5336/2/5 5332/2/5 5335/2/5
f 5340/1/5 5334/1/5 5333/1/5
f 5341/4/5 5335/4/5 5334/4/5
f 5341/1/5 5334/1/5 5340/1/5
f 5342/1/5 5336/1/5 5335/1/5
f 5342/4/5 5335/4/5 5341/4/5
f 5342/1/5 5337/1/5 5336/1/5
f 5343/1/5 5337/1/5 5342/1/5
f 5347/2/5 5339/2/5 5338/2/5
f 5348/2/5 5339/2/5 5347/2/5
f 5353/2/5 5345/2/5 5344/2/5
f 5354/2/5 5345/2/5 5353/2/5
f 5356/2/5 5347/2/5 5346/2/5
f 5357/2/5 5347/2/5 5356/2/5
f 5358/2/5 5352/2/5 5351/2/5
f 5359/2/5 5355/2/5 5354/2/5
f 5360/2/5 5355/2/5 5359/2/5
f 5361/2/5 5352/2/5 5358/2/5
f 5362/2/5 5352/2/5 5361/2/5
f 5363/2/5 5350/2/5 5349/2/5
f 5364/2/5 5350/2/5 5363/2/5
f 5365/1/5 5362/1/5 5361/1/5
f 5366/1/5 5362/1/5 5365/1/5
f 5367/1/5 5362/1/5 5366/1/5
f 5373/1/5 5369/1/5 5368/1/5
f 5374/2/5 5371/2/5 5370/2/5
f 5376/2/5 5373/2/5 5372/2/5
f 5377/1/5 5369/1/5 5373/1/5
f 5377/2/5 5373/2/5 5376/2/5
f 5378/2/5 5375/2/5 5374/2/5
f 5378/2/5 5374/2/5 5370/2/5
f 5379/2/5 5375/2/5 5378/2/5
f 5380/1/5 5369/1/5 5377/1/5
f 5381/1/5 5369/1/5 5380/1/5
f 5382/2/5 5378/2/5 5370/2/5
f 5383/2/5 5378/2/5 5382/2/5
f 5388/2/5 5385/2/5 5384/2/5
f 5389/2/5 5385/2/5 5388/2/5
f 5392/1/5 5387/1/5 5386/1/5
f 5393/1/5 5387/1/5 5392/1/5
f 5394/2/5 5390/2/5 5389/2/5
f 5395/2/5 5390/2/5 5394/2/5
f 5400/2/5 5392/2/5 5391/2/5
f 5401/2/5 5392/2/5 5400/2/5
f 5402/1/5 5397/1/5 5396/1/5
f 5403/4/5 5398/4/5 5397/4/5
f 5403/1/5 5397/1/5 5402/1/5
f 5404/1/5 5399/1/5 5398/1/5
f 5404/4/5 5398/4/5 5403/4/5
f 5405/1/5 5399/1/5 5404/1/5
f 5406/1/5 5399/1/5 5405/1/5
f 5407/4/5 5404/4/5 5403/4/5
f 5408/2/5 5405/2/5 5404/2/5
f 5408/4/5 5404/4/5 5407/4/5
f 5409/2/5 5405/2/5 5408/2/5
f 5410/2/5 5405/2/5 5409/2/5
f 5411/2/5 5405/2/5 5410/2/5
f 5412/2/5 5405/2/5 5411/2/5
f 5422/2/5 5414/2/5 5413/2/5
f 5423/4/5 5415/4/5 5414/4/5
f 5423/2/5 5414/2/5 5422/2/5
f 5424/2/5 5416/2/5 5415/2/5
f 5424/4/5 5415/4/5 5423/4/5
f 5424/2/5 5417/2/5 5416/2/5
f 5425/2/5 5417/2/5 5424/2/5
f 5426/4/5 5419/4/5 5418/4/5
f 5427/4/5 5419/4/5 5426/4/5
f 5428/2/5 5420/2/5 5419/2/5
f 5428/4/5 5419/4/5 5427/4/5
f 5429/2/5 5420/2/5 5428/2/5
f 5430/2/5 5420/2/5 5429/2/5
f 5433/2/5 5422/2/5 5421/2/5
f 5434/2/5 5422/2/5 5433/2/5
f 5435/2/5 5431/2/5 5430/2/5
f 5436/2/5 5431/2/5 5435/2/5
f 5438/2/5 5433/2/5 5432/2/5
f 5439/2/5 5433/2/5 5438/2/5
f 5440/2/5 5437/2/5 5436/2/5
f 5441/2/5 5437/2/5 5440/2/5
f 5448/2/5 5445/2/5 5444/2/5
f 5449/2/5 5445/2/5 5448/2/5
f 5450/2/5 5443/2/5 5442/2/5
f 5451/2/5 5443/2/5 5450/2/5
f 5454/1/5 5447/1/5 5446/1/5
f 5455/1/5 5447/1/5 5454/1/5
f 5456/2/5 5452/2/5 5451/2/5
f 5457/2/5 5452/2/5 5456/2/5
f 5465/1/5 5454/1/5 5453/1/5
f 5466/1/5 5454/1/5 5465/1/5
f 5467/2/5 5458/2/5 5457/2/5
f 5468/4/5 5459/4/5 5458/4/5
f 5468/2/5 5458/2/5 5467/2/5
f 5469/2/5 5460/2/5 5459/2/5
f 5469/4/5 5459/4/5 5468/4/5
f 5469/2/5 5461/2/5 5460/2/5
f 5470/2/5 5461/2/5 5469/2/5
f 5471/4/5 5464/4/5 5463/4/5
f 5471/4/5 5463/4/5 5462/4/5
f 5472/2/5 5465/2/5 5464/2/5
f 5472/4/5 5464/4/5 5471/4/5
f 5473/2/5 5465/2/5 5472/2/5
f 5481/2/5 5475/2/5 5474/2/5
f 5481/2/5 5476/2/5 5475/2/5
f 5481/2/5 5477/2/5 5476/2/5
f 5482/2/5 5477/2/5 5481/2/5
f 5486/2/5 5480/2/5 5479/2/5
f 5486/2/5 5479/2/5 5478/2/5
f 5487/2/5 5480/2/5 5486/2/5
f 5492/2/5 5484/2/5 5483/2/5
f 5493/2/5 5484/2/5 5492/2/5
f 5495/1/5 5489/1/5 5488/1/5
f 5496/2/5 5490/2/5 5489/2/5
f 5496/1/5 5489/1/5 5495/1/5
f 5497/2/5 5490/2/5 5496/2/5
f 5498/2/5 5490/2/5 5497/2/5
f 5499/1/5 5491/1/5 5490/1/5
f 5499/2/5 5490/2/5 5498/2/5
f 5500/1/5 5491/1/5 5499/1/5
f 5501/2/5 5492/2/5 5483/2/5
f 5502/4/5 5494/4/5 5493/4/5
f 5502/2/5 5492/2/5 5501/2/5
f 5502/4/5 5493/4/5 5492/4/5
f 5504/4/5 5486/4/5 5485/4/5
f 5504/4/5 5487/4/5 5486/4/5
f 5505/4/5 5487/4/5 5504/4/5
f 5506/2/5 5480/2/5 5487/2/5
f 5506/4/5 5487/4/5 5505/4/5
f 5507/2/5 5480/2/5 5506/2/5
f 5508/2/5 5498/2/5 5497/2/5
f 5509/2/5 5498/2/5 5508/2/5
f 5510/1/5 5502/1/5 5501/1/5
f 5511/4/5 5494/4/5 5502/4/5
f 5511/1/5 5502/1/5 5510/1/5
f 5512/4/5 5494/4/5 5511/4/5
f 5513/4/5 5494/4/5 5512/4/5
f 5515/2/5 5505/2/5 5504/2/5
f 5515/2/5 5504/2/5 5503/2/5
f 5516/2/5 5505/2/5 5515/2/5
f 5517/1/5 5514/1/5 5513/1/5
f 5517/1/5 5513/1/5 5512/1/5
f 5518/1/5 5514/1/5 5517/1/5
f 5519/2/5 5515/2/5 5503/2/5
f 5520/1/5 5514/1/5 5518/1/5
f 5521/1/5 5514/1/5 5520/1/5
f 5522/1/5 5514/1/5 5521/1/5
f 5523/2/5 5522/2/5 5521/2/5
f 5524/2/5 5522/2/5 5523/2/5
f 5525/2/5 5519/2/5 5503/2/5
f 5526/1/5 5524/1/5 5523/1/5
f 5527/2/5 5525/2/5 5503/2/5
f 5530/1/5 5524/1/5 5526/1/5
f 5531/2/5 5528/2/5 5527/2/5
f 5531/2/5 5527/2/5 5503/2/5
f 5532/2/5 5528/2/5 5531/2/5
f 5533/2/5 5528/2/5 5532/2/5
f 5538/1/5 5530/1/5 5529/1/5
f 5539/1/5 5524/1/5 5530/1/5
f 5539/1/5 5530/1/5 5538/1/5
f 5540/1/5 5524/1/5 5539/1/5
f 5541/2/5 5533/2/5 5532/2/5
f 5541/2/5 5534/2/5 5533/2/5
f 5543/2/5 5536/2/5 5535/2/5
f 5544/2/5 5536/2/5 5543/2/5
f 5545/1/5 5538/1/5 5537/1/5
f 5545/1/5 5539/1/5 5538/1/5
f 5546/1/5 5539/1/5 5545/1/5
f 5547/2/5 5541/2/5 5532/2/5
f 5548/2/5 5541/2/5 5547/2/5
f 5549/1/5 5542/1/5 5541/1/5
f 5551/1/5 5544/1/5 5543/1/5
f 5552/1/5 5544/1/5 5551/1/5
f 5554/2/5 5546/2/5 5545/2/5
f 5555/2/5 5546/2/5 5554/2/5
f 5556/2/5 5546/2/5 5555/2/5
f 5557/2/5 5541/2/5 5548/2/5
f 5558/2/5 5541/2/5 5557/2/5
f 5559/1/5 5550/1/5 5549/1/5
f 5559/2/5 5541/2/5 5558/2/5
f 5559/1/5 5549/1/5 5541/1/5
f 5560/1/5 5550/1/5 5559/1/5
f 5563/1/5 5554/1/5 5553/1/5
f 5564/1/5 5554/1/5 5563/1/5
f 5565/2/5 5555/2/5 5554/2/5
f 5565/1/5 5554/1/5 5564/1/5
f 5566/2/5 5555/2/5 5565/2/5
f 5567/2/5 5562/2/5 5561/2/5
f 5568/2/5 5562/2/5 5567/2/5
f 5569/2/5 5562/2/5 5568/2/5
f 5570/2/5 5562/2/5 5569/2/5
f 5575/2/5 5572/2/5 5571/2/5
f 5576/2/5 5572/2/5 5575/2/5
f 5577/2/5 5574/2/5 5573/2/5
f 5578/2/5 5574/2/5 5577/2/5
f 5583/2/5 5580/2/5 5579/2/5
f 5584/2/5 5580/2/5 5583/2/5
f 5585/1/5 5582/1/5 5581/1/5
f 5586/1/5 5582/1/5 5585/1/5
f 5592/2/5 5588/2/5 5587/2/5
f 5592/2/5 5589/2/5 5588/2/5
f 5593/2/5 5591/2/5 5590/2/5
f 5594/2/5 5591/2/5 5593/2/5
f 5595/2/5 5592/2/5 5587/2/5
f 5596/2/5 5592/2/5 5595/2/5
f 5602/2/5 5598/2/5 5597/2/5
f 5603/2/5 5598/2/5 5602/2/5
f 5604/2/5 5598/2/5 5603/2/5
f 5605/2/5 5598/2/5 5604/2/5
f 5606/2/5 5598/2/5 5605/2/5
f 5611/2/5 5600/2/5 5599/2/5
f 5612/2/5 5600/2/5 5611/2/5
f 5613/2/5 5600/2/5 5612/2/5
f 5618/1/5 5610/1/5 5609/1/5
f 5618/1/5 5608/1/5 5607/1/5
f 5618/1/5 5609/1/5 5608/1/5
f 5619/1/5 5610/1/5 5618/1/5
f 5622/2/5 5602/2/5 5601/2/5
f 5622/2/5 5603/2/5 5602/2/5
f 5623/2/5 5603/2/5 5622/2/5
f 5624/2/5 5617/2/5 5616/2/5
f 5624/2/5 5621/2/5 5620/2/5
f 5624/2/5 5620/2/5 5619/2/5
f 5624/2/5 5619/2/5 5618/2/5
f 5624/2/5 5618/2/5 5617/2/5
f 5624/2/5 5616/2/5 5615/2/5
f 5625/2/5 5621/2/5 5624/2/5
f 5626/2/5 5621/2/5 5625/2/5
f 5627/2/5 5614/2/5 5613/2/5
f 5627/2/5 5613/2/5 5612/2/5
f 5628/2/5 5614/2/5 5627/2/5
f 5638/2/5 5630/2/5 5629/2/5
f 5639/2/5 5630/2/5 5638/2/5
f 5641/1/5 5632/1/5 5631/1/5
f 5642/1/5 5632/1/5 5641/1/5
f 5643/1/5 5634/1/5 5633/1/5
f 5645/2/5 5636/2/5 5635/2/5
f 5646/2/5 5636/2/5 5645/2/5
f 5648/1/5 5642/1/5 5641/1/5
f 5648/1/5 5641/1/5 5640/1/5
f 5649/1/5 5642/1/5 5648/1/5
f 5650/1/5 5644/1/5 5643/1/5
f 5650/1/5 5643/1/5 5633/1/5
f 5651/1/5 5644/1/5 5650/1/5
f 5652/2/5 5638/2/5 5637/2/5
f 5653/2/5 5647/2/5 5646/2/5
f 5654/2/5 5652/2/5 5637/2/5
f 5655/2/5 5647/2/5 5653/2/5
f 5660/2/5 5654/2/5 5637/2/5
f 5661/2/5 5654/2/5 5660/2/5
f 5663/1/5 5657/1/5 5656/1/5
f 5664/1/5 5657/1/5 5663/1/5
f 5665/1/5 5657/1/5 5664/1/5
f 5666/1/5 5659/1/5 5658/1/5
f 5667/1/5 5659/1/5 5666/1/5
f 5669/2/5 5647/2/5 5655/2/5
f 5670/2/5 5647/2/5 5669/2/5
f 5671/2/5 5662/2/5 5661/2/5
f 5672/2/5 5662/2/5 5671/2/5
f 5673/1/5 5665/1/5 5664/1/5
f 5674/1/5 5665/1/5 5673/1/5
f 5675/1/5 5666/1/5 5658/1/5
f 5676/1/5 5666/1/5 5675/1/5
f 5677/2/5 5669/2/5 5668/2/5
f 5678/2/5 5669/2/5 5677/2/5
f 5686/2/5 5682/2/5 5681/2/5
f 5686/2/5 5683/2/5 5682/2/5
f 5687/2/5 5683/2/5 5686/2/5
f 5688/2/5 5683/2/5 5687/2/5
f 5689/2/5 5683/2/5 5688/2/5
f 5690/2/5 5683/2/5 5689/2/5
f 5691/2/5 5680/2/5 5679/2/5
f 5692/2/5 5680/2/5 5691/2/5
f 5693/2/5 5680/2/5 5692/2/5
f 5697/2/5 5689/2/5 5688/2/5
f 5698/2/5 5689/2/5 5697/2/5
f 5699/2/5 5689/2/5 5698/2/5
f 5700/2/5 5689/2/5 5699/2/5
f 5702/2/5 5685/2/5 5684/2/5
f 5703/2/5 5685/2/5 5702/2/5
f 5704/2/5 5685/2/5 5703/2/5
f 5705/2/5 5696/2/5 5695/2/5
f 5705/2/5 5693/2/5 5692/2/5
f 5705/2/5 5694/2/5 5693/2/5
f 5705/2/5 5695/2/5 5694/2/5
f 5706/2/5 5696/2/5 5705/2/5
f 5707/2/5 5703/2/5 5702/2/5
f 5707/2/5 5702/2/5 5701/2/5
f 5708/2/5 5703/2/5 5707/2/5
f 5713/3/5 5710/3/5 5709/3/5
f 5714/3/5 5710/3/5 5713/3/5
f 5715/3/5 5712/3/5 5711/3/5
f 5716/3/5 5712/3/5 5715/3/5
f 5721/3/5 5718/3/5 5717/3/5
f 5722/3/5 5718/3/5 5721/3/5
f 5723/3/5 5720/3/5 5719/3/5
f 5724/3/5 5720/3/5 5723/3/5
f 5725/2/6 5726/2/6 5728/2/6
f 5728/2/6 5726/2/6 5729/2/6
f 5727/2/6 5728/2/6 5732/2/6
f 5729/2/6 5730/2/6 5732/2/6
f 5728/2/6 5729/2/6 5732/2/6
f 5732/2/6 5730/2/6 5733/2/6
f 5731/2/6 5732/2/6 5736/2/6
f 5733/2/6 5734/2/6 5736/2/6
f 5732/2/6 5733/2/6 5736/2/6
f 5736/2/6 5734/2/6 5737/2/6
f 5735/2/6 5736/2/6 5739/2/6
f 5737/2/6 5738/2/6 5739/2/6
f 5736/2/6 5737/2/6 5739/2/6
f 5739/2/6 5738/2/6 5740/2/6
f 5740/2/6 5738/2/6 5741/2/6
f 5741/2/6 5738/2/6 5742/2/6
f 5735/2/6 5739/2/6 5743/2/6
f 5739/4/6 5740/4/6 5743/4/6
f 5740/2/6 5741/2/6 5744/2/6
f 5743/4/6 5740/4/6 5744/4/6
f 5741/4/6 5742/4/6 5745/4/6
f 5744/2/6 5741/2/6 5745/2/6
f 5742/2/6 5738/2/6 5746/2/6
f 5745/4/6 5742/4/6 5746/4/6
f 5744/2/6 5745/2/6 5747/2/6
f 5743/2/6 5744/2/6 5747/2/6
f 5745/2/6 5746/2/6 5747/2/6
f 5747/2/6 5746/2/6 5748/2/6
f 5735/2/6 5743/2/6 5749/2/6
f 5743/2/6 5747/2/6 5749/2/6
f 5749/2/6 5747/2/6 5750/2/6
f 5750/2/6 5747/2/6 5751/2/6
f 5751/2/6 5747/2/6 5752/2/6
f 5748/2/6 5746/2/6 5753/2/6
f 5746/2/6 5738/2/6 5754/2/6
f 5753/2/6 5746/2/6 5754/2/6
f 5754/2/6 5738/2/6 5755/2/6
f 5755/2/6 5738/2/6 5756/2/6
f 5751/4/6 5752/4/6 5757/4/6
f 5757/4/6 5752/4/6 5758/4/6
f 5752/2/6 5747/2/6 5759/2/6
f 5747/4/6 5748/4/6 5759/4/6
f 5748/2/6 5753/2/6 5760/2/6
f 5759/4/6 5748/4/6 5760/4/6
f 5753/4/6 5754/4/6 5761/4/6
f 5761/4/6 5754/4/6 5762/4/6
f 5758/4/6 5752/4/6 5763/4/6
f 5752/2/6 5759/2/6 5764/2/6
f 5763/4/6 5752/4/6 5764/4/6
f 5759/2/6 5760/2/6 5764/2/6
f 5764/2/6 5760/2/6 5765/2/6
f 5760/2/6 5753/2/6 5766/2/6
f 5765/2/6 5760/2/6 5766/2/6
f 5753/4/6 5761/4/6 5767/4/6
f 5766/2/6 5753/2/6 5767/2/6
f 5767/4/6 5761/4/6 5768/4/6
f 5765/2/6 5766/2/6 5769/2/6
f 5769/2/6 5766/2/6 5770/2/6
f 5771/2/6 5772/2/6 5775/2/6
f 5773/2/6 5774/2/6 5776/2/6
f 5775/2/6 5772/2/6 5777/2/6
f 5777/2/6 5772/2/6 5778/2/6
f 5773/2/6 5776/2/6 5779/2/6
f 5779/2/6 5776/2/6 5780/2/6
f 5781/2/6 5782/2/6 5785/2/6
f 5785/2/6 5782/2/6 5786/2/6
f 5783/2/6 5784/2/6 5787/2/6
f 5787/2/6 5784/2/6 5788/2/6
f 5789/4/6 5790/4/6 5795/4/6
f 5790/1/6 5791/1/6 5796/1/6
f 5795/4/6 5790/4/6 5796/4/6
f 5796/1/6 5791/1/6 5797/1/6
f 5792/1/6 5793/1/6 5798/1/6
f 5793/4/6 5794/4/6 5799/4/6
f 5798/1/6 5793/1/6 5799/1/6
f 5799/4/6 5794/4/6 5800/4/6
f 5801/2/6 5802/2/6 5803/2/6
f 5803/2/6 5802/2/6 5804/2/6
f 5803/2/6 5804/2/6 5807/2/6
f 5807/2/6 5804/2/6 5808/2/6
f 5805/2/6 5806/2/6 5811/2/6
f 5809/2/6 5810/2/6 5811/2/6
f 5808/2/6 5809/2/6 5811/2/6
f 5806/2/6 5807/2/6 5811/2/6
f 5807/2/6 5808/2/6 5811/2/6
f 5811/2/6 5810/2/6 5812/2/6
f 5805/2/6 5811/2/6 5814/2/6
f 5814/2/6 5811/2/6 5815/2/6
f 5811/1/6 5812/1/6 5816/1/6
f 5815/2/6 5811/2/6 5816/2/6
f 5812/2/6 5810/2/6 5817/2/6
f 5816/1/6 5812/1/6 5817/1/6
f 5817/2/6 5810/2/6 5818/2/6
f 5818/2/6 5810/2/6 5819/2/6
f 5814/2/6 5815/2/6 5821/2/6
f 5813/2/6 5814/2/6 5821/2/6
f 5821/2/6 5815/2/6 5822/2/6
f 5819/2/6 5820/2/6 5823/2/6
f 5818/2/6 5819/2/6 5823/2/6
f 5823/2/6 5820/2/6 5824/2/6
f 5813/2/6 5821/2/6 5826/2/6
f 5821/1/6 5822/1/6 5827/1/6
f 5826/2/6 5821/2/6 5827/2/6
f 5824/2/6 5820/2/6 5828/2/6
f 5823/1/6 5824/1/6 5828/1/6
f 5828/2/6 5820/2/6 5829/2/6
f 5825/2/6 5826/2/6 5831/2/6
f 5826/1/6 5827/1/6 5832/1/6
f 5831/2/6 5826/2/6 5832/2/6
f 5827/1/6 5822/1/6 5833/1/6
f 5832/1/6 5827/1/6 5833/1/6
f 5823/1/6 5828/1/6 5834/1/6
f 5828/1/6 5829/1/6 5834/1/6
f 5829/2/6 5830/2/6 5835/2/6
f 5834/1/6 5829/1/6 5835/1/6
f 5835/2/6 5830/2/6 5836/2/6
f 5837/2/6 5838/2/6 5842/2/6
f 5840/2/6 5841/2/6 5843/2/6
f 5842/2/6 5838/2/6 5844/2/6
f 5844/2/6 5838/2/6 5845/2/6
f 5839/1/6 5840/1/6 5846/1/6
f 5840/2/6 5843/2/6 5847/2/6
f 5846/1/6 5840/1/6 5847/1/6
f 5847/2/6 5843/2/6 5848/2/6
f 5850/1/6 5851/1/6 5855/1/6
f 5852/1/6 5853/1/6 5858/1/6
f 5849/2/6 5850/2/6 5859/2/6
f 5855/1/6 5856/1/6 5860/1/6
f 5859/2/6 5850/2/6 5860/2/6
f 5850/1/6 5855/1/6 5860/1/6
f 5860/1/6 5856/1/6 5861/1/6
f 5857/1/6 5858/1/6 5862/1/6
f 5853/2/6 5854/2/6 5863/2/6
f 5862/1/6 5858/1/6 5863/1/6
f 5858/1/6 5853/1/6 5863/1/6
f 5863/2/6 5854/2/6 5864/2/6
f 5860/2/6 5861/2/6 5865/2/6
f 5865/2/6 5861/2/6 5866/2/6
f 5861/1/6 5856/1/6 5867/1/6
f 5857/1/6 5862/1/6 5868/1/6
f 5862/2/6 5863/2/6 5869/2/6
f 5869/2/6 5863/2/6 5870/2/6
f 5866/2/6 5861/2/6 5871/2/6
f 5861/1/6 5867/1/6 5871/1/6
f 5867/1/6 5868/1/6 5871/1/6
f 5862/2/6 5869/2/6 5872/2/6
f 5871/1/6 5868/1/6 5872/1/6
f 5868/1/6 5862/1/6 5872/1/6
f 5866/2/6 5871/2/6 5873/2/6
f 5871/2/6 5872/2/6 5873/2/6
f 5873/2/6 5872/2/6 5874/2/6
f 5874/2/6 5872/2/6 5875/2/6
f 5875/2/6 5872/2/6 5876/2/6
f 5876/2/6 5872/2/6 5877/2/6
f 5872/2/6 5869/2/6 5878/2/6
f 5877/2/6 5872/2/6 5878/2/6
f 5875/2/6 5876/2/6 5879/2/6
f 5879/2/6 5876/2/6 5880/2/6
f 5879/2/6 5880/2/6 5881/2/6
f 5881/2/6 5880/2/6 5882/2/6
f 5883/3/6 5884/3/6 5887/3/6
f 5887/3/6 5884/3/6 5888/3/6
f 5885/3/6 5886/3/6 5889/3/6
f 5889/3/6 5886/3/6 5890/3/6
f 5891/3/6 5892/3/6 5895/3/6
f 5895/3/6 5892/3/6 5896/3/6
f 5893/3/6 5894/3/6 5897/3/6
f 5897/3/6 5894/3/6 5898/3/6
f 5899/2/6 5900/2/6 5907/2/6
f 5900/1/6 5901/1/6 5908/1/6
f 5907/2/6 5900/2/6 5908/2/6
f 5905/2/6 5906/2/6 5909/2/6
f 5902/1/6 5903/1/6 5909/1/6
f 5903/2/6 5904/2/6 5909/2/6
f 5904/2/6 5905/2/6 5909/2/6
f 5909/2/6 5906/2/6 5910/2/6
f 5907/1/6 5908/1/6 5913/1/6
f 5908/1/6 5901/1/6 5914/1/6
f 5913/1/6 5908/1/6 5914/1/6
f 5902/1/6 5909/1/6 5915/1/6
f 5909/1/6 5910/1/6 5915/1/6
f 5915/1/6 5910/1/6 5916/1/6
f 5911/2/6 5912/2/6 5920/2/6
f 5920/2/6 5912/2/6 5921/2/6
f 5917/2/6 5918/2/6 5922/2/6
f 5922/2/6 5918/2/6 5923/2/6
f 5923/2/6 5924/2/6 5925/2/6
f 5925/2/6 5924/2/6 5926/2/6
f 5919/2/6 5920/2/6 5927/2/6
f 5927/2/6 5920/2/6 5928/2/6
f 5925/1/6 5926/1/6 5929/1/6
f 5926/2/6 5924/2/6 5930/2/6
f 5929/1/6 5926/1/6 5930/1/6
f 5930/2/6 5924/2/6 5931/2/6
f 5927/4/6 5928/4/6 5932/4/6
f 5932/4/6 5928/4/6 5933/4/6
f 5929/4/6 5930/4/6 5934/4/6
f 5930/4/6 5931/4/6 5934/4/6
f 5934/4/6 5931/4/6 5935/4/6
f 5935/4/6 5931/4/6 5936/4/6
f 5934/1/6 5935/1/6 5937/1/6
f 5935/2/6 5936/2/6 5937/2/6
f 5937/2/6 5936/2/6 5938/2/6
f 5932/2/6 5933/2/6 5939/2/6
f 5939/2/6 5933/2/6 5940/2/6
f 5934/1/6 5937/1/6 5941/1/6
f 5937/1/6 5938/1/6 5941/1/6
f 5941/1/6 5938/1/6 5942/1/6
f 5945/1/6 5946/1/6 5947/1/6
f 5947/1/6 5946/1/6 5948/1/6
f 5945/1/6 5947/1/6 5949/1/6
f 5947/2/6 5948/2/6 5950/2/6
f 5949/1/6 5947/1/6 5950/1/6
f 5943/2/6 5944/2/6 5951/2/6
f 5951/2/6 5944/2/6 5952/2/6
f 5949/2/6 5950/2/6 5955/2/6
f 5950/2/6 5948/2/6 5956/2/6
f 5955/2/6 5950/2/6 5956/2/6
f 5956/2/6 5948/2/6 5957/2/6
f 5954/2/6 5955/2/6 5960/2/6
f 5952/2/6 5953/2/6 5961/2/6
f 5961/2/6 5953/2/6 5962/2/6
f 5954/2/6 5960/2/6 5967/2/6
f 5967/2/6 5960/2/6 5968/2/6
f 5958/2/6 5959/2/6 5969/2/6
f 5969/2/6 5959/2/6 5970/2/6
f 5963/1/6 5964/1/6 5971/1/6
f 5971/1/6 5964/1/6 5972/1/6
f 5965/1/6 5966/1/6 5973/1/6
f 5973/1/6 5966/1/6 5974/1/6
f 5971/2/6 5972/2/6 5975/2/6
f 5972/1/6 5964/1/6 5976/1/6
f 5975/2/6 5972/2/6 5976/2/6
f 5976/1/6 5964/1/6 5977/1/6
f 5965/1/6 5973/1/6 5978/1/6
f 5973/2/6 5974/2/6 5979/2/6
f 5978/1/6 5973/1/6 5979/1/6
f 5979/2/6 5974/2/6 5980/2/6
f 5980/2/6 5974/2/6 5981/2/6
f 5981/2/6 5974/2/6 5982/2/6
f 5983/2/6 5984/2/6 5989/2/6
f 5984/1/6 5985/1/6 5989/1/6
f 5989/1/6 5985/1/6 5990/1/6
f 5986/1/6 5987/1/6 5991/1/6
f 5987/2/6 5988/2/6 5992/2/6
f 5991/1/6 5987/1/6 5992/1/6
f 5989/2/6 5990/2/6 5995/2/6
f 5983/2/6 5989/2/6 5995/2/6
f 5995/2/6 5990/2/6 5996/2/6
f 5991/2/6 5992/2/6 5997/2/6
f 5992/2/6 5988/2/6 5998/2/6
f 5997/2/6 5992/2/6 5998/2/6
f 5993/2/6 5994/2/6 6001/2/6
f 6001/2/6 5994/2/6 6002/2/6
f 5999/2/6 6000/2/6 6003/2/6
f 6003/2/6 6000/2/6 6004/2/6
f 6006/2/6 6007/2/6 6010/2/6
f 6005/2/6 6006/2/6 6010/2/6
f 6010/2/6 6007/2/6 6011/2/6
f 6011/2/6 6007/2/6 6012/2/6
f 6008/2/6 6009/2/6 6013/2/6
f 6013/2/6 6009/2/6 6014/2/6
f 6015/2/6 6016/2/6 6021/2/6
f 6021/2/6 6016/2/6 6022/2/6
f 6017/2/6 6018/2/6 6023/2/6
f 6023/2/6 6018/2/6 6024/2/6
f 6019/2/6 6020/2/6 6027/2/6
f 6027/2/6 6020/2/6 6028/2/6
f 6024/2/6 6018/2/6 6029/2/6
f 6029/2/6 6018/2/6 6030/2/6
f 6025/2/6 6026/2/6 6031/2/6
f 6031/2/6 6026/2/6 6032/2/6
f 6024/2/6 6029/2/6 6033/2/6
f 6029/1/6 6030/1/6 6034/1/6
f 6033/2/6 6029/2/6 6034/2/6
f 6034/1/6 6030/1/6 6035/1/6
f 6031/1/6 6032/1/6 6036/1/6
f 6032/2/6 6026/2/6 6037/2/6
f 6036/1/6 6032/1/6 6037/1/6
f 6037/2/6 6026/2/6 6038/2/6
f 6039/2/6 6040/2/6 6046/2/6
f 6040/1/6 6041/1/6 6046/1/6
f 6046/1/6 6041/1/6 6047/1/6
f 6042/1/6 6043/1/6 6048/1/6
f 6044/2/6 6045/2/6 6049/2/6
f 6048/1/6 6043/1/6 6049/1/6
f 6043/2/6 6044/2/6 6049/2/6
f 6039/2/6 6046/2/6 6050/2/6
f 6046/2/6 6047/2/6 6050/2/6
f 6050/2/6 6047/2/6 6051/2/6
f 6048/2/6 6049/2/6 6052/2/6
f 6049/2/6 6045/2/6 6053/2/6
f 6052/2/6 6049/2/6 6053/2/6
f 6054/2/6 6055/2/6 6058/2/6
f 6058/2/6 6055/2/6 6059/2/6
f 6054/2/6 6058/2/6 6060/2/6
f 6058/1/6 6059/1/6 6061/1/6
f 6060/2/6 6058/2/6 6061/2/6
f 6061/1/6 6059/1/6 6062/1/6
f 6056/2/6 6057/2/6 6063/2/6
f 6063/2/6 6057/2/6 6064/2/6
f 6065/2/6 6066/2/6 6070/2/6
f 6066/1/6 6067/1/6 6071/1/6
f 6070/2/6 6066/2/6 6071/2/6
f 6071/1/6 6067/1/6 6072/1/6
f 6068/2/6 6069/2/6 6073/2/6
f 6073/2/6 6069/2/6 6074/2/6
f 6075/2/6 6076/2/6 6079/2/6
f 6079/2/6 6076/2/6 6080/2/6
f 6077/2/6 6078/2/6 6081/2/6
f 6081/2/6 6078/2/6 6082/2/6
f 6075/2/6 6079/2/6 6083/2/6
f 6079/1/6 6080/1/6 6084/1/6
f 6083/2/6 6079/2/6 6084/2/6
f 6084/1/6 6080/1/6 6085/1/6
f 6081/1/6 6082/1/6 6086/1/6
f 6082/2/6 6078/2/6 6087/2/6
f 6086/1/6 6082/1/6 6087/1/6
f 6087/2/6 6078/2/6 6088/2/6
f 6088/2/6 6078/2/6 6089/2/6
f 6090/2/6 6091/2/6 6094/2/6
f 6094/2/6 6091/2/6 6095/2/6
f 6092/2/6 6093/2/6 6096/2/6
f 6096/2/6 6093/2/6 6097/2/6
f 6098/2/6 6099/2/6 6101/2/6
f 6101/2/6 6099/2/6 6102/2/6
f 6100/2/6 6101/2/6 6105/2/6
f 6102/2/6 6103/2/6 6105/2/6
f 6101/2/6 6102/2/6 6105/2/6
f 6105/2/6 6103/2/6 6106/2/6
f 6104/2/6 6105/2/6 6108/2/6
f 6106/2/6 6107/2/6 6108/2/6
f 6105/2/6 6106/2/6 6108/2/6
f 6108/2/6 6107/2/6 6109/2/6
f 6109/2/6 6107/2/6 6110/2/6
f 6110/2/6 6107/2/6 6111/2/6
f 6104/2/6 6108/2/6 6112/2/6
f 6109/2/6 6110/2/6 6113/2/6
f 6113/2/6 6110/2/6 6114/2/6
f 6111/2/6 6107/2/6 6115/2/6
f 6113/2/6 6114/2/6 6116/2/6
f 6114/2/6 6115/2/6 6116/2/6
f 6104/2/6 6112/2/6 6116/2/6
f 6112/2/6 6113/2/6 6116/2/6
f 6116/2/6 6115/2/6 6117/2/6
f 6115/2/6 6107/2/6 6118/2/6
f 6117/2/6 6115/2/6 6118/2/6
f 6118/2/6 6107/2/6 6119/2/6
f 6117/2/6 6118/2/6 6120/2/6
f 6120/2/6 6118/2/6 6121/2/6
f 6121/2/6 6118/2/6 6122/2/6
f 6122/2/6 6118/2/6 6123/2/6
f 6121/2/6 6122/2/6 6124/2/6
f 6124/2/6 6122/2/6 6125/2/6
f 6126/2/6 6127/2/6 6131/2/6
f 6131/2/6 6127/2/6 6132/2/6
f 6128/4/6 6129/4/6 6133/4/6
f 6129/2/6 6130/2/6 6134/2/6
f 6133/4/6 6129/4/6 6134/4/6
f 6126/2/6 6131/2/6 6135/2/6
f 6135/2/6 6131/2/6 6136/2/6
f 6136/2/6 6131/2/6 6137/2/6
f 6134/2/6 6130/2/6 6138/2/6
f 6138/2/6 6130/2/6 6139/2/6
f 6140/2/6 6141/2/6 6144/2/6
f 6144/2/6 6141/2/6 6145/2/6
f 6142/2/6 6143/2/6 6146/2/6
f 6146/2/6 6143/2/6 6147/2/6
f 6140/2/6 6144/2/6 6148/2/6
f 6148/2/6 6144/2/6 6149/2/6
f 6147/2/6 6143/2/6 6150/2/6
f 6150/2/6 6143/2/6 6151/2/6
f 6152/2/6 6153/2/6 6156/2/6
f 6156/2/6 6153/2/6 6157/2/6
f 6154/2/6 6155/2/6 6158/2/6
f 6158/2/6 6155/2/6 6159/2/6
f 6160/2/6 6161/2/6 6164/2/6
f 6162/2/6 6163/2/6 6167/2/6
f 6164/2/6 6165/2/6 6168/2/6
f 6160/2/6 6164/2/6 6168/2/6
f 6168/2/6 6165/2/6 6169/2/6
f 6166/2/6 6167/2/6 6170/2/6
f 6167/2/6 6163/2/6 6171/2/6
f 6170/2/6 6167/2/6 6171/2/6
f 6172/2/6 6173/2/6 6177/2/6
f 6173/2/6 6174/2/6 6177/2/6
f 6175/2/6 6176/2/6 6180/2/6
f 6177/2/6 6178/2/6 6181/2/6
f 6172/2/6 6177/2/6 6181/2/6
f 6181/2/6 6178/2/6 6182/2/6
f 6179/4/6 6180/4/6 6183/4/6
f 6180/2/6 6176/2/6 6184/2/6
f 6183/4/6 6180/4/6 6184/4/6
f 6184/2/6 6176/2/6 6185/2/6
f 6186/2/6 6187/2/6 6190/2/6
f 6190/2/6 6187/2/6 6191/2/6
f 6188/4/6 6189/4/6 6192/4/6
f 6192/4/6 6189/4/6 6193/4/6
f 6194/2/6 6195/2/6 6198/2/6
f 6198/2/6 6195/2/6 6199/2/6
f 6196/2/6 6197/2/6 6200/2/6
f 6200/2/6 6197/2/6 6201/2/6
f 6202/2/6 6203/2/6 6206/2/6
f 6206/2/6 6203/2/6 6207/2/6
f 6204/2/6 6205/2/6 6208/2/6
f 6208/2/6 6205/2/6 6209/2/6
f 6210/2/6 6211/2/6 6214/2/6
f 6214/2/6 6211/2/6 6215/2/6
f 6212/4/6 6213/4/6 6216/4/6
f 6216/4/6 6213/4/6 6217/4/6
f 6218/2/6 6219/2/6 6222/2/6
f 6222/2/6 6219/2/6 6223/2/6
f 6220/2/6 6221/2/6 6224/2/6
f 6224/2/6 6221/2/6 6225/2/6
f 6218/2/6 6222/2/6 6226/2/6
f 6226/2/6 6222/2/6 6227/2/6
f 6225/2/6 6221/2/6 6228/2/6
f 6228/2/6 6221/2/6 6229/2/6
f 6230/2/6 6231/2/6 6234/2/6
f 6234/2/6 6231/2/6 6235/2/6
f 6232/2/6 6233/2/6 6236/2/6
f 6236/2/6 6233/2/6 6237/2/6
f 6230/2/6 6234/2/6 6238/2/6
f 6238/2/6 6234/2/6 6239/2/6
f 6237/2/6 6233/2/6 6240/2/6
f 6240/2/6 6233/2/6 6241/2/6
f 6242/2/6 6243/2/6 6246/2/6
f 6244/2/6 6245/2/6 6249/2/6
f 6246/2/6 6247/2/6 6250/2/6
f 6242/2/6 6246/2/6 6250/2/6
f 6250/2/6 6247/2/6 6251/2/6
f 6248/2/6 6249/2/6 6252/2/6
f 6249/2/6 6245/2/6 6253/2/6
f 6252/2/6 6249/2/6 6253/2/6
f 6254/2/6 6255/2/6 6258/2/6
f 6256/2/6 6257/2/6 6261/2/6
f 6258/2/6 6259/2/6 6262/2/6
f 6254/2/6 6258/2/6 6262/2/6
f 6262/2/6 6259/2/6 6263/2/6
f 6260/2/6 6261/2/6 6264/2/6
f 6261/2/6 6257/2/6 6265/2/6
f 6264/2/6 6261/2/6 6265/2/6
f 6266/4/6 6267/4/6 6271/4/6
f 6271/4/6 6267/4/6 6272/4/6
f 6268/2/6 6269/2/6 6273/2/6
f 6273/2/6 6269/2/6 6274/2/6
f 6270/2/6 6271/2/6 6278/2/6
f 6278/2/6 6271/2/6 6279/2/6
f 6274/2/6 6275/2/6 6280/2/6
f 6280/2/6 6275/2/6 6281/2/6
f 6276/2/6 6277/2/6 6284/2/6
f 6284/2/6 6277/2/6 6285/2/6
f 6282/2/6 6283/2/6 6286/2/6
f 6286/2/6 6283/2/6 6287/2/6
f 6288/2/6 6289/2/6 6293/2/6
f 6293/2/6 6289/2/6 6294/2/6
f 6290/2/6 6291/2/6 6295/2/6
f 6295/2/6 6291/2/6 6296/2/6
f 6292/2/6 6293/2/6 6298/2/6
f 6298/2/6 6293/2/6 6299/2/6
f 6296/2/6 6297/2/6 6300/2/6
f 6300/2/6 6297/2/6 6301/2/6
f 6302/2/6 6303/2/6 6306/2/6
f 6306/2/6 6303/2/6 6307/2/6
f 6304/2/6 6305/2/6 6310/2/6
f 6310/2/6 6305/2/6 6311/2/6
f 6307/2/6 6308/2/6 6312/2/6
f 6312/2/6 6308/2/6 6313/2/6
f 6309/2/6 6310/2/6 6314/2/6
f 6314/2/6 6310/2/6 6315/2/6
f 6316/2/6 6317/2/6 6320/2/6
f 6320/2/6 6317/2/6 6321/2/6
f 6318/2/6 6319/2/6 6326/2/6
f 6326/2/6 6319/2/6 6327/2/6
f 6322/2/6 6323/2/6 6328/2/6
f 6328/2/6 6323/2/6 6329/2/6
f 6324/2/6 6325/2/6 6332/2/6
f 6332/2/6 6325/2/6 6333/2/6
f 6329/4/6 6330/4/6 6334/4/6
f 6334/4/6 6330/4/6 6335/4/6
f 6331/2/6 6332/2/6 6336/2/6
f 6336/2/6 6332/2/6 6337/2/6
f 6338/2/6 6339/2/6 6345/2/6
f 6340/2/6 6341/2/6 6346/2/6
f 6341/4/6 6342/4/6 6346/4/6
f 6342/2/6 6343/2/6 6347/2/6
f 6346/4/6 6342/4/6 6347/4/6
f 6347/2/6 6343/2/6 6348/2/6
f 6344/2/6 6345/2/6 6352/2/6
f 6339/4/6 6340/4/6 6353/4/6
f 6352/2/6 6345/2/6 6353/2/6
f 6345/2/6 6339/2/6 6353/2/6
f 6340/2/6 6346/2/6 6354/2/6
f 6353/4/6 6340/4/6 6354/4/6
f 6346/2/6 6347/2/6 6354/2/6
f 6347/2/6 6348/2/6 6354/2/6
f 6348/4/6 6349/4/6 6355/4/6
f 6354/2/6 6348/2/6 6355/2/6
f 6355/4/6 6349/4/6 6356/4/6
f 6350/2/6 6351/2/6 6360/2/6
f 6360/2/6 6351/2/6 6361/2/6
f 6357/2/6 6358/2/6 6362/2/6
f 6362/2/6 6358/2/6 6363/2/6
f 6359/2/6 6360/2/6 6365/2/6
f 6365/2/6 6360/2/6 6366/2/6
f 6363/2/6 6364/2/6 6367/2/6
f 6367/2/6 6364/2/6 6368/2/6
f 6369/2/6 6370/2/6 6373/2/6
f 6373/2/6 6370/2/6 6374/2/6
f 6371/2/6 6372/2/6 6375/2/6
f 6375/2/6 6372/2/6 6376/2/6
f 6376/2/6 6372/2/6 6377/2/6
f 6378/4/6 6379/4/6 6383/4/6
f 6383/4/6 6379/4/6 6384/4/6
f 6380/4/6 6381/4/6 6385/4/6
f 6385/4/6 6381/4/6 6386/4/6
f 6383/2/6 6384/2/6 6388/2/6
f 6382/2/6 6383/2/6 6388/2/6
f 6388/2/6 6384/2/6 6389/2/6
f 6386/2/6 6387/2/6 6390/2/6
f 6385/2/6 6386/2/6 6390/2/6
f 6390/2/6 6387/2/6 6391/2/6
f 6388/4/6 6389/4/6 6392/4/6
f 6389/2/6 6384/2/6 6393/2/6
f 6392/4/6 6389/4/6 6393/4/6
f 6385/2/6 6390/2/6 6394/2/6
f 6390/4/6 6391/4/6 6394/4/6
f 6394/4/6 6391/4/6 6395/4/6
f 6392/2/6 6393/2/6 6396/2/6
f 6393/2/6 6384/2/6 6397/2/6
f 6396/2/6 6393/2/6 6397/2/6
f 6385/2/6 6394/2/6 6398/2/6
f 6394/2/6 6395/2/6 6398/2/6
f 6398/2/6 6395/2/6 6399/2/6
f 6396/4/6 6397/4/6 6400/4/6
f 6397/2/6 6384/2/6 6401/2/6
f 6400/4/6 6397/4/6 6401/4/6
f 6385/2/6 6398/2/6 6402/2/6
f 6398/4/6 6399/4/6 6402/4/6
f 6402/4/6 6399/4/6 6403/4/6
f 6400/2/6 6401/2/6 6404/2/6
f 6401/2/6 6384/2/6 6405/2/6
f 6404/2/6 6401/2/6 6405/2/6
f 6385/2/6 6402/2/6 6406/2/6
f 6402/2/6 6403/2/6 6406/2/6
f 6406/2/6 6403/2/6 6407/2/6
f 6405/2/6 6384/2/6 6408/2/6
f 6408/2/6 6384/2/6 6409/2/6
f 6385/2/6 6406/2/6 6410/2/6
f 6410/2/6 6406/2/6 6411/2/6
f 6412/2/6 6413/2/6 6416/2/6
f 6416/2/6 6413/2/6 6417/2/6
f 6414/2/6 6415/2/6 6420/2/6
f 6420/2/6 6415/2/6 6421/2/6
f 6417/2/6 6418/2/6 6422/2/6
f 6422/2/6 6418/2/6 6423/2/6
f 6419/2/6 6420/2/6 6429/2/6
f 6429/2/6 6420/2/6 6430/2/6
f 6424/2/6 6425/2/6 6431/2/6
f 6431/2/6 6425/2/6 6432/2/6
f 6426/2/6 6427/2/6 6433/2/6
f 6433/2/6 6427/2/6 6434/2/6
f 6427/4/6 6428/4/6 6435/4/6
f 6434/2/6 6427/2/6 6435/2/6
f 6435/4/6 6428/4/6 6436/4/6
f 6432/2/6 6425/2/6 6437/2/6
f 6425/4/6 6426/4/6 6438/4/6
f 6437/2/6 6425/2/6 6438/2/6
f 6426/2/6 6433/2/6 6439/2/6
f 6438/4/6 6426/4/6 6439/4/6
f 6433/4/6 6434/4/6 6440/4/6
f 6439/2/6 6433/2/6 6440/2/6
f 6434/2/6 6435/2/6 6441/2/6
f 6440/4/6 6434/4/6 6441/4/6
f 6441/2/6 6435/2/6 6442/2/6
f 6443/2/6 6444/2/6 6451/2/6
f 6444/4/6 6445/4/6 6452/4/6
f 6451/2/6 6444/2/6 6452/2/6
f 6445/2/6 6446/2/6 6453/2/6
f 6452/4/6 6445/4/6 6453/4/6
f 6453/2/6 6446/2/6 6454/2/6
f 6447/4/6 6448/4/6 6455/4/6
f 6448/2/6 6449/2/6 6456/2/6
f 6455/4/6 6448/4/6 6456/4/6
f 6456/2/6 6449/2/6 6457/2/6
f 6450/2/6 6451/2/6 6460/2/6
f 6460/2/6 6451/2/6 6461/2/6
f 6457/2/6 6458/2/6 6462/2/6
f 6462/2/6 6458/2/6 6463/2/6
f 6459/2/6 6460/2/6 6465/2/6
f 6465/2/6 6460/2/6 6466/2/6
f 6463/2/6 6464/2/6 6467/2/6
f 6467/2/6 6464/2/6 6468/2/6
f 6469/2/6 6470/2/6 6473/2/6
f 6473/2/6 6470/2/6 6474/2/6
f 6471/2/6 6472/2/6 6477/2/6
f 6477/2/6 6472/2/6 6478/2/6
f 6474/2/6 6475/2/6 6479/2/6
f 6479/2/6 6475/2/6 6480/2/6
f 6476/2/6 6477/2/6 6486/2/6
f 6486/2/6 6477/2/6 6487/2/6
f 6480/2/6 6481/2/6 6488/2/6
f 6481/4/6 6482/4/6 6489/4/6
f 6488/2/6 6481/2/6 6489/2/6
f 6482/2/6 6483/2/6 6490/2/6
f 6489/4/6 6482/4/6 6490/4/6
f 6490/2/6 6483/2/6 6491/2/6
f 6484/4/6 6485/4/6 6492/4/6
f 6485/2/6 6486/2/6 6493/2/6
f 6492/4/6 6485/4/6 6493/4/6
f 6493/2/6 6486/2/6 6494/2/6
f 6495/2/6 6496/2/6 6503/2/6
f 6503/2/6 6496/2/6 6504/2/6
f 6504/2/6 6496/2/6 6505/2/6
f 6505/2/6 6496/2/6 6506/2/6
f 6496/4/6 6497/4/6 6507/4/6
f 6506/2/6 6496/2/6 6507/2/6
f 6497/2/6 6498/2/6 6508/2/6
f 6507/4/6 6497/4/6 6508/4/6
f 6508/2/6 6498/2/6 6509/2/6
f 6498/4/6 6499/4/6 6510/4/6
f 6500/2/6 6501/2/6 6514/2/6
f 6501/4/6 6502/4/6 6515/4/6
f 6514/2/6 6501/2/6 6515/2/6
f 6502/2/6 6503/2/6 6516/2/6
f 6515/4/6 6502/4/6 6516/4/6
f 6503/2/6 6504/2/6 6516/2/6
f 6516/2/6 6504/2/6 6517/2/6
f 6509/2/6 6498/2/6 6520/2/6
f 6510/4/6 6511/4/6 6521/4/6
f 6520/2/6 6498/2/6 6521/2/6
f 6498/4/6 6510/4/6 6521/4/6
f 6511/2/6 6512/2/6 6522/2/6
f 6521/4/6 6511/4/6 6522/4/6
f 6522/2/6 6512/2/6 6523/2/6
f 6523/2/6 6512/2/6 6524/2/6
f 6513/2/6 6514/2/6 6526/2/6
f 6515/2/6 6516/2/6 6526/2/6
f 6514/2/6 6515/2/6 6526/2/6
f 6526/2/6 6516/2/6 6527/2/6
f 6518/2/6 6519/2/6 6530/2/6
f 6530/2/6 6519/2/6 6531/2/6
f 6524/2/6 6525/2/6 6535/2/6
f 6523/2/6 6524/2/6 6535/2/6
f 6535/2/6 6525/2/6 6536/2/6
f 6513/2/6 6526/2/6 6538/2/6
f 6526/4/6 6527/4/6 6539/4/6
f 6538/2/6 6526/2/6 6539/2/6
f 6527/2/6 6516/2/6 6540/2/6
f 6539/4/6 6527/4/6 6540/4/6
f 6540/2/6 6516/2/6 6541/2/6
f 6533/2/6 6534/2/6 6542/2/6
f 6532/2/6 6533/2/6 6542/2/6
f 6528/2/6 6529/2/6 6542/2/6
f 6529/2/6 6530/2/6 6542/2/6
f 6530/2/6 6531/2/6 6542/2/6
f 6531/2/6 6532/2/6 6542/2/6
f 6542/2/6 6534/2/6 6543/2/6
f 6543/2/6 6534/2/6 6544/2/6
f 6535/4/6 6536/4/6 6545/4/6
f 6536/2/6 6525/2/6 6546/2/6
f 6545/4/6 6536/4/6 6546/4/6
f 6546/2/6 6525/2/6 6547/2/6
f 6537/2/6 6538/2/6 6549/2/6
f 6538/2/6 6539/2/6 6549/2/6
f 6549/2/6 6539/2/6 6550/2/6
f 6547/2/6 6548/2/6 6551/2/6
f 6546/2/6 6547/2/6 6551/2/6
f 6551/2/6 6548/2/6 6552/2/6
f 6537/2/6 6549/2/6 6553/2/6
f 6552/2/6 6548/2/6 6554/2/6
f 6537/2/6 6553/2/6 6555/2/6
f 6554/2/6 6548/2/6 6556/2/6
f 6537/2/6 6555/2/6 6557/2/6
f 6557/2/6 6555/2/6 6558/2/6
f 6556/2/6 6548/2/6 6559/2/6
f 6559/2/6 6548/2/6 6560/2/6
f 6557/4/6 6558/4/6 6561/4/6
f 6561/4/6 6558/4/6 6562/4/6
f 6559/4/6 6560/4/6 6563/4/6
f 6563/4/6 6560/4/6 6564/4/6
f 6561/2/6 6562/2/6 6565/2/6
f 6563/2/6 6564/2/6 6566/2/6
f 6561/2/6 6565/2/6 6567/2/6
f 6566/2/6 6564/2/6 6570/2/6
f 6567/2/6 6568/2/6 6571/2/6
f 6561/2/6 6567/2/6 6571/2/6
f 6571/2/6 6568/2/6 6572/2/6
f 6572/2/6 6568/2/6 6573/2/6
f 6569/2/6 6570/2/6 6579/2/6
f 6570/2/6 6564/2/6 6580/2/6
f 6579/2/6 6570/2/6 6580/2/6
f 6580/2/6 6564/2/6 6581/2/6
f 6576/1/6 6577/1/6 6582/1/6
f 6575/1/6 6576/1/6 6582/1/6
f 6582/1/6 6577/1/6 6583/1/6
f 6583/1/6 6577/1/6 6584/1/6
f 6584/1/6 6577/1/6 6585/1/6
f 6585/1/6 6577/1/6 6586/1/6
f 6572/2/6 6573/2/6 6587/2/6
f 6573/2/6 6574/2/6 6587/2/6
f 6587/2/6 6574/2/6 6588/2/6
f 6588/2/6 6574/2/6 6589/2/6
f 6589/2/6 6574/2/6 6590/2/6
f 6583/1/6 6584/1/6 6592/1/6
f 6592/1/6 6584/1/6 6593/1/6
f 6578/2/6 6579/2/6 6597/2/6
f 6579/2/6 6580/2/6 6597/2/6
f 6597/2/6 6580/2/6 6598/2/6
f 6598/2/6 6580/2/6 6599/2/6
f 6588/2/6 6589/2/6 6600/2/6
f 6589/4/6 6590/4/6 6601/4/6
f 6600/2/6 6589/2/6 6601/2/6
f 6590/2/6 6591/2/6 6602/2/6
f 6601/4/6 6590/4/6 6602/4/6
f 6602/2/6 6591/2/6 6603/2/6
f 6603/2/6 6591/2/6 6604/2/6
f 6594/2/6 6595/2/6 6609/2/6
f 6595/4/6 6596/4/6 6610/4/6
f 6597/2/6 6598/2/6 6611/2/6
f 6610/4/6 6596/4/6 6611/4/6
f 6596/2/6 6597/2/6 6611/2/6
f 6611/2/6 6598/2/6 6612/2/6
f 6606/2/6 6607/2/6 6613/2/6
f 6605/2/6 6606/2/6 6613/2/6
f 6604/2/6 6605/2/6 6613/2/6
f 6603/2/6 6604/2/6 6613/2/6
f 6607/4/6 6608/4/6 6614/4/6
f 6613/2/6 6607/2/6 6614/2/6
f 6608/2/6 6609/2/6 6615/2/6
f 6614/4/6 6608/4/6 6615/4/6
f 6595/4/6 6610/4/6 6616/4/6
f 6615/2/6 6609/2/6 6616/2/6
f 6609/2/6 6595/2/6 6616/2/6
f 6616/4/6 6610/4/6 6617/4/6
f 6620/1/6 6621/1/6 6627/1/6
f 6621/1/6 6622/1/6 6627/1/6
f 6627/1/6 6622/1/6 6628/1/6
f 6623/1/6 6624/1/6 6629/1/6
f 6629/1/6 6624/1/6 6630/1/6
f 6618/2/6 6619/2/6 6631/2/6
f 6631/2/6 6619/2/6 6632/2/6
f 6625/2/6 6626/2/6 6633/2/6
f 6633/2/6 6626/2/6 6634/2/6
f 6635/2/6 6636/2/6 6639/2/6
f 6639/2/6 6636/2/6 6640/2/6
f 6637/2/6 6638/2/6 6641/2/6
f 6641/2/6 6638/2/6 6642/2/6
f 6643/4/6 6644/4/6 6647/4/6
f 6647/4/6 6644/4/6 6648/4/6
f 6645/4/6 6646/4/6 6649/4/6
f 6649/4/6 6646/4/6 6650/4/6
f 6651/2/6 6652/2/6 6659/2/6
f 6659/2/6 6652/2/6 6660/2/6
f 6655/2/6 6656/2/6 6661/2/6
f 6661/2/6 6656/2/6 6662/2/6
f 6662/2/6 6656/2/6 6663/2/6
f 6657/2/6 6658/2/6 6664/2/6
f 6664/2/6 6658/2/6 6665/2/6
f 6653/2/6 6654/2/6 6666/2/6
f 6666/2/6 6654/2/6 6667/2/6
f 6668/2/6 6669/2/6 6671/2/6
f 6671/2/6 6669/2/6 6672/2/6
f 6672/2/6 6669/2/6 6673/2/6
f 6673/2/6 6669/2/6 6674/2/6
f 6670/2/6 6671/2/6 6676/2/6
f 6671/2/6 6672/2/6 6676/2/6
f 6676/2/6 6672/2/6 6677/2/6
f 6674/2/6 6675/2/6 6678/2/6
f 6673/2/6 6674/2/6 6678/2/6
f 6678/2/6 6675/2/6 6679/2/6
f 6670/2/6 6676/2/6 6681/2/6
f 6679/2/6 6675/2/6 6682/2/6
f 6680/2/6 6681/2/6 6684/2/6
f 6681/2/6 6676/2/6 6685/2/6
f 6684/2/6 6681/2/6 6685/2/6
f 6682/2/6 6683/2/6 6686/2/6
f 6679/2/6 6682/2/6 6686/2/6
f 6686/2/6 6683/2/6 6687/2/6
f 6680/2/6 6684/2/6 6688/2/6
f 6687/2/6 6683/2/6 6691/2/6
f 6688/2/6 6689/2/6 6692/2/6
f 6680/2/6 6688/2/6 6692/2/6
f 6692/2/6 6689/2/6 6693/2/6
f 6690/2/6 6691/2/6 6694/2/6
f 6691/2/6 6683/2/6 6695/2/6
f 6694/2/6 6691/2/6 6695/2/6
f 6693/2/6 6689/2/6 6696/2/6
f 6690/2/6 6694/2/6 6699/2/6
f 6696/2/6 6697/2/6 6700/2/6
f 6693/2/6 6696/2/6 6700/2/6
f 6700/2/6 6697/2/6 6701/2/6
f 6701/2/6 6697/2/6 6702/2/6
f 6698/2/6 6699/2/6 6703/2/6
f 6703/2/6 6699/2/6 6704/2/6
f 6699/2/6 6694/2/6 6705/2/6
f 6704/2/6 6699/2/6 6705/2/6
f 6701/2/6 6702/2/6 6706/2/6
f 6703/2/6 6704/2/6 6706/2/6
f 6702/2/6 6703/2/6 6706/2/6
f 6706/2/6 6704/2/6 6707/2/6
f 6708/3/6 6709/3/6 6711/3/6
f 6711/3/6 6709/3/6 6712/3/6
f 6710/3/6 6711/3/6 6714/3/6
f 6712/3/6 6713/3/6 6714/3/6
f 6711/3/6 6712/3/6 6714/3/6
f 6714/3/6 6713/3/6 6715/3/6
f 6715/3/6 6713/3/6 6716/3/6
f 6716/3/6 6713/3/6 6717/3/6
f 6710/3/6 6714/3/6 6719/3/6
f 6714/2/6 6715/2/6 6720/2/6
f 6719/3/6 6714/3/6 6720/3/6
f 6720/2/6 6715/2/6 6721/2/6
f 6716/2/6 6717/2/6 6722/2/6
f 6717/3/6 6713/3/6 6723/3/6
f 6722/2/6 6717/2/6 6723/2/6
f 6723/3/6 6713/3/6 6724/3/6
f 6718/3/6 6719/3/6 6727/3/6
f 6719/3/6 6720/3/6 6727/3/6
f 6724/3/6 6725/3/6 6728/3/6
f 6723/3/6 6724/3/6 6728/3/6
f 6726/3/6 6727/3/6 6730/3/6
f 6727/3/6 6720/3/6 6730/3/6
f 6730/3/6 6720/3/6 6731/3/6
f 6728/3/6 6729/3/6 6732/3/6
f 6723/3/6 6728/3/6 6732/3/6
f 6732/3/6 6729/3/6 6733/3/6
f 6726/3/6 6730/3/6 6734/3/6
f 6733/3/6 6729/3/6 6737/3/6
f 6734/3/6 6735/3/6 6738/3/6
f 6726/3/6 6734/3/6 6738/3/6
f 6738/3/6 6735/3/6 6739/3/6
f 6736/3/6 6737/3/6 6740/3/6
f 6737/3/6 6729/3/6 6740/3/6
f 6740/3/6 6729/3/6 6741/3/6
f 6739/3/6 6735/3/6 6742/3/6
f 6742/3/6 6735/3/6 6743/3/6
f 6743/3/6 6735/3/6 6744/3/6
f 6736/3/6 6740/3/6 6747/3/6
f 6747/3/6 6740/3/6 6748/3/6
f 6748/3/6 6740/3/6 6749/3/6
f 6744/2/6 6745/2/6 6750/2/6
f 6743/3/6 6744/3/6 6750/3/6
f 6750/2/6 6745/2/6 6751/2/6
f 6746/2/6 6747/2/6 6752/2/6
f 6747/3/6 6748/3/6 6753/3/6
f 6752/2/6 6747/2/6 6753/2/6
f 6751/3/6 6752/3/6 6754/3/6
f 6750/3/6 6751/3/6 6754/3/6
f 6752/3/6 6753/3/6 6754/3/6
f 6743/3/6 6750/3/6 6754/3/6
f 6754/3/6 6753/3/6 6755/3/6
f 6753/3/6 6748/3/6 6756/3/6
f 6755/3/6 6753/3/6 6756/3/6
f 6756/3/6 6748/3/6 6757/3/6
f 6755/3/6 6756/3/6 6758/3/6
f 6758/3/6 6756/3/6 6759/3/6
