# MagicaVoxel @ Ephtracy

# group
o 

# material
mtllib witch.mtl
usemtl palette

# normals
vn -1 0 0
vn 1 0 0
vn 0 0 1
vn 0 0 -1
vn 0 -1 0
vn 0 1 0

# texcoords
vt 0.861328 0.5
vt 0.876953 0.5
vt 0.892578 0.5
vt 0.908203 0.5
vt 0.919922 0.5
vt 0.923828 0.5
vt 0.931641 0.5
vt 0.935547 0.5
vt 0.939453 0.5
vt 0.947266 0.5
vt 0.951172 0.5
vt 0.955078 0.5
vt 0.958984 0.5
vt 0.962891 0.5
vt 0.966797 0.5
vt 0.970703 0.5
vt 0.974609 0.5
vt 0.982422 0.5
vt 0.986328 0.5
vt 0.990234 0.5
vt 0.994141 0.5

# verts
v -1.6 0.5 0
v -1.6 0.5 -0.2
v -1.6 0.5 -0.3
v -1.6 0.5 -0.4
v -1.6 0.6 0
v -1.6 0.6 -0.1
v -1.6 0.6 -0.2
v -1.6 0.6 -0.3
v -1.6 0.6 -0.4
v -1.6 0.7 0
v -1.6 0.7 -0.1
v -1.6 0.7 -0.2
v -1.6 0.7 -0.3
v -1.6 0.7 -0.4
v -1.6 0.8 0
v -1.6 0.8 -0.1
v -1.6 0.8 -0.3
v -1.6 0.8 -0.4
v -1.5 0.8 -0.1
v -1.5 0.8 -0.2
v -1.5 0.8 -0.3
v -1.5 0.9 -0.1
v -1.5 0.9 -0.2
v -1.5 0.9 -0.3
v -1.3 0.5 -0.1
v -1.3 0.5 -0.3
v -1.3 0.6 -0.1
v -1.3 0.6 -0.3
v -1.1 -0.2 0.1
v -1.1 -0.2 -0.1
v -1.1 -0.1 0.1
v -1.1 -0.1 -0.1
v -1.1 0.6 0
v -1.1 0.6 -0.1
v -1.1 0.6 -0.3
v -1.1 0.6 -0.4
v -1.1 0.7 0
v -1.1 0.7 -0.1
v -1.1 0.8 0
v -1.1 0.8 -0.1
v -1.1 0.8 -0.3
v -1.1 0.8 -0.4
v -1.1 0.9 -0.1
v -1.1 0.9 -0.3
v -1 -0.6 -0.5
v -1 -0.6 -0.6
v -1 -0.5 -0.6
v -1 -0.5 -0.7
v -1 -0.4 -0.5
v -1 -0.4 -0.7
v -1 -0.2 -0.1
v -1 -0.2 -0.3
v -1 -0.2 -0.5
v -1 -0.2 -0.7
v -1 -0.1 0
v -1 -0.1 -0.1
v -1 -0.1 -0.2
v -1 -0.1 -0.3
v -1 -0.1 -0.5
v -1 -0.1 -0.7
v -1 0 0
v -1 0 -0.2
v -1 0 -0.4
v -1 0 -0.5
v -1 0.1 -0.4
v -1 0.1 -0.5
v -1 0.5 -0.1
v -1 0.5 -0.3
v -1 0.6 -0.1
v -1 0.6 -0.3
v -1 0.8 0
v -1 0.8 -0.1
v -1 0.8 -0.3
v -1 0.8 -0.4
v -1 0.8 -0.6
v -1 0.9 0
v -1 0.9 -0.1
v -1 0.9 -0.3
v -1 0.9 -0.4
v -1 0.9 -0.5
v -1 0.9 -0.6
v -1 1 -0.3
v -1 1 -0.5
v -1 1.6 -0.4
v -1 1.6 -0.5
v -1 1.7 -0.4
v -1 1.7 -0.5
v -1 2 0
v -1 2 -0.4
v -1 2.1 0
v -1 2.1 -0.4
v -0.9 -0.6 -0.6
v -0.9 -0.6 -0.8
v -0.9 -0.5 -0.6
v -0.9 -0.5 -0.7
v -0.9 -0.5 -0.8
v -0.9 -0.4 -0.4
v -0.9 -0.4 -0.5
v -0.9 -0.3 -0.3
v -0.9 -0.3 -0.4
v -0.9 -0.3 -0.5
v -0.9 -0.3 -0.7
v -0.9 -0.2 -0.3
v -0.9 -0.2 -0.5
v -0.9 -0.2 -0.7
v -0.9 -0.2 -0.8
v -0.9 -0.1 -0.2
v -0.9 -0.1 -0.3
v -0.9 -0.1 -0.5
v -0.9 -0.1 -0.7
v -0.9 0 -0.1
v -0.9 0 -0.2
v -0.9 0 -0.4
v -0.9 0 -0.5
v -0.9 0.1 -0.2
v -0.9 0.1 -0.3
v -0.9 0.1 -0.4
v -0.9 0.1 -0.5
v -0.9 0.2 -0.1
v -0.9 0.2 -0.2
v -0.9 0.2 -0.3
v -0.9 0.2 -0.4
v -0.9 0.2 -0.8
v -0.9 0.3 -0.2
v -0.9 0.3 -0.4
v -0.9 0.5 0
v -0.9 0.5 -0.1
v -0.9 0.5 -0.3
v -0.9 0.5 -0.4
v -0.9 0.6 0
v -0.9 0.6 -0.1
v -0.9 0.6 -0.3
v -0.9 0.6 -0.4
v -0.9 0.9 -0.1
v -0.9 0.9 -0.3
v -0.9 1 -0.1
v -0.9 1 -0.3
v -0.9 1.5 -0.2
v -0.9 1.5 -0.4
v -0.9 1.6 -0.4
v -0.9 1.7 -0.2
v -0.9 1.7 -0.4
v -0.9 2 0.1
v -0.9 2 0
v -0.9 2 -0.4
v -0.9 2 -0.5
v -0.9 2.1 0.1
v -0.9 2.1 0
v -0.9 2.1 -0.4
v -0.9 2.1 -0.5
v -0.8 -0.5 0.1
v -0.8 -0.5 -0.2
v -0.8 -0.5 -0.7
v -0.8 -0.5 -0.8
v -0.8 -0.4 0.2
v -0.8 -0.4 0.1
v -0.8 -0.4 -0.2
v -0.8 -0.4 -0.4
v -0.8 -0.4 -0.7
v -0.8 -0.4 -0.8
v -0.8 -0.3 -0.3
v -0.8 -0.3 -0.4
v -0.8 -0.3 -0.7
v -0.8 -0.3 -0.8
v -0.8 -0.2 0.3
v -0.8 -0.2 0.2
v -0.8 -0.2 0.1
v -0.8 -0.2 0
v -0.8 -0.2 -0.3
v -0.8 -0.2 -0.7
v -0.8 -0.2 -0.8
v -0.8 -0.1 0.3
v -0.8 -0.1 0.2
v -0.8 -0.1 0.1
v -0.8 0 0.3
v -0.8 0 0.2
v -0.8 0 0
v -0.8 0 -0.1
v -0.8 0.1 0.2
v -0.8 0.1 0.1
v -0.8 0.2 0.1
v -0.8 0.2 0
v -0.8 0.2 -0.1
v -0.8 0.2 -0.2
v -0.8 0.2 -0.4
v -0.8 0.2 -0.7
v -0.8 0.3 0
v -0.8 0.3 -0.1
v -0.8 0.3 -0.2
v -0.8 0.3 -0.3
v -0.8 0.3 -0.4
v -0.8 0.4 0.1
v -0.8 0.4 0
v -0.8 0.4 -0.1
v -0.8 0.4 -0.3
v -0.8 0.4 -0.4
v -0.8 0.4 -0.7
v -0.8 0.5 0.1
v -0.8 0.5 0
v -0.8 0.7 0.2
v -0.8 0.7 0
v -0.8 0.9 0.2
v -0.8 0.9 0.1
v -0.8 0.9 0
v -0.8 0.9 -0.1
v -0.8 1 0.1
v -0.8 1 -0.1
v -0.8 1.3 -0.3
v -0.8 1.3 -0.5
v -0.8 1.4 -0.3
v -0.8 1.4 -0.5
v -0.8 1.5 -0.1
v -0.8 1.5 -0.2
v -0.8 1.5 -0.4
v -0.8 1.5 -0.5
v -0.8 1.6 -0.1
v -0.8 1.6 -0.2
v -0.8 1.6 -0.4
v -0.8 1.6 -0.5
v -0.8 1.6 -0.6
v -0.8 1.7 -0.1
v -0.8 1.7 -0.2
v -0.8 1.7 -0.5
v -0.8 1.8 -0.1
v -0.8 1.8 -0.6
v -0.8 2 0.2
v -0.8 2 0.1
v -0.8 2 -0.5
v -0.8 2 -0.6
v -0.8 2.1 0.2
v -0.8 2.1 0.1
v -0.8 2.1 0
v -0.8 2.1 -0.4
v -0.8 2.1 -0.5
v -0.8 2.1 -0.6
v -0.8 2.2 0
v -0.8 2.2 -0.4
v -0.7 -0.5 -0.9
v -0.7 -0.5 -1.1
v -0.7 -0.4 -0.7
v -0.7 -0.4 -0.8
v -0.7 -0.4 -0.9
v -0.7 -0.3 0.3
v -0.7 -0.3 0.2
v -0.7 -0.3 -0.7
v -0.7 -0.3 -0.8
v -0.7 -0.2 0.3
v -0.7 -0.2 0.2
v -0.7 -0.2 0.1
v -0.7 -0.2 -1
v -0.7 -0.2 -1.1
v -0.7 -0.1 0.2
v -0.7 -0.1 0.1
v -0.7 0 0.3
v -0.7 0 0.2
v -0.7 0 -0.8
v -0.7 0 -1
v -0.7 0.1 0.2
v -0.7 0.1 0.1
v -0.7 0.1 -0.8
v -0.7 0.1 -0.9
v -0.7 0.2 0.3
v -0.7 0.2 0.2
v -0.7 0.2 0.1
v -0.7 0.2 0
v -0.7 0.2 -0.8
v -0.7 0.2 -0.9
v -0.7 0.3 0
v -0.7 0.3 -0.3
v -0.7 0.3 -0.4
v -0.7 0.3 -0.7
v -0.7 0.3 -0.8
v -0.7 0.4 0.1
v -0.7 0.4 0
v -0.7 0.4 -0.3
v -0.7 0.4 -0.4
v -0.7 0.4 -0.7
v -0.7 0.5 0.1
v -0.7 0.5 0
v -0.7 0.5 -0.3
v -0.7 0.5 -0.4
v -0.7 0.6 0
v -0.7 0.6 -0.4
v -0.7 0.7 0.2
v -0.7 0.7 0
v -0.7 0.7 -0.4
v -0.7 0.7 -0.6
v -0.7 0.7 -0.7
v -0.7 0.7 -0.8
v -0.7 0.8 -0.6
v -0.7 0.8 -0.7
v -0.7 1 -0.3
v -0.7 1 -0.4
v -0.7 1.1 0
v -0.7 1.1 -0.3
v -0.7 1.1 -0.4
v -0.7 1.1 -0.5
v -0.7 1.1 -0.6
v -0.7 1.1 -0.7
v -0.7 1.1 -0.8
v -0.7 1.2 -0.7
v -0.7 1.2 -0.8
v -0.7 1.3 0.1
v -0.7 1.3 0
v -0.7 1.3 -0.1
v -0.7 1.3 -0.3
v -0.7 1.3 -0.5
v -0.7 1.3 -0.7
v -0.7 1.3 -0.8
v -0.7 1.4 0.1
v -0.7 1.4 0
v -0.7 1.4 -0.1
v -0.7 1.4 -0.3
v -0.7 1.4 -0.5
v -0.7 1.4 -0.6
v -0.7 1.4 -0.7
v -0.7 1.5 0
v -0.7 1.5 -0.1
v -0.7 1.5 -0.2
v -0.7 1.5 -0.4
v -0.7 1.5 -0.5
v -0.7 1.6 0.1
v -0.7 1.6 0
v -0.7 1.6 -0.1
v -0.7 1.6 -0.5
v -0.7 1.6 -0.6
v -0.7 1.7 0.1
v -0.7 1.7 0
v -0.7 1.7 -0.1
v -0.7 1.8 0.1
v -0.7 1.8 0
v -0.7 1.8 -0.1
v -0.7 1.8 -0.3
v -0.7 1.8 -0.4
v -0.7 1.8 -0.6
v -0.7 1.9 0
v -0.7 1.9 -0.3
v -0.7 1.9 -0.4
v -0.7 2 0.3
v -0.7 2 0.2
v -0.7 2 0.1
v -0.7 2 -0.5
v -0.7 2 -0.6
v -0.7 2 -0.7
v -0.7 2.1 0.3
v -0.7 2.1 0.2
v -0.7 2.1 -0.6
v -0.7 2.1 -0.7
v -0.7 2.2 0
v -0.7 2.2 -0.4
v -0.7 2.2 -0.5
v -0.7 2.3 0
v -0.7 2.3 -0.5
v -0.6 -0.8 0.2
v -0.6 -0.8 -0.4
v -0.6 -0.7 0.2
v -0.6 -0.7 -0.4
v -0.6 -0.6 0.2
v -0.6 -0.6 0
v -0.6 -0.5 0
v -0.6 -0.5 -0.4
v -0.6 -0.4 0
v -0.6 -0.4 -0.1
v -0.6 -0.4 -0.3
v -0.6 -0.4 -0.4
v -0.6 -0.2 -1
v -0.6 -0.2 -1.1
v -0.6 -0.1 -1
v -0.6 -0.1 -1.1
v -0.6 0 -0.1
v -0.6 0 -0.2
v -0.6 0 -0.3
v -0.6 0 -0.8
v -0.6 0 -1
v -0.6 0.1 -0.1
v -0.6 0.1 -0.2
v -0.6 0.1 -0.8
v -0.6 0.1 -0.9
v -0.6 0.2 0.3
v -0.6 0.2 0.2
v -0.6 0.2 -0.7
v -0.6 0.2 -0.8
v -0.6 0.2 -0.9
v -0.6 0.2 -1
v -0.6 0.3 0.4
v -0.6 0.3 0.3
v -0.6 0.3 -0.7
v -0.6 0.3 -0.8
v -0.6 0.4 0.4
v -0.6 0.4 0.2
v -0.6 0.4 0
v -0.6 0.4 -0.1
v -0.6 0.4 -0.2
v -0.6 0.4 -0.3
v -0.6 0.5 0
v -0.6 0.5 -0.1
v -0.6 0.5 -0.2
v -0.6 0.5 -0.3
v -0.6 0.7 -0.4
v -0.6 0.7 -0.6
v -0.6 0.8 -0.4
v -0.6 0.8 -0.6
v -0.6 0.9 0
v -0.6 0.9 -0.1
v -0.6 1 0
v -0.6 1 -0.1
v -0.6 1 -0.2
v -0.6 1 -0.3
v -0.6 1.1 -0.2
v -0.6 1.1 -0.3
v -0.6 1.2 0.2
v -0.6 1.2 0
v -0.6 1.3 0.2
v -0.6 1.3 0.1
v -0.6 1.3 0
v -0.6 1.4 0.1
v -0.6 1.4 -0.6
v -0.6 1.4 -0.7
v -0.6 1.6 0.1
v -0.6 1.6 -0.6
v -0.6 1.6 -0.7
v -0.6 1.7 0.2
v -0.6 1.7 0.1
v -0.6 1.7 -0.6
v -0.6 1.7 -0.7
v -0.6 1.8 0.2
v -0.6 1.8 0.1
v -0.6 1.8 -0.6
v -0.6 1.8 -0.7
v -0.6 1.9 0.2
v -0.6 1.9 0.1
v -0.6 1.9 -0.6
v -0.6 1.9 -0.7
v -0.6 2 0.4
v -0.6 2 0.3
v -0.6 2 -0.7
v -0.6 2 -0.8
v -0.6 2.1 0.4
v -0.6 2.1 0.3
v -0.6 2.1 0.1
v -0.6 2.1 0
v -0.6 2.1 -0.4
v -0.6 2.1 -0.5
v -0.6 2.1 -0.7
v -0.6 2.1 -0.8
v -0.6 2.2 0.3
v -0.6 2.2 0.1
v -0.6 2.2 -0.4
v -0.6 2.2 -0.5
v -0.6 2.2 -0.6
v -0.6 2.3 0.3
v -0.6 2.3 0.1
v -0.6 2.3 0
v -0.6 2.3 -0.5
v -0.6 2.3 -0.6
v -0.6 2.4 0.1
v -0.6 2.4 -0.5
v -0.5 -0.4 0
v -0.5 -0.4 -0.1
v -0.5 -0.4 -0.3
v -0.5 -0.4 -0.4
v -0.5 -0.3 0.3
v -0.5 -0.3 0.2
v -0.5 -0.2 0.3
v -0.5 -0.2 0.2
v -0.5 -0.1 -1
v -0.5 -0.1 -1.1
v -0.5 0 0
v -0.5 0 -0.3
v -0.5 0 -0.4
v -0.5 0 -1
v -0.5 0 -1.1
v -0.5 0.1 0
v -0.5 0.1 -0.1
v -0.5 0.3 0
v -0.5 0.3 -0.1
v -0.5 0.3 -0.7
v -0.5 0.3 -0.8
v -0.5 0.3 -1
v -0.5 0.4 0
v -0.5 0.4 -0.1
v -0.5 0.4 -0.6
v -0.5 0.4 -0.7
v -0.5 0.4 -1
v -0.5 0.5 -0.6
v -0.5 0.5 -0.7
v -0.5 0.5 -0.8
v -0.5 0.6 -0.4
v -0.5 0.6 -0.5
v -0.5 0.6 -0.7
v -0.5 0.6 -0.8
v -0.5 0.7 -0.4
v -0.5 0.7 -0.5
v -0.5 0.8 0.2
v -0.5 0.8 0.1
v -0.5 0.9 0.2
v -0.5 0.9 0.1
v -0.5 1 -0.3
v -0.5 1 -0.5
v -0.5 1 -0.8
v -0.5 1.1 -0.3
v -0.5 1.1 -0.5
v -0.5 1.2 -0.5
v -0.5 1.2 -0.6
v -0.5 1.2 -0.7
v -0.5 1.3 -0.7
v -0.5 1.3 -0.8
v -0.5 1.9 0.2
v -0.5 1.9 0.1
v -0.5 1.9 -0.6
v -0.5 1.9 -0.7
v -0.5 2 0.5
v -0.5 2 0.4
v -0.5 2 0.2
v -0.5 2 0.1
v -0.5 2 -0.6
v -0.5 2 -0.7
v -0.5 2 -0.8
v -0.5 2 -0.9
v -0.5 2.1 0.5
v -0.5 2.1 0.4
v -0.5 2.1 0.2
v -0.5 2.1 0.1
v -0.5 2.1 -0.5
v -0.5 2.1 -0.6
v -0.5 2.1 -0.8
v -0.5 2.1 -0.9
v -0.5 2.2 0.2
v -0.5 2.2 0.1
v -0.5 2.2 -0.5
v -0.5 2.2 -0.6
v -0.5 2.2 -0.7
v -0.5 2.3 0.3
v -0.5 2.3 0.1
v -0.5 2.3 -0.5
v -0.5 2.3 -0.6
v -0.5 2.3 -0.7
v -0.5 2.4 0.3
v -0.5 2.4 0.1
v -0.5 2.4 -0.5
v -0.5 2.4 -0.6
v -0.5 2.5 0.1
v -0.5 2.5 -0.1
v -0.5 2.5 -0.3
v -0.5 2.5 -0.5
v -0.5 2.6 -0.1
v -0.5 2.6 -0.3
v -0.4 0.2 -0.8
v -0.4 0.2 -1
v -0.4 0.3 -0.8
v -0.4 0.3 -1
v -0.4 0.5 -0.8
v -0.4 0.5 -0.9
v -0.4 0.6 -0.8
v -0.4 0.6 -0.9
v -0.4 0.7 0.2
v -0.4 0.7 0.1
v -0.4 0.7 -0.8
v -0.4 0.7 -0.9
v -0.4 0.8 0.2
v -0.4 0.8 0.1
v -0.4 1 -0.1
v -0.4 1 -0.2
v -0.4 1.1 0.2
v -0.4 1.1 0
v -0.4 1.1 -0.1
v -0.4 1.1 -0.2
v -0.4 1.2 0.2
v -0.4 1.2 0
v -0.4 1.3 0.3
v -0.4 1.3 0.2
v -0.4 1.3 -0.7
v -0.4 1.3 -0.8
v -0.4 1.4 0.3
v -0.4 1.4 0.2
v -0.4 1.5 0.3
v -0.4 1.5 0.2
v -0.4 1.6 0.3
v -0.4 1.6 0.2
v -0.4 1.6 -0.7
v -0.4 1.6 -0.8
v -0.4 1.8 0.3
v -0.4 1.8 0.2
v -0.4 1.8 -0.7
v -0.4 1.8 -0.8
v -0.4 2.5 0
v -0.4 2.5 -0.1
v -0.4 2.5 -0.3
v -0.4 2.5 -0.5
v -0.4 2.6 0
v -0.4 2.6 -0.1
v -0.4 2.6 -0.2
v -0.4 2.6 -0.3
v -0.4 2.6 -0.4
v -0.4 2.6 -0.5
v -0.4 2.7 -0.2
v -0.4 2.7 -0.4
v -0.3 -0.2 0.2
v -0.3 -0.2 0.1
v -0.3 -0.1 -0.6
v -0.3 -0.1 -0.7
v -0.3 0 0.2
v -0.3 0 -0.7
v -0.3 0 -0.8
v -0.3 0 -1
v -0.3 0.1 0.2
v -0.3 0.1 0.1
v -0.3 0.1 -0.6
v -0.3 0.1 -0.7
v -0.3 0.1 -0.8
v -0.3 0.1 -1
v -0.3 0.4 0.2
v -0.3 0.4 0.1
v -0.3 0.4 0
v -0.3 0.4 -0.6
v -0.3 0.4 -0.7
v -0.3 0.4 -0.9
v -0.3 0.5 0.2
v -0.3 0.5 0.1
v -0.3 0.5 0
v -0.3 0.5 -0.6
v -0.3 0.5 -0.7
v -0.3 0.5 -0.9
v -0.3 0.6 0.3
v -0.3 0.6 0.2
v -0.3 0.7 0.3
v -0.3 0.7 0.2
v -0.3 0.7 -0.7
v -0.3 0.7 -0.8
v -0.3 0.7 -0.9
v -0.3 0.8 -0.6
v -0.3 0.8 -0.7
v -0.3 0.9 -0.5
v -0.3 0.9 -0.6
v -0.3 0.9 -0.9
v -0.3 1 0
v -0.3 1 -0.1
v -0.3 1 -0.5
v -0.3 1 -0.6
v -0.3 1.1 0.3
v -0.3 1.1 0.2
v -0.3 1.1 0
v -0.3 1.1 -0.1
v -0.3 1.1 -0.6
v -0.3 1.1 -0.7
v -0.3 1.1 -0.8
v -0.3 1.2 0.3
v -0.3 1.2 0.2
v -0.3 1.2 -0.6
v -0.3 1.2 -0.7
v -0.3 1.3 0.3
v -0.3 1.3 0.2
v -0.3 1.3 -0.7
v -0.3 1.3 -0.8
v -0.3 1.8 0.3
v -0.3 1.8 0.2
v -0.3 1.8 -0.7
v -0.3 1.8 -0.8
v -0.3 1.9 0.3
v -0.3 1.9 0.2
v -0.3 1.9 -0.7
v -0.3 1.9 -0.8
v -0.3 2 0.6
v -0.3 2 0.5
v -0.3 2 0.3
v -0.3 2 0.2
v -0.3 2 -0.7
v -0.3 2 -0.8
v -0.3 2 -0.9
v -0.3 2 -1
v -0.3 2.1 0.6
v -0.3 2.1 0.5
v -0.3 2.1 0.3
v -0.3 2.1 0.2
v -0.3 2.1 -0.6
v -0.3 2.1 -0.7
v -0.3 2.1 -0.9
v -0.3 2.1 -1
v -0.3 2.2 0.3
v -0.3 2.2 0.2
v -0.3 2.2 -0.6
v -0.3 2.2 -0.7
v -0.3 2.4 0.2
v -0.3 2.4 0.1
v -0.3 2.4 -0.5
v -0.3 2.4 -0.6
v -0.3 2.5 0.2
v -0.3 2.5 0.1
v -0.3 2.5 -0.5
v -0.3 2.5 -0.6
v -0.3 2.6 -0.1
v -0.3 2.6 -0.2
v -0.3 2.6 -0.4
v -0.3 2.6 -0.5
v -0.3 2.7 -0.1
v -0.3 2.7 -0.2
v -0.3 2.7 -0.3
v -0.3 2.7 -0.4
v -0.3 2.7 -0.5
v -0.3 2.8 -0.2
v -0.3 2.8 -0.3
v -0.3 2.8 -0.4
v -0.2 -0.4 -1.1
v -0.2 -0.4 -1.2
v -0.2 -0.3 -1.1
v -0.2 -0.3 -1.2
v -0.2 0.1 0.3
v -0.2 0.1 0.2
v -0.2 0.1 0.1
v -0.2 0.2 0.1
v -0.2 0.3 -0.2
v -0.2 0.3 -0.3
v -0.2 0.3 -0.4
v -0.2 0.3 -0.6
v -0.2 0.3 -0.7
v -0.2 0.3 -1
v -0.2 0.4 0.3
v -0.2 0.4 0.2
v -0.2 0.4 0.1
v -0.2 0.4 -0.2
v -0.2 0.4 -0.3
v -0.2 0.4 -0.4
v -0.2 0.4 -0.6
v -0.2 0.4 -0.7
v -0.2 0.4 -0.9
v -0.2 0.5 0.3
v -0.2 0.5 0.2
v -0.2 0.5 0.1
v -0.2 0.5 -0.8
v -0.2 0.5 -0.9
v -0.2 0.6 0.3
v -0.2 0.6 0.2
v -0.2 0.6 0.1
v -0.2 0.6 -0.8
v -0.2 0.6 -0.9
v -0.2 0.6 -1
v -0.2 0.9 0.1
v -0.2 0.9 -0.1
v -0.2 1 0.1
v -0.2 1 0
v -0.2 1 -0.1
v -0.2 1.1 0.1
v -0.2 1.1 0
v -0.2 2.1 0.4
v -0.2 2.1 0.3
v -0.2 2.1 -0.7
v -0.2 2.1 -0.8
v -0.2 2.2 0.4
v -0.2 2.2 0.3
v -0.2 2.2 -0.7
v -0.2 2.2 -0.8
v -0.2 2.4 0.3
v -0.2 2.4 0.2
v -0.2 2.5 0.3
v -0.2 2.5 0.2
v -0.2 2.5 0.1
v -0.2 2.5 0
v -0.2 2.5 -0.5
v -0.2 2.5 -0.6
v -0.2 2.6 0.1
v -0.2 2.6 0
v -0.2 2.6 -0.1
v -0.2 2.7 0
v -0.2 2.7 -0.1
v -0.2 2.7 -0.2
v -0.2 2.7 -0.4
v -0.2 2.7 -0.5
v -0.2 2.7 -0.6
v -0.2 2.8 -0.1
v -0.2 2.8 -0.2
v -0.2 2.8 -0.3
v -0.2 2.8 -0.4
v -0.2 2.8 -0.5
v -0.2 2.8 -0.6
v -0.2 2.9 -0.2
v -0.2 2.9 -0.3
v -0.2 2.9 -0.5
v -0.2 2.9 -0.6
v -0.2 3 -0.3
v -0.2 3 -0.4
v -0.1 0.9 -0.4
v -0.1 0.9 -0.5
v -0.1 1 -0.4
v -0.1 1 -0.5
v -0.1 2.8 -0.1
v -0.1 2.8 -0.2
v -0.1 2.8 -0.4
v -0.1 2.8 -0.5
v -0.1 2.9 -0.1
v -0.1 2.9 -0.2
v -0.1 2.9 -0.3
v -0.1 2.9 -0.5
v -0.1 2.9 -0.6
v -0.1 2.9 -0.7
v -0.1 3 -0.2
v -0.1 3 -0.3
v -0.1 3 -0.4
v -0.1 3 -0.7
v -0.1 3 -0.9
v -0.1 3.1 -0.4
v -0.1 3.1 -0.9
v 0 -0.3 -1.1
v 0 -0.3 -1.2
v 0 -0.2 -1.1
v 0 -0.2 -1.2
v 0 1.1 -0.8
v 0 1.1 -1
v 0 1.2 -0.7
v 0 1.2 -0.8
v 0 1.2 -0.9
v 0 1.2 -1
v 0 1.3 -0.7
v 0 1.3 -0.8
v 0 1.3 -0.9
v 0 1.5 -0.8
v 0 1.5 -0.9
v 0 1.6 -0.8
v 0 1.6 -0.9
v 0.1 -0.5 -1
v 0.1 -0.5 -1.1
v 0.1 -0.4 -1
v 0.1 -0.4 -1.1
v 0.1 0 0.2
v 0.1 0 0.1
v 0.1 0.1 0.2
v 0.1 0.1 0.1
v 0.1 0.6 0.3
v 0.1 0.6 0.2
v 0.1 0.7 0.3
v 0.1 0.7 0.2
v 0.1 0.9 -0.5
v 0.1 0.9 -0.6
v 0.1 1 -0.5
v 0.1 1 -0.6
v 0.1 1.2 -0.9
v 0.1 1.2 -1
v 0.1 1.3 -0.9
v 0.1 1.3 -1
v 0.1 1.5 -0.9
v 0.1 1.5 -1
v 0.2 -0.8 0.2
v 0.2 -0.8 -0.4
v 0.2 -0.7 0.2
v 0.2 -0.7 -0.4
v 0.2 -0.6 0.2
v 0.2 -0.6 0
v 0.2 -0.5 0
v 0.2 -0.5 -0.4
v 0.2 -0.4 0
v 0.2 -0.4 -0.1
v 0.2 -0.4 -0.3
v 0.2 -0.4 -0.4
v 0.2 -0.4 -0.9
v 0.2 -0.4 -1
v 0.2 -0.3 0.3
v 0.2 -0.3 0.2
v 0.2 -0.3 -0.9
v 0.2 -0.3 -1
v 0.2 -0.2 0.3
v 0.2 -0.2 0.2
v 0.2 -0.2 -0.3
v 0.2 -0.2 -0.4
v 0.2 0.1 -0.1
v 0.2 0.1 -0.2
v 0.2 0.1 -0.3
v 0.2 0.1 -0.4
v 0.2 0.2 0.3
v 0.2 0.2 0.2
v 0.2 0.2 0.1
v 0.2 0.3 0.3
v 0.2 0.3 0.2
v 0.2 0.3 0.1
v 0.2 0.4 0.3
v 0.2 0.4 0.2
v 0.2 0.5 0.2
v 0.2 0.5 0.1
v 0.2 0.8 0.2
v 0.2 0.8 0.1
v 0.2 0.9 0.2
v 0.2 0.9 0.1
v 0.2 0.9 -0.4
v 0.2 0.9 -0.5
v 0.2 1 -0.4
v 0.2 1 -0.5
v 0.2 1.3 -1
v 0.2 1.3 -1.1
v 0.2 1.4 -1
v 0.2 1.4 -1.1
v 0.3 -0.4 0
v 0.3 -0.4 -0.1
v 0.3 -0.4 -0.3
v 0.3 -0.4 -0.4
v 0.3 -0.3 -0.7
v 0.3 -0.3 -0.8
v 0.3 -0.2 -0.3
v 0.3 -0.2 -0.4
v 0.3 -0.2 -0.5
v 0.3 -0.2 -0.7
v 0.3 -0.2 -0.8
v 0.3 -0.1 -0.4
v 0.3 -0.1 -0.5
v 0.3 0.1 0.3
v 0.3 0.1 0.2
v 0.3 0.1 0
v 0.3 0.1 -0.1
v 0.3 0.2 0.3
v 0.3 0.2 0.2
v 0.3 0.5 -0.8
v 0.3 0.5 -0.9
v 0.3 0.6 -0.8
v 0.3 0.6 -0.9
v 0.3 0.9 0.1
v 0.3 0.9 -0.1
v 0.3 1 0.1
v 0.3 1 0
v 0.3 1 -0.1
v 0.4 -0.4 -0.7
v 0.4 -0.4 -0.8
v 0.4 -0.3 -0.7
v 0.4 -0.3 -0.8
v 0.4 0 -0.8
v 0.4 0 -1
v 0.4 0.1 -0.4
v 0.4 0.1 -0.6
v 0.4 0.1 -0.8
v 0.4 0.1 -1
v 0.4 0.2 -0.4
v 0.4 0.3 0.4
v 0.4 0.3 0.3
v 0.4 0.3 -0.4
v 0.4 0.3 -0.6
v 0.4 0.4 0.4
v 0.4 0.4 0.3
v 0.4 0.4 0.2
v 0.4 0.4 0.1
v 0.4 0.4 0
v 0.4 0.4 -0.1
v 0.4 0.4 -0.4
v 0.4 0.4 -0.6
v 0.4 0.5 0.2
v 0.4 0.5 0.1
v 0.4 0.5 0
v 0.4 0.5 -0.1
v 0.4 0.6 0
v 0.4 0.6 -0.1
v 0.4 0.7 0.2
v 0.4 0.7 0.1
v 0.4 0.7 0
v 0.4 0.7 -0.1
v 0.4 0.7 -0.2
v 0.4 0.8 0
v 0.4 0.8 -0.1
v 0.4 0.8 -0.2
v 0.4 1.1 -0.7
v 0.4 1.1 -0.8
v 0.4 1.2 -0.7
v 0.4 1.2 -0.8
v 0.4 1.4 -1
v 0.4 1.4 -1.1
v 0.4 1.5 -0.9
v 0.4 1.5 -1
v 0.4 1.6 -0.9
v 0.4 1.6 -1.1
v 0.5 -0.5 -0.9
v 0.5 -0.5 -1
v 0.5 -0.4 -0.8
v 0.5 -0.4 -0.9
v 0.5 -0.4 -1
v 0.5 -0.4 -1.1
v 0.5 -0.3 -0.8
v 0.5 -0.3 -1.1
v 0.5 -0.2 0.2
v 0.5 -0.2 0.1
v 0.5 0 0.1
v 0.5 0 0
v 0.5 0.1 0.2
v 0.5 0.1 0
v 0.5 0.7 0.2
v 0.5 0.7 0.1
v 0.5 0.7 0
v 0.5 0.8 0.2
v 0.5 0.8 0.1
v 0.5 0.8 0
v 0.5 1.1 -0.8
v 0.5 1.1 -0.9
v 0.5 1.2 -0.8
v 0.5 1.2 -0.9
v 0.5 1.9 0.3
v 0.5 1.9 0.2
v 0.5 2 0.3
v 0.5 2 0.2
v 0.6 -0.5 -1
v 0.6 -0.5 -1.1
v 0.6 -0.4 0.2
v 0.6 -0.4 0.1
v 0.6 -0.4 -1
v 0.6 -0.4 -1.1
v 0.6 -0.3 0.3
v 0.6 -0.3 0.2
v 0.6 -0.3 -0.6
v 0.6 -0.3 -0.7
v 0.6 -0.2 0.3
v 0.6 -0.2 0.1
v 0.6 -0.1 -0.6
v 0.6 -0.1 -0.7
v 0.6 0 0
v 0.6 0 -0.1
v 0.6 0.1 0
v 0.6 0.1 -0.1
v 0.6 0.3 0
v 0.6 0.3 -0.1
v 0.6 0.3 -0.7
v 0.6 0.3 -0.8
v 0.6 0.4 0
v 0.6 0.4 -0.1
v 0.6 0.4 -0.4
v 0.6 0.4 -0.7
v 0.6 0.5 -0.6
v 0.6 0.5 -0.7
v 0.6 0.5 -0.8
v 0.6 0.6 -0.5
v 0.6 0.6 -0.6
v 0.6 0.6 -0.7
v 0.6 0.6 -0.8
v 0.6 0.7 -0.4
v 0.6 0.7 -0.5
v 0.6 1.5 -0.7
v 0.6 1.5 -0.8
v 0.6 1.7 -0.7
v 0.6 1.7 -0.8
v 0.7 -0.5 0.1
v 0.7 -0.5 -0.2
v 0.7 -0.5 -0.7
v 0.7 -0.5 -0.8
v 0.7 -0.4 0.1
v 0.7 -0.4 -0.2
v 0.7 -0.4 -0.7
v 0.7 -0.4 -0.8
v 0.7 -0.3 -0.6
v 0.7 -0.3 -0.7
v 0.7 -0.1 -0.6
v 0.7 -0.1 -0.7
v 0.7 0 0.1
v 0.7 0 -0.1
v 0.7 0 -0.2
v 0.7 0 -0.4
v 0.7 0 -0.7
v 0.7 0.1 -0.1
v 0.7 0.1 -0.2
v 0.7 0.1 -0.4
v 0.7 0.1 -0.7
v 0.7 0.8 0.2
v 0.7 0.8 0.1
v 0.7 0.9 0.2
v 0.7 0.9 0.1
v 0.7 0.9 0
v 0.7 0.9 -0.1
v 0.7 1 0
v 0.7 1 -0.1
v 0.8 -0.6 -0.6
v 0.8 -0.6 -0.8
v 0.8 -0.5 -0.7
v 0.8 -0.5 -0.8
v 0.8 -0.4 -0.6
v 0.8 -0.4 -0.7
v 0.8 1.3 -0.6
v 0.8 1.3 -0.7
v 0.8 1.4 -0.6
v 0.8 1.4 -0.7
v 0.9 -0.6 -0.5
v 0.9 -0.6 -0.6
v 0.9 -0.4 -0.5
v 0.9 -0.4 -0.6
v 0.9 -0.2 0.1
v 0.9 -0.2 0
v 0.9 -0.1 0.1
v 0.9 -0.1 0
v 1.1 0.5 -0.1
v 1.1 0.5 -0.3
v 1.1 0.6 -0.1
v 1.1 0.6 -0.3
v 1.2 0.6 0
v 1.2 0.6 -0.1
v 1.2 0.6 -0.3
v 1.2 0.6 -0.4
v 1.2 0.8 0
v 1.2 0.8 -0.1
v 1.2 0.8 -0.3
v 1.2 0.8 -0.4
v 1.2 0.9 -0.1
v 1.2 0.9 -0.3
v 1.5 0.5 0
v 1.5 0.5 -0.1
v 1.5 0.5 -0.2
v 1.5 0.5 -0.4
v 1.5 0.6 0
v 1.5 0.6 -0.1
v 1.5 0.6 -0.2
v 1.5 0.6 -0.3
v 1.5 0.6 -0.4
v -1.5 0.5 0
v -1.5 0.5 -0.2
v -1.5 0.5 -0.3
v -1.5 0.5 -0.4
v -1.5 0.6 0
v -1.5 0.6 -0.1
v -1.5 0.6 -0.2
v -1.5 0.6 -0.3
v -1.5 0.6 -0.4
v -1.2 0.6 0
v -1.2 0.6 -0.1
v -1.2 0.6 -0.3
v -1.2 0.6 -0.4
v -1.2 0.7 0
v -1.2 0.7 -0.1
v -1.2 0.8 0
v -1.2 0.8 -0.1
v -1.2 0.8 -0.3
v -1.2 0.8 -0.4
v -1.2 0.9 -0.1
v -1.2 0.9 -0.3
v -1.1 0.5 -0.1
v -1.1 0.5 -0.3
v -1.1 0.6 -0.1
v -1.1 0.6 -0.3
v -0.9 -0.6 -0.5
v -0.9 -0.6 -0.6
v -0.9 -0.4 -0.5
v -0.9 -0.4 -0.6
v -0.9 -0.2 0.1
v -0.9 -0.2 0
v -0.9 -0.1 0.1
v -0.9 -0.1 0
v -0.8 -0.6 -0.6
v -0.8 -0.6 -0.8
v -0.8 -0.5 -0.7
v -0.8 -0.5 -0.8
v -0.8 -0.4 -0.6
v -0.8 -0.4 -0.7
v -0.7 -0.5 0.1
v -0.7 -0.5 -0.2
v -0.7 -0.5 -0.7
v -0.7 -0.5 -0.8
v -0.7 -0.4 0.1
v -0.7 -0.4 -0.2
v -0.7 -0.4 -0.5
v -0.7 -0.4 -0.7
v -0.7 -0.4 -0.8
v -0.7 -0.3 -0.5
v -0.7 -0.3 -0.6
v -0.7 -0.1 -0.6
v -0.7 -0.1 -0.7
v -0.7 0 0.1
v -0.7 0 -0.1
v -0.7 0 -0.2
v -0.7 0 -0.4
v -0.7 0 -0.7
v -0.7 0.1 -0.1
v -0.7 0.1 -0.2
v -0.7 0.1 -0.4
v -0.7 0.1 -0.7
v -0.7 0.8 0.2
v -0.7 0.8 0.1
v -0.7 0.9 0.2
v -0.7 0.9 0.1
v -0.7 0.9 0
v -0.7 0.9 -0.1
v -0.7 1 0
v -0.7 1 -0.1
v -0.6 -0.4 0.2
v -0.6 -0.4 0.1
v -0.6 -0.3 0.3
v -0.6 -0.3 0.2
v -0.6 -0.3 -0.6
v -0.6 -0.3 -0.7
v -0.6 -0.2 0.3
v -0.6 -0.2 0.1
v -0.6 -0.1 -0.6
v -0.6 -0.1 -0.7
v -0.6 0 0
v -0.6 0 -0.1
v -0.6 0.1 0
v -0.6 0.1 -0.1
v -0.6 0.3 0
v -0.6 0.3 -0.1
v -0.6 0.3 -0.7
v -0.6 0.3 -0.8
v -0.6 0.4 0
v -0.6 0.4 -0.1
v -0.6 0.4 -0.4
v -0.6 0.4 -0.7
v -0.6 0.5 -0.6
v -0.6 0.5 -0.7
v -0.6 0.6 -0.4
v -0.6 0.6 -0.5
v -0.6 0.6 -0.6
v -0.6 0.6 -0.7
v -0.6 0.6 -0.8
v -0.6 0.7 -0.4
v -0.6 0.7 -0.5
v -0.6 1 -0.3
v -0.6 1 -0.4
v -0.6 1.1 -0.3
v -0.6 1.1 -0.4
v -0.6 1.1 -0.5
v -0.6 1.1 -0.6
v -0.6 1.1 -0.7
v -0.6 1.1 -0.8
v -0.6 1.2 -0.5
v -0.6 1.2 -0.6
v -0.6 1.2 -0.7
v -0.6 1.2 -0.8
v -0.6 1.3 -0.7
v -0.6 1.3 -0.8
v -0.5 -0.4 -0.8
v -0.5 -0.4 -0.9
v -0.5 -0.3 -0.8
v -0.5 -0.3 -0.9
v -0.5 -0.2 0.2
v -0.5 -0.2 0.1
v -0.5 -0.1 0.2
v -0.5 0 0.1
v -0.5 0 0
v -0.5 0.1 0.2
v -0.5 0.1 0
v -0.5 0.3 0.4
v -0.5 0.3 0.3
v -0.5 0.3 0.2
v -0.5 0.4 0.4
v -0.5 0.4 0.2
v -0.5 0.7 0.2
v -0.5 0.7 0.1
v -0.5 0.8 0.2
v -0.5 0.8 0.1
v -0.4 -0.4 -0.7
v -0.4 -0.4 -0.8
v -0.4 -0.3 -0.7
v -0.4 -0.3 -0.8
v -0.4 0 -0.8
v -0.4 0 -1
v -0.4 0.1 -0.4
v -0.4 0.1 -0.6
v -0.4 0.1 -0.8
v -0.4 0.1 -1
v -0.4 0.2 0.3
v -0.4 0.2 0.2
v -0.4 0.2 0.1
v -0.4 0.2 -0.4
v -0.4 0.3 0.3
v -0.4 0.3 0.2
v -0.4 0.3 -0.2
v -0.4 0.3 -0.3
v -0.4 0.3 -0.4
v -0.4 0.3 -0.6
v -0.4 0.3 -1
v -0.4 0.4 0.1
v -0.4 0.4 0
v -0.4 0.4 -0.2
v -0.4 0.4 -0.3
v -0.4 0.4 -0.4
v -0.4 0.4 -0.6
v -0.4 0.4 -0.7
v -0.4 0.4 -1
v -0.4 0.5 0.2
v -0.4 0.5 0.1
v -0.4 0.5 0
v -0.4 0.5 -0.6
v -0.4 0.5 -0.7
v -0.4 0.6 0.2
v -0.4 0.6 0.1
v -0.4 1 -0.5
v -0.4 1 -0.8
v -0.4 1.1 -0.5
v -0.4 1.1 -0.6
v -0.4 1.2 -0.6
v -0.4 1.2 -0.7
v -0.4 1.3 -0.7
v -0.4 1.3 -0.8
v -0.3 -0.4 0
v -0.3 -0.4 -0.1
v -0.3 -0.4 -0.3
v -0.3 -0.4 -0.4
v -0.3 -0.3 -0.7
v -0.3 -0.3 -0.8
v -0.3 -0.2 -0.3
v -0.3 -0.2 -0.4
v -0.3 -0.2 -0.7
v -0.3 -0.2 -0.8
v -0.3 0 0
v -0.3 0 -0.1
v -0.3 0.1 0.3
v -0.3 0.1 0.1
v -0.3 0.1 0
v -0.3 0.1 -0.1
v -0.3 0.2 0.3
v -0.3 0.2 0.1
v -0.3 0.5 -0.8
v -0.3 0.5 -0.9
v -0.3 0.6 -0.8
v -0.3 0.6 -0.9
v -0.3 0.9 0.1
v -0.3 0.9 -0.1
v -0.3 1 0.1
v -0.3 1 0
v -0.3 1 -0.1
v -0.2 -0.8 0.2
v -0.2 -0.8 -0.4
v -0.2 -0.7 0.2
v -0.2 -0.7 -0.4
v -0.2 -0.6 0.2
v -0.2 -0.6 0
v -0.2 -0.5 0
v -0.2 -0.5 -0.4
v -0.2 -0.4 0
v -0.2 -0.4 -0.1
v -0.2 -0.4 -0.3
v -0.2 -0.4 -0.4
v -0.2 -0.3 0.3
v -0.2 -0.3 0.2
v -0.2 -0.2 0.3
v -0.2 -0.2 0.2
v -0.2 -0.2 -0.3
v -0.2 -0.2 -0.4
v -0.2 -0.1 -0.3
v -0.2 -0.1 -0.4
v -0.2 0 -0.3
v -0.2 0 -0.4
v -0.2 0.1 -0.1
v -0.2 0.1 -0.2
v -0.2 0.1 -0.3
v -0.2 0.1 -0.4
v -0.2 0.4 0.2
v -0.2 0.4 0.1
v -0.2 0.5 0.2
v -0.2 0.5 0.1
v -0.2 0.8 0.2
v -0.2 0.8 0.1
v -0.2 0.9 0.2
v -0.2 0.9 0.1
v -0.2 0.9 -0.4
v -0.2 0.9 -0.6
v -0.2 1 -0.4
v -0.2 1 -0.5
v -0.2 1 -0.6
v -0.1 -0.5 -0.9
v -0.1 -0.5 -1.1
v -0.1 -0.4 -1
v -0.1 -0.4 -1.1
v -0.1 -0.3 -0.9
v -0.1 -0.3 -1
v -0.1 0.6 0.3
v -0.1 0.6 0.2
v -0.1 0.7 0.3
v -0.1 0.7 0.2
v -0.1 1.2 -0.7
v -0.1 1.2 -0.8
v -0.1 1.3 -0.7
v -0.1 1.3 -0.8
v 0 -0.4 -1.1
v 0 -0.4 -1.2
v 0 -0.3 -1.1
v 0 -0.3 -1.2
v 0 -0.2 0.2
v 0 -0.2 0.1
v 0 0.1 0.2
v 0 0.1 0.1
v 0 0.9 -0.4
v 0 0.9 -0.5
v 0 1 -0.4
v 0 1 -0.5
v 0.1 -0.3 -1.1
v 0.1 -0.3 -1.2
v 0.1 -0.2 -1.1
v 0.1 -0.2 -1.2
v 0.1 0.2 0.3
v 0.1 0.2 0.1
v 0.1 0.3 0.3
v 0.1 0.3 0.2
v 0.1 0.3 0.1
v 0.1 0.4 0.3
v 0.1 0.4 0.2
v 0.1 0.4 0.1
v 0.1 1.1 -0.7
v 0.1 1.1 -0.8
v 0.1 1.2 -0.7
v 0.1 1.2 -0.8
v 0.1 1.5 -0.8
v 0.1 1.5 -0.9
v 0.1 1.6 -0.8
v 0.1 1.6 -0.9
v 0.1 2.8 -0.1
v 0.1 2.8 -0.2
v 0.1 2.8 -0.4
v 0.1 2.8 -0.5
v 0.1 2.8 -0.6
v 0.1 2.9 -0.1
v 0.1 2.9 -0.2
v 0.1 2.9 -0.3
v 0.1 2.9 -0.6
v 0.1 2.9 -0.7
v 0.1 3 -0.2
v 0.1 3 -0.3
v 0.1 3 -0.4
v 0.1 3 -0.7
v 0.1 3 -0.9
v 0.1 3.1 -0.4
v 0.1 3.1 -0.9
v 0.2 0.1 0.3
v 0.2 0.1 0.2
v 0.2 0.2 0.3
v 0.2 0.2 0.2
v 0.2 0.5 0.3
v 0.2 0.5 0.2
v 0.2 0.5 0.1
v 0.2 0.5 0
v 0.2 0.5 -0.8
v 0.2 0.5 -1
v 0.2 0.6 0.3
v 0.2 0.6 0.2
v 0.2 0.6 -0.8
v 0.2 0.6 -0.9
v 0.2 0.6 -1
v 0.2 0.7 0.3
v 0.2 0.7 0.2
v 0.2 0.7 0.1
v 0.2 0.8 0.1
v 0.2 0.8 0
v 0.2 0.9 0.1
v 0.2 0.9 -0.1
v 0.2 1 0.1
v 0.2 1 0
v 0.2 1 -0.1
v 0.2 1.1 0.1
v 0.2 1.1 0
v 0.2 2.1 0.4
v 0.2 2.1 0.3
v 0.2 2.1 -0.7
v 0.2 2.1 -0.8
v 0.2 2.2 0.4
v 0.2 2.2 0.3
v 0.2 2.2 -0.7
v 0.2 2.2 -0.8
v 0.2 2.4 0.3
v 0.2 2.4 0.2
v 0.2 2.5 0.3
v 0.2 2.5 0.2
v 0.2 2.5 0.1
v 0.2 2.5 0
v 0.2 2.5 -0.5
v 0.2 2.5 -0.6
v 0.2 2.6 0.1
v 0.2 2.6 0
v 0.2 2.6 -0.1
v 0.2 2.7 0
v 0.2 2.7 -0.1
v 0.2 2.7 -0.5
v 0.2 2.7 -0.6
v 0.2 2.8 -0.2
v 0.2 2.8 -0.4
v 0.2 2.9 -0.2
v 0.2 2.9 -0.3
v 0.2 3 -0.3
v 0.2 3 -0.4
v 0.3 -0.5 -1
v 0.3 -0.5 -1.1
v 0.3 -0.4 -1
v 0.3 -0.4 -1.1
v 0.3 -0.1 -0.6
v 0.3 -0.1 -0.7
v 0.3 0 -0.7
v 0.3 0 -0.8
v 0.3 0 -1
v 0.3 0.1 -0.6
v 0.3 0.1 -0.7
v 0.3 0.1 -0.8
v 0.3 0.1 -1
v 0.3 0.4 0.2
v 0.3 0.4 0.1
v 0.3 0.4 0
v 0.3 0.4 -0.1
v 0.3 0.5 0.2
v 0.3 0.5 0.1
v 0.3 0.5 0
v 0.3 0.5 -0.1
v 0.3 0.6 0
v 0.3 0.6 -0.1
v 0.3 0.7 0.2
v 0.3 0.7 0.1
v 0.3 0.7 -0.1
v 0.3 0.7 -0.2
v 0.3 0.7 -0.7
v 0.3 0.7 -0.9
v 0.3 0.8 0.2
v 0.3 0.8 0.1
v 0.3 0.8 0
v 0.3 0.8 -0.1
v 0.3 0.8 -0.2
v 0.3 0.8 -0.6
v 0.3 0.8 -0.7
v 0.3 0.9 -0.5
v 0.3 0.9 -0.6
v 0.3 0.9 -0.9
v 0.3 1 0
v 0.3 1 -0.1
v 0.3 1 -0.5
v 0.3 1 -0.6
v 0.3 1.1 0.3
v 0.3 1.1 0.2
v 0.3 1.1 0
v 0.3 1.1 -0.1
v 0.3 1.1 -0.8
v 0.3 1.1 -1
v 0.3 1.2 0.2
v 0.3 1.2 -0.8
v 0.3 1.2 -0.9
v 0.3 1.3 0.3
v 0.3 1.3 0.2
v 0.3 1.3 -0.9
v 0.3 1.3 -1
v 0.3 1.3 -1.1
v 0.3 1.4 -0.9
v 0.3 1.4 -1
v 0.3 1.4 -1.1
v 0.3 1.8 0.3
v 0.3 1.8 0.2
v 0.3 1.8 -0.7
v 0.3 1.8 -0.8
v 0.3 1.9 0.3
v 0.3 1.9 0.2
v 0.3 1.9 -0.7
v 0.3 1.9 -0.8
v 0.3 2 0.6
v 0.3 2 0.5
v 0.3 2 0.3
v 0.3 2 0.2
v 0.3 2 -0.7
v 0.3 2 -0.8
v 0.3 2 -0.9
v 0.3 2 -1
v 0.3 2.1 0.6
v 0.3 2.1 0.5
v 0.3 2.1 0.3
v 0.3 2.1 0.2
v 0.3 2.1 -0.6
v 0.3 2.1 -0.7
v 0.3 2.1 -0.9
v 0.3 2.1 -1
v 0.3 2.2 0.3
v 0.3 2.2 0.2
v 0.3 2.2 -0.6
v 0.3 2.2 -0.7
v 0.3 2.4 0.2
v 0.3 2.4 0.1
v 0.3 2.4 -0.5
v 0.3 2.4 -0.6
v 0.3 2.5 0.2
v 0.3 2.5 0.1
v 0.3 2.5 -0.5
v 0.3 2.5 -0.6
v 0.3 2.6 -0.1
v 0.3 2.6 -0.2
v 0.3 2.6 -0.4
v 0.3 2.6 -0.5
v 0.3 2.7 -0.2
v 0.3 2.7 -0.4
v 0.3 2.8 -0.1
v 0.3 2.8 -0.5
v 0.4 -0.4 -0.9
v 0.4 -0.4 -1.1
v 0.4 -0.3 -0.9
v 0.4 -0.3 -1.1
v 0.4 0 0.2
v 0.4 0 0.1
v 0.4 0.1 0.2
v 0.4 0.1 0.1
v 0.4 0.2 -0.8
v 0.4 0.2 -1
v 0.4 0.3 -0.8
v 0.4 0.3 -1
v 0.4 0.4 -0.7
v 0.4 0.4 -1
v 0.4 0.5 -0.7
v 0.4 0.5 -0.8
v 0.4 0.5 -0.9
v 0.4 0.5 -1
v 0.4 0.7 -0.8
v 0.4 0.7 -0.9
v 0.4 1 -0.1
v 0.4 1 -0.2
v 0.4 1 -0.3
v 0.4 1 -0.5
v 0.4 1.1 0.2
v 0.4 1.1 0
v 0.4 1.1 -0.1
v 0.4 1.1 -0.2
v 0.4 1.1 -0.3
v 0.4 1.1 -0.5
v 0.4 1.1 -0.6
v 0.4 1.2 0.2
v 0.4 1.2 0
v 0.4 1.2 -0.1
v 0.4 1.2 -0.6
v 0.4 1.3 0.3
v 0.4 1.3 0.2
v 0.4 1.4 0.3
v 0.4 1.4 0.2
v 0.4 1.5 0.3
v 0.4 1.5 0.2
v 0.4 1.5 -0.7
v 0.4 1.5 -0.8
v 0.4 1.6 0.3
v 0.4 1.6 0.2
v 0.4 1.6 -0.7
v 0.4 1.7 -0.7
v 0.4 1.7 -0.8
v 0.4 1.8 0.3
v 0.4 1.8 0.2
v 0.4 1.8 -0.7
v 0.4 1.8 -0.8
v 0.4 2.5 0
v 0.4 2.5 -0.1
v 0.4 2.5 -0.3
v 0.4 2.5 -0.5
v 0.4 2.6 0
v 0.4 2.6 -0.1
v 0.4 2.6 -0.2
v 0.4 2.6 -0.3
v 0.4 2.6 -0.4
v 0.4 2.6 -0.5
v 0.4 2.7 -0.2
v 0.4 2.7 -0.4
v 0.5 -0.4 0
v 0.5 -0.4 -0.1
v 0.5 -0.4 -0.3
v 0.5 -0.4 -0.4
v 0.5 -0.3 0.3
v 0.5 -0.3 0.2
v 0.5 -0.3 -0.1
v 0.5 -0.2 0.3
v 0.5 -0.2 0.2
v 0.5 -0.2 -0.4
v 0.5 -0.2 -0.5
v 0.5 -0.1 -0.1
v 0.5 -0.1 -0.4
v 0.5 -0.1 -0.5
v 0.5 -0.1 -1
v 0.5 -0.1 -1.1
v 0.5 0 0
v 0.5 0 -0.3
v 0.5 0 -0.4
v 0.5 0 -1
v 0.5 0 -1.1
v 0.5 0.1 0
v 0.5 0.1 -0.1
v 0.5 0.3 0
v 0.5 0.3 -0.1
v 0.5 0.3 -0.7
v 0.5 0.3 -0.8
v 0.5 0.3 -1
v 0.5 0.4 0
v 0.5 0.4 -0.1
v 0.5 0.4 -0.6
v 0.5 0.4 -0.7
v 0.5 0.4 -1
v 0.5 0.5 -0.6
v 0.5 0.5 -0.7
v 0.5 0.5 -0.8
v 0.5 0.6 -0.4
v 0.5 0.6 -0.5
v 0.5 0.6 -0.7
v 0.5 0.6 -0.8
v 0.5 0.7 -0.4
v 0.5 0.7 -0.5
v 0.5 0.8 0.2
v 0.5 0.8 0.1
v 0.5 0.9 0.2
v 0.5 0.9 0.1
v 0.5 1 -0.2
v 0.5 1 -0.3
v 0.5 1.1 -0.2
v 0.5 1.1 -0.3
v 0.5 1.1 -0.6
v 0.5 1.1 -0.7
v 0.5 1.2 -0.6
v 0.5 1.2 -0.7
v 0.5 1.4 -0.8
v 0.5 1.4 -0.9
v 0.5 1.4 -1.1
v 0.5 1.5 -0.8
v 0.5 1.5 -0.9
v 0.5 1.6 -0.9
v 0.5 1.6 -1.1
v 0.5 1.9 -0.6
v 0.5 1.9 -0.7
v 0.5 2 0.5
v 0.5 2 0.4
v 0.5 2 -0.6
v 0.5 2 -0.7
v 0.5 2 -0.8
v 0.5 2 -0.9
v 0.5 2.1 0.5
v 0.5 2.1 0.4
v 0.5 2.1 0.2
v 0.5 2.1 0.1
v 0.5 2.1 -0.5
v 0.5 2.1 -0.6
v 0.5 2.1 -0.8
v 0.5 2.1 -0.9
v 0.5 2.2 0.2
v 0.5 2.2 0.1
v 0.5 2.2 -0.5
v 0.5 2.2 -0.6
v 0.5 2.2 -0.7
v 0.5 2.3 0.3
v 0.5 2.3 0.1
v 0.5 2.3 -0.5
v 0.5 2.3 -0.6
v 0.5 2.3 -0.7
v 0.5 2.4 0.3
v 0.5 2.4 0.1
v 0.5 2.4 -0.5
v 0.5 2.4 -0.6
v 0.5 2.5 0.1
v 0.5 2.5 -0.1
v 0.5 2.5 -0.3
v 0.5 2.5 -0.5
v 0.5 2.6 -0.1
v 0.5 2.6 -0.3
v 0.6 -0.8 0.2
v 0.6 -0.8 -0.4
v 0.6 -0.7 0.2
v 0.6 -0.7 -0.4
v 0.6 -0.6 0.2
v 0.6 -0.6 0
v 0.6 -0.5 0
v 0.6 -0.5 -0.4
v 0.6 -0.4 0
v 0.6 -0.4 -0.1
v 0.6 -0.4 -0.3
v 0.6 -0.4 -0.4
v 0.6 -0.3 -0.1
v 0.6 -0.3 -0.2
v 0.6 -0.2 -1
v 0.6 -0.2 -1.1
v 0.6 -0.1 -0.1
v 0.6 -0.1 -0.2
v 0.6 -0.1 -1
v 0.6 -0.1 -1.1
v 0.6 0 -0.1
v 0.6 0 -0.2
v 0.6 0 -0.3
v 0.6 0 -0.8
v 0.6 0 -1
v 0.6 0.1 -0.1
v 0.6 0.1 -0.2
v 0.6 0.1 -0.8
v 0.6 0.1 -0.9
v 0.6 0.2 0.3
v 0.6 0.2 0.2
v 0.6 0.2 -0.7
v 0.6 0.2 -0.8
v 0.6 0.2 -0.9
v 0.6 0.2 -1
v 0.6 0.3 0.4
v 0.6 0.3 0.3
v 0.6 0.3 -0.7
v 0.6 0.3 -0.8
v 0.6 0.4 0.4
v 0.6 0.4 0.3
v 0.6 0.4 0.2
v 0.6 0.4 0
v 0.6 0.4 -0.1
v 0.6 0.4 -0.3
v 0.6 0.5 0
v 0.6 0.5 -0.1
v 0.6 0.5 -0.3
v 0.6 0.7 -0.4
v 0.6 0.7 -0.6
v 0.6 0.8 -0.4
v 0.6 0.8 -0.6
v 0.6 0.9 0
v 0.6 0.9 -0.1
v 0.6 1 0
v 0.6 1 -0.1
v 0.6 1.1 -0.7
v 0.6 1.1 -0.9
v 0.6 1.2 0.2
v 0.6 1.2 -0.1
v 0.6 1.2 -0.4
v 0.6 1.2 -0.5
v 0.6 1.2 -0.7
v 0.6 1.2 -0.9
v 0.6 1.3 0.2
v 0.6 1.3 0.1
v 0.6 1.3 0
v 0.6 1.3 -0.1
v 0.6 1.3 -0.4
v 0.6 1.3 -0.5
v 0.6 1.3 -0.7
v 0.6 1.3 -0.8
v 0.6 1.4 -0.8
v 0.6 1.4 -0.9
v 0.6 1.6 0.1
v 0.6 1.7 0.1
v 0.6 1.7 -0.6
v 0.6 1.7 -0.7
v 0.6 1.9 0.3
v 0.6 1.9 0.2
v 0.6 1.9 0.1
v 0.6 1.9 -0.6
v 0.6 1.9 -0.7
v 0.6 2 0.4
v 0.6 2 0.3
v 0.6 2 0.2
v 0.6 2 -0.7
v 0.6 2 -0.8
v 0.6 2.1 0.4
v 0.6 2.1 0.3
v 0.6 2.1 0.1
v 0.6 2.1 0
v 0.6 2.1 -0.4
v 0.6 2.1 -0.5
v 0.6 2.1 -0.7
v 0.6 2.1 -0.8
v 0.6 2.2 0.3
v 0.6 2.2 0.1
v 0.6 2.2 -0.4
v 0.6 2.2 -0.5
v 0.6 2.2 -0.6
v 0.6 2.3 0.3
v 0.6 2.3 0.1
v 0.6 2.3 0
v 0.6 2.3 -0.5
v 0.6 2.3 -0.6
v 0.6 2.4 0.1
v 0.6 2.4 -0.5
v 0.7 -0.5 -0.9
v 0.7 -0.5 -1.1
v 0.7 -0.4 -0.8
v 0.7 -0.4 -0.9
v 0.7 -0.4 -1.1
v 0.7 -0.3 0.3
v 0.7 -0.3 0.2
v 0.7 -0.3 -0.9
v 0.7 -0.3 -1
v 0.7 -0.2 0.3
v 0.7 -0.2 0.2
v 0.7 -0.2 0.1
v 0.7 -0.2 -1
v 0.7 -0.1 0.2
v 0.7 -0.1 0.1
v 0.7 0 0.3
v 0.7 0 0.2
v 0.7 0 -0.8
v 0.7 0 -1
v 0.7 0.1 0.2
v 0.7 0.1 0.1
v 0.7 0.1 -0.8
v 0.7 0.1 -0.9
v 0.7 0.2 0.3
v 0.7 0.2 0.2
v 0.7 0.2 0.1
v 0.7 0.2 0
v 0.7 0.2 -0.8
v 0.7 0.2 -0.9
v 0.7 0.3 -0.3
v 0.7 0.3 -0.4
v 0.7 0.3 -0.7
v 0.7 0.3 -0.8
v 0.7 0.4 0.2
v 0.7 0.4 0.1
v 0.7 0.4 0
v 0.7 0.4 -0.3
v 0.7 0.4 -0.4
v 0.7 0.4 -0.7
v 0.7 0.5 0.2
v 0.7 0.5 0.1
v 0.7 0.5 0
v 0.7 0.5 -0.3
v 0.7 0.5 -0.4
v 0.7 0.5 -0.7
v 0.7 0.5 -0.8
v 0.7 0.6 0
v 0.7 0.6 -0.4
v 0.7 0.6 -0.7
v 0.7 0.6 -0.8
v 0.7 0.7 0.2
v 0.7 0.7 0
v 0.7 0.7 -0.4
v 0.7 0.7 -0.6
v 0.7 0.7 -0.7
v 0.7 0.7 -0.8
v 0.7 0.8 -0.6
v 0.7 0.8 -0.7
v 0.7 1.2 -0.1
v 0.7 1.2 -0.4
v 0.7 1.2 -0.6
v 0.7 1.2 -0.7
v 0.7 1.3 0.1
v 0.7 1.3 0
v 0.7 1.3 -0.1
v 0.7 1.3 -0.2
v 0.7 1.3 -0.4
v 0.7 1.3 -0.6
v 0.7 1.3 -0.7
v 0.7 1.3 -0.8
v 0.7 1.4 0
v 0.7 1.4 -0.1
v 0.7 1.4 -0.2
v 0.7 1.4 -0.4
v 0.7 1.4 -0.7
v 0.7 1.4 -0.8
v 0.7 1.5 0.1
v 0.7 1.5 0
v 0.7 1.5 -0.1
v 0.7 1.5 -0.2
v 0.7 1.5 -0.3
v 0.7 1.5 -0.4
v 0.7 1.5 -0.7
v 0.7 1.5 -0.8
v 0.7 1.6 0
v 0.7 1.6 -0.1
v 0.7 1.6 -0.4
v 0.7 1.6 -0.5
v 0.7 1.6 -0.6
v 0.7 1.7 0
v 0.7 1.7 -0.1
v 0.7 1.7 -0.2
v 0.7 1.7 -0.3
v 0.7 1.7 -0.4
v 0.7 1.7 -0.5
v 0.7 1.7 -0.6
v 0.7 1.7 -0.8
v 0.7 1.8 0.1
v 0.7 1.8 0
v 0.7 1.8 -0.1
v 0.7 1.8 -0.2
v 0.7 1.9 0.2
v 0.7 1.9 0.1
v 0.7 1.9 -0.1
v 0.7 1.9 -0.2
v 0.7 1.9 -0.3
v 0.7 1.9 -0.4
v 0.7 1.9 -0.5
v 0.7 1.9 -0.6
v 0.7 2 0.3
v 0.7 2 0.2
v 0.7 2 0.1
v 0.7 2 0
v 0.7 2 -0.5
v 0.7 2 -0.6
v 0.7 2 -0.7
v 0.7 2.1 0.3
v 0.7 2.1 0.2
v 0.7 2.1 -0.6
v 0.7 2.1 -0.7
v 0.7 2.2 0
v 0.7 2.2 -0.4
v 0.7 2.2 -0.5
v 0.7 2.3 0
v 0.7 2.3 -0.5
v 0.8 -0.5 0.1
v 0.8 -0.5 -0.2
v 0.8 -0.5 -0.7
v 0.8 -0.5 -0.8
v 0.8 -0.4 0.2
v 0.8 -0.4 0.1
v 0.8 -0.4 -0.2
v 0.8 -0.4 -0.4
v 0.8 -0.4 -0.9
v 0.8 -0.4 -1.1
v 0.8 -0.3 -0.3
v 0.8 -0.3 -0.4
v 0.8 -0.3 -0.9
v 0.8 -0.3 -1
v 0.8 -0.2 0.3
v 0.8 -0.2 0.2
v 0.8 -0.2 0.1
v 0.8 -0.2 0
v 0.8 -0.2 -0.3
v 0.8 -0.2 -0.7
v 0.8 -0.2 -0.8
v 0.8 -0.2 -1
v 0.8 -0.2 -1.1
v 0.8 -0.1 0.3
v 0.8 -0.1 0.2
v 0.8 -0.1 0.1
v 0.8 0 0.3
v 0.8 0 0.2
v 0.8 0 0
v 0.8 0 -0.1
v 0.8 0.1 0.2
v 0.8 0.1 0.1
v 0.8 0.1 0
v 0.8 0.1 -0.1
v 0.8 0.2 0.1
v 0.8 0.2 0
v 0.8 0.2 -0.1
v 0.8 0.2 -0.2
v 0.8 0.2 -0.4
v 0.8 0.2 -0.7
v 0.8 0.3 -0.2
v 0.8 0.3 -0.3
v 0.8 0.3 -0.4
v 0.8 0.4 0.1
v 0.8 0.4 0
v 0.8 0.4 -0.3
v 0.8 0.4 -0.4
v 0.8 0.4 -0.7
v 0.8 0.5 0.1
v 0.8 0.5 0
v 0.8 0.7 0.2
v 0.8 0.7 0
v 0.8 0.9 0.2
v 0.8 0.9 0.1
v 0.8 0.9 0
v 0.8 0.9 -0.1
v 0.8 1 0.1
v 0.8 1 -0.1
v 0.8 1.2 -0.5
v 0.8 1.2 -0.6
v 0.8 1.3 -0.2
v 0.8 1.3 -0.3
v 0.8 1.3 -0.5
v 0.8 1.3 -0.6
v 0.8 1.4 -0.2
v 0.8 1.4 -0.3
v 0.8 1.4 -0.4
v 0.8 1.4 -0.5
v 0.8 1.4 -0.6
v 0.8 1.5 -0.1
v 0.8 1.5 -0.2
v 0.8 1.5 -0.3
v 0.8 1.5 -0.4
v 0.8 1.5 -0.5
v 0.8 1.6 0.1
v 0.8 1.6 0
v 0.8 1.6 -0.1
v 0.8 1.6 -0.2
v 0.8 1.6 -0.3
v 0.8 1.6 -0.4
v 0.8 1.6 -0.6
v 0.8 1.7 0
v 0.8 1.7 -0.2
v 0.8 1.7 -0.4
v 0.8 1.8 0.1
v 0.8 1.8 0
v 0.8 2 0.2
v 0.8 2 0.1
v 0.8 2 -0.5
v 0.8 2 -0.6
v 0.8 2.1 0.2
v 0.8 2.1 0.1
v 0.8 2.1 0
v 0.8 2.1 -0.4
v 0.8 2.1 -0.5
v 0.8 2.1 -0.6
v 0.8 2.2 0
v 0.8 2.2 -0.4
v 0.9 -0.6 -0.6
v 0.9 -0.6 -0.8
v 0.9 -0.5 -0.6
v 0.9 -0.5 -0.7
v 0.9 -0.5 -0.8
v 0.9 -0.4 -0.4
v 0.9 -0.4 -0.5
v 0.9 -0.3 -0.3
v 0.9 -0.3 -0.4
v 0.9 -0.2 -0.3
v 0.9 -0.2 -0.7
v 0.9 -0.2 -0.8
v 0.9 -0.1 -0.2
v 0.9 -0.1 -0.3
v 0.9 -0.1 -0.5
v 0.9 -0.1 -0.7
v 0.9 0 -0.1
v 0.9 0 -0.2
v 0.9 0 -0.4
v 0.9 0 -0.5
v 0.9 0.1 -0.4
v 0.9 0.1 -0.5
v 0.9 0.2 -0.1
v 0.9 0.2 -0.2
v 0.9 0.2 -0.4
v 0.9 0.2 -0.8
v 0.9 0.3 -0.2
v 0.9 0.3 -0.4
v 0.9 0.5 0
v 0.9 0.5 -0.1
v 0.9 0.5 -0.3
v 0.9 0.5 -0.4
v 0.9 0.6 0
v 0.9 0.6 -0.1
v 0.9 0.6 -0.3
v 0.9 0.6 -0.4
v 0.9 0.9 -0.1
v 0.9 0.9 -0.3
v 0.9 1 -0.1
v 0.9 1 -0.3
v 0.9 1.3 -0.3
v 0.9 1.3 -0.4
v 0.9 1.3 -0.5
v 0.9 1.3 -0.6
v 0.9 1.3 -0.7
v 0.9 1.4 -0.3
v 0.9 1.4 -0.4
v 0.9 1.4 -0.5
v 0.9 1.4 -0.6
v 0.9 1.4 -0.7
v 0.9 1.5 0.1
v 0.9 1.5 0
v 0.9 1.5 -0.3
v 0.9 1.5 -0.4
v 0.9 1.6 0.1
v 0.9 1.6 0
v 0.9 1.6 -0.1
v 0.9 1.6 -0.2
v 0.9 1.6 -0.3
v 0.9 1.6 -0.4
v 0.9 1.7 0
v 0.9 1.7 -0.1
v 0.9 1.7 -0.2
v 0.9 2 0.1
v 0.9 2 0
v 0.9 2 -0.4
v 0.9 2 -0.5
v 0.9 2.1 0.1
v 0.9 2.1 0
v 0.9 2.1 -0.4
v 0.9 2.1 -0.5
v 1 -0.6 -0.5
v 1 -0.6 -0.6
v 1 -0.5 -0.6
v 1 -0.5 -0.7
v 1 -0.3 -0.5
v 1 -0.3 -0.6
v 1 -0.2 -0.1
v 1 -0.2 -0.3
v 1 -0.2 -0.5
v 1 -0.2 -0.6
v 1 -0.1 0
v 1 -0.1 -0.1
v 1 -0.1 -0.2
v 1 -0.1 -0.3
v 1 -0.1 -0.5
v 1 -0.1 -0.7
v 1 0 0
v 1 0 -0.2
v 1 0 -0.4
v 1 0 -0.5
v 1 0.1 -0.4
v 1 0.1 -0.5
v 1 0.5 -0.1
v 1 0.5 -0.3
v 1 0.6 -0.1
v 1 0.6 -0.3
v 1 0.8 0
v 1 0.8 -0.1
v 1 0.8 -0.3
v 1 0.8 -0.4
v 1 0.8 -0.6
v 1 0.9 0
v 1 0.9 -0.1
v 1 0.9 -0.3
v 1 0.9 -0.4
v 1 0.9 -0.5
v 1 0.9 -0.6
v 1 1 -0.3
v 1 1 -0.5
v 1 1.3 -0.4
v 1 1.3 -0.5
v 1 1.4 -0.4
v 1 1.4 -0.5
v 1 2 0
v 1 2 -0.4
v 1 2.1 0
v 1 2.1 -0.4
v 1.1 -0.3 -0.5
v 1.1 -0.3 -0.6
v 1.1 -0.2 0.1
v 1.1 -0.2 -0.1
v 1.1 -0.2 -0.5
v 1.1 -0.2 -0.6
v 1.1 -0.1 0.1
v 1.1 -0.1 -0.1
v 1.1 0.6 0
v 1.1 0.6 -0.1
v 1.1 0.6 -0.3
v 1.1 0.6 -0.4
v 1.1 0.8 0
v 1.1 0.8 -0.1
v 1.1 0.8 -0.3
v 1.1 0.8 -0.4
v 1.1 0.9 -0.1
v 1.1 0.9 -0.3
v 1.3 0.5 -0.1
v 1.3 0.5 -0.3
v 1.3 0.6 -0.1
v 1.3 0.6 -0.3
v 1.5 0.8 -0.1
v 1.5 0.8 -0.2
v 1.5 0.8 -0.3
v 1.5 0.9 -0.1
v 1.5 0.9 -0.2
v 1.5 0.9 -0.3
v 1.6 0.5 0
v 1.6 0.5 -0.1
v 1.6 0.5 -0.2
v 1.6 0.5 -0.4
v 1.6 0.6 0
v 1.6 0.6 -0.1
v 1.6 0.6 -0.2
v 1.6 0.6 -0.3
v 1.6 0.6 -0.4
v 1.6 0.7 0
v 1.6 0.7 -0.1
v 1.6 0.7 -0.2
v 1.6 0.7 -0.3
v 1.6 0.8 0
v 1.6 0.8 -0.1
v 1.6 0.8 -0.4
v -0.3 2 0.6
v -0.3 2.1 0.6
v 0.3 2 0.6
v 0.3 2.1 0.6
v -0.5 2 0.5
v -0.5 2.1 0.5
v -0.3 2 0.5
v -0.3 2.1 0.5
v 0.3 2 0.5
v 0.3 2.1 0.5
v 0.5 2 0.5
v 0.5 2.1 0.5
v -0.6 0.3 0.4
v -0.6 0.4 0.4
v -0.6 2 0.4
v -0.6 2.1 0.4
v -0.5 0.3 0.4
v -0.5 0.4 0.4
v -0.5 2 0.4
v -0.5 2.1 0.4
v -0.2 2.1 0.4
v -0.2 2.2 0.4
v 0.2 2.1 0.4
v 0.2 2.2 0.4
v 0.4 0.3 0.4
v 0.4 0.4 0.4
v 0.5 0.3 0.4
v 0.5 0.4 0.4
v 0.5 2 0.4
v 0.5 2.1 0.4
v 0.6 0.3 0.4
v 0.6 0.4 0.4
v 0.6 2 0.4
v 0.6 2.1 0.4
v -0.8 -0.2 0.3
v -0.8 -0.1 0.3
v -0.8 0 0.3
v -0.7 -0.3 0.3
v -0.7 -0.2 0.3
v -0.7 -0.1 0.3
v -0.7 0 0.3
v -0.7 0.2 0.3
v -0.7 2 0.3
v -0.7 2.1 0.3
v -0.6 -0.3 0.3
v -0.6 -0.2 0.3
v -0.6 0 0.3
v -0.6 0.2 0.3
v -0.6 0.3 0.3
v -0.6 2 0.3
v -0.6 2.1 0.3
v -0.6 2.2 0.3
v -0.6 2.3 0.3
v -0.5 -0.3 0.3
v -0.5 -0.2 0.3
v -0.5 -0.1 0.3
v -0.5 0 0.3
v -0.5 0.2 0.3
v -0.5 0.3 0.3
v -0.5 2.3 0.3
v -0.5 2.4 0.3
v -0.4 -0.1 0.3
v -0.4 0 0.3
v -0.4 0.2 0.3
v -0.4 0.3 0.3
v -0.4 1.3 0.3
v -0.4 1.4 0.3
v -0.4 1.5 0.3
v -0.4 1.6 0.3
v -0.4 1.8 0.3
v -0.3 -0.2 0.3
v -0.3 0 0.3
v -0.3 0.1 0.3
v -0.3 0.2 0.3
v -0.3 0.6 0.3
v -0.3 0.7 0.3
v -0.3 1.1 0.3
v -0.3 1.2 0.3
v -0.3 1.3 0.3
v -0.3 1.4 0.3
v -0.3 1.5 0.3
v -0.3 1.6 0.3
v -0.3 1.8 0.3
v -0.3 1.9 0.3
v -0.3 2 0.3
v -0.3 2.1 0.3
v -0.3 2.2 0.3
v -0.2 -0.3 0.3
v -0.2 -0.2 0.3
v -0.2 0.1 0.3
v -0.2 0.4 0.3
v -0.2 0.5 0.3
v -0.2 0.6 0.3
v -0.2 1.2 0.3
v -0.2 1.3 0.3
v -0.2 1.4 0.3
v -0.2 1.5 0.3
v -0.2 1.8 0.3
v -0.2 1.9 0.3
v -0.2 2 0.3
v -0.2 2.1 0.3
v -0.2 2.2 0.3
v -0.2 2.3 0.3
v -0.2 2.4 0.3
v -0.2 2.5 0.3
v -0.1 -0.1 0.3
v -0.1 0 0.3
v -0.1 0.1 0.3
v -0.1 0.4 0.3
v -0.1 0.5 0.3
v -0.1 0.6 0.3
v -0.1 0.7 0.3
v -0.1 1.1 0.3
v -0.1 1.2 0.3
v -0.1 1.4 0.3
v -0.1 1.5 0.3
v -0.1 1.6 0.3
v -0.1 1.7 0.3
v -0.1 1.9 0.3
v -0.1 2.3 0.3
v -0.1 2.4 0.3
v -0.1 2.5 0.3
v 0 -0.1 0.3
v 0 0 0.3
v 0 0.3 0.3
v 0 0.4 0.3
v 0 1.4 0.3
v 0 1.5 0.3
v 0 1.6 0.3
v 0 1.7 0.3
v 0 1.8 0.3
v 0 1.9 0.3
v 0 2.2 0.3
v 0 2.3 0.3
v 0.1 -0.2 0.3
v 0.1 -0.1 0.3
v 0.1 0.2 0.3
v 0.1 0.3 0.3
v 0.1 0.4 0.3
v 0.1 0.6 0.3
v 0.1 0.7 0.3
v 0.1 1.1 0.3
v 0.1 1.2 0.3
v 0.1 1.3 0.3
v 0.1 1.4 0.3
v 0.1 1.5 0.3
v 0.1 1.6 0.3
v 0.1 1.8 0.3
v 0.1 1.9 0.3
v 0.1 2.2 0.3
v 0.1 2.3 0.3
v 0.1 2.4 0.3
v 0.1 2.5 0.3
v 0.2 -0.3 0.3
v 0.2 -0.2 0.3
v 0.2 0.1 0.3
v 0.2 0.2 0.3
v 0.2 0.3 0.3
v 0.2 0.4 0.3
v 0.2 0.5 0.3
v 0.2 0.6 0.3
v 0.2 0.7 0.3
v 0.2 1.2 0.3
v 0.2 1.3 0.3
v 0.2 1.5 0.3
v 0.2 1.6 0.3
v 0.2 1.8 0.3
v 0.2 1.9 0.3
v 0.2 2 0.3
v 0.2 2.1 0.3
v 0.2 2.2 0.3
v 0.2 2.3 0.3
v 0.2 2.4 0.3
v 0.2 2.5 0.3
v 0.3 -0.2 0.3
v 0.3 -0.1 0.3
v 0.3 0.1 0.3
v 0.3 0.2 0.3
v 0.3 0.3 0.3
v 0.3 1.1 0.3
v 0.3 1.3 0.3
v 0.3 1.4 0.3
v 0.3 1.5 0.3
v 0.3 1.6 0.3
v 0.3 1.8 0.3
v 0.3 1.9 0.3
v 0.3 2 0.3
v 0.3 2.1 0.3
v 0.3 2.2 0.3
v 0.4 0.3 0.3
v 0.4 0.4 0.3
v 0.4 1.3 0.3
v 0.4 1.4 0.3
v 0.4 1.5 0.3
v 0.4 1.6 0.3
v 0.4 1.8 0.3
v 0.5 -0.3 0.3
v 0.5 -0.2 0.3
v 0.5 0.3 0.3
v 0.5 1.9 0.3
v 0.5 2 0.3
v 0.5 2.3 0.3
v 0.5 2.4 0.3
v 0.6 -0.3 0.3
v 0.6 -0.2 0.3
v 0.6 -0.1 0.3
v 0.6 0.2 0.3
v 0.6 0.3 0.3
v 0.6 1.9 0.3
v 0.6 2 0.3
v 0.6 2.1 0.3
v 0.6 2.2 0.3
v 0.6 2.3 0.3
v 0.7 -0.3 0.3
v 0.7 -0.2 0.3
v 0.7 0 0.3
v 0.7 0.2 0.3
v 0.7 2 0.3
v 0.7 2.1 0.3
v 0.8 -0.2 0.3
v 0.8 -0.1 0.3
v 0.8 0 0.3
v -0.8 -0.4 0.2
v -0.8 -0.2 0.2
v -0.8 0 0.2
v -0.8 0.1 0.2
v -0.8 0.7 0.2
v -0.8 0.9 0.2
v -0.8 2 0.2
v -0.8 2.1 0.2
v -0.7 -0.3 0.2
v -0.7 -0.2 0.2
v -0.7 0 0.2
v -0.7 0.1 0.2
v -0.7 0.2 0.2
v -0.7 0.7 0.2
v -0.7 0.8 0.2
v -0.7 0.9 0.2
v -0.7 2 0.2
v -0.7 2.1 0.2
v -0.6 -0.8 0.2
v -0.6 -0.7 0.2
v -0.6 -0.6 0.2
v -0.6 -0.4 0.2
v -0.6 -0.3 0.2
v -0.6 0.2 0.2
v -0.6 0.4 0.2
v -0.6 0.5 0.2
v -0.6 0.6 0.2
v -0.6 1.2 0.2
v -0.6 1.3 0.2
v -0.6 1.7 0.2
v -0.6 1.8 0.2
v -0.6 1.9 0.2
v -0.5 0.3 0.2
v -0.5 0.4 0.2
v -0.5 0.5 0.2
v -0.5 0.6 0.2
v -0.5 0.7 0.2
v -0.5 0.8 0.2
v -0.5 0.9 0.2
v -0.5 1.3 0.2
v -0.5 1.7 0.2
v -0.5 1.8 0.2
v -0.5 1.9 0.2
v -0.5 2 0.2
v -0.5 2.1 0.2
v -0.5 2.2 0.2
v -0.4 0.3 0.2
v -0.4 0.5 0.2
v -0.4 0.6 0.2
v -0.4 0.7 0.2
v -0.4 0.8 0.2
v -0.4 0.9 0.2
v -0.4 1.1 0.2
v -0.4 1.2 0.2
v -0.4 1.3 0.2
v -0.4 1.4 0.2
v -0.4 1.5 0.2
v -0.4 1.6 0.2
v -0.4 1.8 0.2
v -0.4 1.9 0.2
v -0.4 2 0.2
v -0.3 0.4 0.2
v -0.3 0.5 0.2
v -0.3 0.6 0.2
v -0.3 0.7 0.2
v -0.3 0.8 0.2
v -0.3 1.1 0.2
v -0.3 1.2 0.2
v -0.3 1.3 0.2
v -0.3 1.8 0.2
v -0.3 1.9 0.2
v -0.3 2 0.2
v -0.3 2.1 0.2
v -0.3 2.2 0.2
v -0.3 2.4 0.2
v -0.3 2.5 0.2
v -0.2 -0.8 0.2
v -0.2 -0.7 0.2
v -0.2 -0.6 0.2
v -0.2 0.4 0.2
v -0.2 0.5 0.2
v -0.2 0.8 0.2
v -0.2 0.9 0.2
v -0.2 2.4 0.2
v -0.2 2.5 0.2
v -0.1 0.6 0.2
v -0.1 0.7 0.2
v 0.1 0.6 0.2
v 0.1 0.7 0.2
v 0.1 0.8 0.2
v 0.2 -0.8 0.2
v 0.2 -0.7 0.2
v 0.2 -0.6 0.2
v 0.2 0.1 0.2
v 0.2 0.2 0.2
v 0.2 0.4 0.2
v 0.2 0.5 0.2
v 0.2 0.7 0.2
v 0.2 0.8 0.2
v 0.2 0.9 0.2
v 0.2 2.4 0.2
v 0.2 2.5 0.2
v 0.3 0.1 0.2
v 0.3 0.2 0.2
v 0.3 0.4 0.2
v 0.3 0.5 0.2
v 0.3 0.7 0.2
v 0.3 0.8 0.2
v 0.3 0.9 0.2
v 0.3 1.1 0.2
v 0.3 1.2 0.2
v 0.3 1.3 0.2
v 0.3 1.8 0.2
v 0.3 1.9 0.2
v 0.3 2 0.2
v 0.3 2.1 0.2
v 0.3 2.2 0.2
v 0.3 2.4 0.2
v 0.3 2.5 0.2
v 0.4 0.4 0.2
v 0.4 0.5 0.2
v 0.4 0.7 0.2
v 0.4 0.8 0.2
v 0.4 0.9 0.2
v 0.4 1.1 0.2
v 0.4 1.2 0.2
v 0.4 1.3 0.2
v 0.4 1.4 0.2
v 0.4 1.5 0.2
v 0.4 1.6 0.2
v 0.4 1.8 0.2
v 0.4 1.9 0.2
v 0.5 0.5 0.2
v 0.5 0.6 0.2
v 0.5 0.7 0.2
v 0.5 0.8 0.2
v 0.5 0.9 0.2
v 0.5 1.3 0.2
v 0.5 1.4 0.2
v 0.5 1.5 0.2
v 0.5 1.9 0.2
v 0.5 2 0.2
v 0.5 2.1 0.2
v 0.5 2.2 0.2
v 0.6 -0.8 0.2
v 0.6 -0.7 0.2
v 0.6 -0.6 0.2
v 0.6 -0.4 0.2
v 0.6 -0.3 0.2
v 0.6 0.2 0.2
v 0.6 0.4 0.2
v 0.6 0.5 0.2
v 0.6 0.6 0.2
v 0.6 0.8 0.2
v 0.6 1.2 0.2
v 0.6 1.3 0.2
v 0.6 1.9 0.2
v 0.6 2 0.2
v 0.7 -0.3 0.2
v 0.7 -0.2 0.2
v 0.7 0 0.2
v 0.7 0.1 0.2
v 0.7 0.2 0.2
v 0.7 0.4 0.2
v 0.7 0.5 0.2
v 0.7 0.7 0.2
v 0.7 0.8 0.2
v 0.7 0.9 0.2
v 0.7 1.9 0.2
v 0.7 2 0.2
v 0.7 2.1 0.2
v 0.8 -0.4 0.2
v 0.8 -0.2 0.2
v 0.8 0 0.2
v 0.8 0.1 0.2
v 0.8 0.7 0.2
v 0.8 0.9 0.2
v 0.8 2 0.2
v 0.8 2.1 0.2
v -1.1 -0.2 0.1
v -1.1 -0.1 0.1
v -0.9 -0.2 0.1
v -0.9 -0.1 0.1
v -0.9 2 0.1
v -0.9 2.1 0.1
v -0.8 -0.5 0.1
v -0.8 -0.4 0.1
v -0.8 -0.2 0.1
v -0.8 -0.1 0.1
v -0.8 0.1 0.1
v -0.8 0.2 0.1
v -0.8 0.4 0.1
v -0.8 0.5 0.1
v -0.8 0.9 0.1
v -0.8 1 0.1
v -0.8 2 0.1
v -0.8 2.1 0.1
v -0.7 -0.5 0.1
v -0.7 -0.4 0.1
v -0.7 -0.2 0.1
v -0.7 -0.1 0.1
v -0.7 0.1 0.1
v -0.7 0.2 0.1
v -0.7 0.4 0.1
v -0.7 0.5 0.1
v -0.7 0.8 0.1
v -0.7 0.9 0.1
v -0.7 1.3 0.1
v -0.7 1.4 0.1
v -0.7 1.6 0.1
v -0.7 1.7 0.1
v -0.7 1.8 0.1
v -0.7 2 0.1
v -0.6 0.8 0.1
v -0.6 0.9 0.1
v -0.6 1.3 0.1
v -0.6 1.4 0.1
v -0.6 1.6 0.1
v -0.6 1.7 0.1
v -0.6 1.8 0.1
v -0.6 1.9 0.1
v -0.6 2.1 0.1
v -0.6 2.2 0.1
v -0.6 2.3 0.1
v -0.6 2.4 0.1
v -0.5 0.7 0.1
v -0.5 0.8 0.1
v -0.5 0.9 0.1
v -0.5 1.9 0.1
v -0.5 2 0.1
v -0.5 2.1 0.1
v -0.5 2.2 0.1
v -0.5 2.3 0.1
v -0.5 2.4 0.1
v -0.5 2.5 0.1
v -0.4 0.2 0.1
v -0.4 0.4 0.1
v -0.4 0.5 0.1
v -0.4 0.6 0.1
v -0.4 0.7 0.1
v -0.4 0.8 0.1
v -0.4 0.9 0.1
v -0.3 0.1 0.1
v -0.3 0.2 0.1
v -0.3 0.4 0.1
v -0.3 0.5 0.1
v -0.3 0.9 0.1
v -0.3 1 0.1
v -0.3 2.4 0.1
v -0.3 2.5 0.1
v -0.2 0.1 0.1
v -0.2 0.2 0.1
v -0.2 0.4 0.1
v -0.2 0.5 0.1
v -0.2 0.6 0.1
v -0.2 0.8 0.1
v -0.2 0.9 0.1
v -0.2 1 0.1
v -0.2 1.1 0.1
v -0.2 2.5 0.1
v -0.2 2.6 0.1
v -0.1 0.8 0.1
v -0.1 0.9 0.1
v -0.1 1 0.1
v -0.1 1.1 0.1
v 0 0.9 0.1
v 0 1 0.1
v 0.1 0.2 0.1
v 0.1 0.3 0.1
v 0.1 0.4 0.1
v 0.1 0.5 0.1
v 0.1 0.8 0.1
v 0.1 1 0.1
v 0.1 1.1 0.1
v 0.2 0.2 0.1
v 0.2 0.3 0.1
v 0.2 0.5 0.1
v 0.2 0.8 0.1
v 0.2 0.9 0.1
v 0.2 1 0.1
v 0.2 1.1 0.1
v 0.2 2.5 0.1
v 0.2 2.6 0.1
v 0.3 0.9 0.1
v 0.3 1 0.1
v 0.3 2.4 0.1
v 0.3 2.5 0.1
v 0.4 0.9 0.1
v 0.5 0.8 0.1
v 0.5 0.9 0.1
v 0.5 2.1 0.1
v 0.5 2.2 0.1
v 0.5 2.3 0.1
v 0.5 2.4 0.1
v 0.5 2.5 0.1
v 0.6 0.8 0.1
v 0.6 1.3 0.1
v 0.6 1.6 0.1
v 0.6 1.7 0.1
v 0.6 1.9 0.1
v 0.6 2.1 0.1
v 0.6 2.2 0.1
v 0.6 2.3 0.1
v 0.6 2.4 0.1
v 0.7 -0.5 0.1
v 0.7 -0.4 0.1
v 0.7 -0.2 0.1
v 0.7 -0.1 0.1
v 0.7 0.1 0.1
v 0.7 0.2 0.1
v 0.7 0.4 0.1
v 0.7 0.5 0.1
v 0.7 0.8 0.1
v 0.7 0.9 0.1
v 0.7 1.3 0.1
v 0.7 1.5 0.1
v 0.7 1.6 0.1
v 0.7 1.7 0.1
v 0.7 1.8 0.1
v 0.7 1.9 0.1
v 0.8 -0.5 0.1
v 0.8 -0.4 0.1
v 0.8 -0.2 0.1
v 0.8 -0.1 0.1
v 0.8 0.1 0.1
v 0.8 0.2 0.1
v 0.8 0.4 0.1
v 0.8 0.5 0.1
v 0.8 0.9 0.1
v 0.8 1 0.1
v 0.8 1.6 0.1
v 0.8 1.8 0.1
v 0.8 2 0.1
v 0.8 2.1 0.1
v 0.9 -0.2 0.1
v 0.9 -0.1 0.1
v 0.9 1.5 0.1
v 0.9 1.6 0.1
v 0.9 2 0.1
v 0.9 2.1 0.1
v 1.1 -0.2 0.1
v 1.1 -0.1 0.1
v -1.6 0.5 0
v -1.6 0.6 0
v -1.6 0.7 0
v -1.6 0.8 0
v -1.5 0.5 0
v -1.5 0.6 0
v -1.5 0.7 0
v -1.5 0.8 0
v -1.4 0.6 0
v -1.4 0.8 0
v -1.3 0.7 0
v -1.3 0.8 0
v -1.2 0.6 0
v -1.2 0.7 0
v -1.2 0.8 0
v -1.1 0.6 0
v -1.1 0.7 0
v -1.1 0.8 0
v -1 -0.1 0
v -1 0 0
v -1 0.7 0
v -1 0.8 0
v -1 0.9 0
v -1 2 0
v -1 2.1 0
v -0.9 -0.2 0
v -0.9 -0.1 0
v -0.9 0.5 0
v -0.9 0.6 0
v -0.9 2 0
v -0.9 2.1 0
v -0.8 -0.2 0
v -0.8 0 0
v -0.8 0.2 0
v -0.8 0.3 0
v -0.8 0.4 0
v -0.8 0.5 0
v -0.8 0.6 0
v -0.8 0.7 0
v -0.8 0.9 0
v -0.8 2.1 0
v -0.8 2.2 0
v -0.7 0.2 0
v -0.7 0.3 0
v -0.7 0.4 0
v -0.7 0.5 0
v -0.7 0.6 0
v -0.7 0.7 0
v -0.7 1.1 0
v -0.7 1.3 0
v -0.7 2.2 0
v -0.7 2.3 0
v -0.6 -0.6 0
v -0.6 -0.5 0
v -0.6 -0.4 0
v -0.6 1.2 0
v -0.6 1.3 0
v -0.6 2.1 0
v -0.6 2.3 0
v -0.5 -0.4 0
v -0.5 0 0
v -0.5 0.1 0
v -0.4 0 0
v -0.4 0.1 0
v -0.4 0.4 0
v -0.4 0.5 0
v -0.4 1.1 0
v -0.4 1.2 0
v -0.4 2.5 0
v -0.4 2.6 0
v -0.3 -0.4 0
v -0.3 0 0
v -0.3 0.1 0
v -0.3 0.4 0
v -0.3 0.5 0
v -0.3 1 0
v -0.3 1.1 0
v -0.2 -0.6 0
v -0.2 -0.5 0
v -0.2 -0.4 0
v -0.2 1 0
v -0.2 1.1 0
v -0.2 2.5 0
v -0.2 2.6 0
v -0.2 2.7 0
v -0.1 2.6 0
v -0.1 2.7 0
v 0 2.6 0
v 0 2.7 0
v 0.1 2.6 0
v 0.1 2.7 0
v 0.2 -0.6 0
v 0.2 -0.5 0
v 0.2 -0.4 0
v 0.2 0.5 0
v 0.2 0.8 0
v 0.2 1 0
v 0.2 1.1 0
v 0.2 2.5 0
v 0.2 2.6 0
v 0.2 2.7 0
v 0.3 -0.4 0
v 0.3 0.1 0
v 0.3 0.5 0
v 0.3 0.6 0
v 0.3 0.8 0
v 0.3 1 0
v 0.3 1.1 0
v 0.4 0.5 0
v 0.4 0.6 0
v 0.4 0.7 0
v 0.4 0.8 0
v 0.4 2.5 0
v 0.4 2.6 0
v 0.5 -0.4 0
v 0.5 0 0
v 0.5 0.1 0
v 0.5 0.7 0
v 0.5 0.8 0
v 0.6 -0.6 0
v 0.6 -0.5 0
v 0.6 -0.4 0
v 0.6 2.1 0
v 0.6 2.3 0
v 0.7 0.2 0
v 0.7 0.4 0
v 0.7 0.5 0
v 0.7 0.6 0
v 0.7 0.7 0
v 0.7 2.2 0
v 0.7 2.3 0
v 0.8 -0.2 0
v 0.8 0 0
v 0.8 0.2 0
v 0.8 0.4 0
v 0.8 0.5 0
v 0.8 0.6 0
v 0.8 0.7 0
v 0.8 0.9 0
v 0.8 1.6 0
v 0.8 1.7 0
v 0.8 2.1 0
v 0.8 2.2 0
v 0.9 -0.2 0
v 0.9 -0.1 0
v 0.9 0.5 0
v 0.9 0.6 0
v 0.9 0.7 0
v 0.9 1.6 0
v 0.9 1.7 0
v 0.9 2 0
v 0.9 2.1 0
v 1 -0.1 0
v 1 0 0
v 1 0.6 0
v 1 0.8 0
v 1 0.9 0
v 1 2 0
v 1 2.1 0
v 1.1 0.6 0
v 1.1 0.8 0
v 1.2 0.6 0
v 1.2 0.8 0
v 1.4 0.6 0
v 1.4 0.8 0
v 1.5 0.5 0
v 1.5 0.6 0
v 1.5 0.7 0
v 1.5 0.8 0
v 1.6 0.5 0
v 1.6 0.6 0
v 1.6 0.7 0
v 1.6 0.8 0
v -1.5 0.8 -0.1
v -1.5 0.9 -0.1
v -1.4 0.8 -0.1
v -1.3 0.5 -0.1
v -1.3 0.6 -0.1
v -1.3 0.8 -0.1
v -1.2 0.6 -0.1
v -1.2 0.7 -0.1
v -1.2 0.8 -0.1
v -1.2 0.9 -0.1
v -1.1 0.5 -0.1
v -1.1 0.6 -0.1
v -1.1 0.7 -0.1
v -1.1 0.8 -0.1
v -1.1 0.9 -0.1
v -1 0.5 -0.1
v -1 0.6 -0.1
v -1 0.8 -0.1
v -1 0.9 -0.1
v -0.9 0 -0.1
v -0.9 0.2 -0.1
v -0.9 0.5 -0.1
v -0.9 0.6 -0.1
v -0.9 0.9 -0.1
v -0.9 1 -0.1
v -0.8 0 -0.1
v -0.8 0.2 -0.1
v -0.8 0.9 -0.1
v -0.8 1 -0.1
v -0.8 1.5 -0.1
v -0.8 1.6 -0.1
v -0.8 1.7 -0.1
v -0.8 1.8 -0.1
v -0.7 0.9 -0.1
v -0.7 1 -0.1
v -0.7 1.5 -0.1
v -0.7 1.6 -0.1
v -0.7 1.7 -0.1
v -0.7 1.8 -0.1
v -0.6 -0.4 -0.1
v -0.6 0 -0.1
v -0.6 0.1 -0.1
v -0.6 0.3 -0.1
v -0.6 0.4 -0.1
v -0.6 0.9 -0.1
v -0.6 1 -0.1
v -0.5 -0.4 -0.1
v -0.5 0.1 -0.1
v -0.5 0.3 -0.1
v -0.5 0.4 -0.1
v -0.5 2.5 -0.1
v -0.5 2.6 -0.1
v -0.4 1 -0.1
v -0.4 1.1 -0.1
v -0.4 2.5 -0.1
v -0.4 2.6 -0.1
v -0.3 -0.4 -0.1
v -0.3 0 -0.1
v -0.3 0.1 -0.1
v -0.3 0.9 -0.1
v -0.3 1 -0.1
v -0.3 1.1 -0.1
v -0.3 2.6 -0.1
v -0.3 2.7 -0.1
v -0.2 -0.4 -0.1
v -0.2 0.1 -0.1
v -0.2 0.9 -0.1
v -0.2 1 -0.1
v -0.2 2.6 -0.1
v -0.2 2.7 -0.1
v -0.2 2.8 -0.1
v -0.1 2.7 -0.1
v -0.1 2.8 -0.1
v -0.1 2.9 -0.1
v 0 2.7 -0.1
v 0 2.9 -0.1
v 0.1 2.7 -0.1
v 0.1 2.8 -0.1
v 0.1 2.9 -0.1
v 0.2 -0.4 -0.1
v 0.2 0.1 -0.1
v 0.2 0.9 -0.1
v 0.2 1 -0.1
v 0.2 2.6 -0.1
v 0.2 2.7 -0.1
v 0.3 -0.4 -0.1
v 0.3 0.1 -0.1
v 0.3 0.4 -0.1
v 0.3 0.5 -0.1
v 0.3 0.6 -0.1
v 0.3 0.7 -0.1
v 0.3 0.9 -0.1
v 0.3 1 -0.1
v 0.3 1.1 -0.1
v 0.3 2.6 -0.1
v 0.3 2.8 -0.1
v 0.4 0.4 -0.1
v 0.4 0.5 -0.1
v 0.4 0.6 -0.1
v 0.4 0.7 -0.1
v 0.4 1 -0.1
v 0.4 1.1 -0.1
v 0.4 2.5 -0.1
v 0.4 2.6 -0.1
v 0.5 -0.4 -0.1
v 0.5 -0.3 -0.1
v 0.5 -0.1 -0.1
v 0.5 0.1 -0.1
v 0.5 0.3 -0.1
v 0.5 0.4 -0.1
v 0.5 2.5 -0.1
v 0.5 2.6 -0.1
v 0.6 -0.4 -0.1
v 0.6 -0.3 -0.1
v 0.6 -0.1 -0.1
v 0.6 0 -0.1
v 0.6 0.1 -0.1
v 0.6 0.3 -0.1
v 0.6 0.4 -0.1
v 0.6 0.9 -0.1
v 0.6 1 -0.1
v 0.6 1.2 -0.1
v 0.6 1.3 -0.1
v 0.7 0.9 -0.1
v 0.7 1 -0.1
v 0.7 1.2 -0.1
v 0.7 1.3 -0.1
v 0.7 1.5 -0.1
v 0.7 1.6 -0.1
v 0.8 0 -0.1
v 0.8 0.1 -0.1
v 0.8 0.2 -0.1
v 0.8 0.9 -0.1
v 0.8 1 -0.1
v 0.8 1.5 -0.1
v 0.8 1.6 -0.1
v 0.9 0 -0.1
v 0.9 0.2 -0.1
v 0.9 0.5 -0.1
v 0.9 0.6 -0.1
v 0.9 0.9 -0.1
v 0.9 1 -0.1
v 1 0.5 -0.1
v 1 0.6 -0.1
v 1 0.8 -0.1
v 1 0.9 -0.1
v 1.1 0.5 -0.1
v 1.1 0.6 -0.1
v 1.1 0.8 -0.1
v 1.1 0.9 -0.1
v 1.2 0.6 -0.1
v 1.2 0.8 -0.1
v 1.2 0.9 -0.1
v 1.3 0.5 -0.1
v 1.3 0.6 -0.1
v 1.4 0.8 -0.1
v 1.4 0.9 -0.1
v 1.5 0.8 -0.1
v 1.5 0.9 -0.1
v -0.9 0.2 -0.2
v -0.9 0.3 -0.2
v -0.9 1.5 -0.2
v -0.9 1.7 -0.2
v -0.8 0.2 -0.2
v -0.8 0.3 -0.2
v -0.8 1.5 -0.2
v -0.8 1.6 -0.2
v -0.8 1.7 -0.2
v -0.7 0 -0.2
v -0.7 0.1 -0.2
v -0.6 0 -0.2
v -0.6 0.1 -0.2
v -0.6 1 -0.2
v -0.6 1.1 -0.2
v -0.5 1 -0.2
v -0.5 1.1 -0.2
v -0.4 1 -0.2
v -0.4 1.1 -0.2
v -0.4 2.6 -0.2
v -0.4 2.7 -0.2
v -0.3 2.6 -0.2
v -0.3 2.7 -0.2
v -0.3 2.8 -0.2
v -0.2 2.7 -0.2
v -0.2 2.8 -0.2
v -0.2 2.9 -0.2
v -0.1 2.8 -0.2
v -0.1 2.9 -0.2
v -0.1 3 -0.2
v 0 2.9 -0.2
v 0 3 -0.2
v 0.1 2.8 -0.2
v 0.1 2.9 -0.2
v 0.1 3 -0.2
v 0.2 2.8 -0.2
v 0.2 2.9 -0.2
v 0.3 0.7 -0.2
v 0.3 0.8 -0.2
v 0.3 2.6 -0.2
v 0.3 2.7 -0.2
v 0.4 0.7 -0.2
v 0.4 0.8 -0.2
v 0.4 1 -0.2
v 0.4 1.1 -0.2
v 0.4 2.6 -0.2
v 0.4 2.7 -0.2
v 0.5 1 -0.2
v 0.5 1.1 -0.2
v 0.6 0 -0.2
v 0.6 0.1 -0.2
v 0.7 0 -0.2
v 0.7 0.1 -0.2
v 0.7 1.3 -0.2
v 0.7 1.4 -0.2
v 0.8 0.2 -0.2
v 0.8 0.3 -0.2
v 0.8 1.3 -0.2
v 0.8 1.4 -0.2
v 0.9 0.2 -0.2
v 0.9 0.3 -0.2
v -1 0.9 -0.3
v -1 1 -0.3
v -0.9 -0.3 -0.3
v -0.9 -0.2 -0.3
v -0.9 0.9 -0.3
v -0.9 1 -0.3
v -0.8 -0.3 -0.3
v -0.8 -0.2 -0.3
v -0.8 1.3 -0.3
v -0.8 1.4 -0.3
v -0.7 0.4 -0.3
v -0.7 0.5 -0.3
v -0.7 1 -0.3
v -0.7 1.1 -0.3
v -0.7 1.3 -0.3
v -0.7 1.4 -0.3
v -0.6 0.4 -0.3
v -0.6 0.5 -0.3
v -0.6 1 -0.3
v -0.6 1.1 -0.3
v -0.2 2.9 -0.3
v -0.2 3 -0.3
v -0.1 2.9 -0.3
v -0.1 3 -0.3
v 0.1 2.9 -0.3
v 0.1 3 -0.3
v 0.2 2.9 -0.3
v 0.2 3 -0.3
v 0.6 0.4 -0.3
v 0.6 0.5 -0.3
v 0.7 0.4 -0.3
v 0.7 0.5 -0.3
v 0.8 -0.3 -0.3
v 0.8 -0.2 -0.3
v 0.8 1.3 -0.3
v 0.8 1.4 -0.3
v 0.8 1.5 -0.3
v 0.8 1.6 -0.3
v 0.9 -0.3 -0.3
v 0.9 -0.2 -0.3
v 0.9 0.9 -0.3
v 0.9 1 -0.3
v 0.9 1.3 -0.3
v 0.9 1.4 -0.3
v 0.9 1.5 -0.3
v 0.9 1.6 -0.3
v 1 0.9 -0.3
v 1 1 -0.3
v -1 0 -0.4
v -1 0.1 -0.4
v -1 1.6 -0.4
v -1 1.7 -0.4
v -0.9 -0.4 -0.4
v -0.9 -0.3 -0.4
v -0.9 0 -0.4
v -0.9 0.1 -0.4
v -0.9 1.6 -0.4
v -0.9 1.7 -0.4
v -0.8 -0.4 -0.4
v -0.8 -0.3 -0.4
v -0.8 0.3 -0.4
v -0.8 0.4 -0.4
v -0.7 0.3 -0.4
v -0.7 0.4 -0.4
v -0.1 3 -0.4
v -0.1 3.1 -0.4
v 0 3 -0.4
v 0.1 3 -0.4
v 0.1 3.1 -0.4
v 0.7 0.3 -0.4
v 0.7 0.4 -0.4
v 0.7 1.4 -0.4
v 0.7 1.5 -0.4
v 0.8 -0.4 -0.4
v 0.8 -0.3 -0.4
v 0.8 0.3 -0.4
v 0.8 0.4 -0.4
v 0.8 1.4 -0.4
v 0.8 1.5 -0.4
v 0.9 -0.4 -0.4
v 0.9 -0.3 -0.4
v 0.9 0 -0.4
v 0.9 0.1 -0.4
v 0.9 1.3 -0.4
v 0.9 1.4 -0.4
v 1 0 -0.4
v 1 0.1 -0.4
v 1 1.3 -0.4
v 1 1.4 -0.4
v -1 -0.6 -0.5
v -1 -0.4 -0.5
v -1 -0.2 -0.5
v -1 -0.1 -0.5
v -0.9 -0.6 -0.5
v -0.9 -0.4 -0.5
v -0.9 -0.2 -0.5
v -0.9 -0.1 -0.5
v -0.6 0.6 -0.5
v -0.6 0.7 -0.5
v -0.5 0.6 -0.5
v -0.5 0.7 -0.5
v -0.2 2.8 -0.5
v -0.2 2.9 -0.5
v -0.1 2.8 -0.5
v -0.1 2.9 -0.5
v 0.1 0.9 -0.5
v 0.1 1 -0.5
v 0.2 0.9 -0.5
v 0.2 1 -0.5
v 0.5 0.6 -0.5
v 0.5 0.7 -0.5
v 0.6 0.6 -0.5
v 0.6 0.7 -0.5
v 0.6 1.2 -0.5
v 0.6 1.3 -0.5
v 0.8 1.2 -0.5
v 0.8 1.3 -0.5
v 0.9 -0.6 -0.5
v 0.9 -0.4 -0.5
v 0.9 -0.1 -0.5
v 1 -0.6 -0.5
v 1 -0.3 -0.5
v 1 -0.2 -0.5
v 1 -0.1 -0.5
v 1.1 -0.3 -0.5
v 1.1 -0.2 -0.5
v -0.9 -0.6 -0.6
v -0.9 -0.4 -0.6
v -0.8 -0.6 -0.6
v -0.8 -0.4 -0.6
v -0.7 -0.3 -0.6
v -0.7 -0.1 -0.6
v -0.7 0.7 -0.6
v -0.7 0.8 -0.6
v -0.6 -0.3 -0.6
v -0.6 -0.1 -0.6
v -0.6 0.5 -0.6
v -0.6 0.6 -0.6
v -0.6 0.7 -0.6
v -0.6 0.8 -0.6
v -0.5 0.4 -0.6
v -0.5 0.5 -0.6
v -0.5 0.6 -0.6
v -0.4 0.1 -0.6
v -0.4 0.3 -0.6
v -0.4 0.4 -0.6
v -0.4 0.5 -0.6
v -0.4 0.6 -0.6
v -0.3 -0.1 -0.6
v -0.3 0.1 -0.6
v -0.3 0.4 -0.6
v -0.3 0.5 -0.6
v -0.3 0.6 -0.6
v -0.2 0.2 -0.6
v -0.2 0.3 -0.6
v -0.2 0.4 -0.6
v -0.1 0.1 -0.6
v -0.1 0.2 -0.6
v 0.1 0.1 -0.6
v 0.1 0.2 -0.6
v 0.1 0.3 -0.6
v 0.1 0.6 -0.6
v 0.2 0.2 -0.6
v 0.2 0.3 -0.6
v 0.3 -0.1 -0.6
v 0.3 0.1 -0.6
v 0.4 0.1 -0.6
v 0.4 0.3 -0.6
v 0.4 0.4 -0.6
v 0.4 1.1 -0.6
v 0.4 1.2 -0.6
v 0.5 0.4 -0.6
v 0.5 0.5 -0.6
v 0.5 0.6 -0.6
v 0.5 1.1 -0.6
v 0.5 1.2 -0.6
v 0.6 -0.3 -0.6
v 0.6 -0.1 -0.6
v 0.6 0.5 -0.6
v 0.6 0.6 -0.6
v 0.6 0.7 -0.6
v 0.6 0.8 -0.6
v 0.7 -0.3 -0.6
v 0.7 -0.1 -0.6
v 0.7 0.7 -0.6
v 0.7 0.8 -0.6
v 0.8 -0.6 -0.6
v 0.8 -0.4 -0.6
v 0.9 -0.6 -0.6
v 0.9 -0.4 -0.6
v -0.8 -0.5 -0.7
v -0.8 -0.4 -0.7
v -0.7 -0.5 -0.7
v -0.7 -0.4 -0.7
v -0.7 -0.3 -0.7
v -0.7 -0.1 -0.7
v -0.7 0 -0.7
v -0.7 0.1 -0.7
v -0.6 -0.3 -0.7
v -0.6 -0.1 -0.7
v -0.6 0 -0.7
v -0.6 0.1 -0.7
v -0.5 -0.4 -0.7
v -0.5 -0.3 -0.7
v -0.4 -0.4 -0.7
v -0.4 -0.3 -0.7
v -0.4 -0.2 -0.7
v -0.4 0 -0.7
v -0.4 0.1 -0.7
v -0.3 -0.3 -0.7
v -0.3 -0.2 -0.7
v -0.3 -0.1 -0.7
v -0.3 0 -0.7
v -0.3 0.1 -0.7
v 0.3 -0.3 -0.7
v 0.3 -0.2 -0.7
v 0.3 -0.1 -0.7
v 0.3 0 -0.7
v 0.3 0.1 -0.7
v 0.4 -0.4 -0.7
v 0.4 -0.3 -0.7
v 0.4 -0.2 -0.7
v 0.4 0 -0.7
v 0.4 0.1 -0.7
v 0.5 -0.4 -0.7
v 0.5 -0.3 -0.7
v 0.5 1.1 -0.7
v 0.5 1.2 -0.7
v 0.6 -0.3 -0.7
v 0.6 -0.1 -0.7
v 0.6 0 -0.7
v 0.6 0.1 -0.7
v 0.6 1.1 -0.7
v 0.6 1.2 -0.7
v 0.7 -0.5 -0.7
v 0.7 -0.4 -0.7
v 0.7 -0.3 -0.7
v 0.7 -0.1 -0.7
v 0.7 0 -0.7
v 0.7 0.1 -0.7
v 0.8 -0.5 -0.7
v 0.8 -0.4 -0.7
v -0.3 -0.3 -0.8
v -0.3 -0.2 -0.8
v 0.1 1.1 -0.8
v 0.1 1.2 -0.8
v 0.3 -0.3 -0.8
v 0.3 -0.2 -0.8
v 0.3 1.1 -0.8
v 0.3 1.2 -0.8
v -0.7 -0.5 -0.9
v -0.7 -0.4 -0.9
v -0.5 -0.4 -0.9
v -0.5 -0.3 -0.9
v -0.1 -0.5 -0.9
v -0.1 -0.3 -0.9
v 0.2 -0.4 -0.9
v 0.2 -0.3 -0.9
v 0.4 -0.4 -0.9
v 0.4 -0.3 -0.9
v 0.4 1.5 -0.9
v 0.4 1.6 -0.9
v 0.5 -0.5 -0.9
v 0.5 -0.4 -0.9
v 0.5 1.5 -0.9
v 0.5 1.6 -0.9
v 0.7 -0.5 -0.9
v 0.7 -0.4 -0.9
v 0.7 -0.3 -0.9
v 0.8 -0.4 -0.9
v 0.8 -0.3 -0.9
v -0.1 -0.4 -1
v -0.1 -0.3 -1
v 0.1 -0.5 -1
v 0.1 -0.4 -1
v 0.2 -0.4 -1
v 0.2 -0.3 -1
v 0.3 -0.5 -1
v 0.3 -0.4 -1
v 0.7 -0.3 -1
v 0.7 -0.2 -1
v 0.8 -0.3 -1
v 0.8 -0.2 -1
v -0.8 -0.2 0.2
v -0.8 -0.1 0.2
v -0.7 -0.2 0.2
v -0.7 -0.1 0.2
v -0.5 -0.3 0.2
v -0.5 -0.2 0.2
v -0.5 -0.1 0.2
v -0.5 0.1 0.2
v -0.4 -0.1 0.2
v -0.4 0 0.2
v -0.3 -0.2 0.2
v -0.3 0 0.2
v -0.3 0.1 0.2
v -0.2 -0.3 0.2
v -0.2 -0.2 0.2
v 0 -0.2 0.2
v 0 0.1 0.2
v 0.1 -0.2 0.2
v 0.1 -0.1 0.2
v 0.1 0 0.2
v 0.1 0.1 0.2
v 0.2 -0.3 0.2
v 0.2 -0.2 0.2
v 0.3 -0.2 0.2
v 0.3 -0.1 0.2
v 0.4 0 0.2
v 0.4 0.1 0.2
v 0.5 -0.3 0.2
v 0.5 -0.2 0.2
v 0.5 0.1 0.2
v 0.7 -0.2 0.2
v 0.7 -0.1 0.2
v 0.8 -0.2 0.2
v 0.8 -0.1 0.2
v -0.7 -0.4 0.1
v -0.7 0 0.1
v -0.6 -0.4 0.1
v -0.6 -0.2 0.1
v -0.5 -0.2 0.1
v -0.5 0 0.1
v -0.3 -0.2 0.1
v -0.3 0.1 0.1
v 0 -0.2 0.1
v 0 0.1 0.1
v 0.1 0 0.1
v 0.1 0.1 0.1
v 0.2 0.7 0.1
v 0.2 0.8 0.1
v 0.3 0.7 0.1
v 0.3 0.8 0.1
v 0.4 0 0.1
v 0.4 0.1 0.1
v 0.5 -0.2 0.1
v 0.5 0 0.1
v 0.6 -0.4 0.1
v 0.6 -0.2 0.1
v 0.7 -0.4 0.1
v 0.7 0 0.1
v -0.8 0.4 0
v -0.8 0.5 0
v -0.7 0.4 0
v -0.7 0.9 0
v -0.7 1 0
v -0.6 0 0
v -0.6 0.1 0
v -0.6 0.3 0
v -0.6 0.4 0
v -0.6 0.5 0
v -0.6 0.9 0
v -0.6 1 0
v -0.5 0 0
v -0.5 0.1 0
v -0.5 0.3 0
v -0.5 0.4 0
v 0.5 0 0
v 0.5 0.1 0
v 0.5 0.3 0
v 0.5 0.4 0
v 0.6 0 0
v 0.6 0.1 0
v 0.6 0.3 0
v 0.6 0.4 0
v 0.6 0.5 0
v 0.6 0.9 0
v 0.6 1 0
v 0.7 0.5 0
v 0.7 0.9 0
v 0.7 1 0
v 0.7 1.5 0
v 0.7 1.6 0
v 0.7 1.7 0
v 0.7 1.8 0
v 0.8 0.4 0
v 0.8 0.5 0
v 0.8 1.6 0
v 0.8 1.7 0
v 0.8 1.8 0
v 0.9 1.5 0
v 0.9 1.6 0
v -1.1 -0.2 -0.1
v -1.1 -0.1 -0.1
v -1 -0.2 -0.1
v -1 -0.1 -0.1
v -0.7 0 -0.1
v -0.7 0.1 -0.1
v -0.6 0 -0.1
v -0.6 0.1 -0.1
v 0.6 0 -0.1
v 0.6 0.1 -0.1
v 0.7 0 -0.1
v 0.7 0.1 -0.1
v 1 -0.2 -0.1
v 1 -0.1 -0.1
v 1.1 -0.2 -0.1
v 1.1 -0.1 -0.1
v -1 -0.1 -0.2
v -1 0 -0.2
v -0.9 -0.1 -0.2
v -0.9 0 -0.2
v -0.8 -0.5 -0.2
v -0.8 -0.4 -0.2
v -0.7 -0.5 -0.2
v -0.7 -0.4 -0.2
v -0.4 0.3 -0.2
v -0.4 0.4 -0.2
v -0.3 0.4 -0.2
v -0.2 0.3 -0.2
v -0.2 0.4 -0.2
v 0.7 -0.5 -0.2
v 0.7 -0.4 -0.2
v 0.8 -0.5 -0.2
v 0.8 -0.4 -0.2
v 0.8 1.6 -0.2
v 0.8 1.7 -0.2
v 0.9 -0.1 -0.2
v 0.9 0 -0.2
v 0.9 1.6 -0.2
v 0.9 1.7 -0.2
v 1 -0.1 -0.2
v 1 0 -0.2
v -1.5 0.8 -0.3
v -1.5 0.9 -0.3
v -1.4 0.8 -0.3
v -1.4 0.9 -0.3
v -1.3 0.5 -0.3
v -1.3 0.6 -0.3
v -1.2 0.6 -0.3
v -1.2 0.8 -0.3
v -1.2 0.9 -0.3
v -1.1 0.5 -0.3
v -1.1 0.6 -0.3
v -1.1 0.8 -0.3
v -1.1 0.9 -0.3
v -1 -0.2 -0.3
v -1 -0.1 -0.3
v -1 0.5 -0.3
v -1 0.6 -0.3
v -1 0.8 -0.3
v -1 0.9 -0.3
v -0.9 -0.2 -0.3
v -0.9 -0.1 -0.3
v -0.9 0.5 -0.3
v -0.9 0.6 -0.3
v -0.8 0.3 -0.3
v -0.8 0.4 -0.3
v -0.7 0.3 -0.3
v -0.7 0.4 -0.3
v -0.6 -0.4 -0.3
v -0.6 0 -0.3
v -0.6 1 -0.3
v -0.6 1.1 -0.3
v -0.5 -0.4 -0.3
v -0.5 0 -0.3
v -0.5 1 -0.3
v -0.5 1.1 -0.3
v -0.5 2.5 -0.3
v -0.5 2.6 -0.3
v -0.4 2.5 -0.3
v -0.4 2.6 -0.3
v -0.3 -0.4 -0.3
v -0.3 -0.2 -0.3
v -0.2 -0.4 -0.3
v -0.2 -0.2 -0.3
v 0.2 -0.4 -0.3
v 0.2 -0.2 -0.3
v 0.3 -0.4 -0.3
v 0.3 -0.2 -0.3
v 0.4 1 -0.3
v 0.4 1.1 -0.3
v 0.4 2.5 -0.3
v 0.4 2.6 -0.3
v 0.5 -0.4 -0.3
v 0.5 0 -0.3
v 0.5 1 -0.3
v 0.5 1.1 -0.3
v 0.5 2.5 -0.3
v 0.5 2.6 -0.3
v 0.6 -0.4 -0.3
v 0.6 0 -0.3
v 0.7 0.3 -0.3
v 0.7 0.4 -0.3
v 0.8 0.3 -0.3
v 0.8 0.4 -0.3
v 0.9 -0.2 -0.3
v 0.9 -0.1 -0.3
v 0.9 0.5 -0.3
v 0.9 0.6 -0.3
v 1 -0.2 -0.3
v 1 -0.1 -0.3
v 1 0.5 -0.3
v 1 0.6 -0.3
v 1 0.8 -0.3
v 1 0.9 -0.3
v 1.1 0.5 -0.3
v 1.1 0.6 -0.3
v 1.1 0.8 -0.3
v 1.1 0.9 -0.3
v 1.2 0.6 -0.3
v 1.2 0.8 -0.3
v 1.2 0.9 -0.3
v 1.3 0.5 -0.3
v 1.3 0.6 -0.3
v 1.4 0.8 -0.3
v 1.5 0.8 -0.3
v 1.5 0.9 -0.3
v -1.6 0.5 -0.4
v -1.6 0.6 -0.4
v -1.6 0.7 -0.4
v -1.6 0.8 -0.4
v -1.5 0.5 -0.4
v -1.5 0.6 -0.4
v -1.5 0.7 -0.4
v -1.5 0.8 -0.4
v -1.4 0.6 -0.4
v -1.4 0.8 -0.4
v -1.2 0.6 -0.4
v -1.2 0.8 -0.4
v -1.1 0.6 -0.4
v -1.1 0.8 -0.4
v -1 0.8 -0.4
v -1 2 -0.4
v -1 2.1 -0.4
v -0.9 0.2 -0.4
v -0.9 0.3 -0.4
v -0.9 0.5 -0.4
v -0.9 0.6 -0.4
v -0.9 0.7 -0.4
v -0.9 0.8 -0.4
v -0.9 1.5 -0.4
v -0.9 1.6 -0.4
v -0.9 2 -0.4
v -0.9 2.1 -0.4
v -0.8 0.2 -0.4
v -0.8 0.3 -0.4
v -0.8 0.5 -0.4
v -0.8 0.6 -0.4
v -0.8 0.7 -0.4
v -0.8 1.5 -0.4
v -0.8 1.6 -0.4
v -0.8 2.1 -0.4
v -0.8 2.2 -0.4
v -0.7 0 -0.4
v -0.7 0.1 -0.4
v -0.7 0.5 -0.4
v -0.7 0.6 -0.4
v -0.7 0.7 -0.4
v -0.7 1 -0.4
v -0.7 1.1 -0.4
v -0.7 2.2 -0.4
v -0.6 -0.8 -0.4
v -0.6 -0.7 -0.4
v -0.6 -0.5 -0.4
v -0.6 -0.4 -0.4
v -0.6 0.4 -0.4
v -0.6 0.6 -0.4
v -0.6 0.7 -0.4
v -0.6 0.8 -0.4
v -0.6 1 -0.4
v -0.6 1.1 -0.4
v -0.6 2.1 -0.4
v -0.6 2.2 -0.4
v -0.5 -0.4 -0.4
v -0.5 0 -0.4
v -0.5 0.1 -0.4
v -0.5 0.6 -0.4
v -0.5 0.7 -0.4
v -0.4 0.1 -0.4
v -0.4 0.2 -0.4
v -0.4 0.3 -0.4
v -0.4 0.4 -0.4
v -0.4 2.6 -0.4
v -0.4 2.7 -0.4
v -0.3 -0.4 -0.4
v -0.3 -0.2 -0.4
v -0.3 -0.1 -0.4
v -0.3 0 -0.4
v -0.3 0.4 -0.4
v -0.3 0.5 -0.4
v -0.3 2.6 -0.4
v -0.3 2.7 -0.4
v -0.3 2.8 -0.4
v -0.2 -0.8 -0.4
v -0.2 -0.7 -0.4
v -0.2 -0.5 -0.4
v -0.2 -0.4 -0.4
v -0.2 -0.2 -0.4
v -0.2 -0.1 -0.4
v -0.2 0 -0.4
v -0.2 0.1 -0.4
v -0.2 0.2 -0.4
v -0.2 0.3 -0.4
v -0.2 0.4 -0.4
v -0.2 0.5 -0.4
v -0.2 0.9 -0.4
v -0.2 1 -0.4
v -0.2 2.7 -0.4
v -0.2 2.8 -0.4
v -0.2 3 -0.4
v -0.1 0.9 -0.4
v -0.1 1 -0.4
v -0.1 2.8 -0.4
v -0.1 3 -0.4
v 0 0.9 -0.4
v 0 1 -0.4
v 0.1 2.8 -0.4
v 0.1 3 -0.4
v 0.2 -0.8 -0.4
v 0.2 -0.7 -0.4
v 0.2 -0.5 -0.4
v 0.2 -0.4 -0.4
v 0.2 -0.2 -0.4
v 0.2 0.1 -0.4
v 0.2 0.2 -0.4
v 0.2 0.9 -0.4
v 0.2 1 -0.4
v 0.2 2.8 -0.4
v 0.2 3 -0.4
v 0.3 -0.4 -0.4
v 0.3 -0.2 -0.4
v 0.3 -0.1 -0.4
v 0.3 2.6 -0.4
v 0.3 2.7 -0.4
v 0.4 0.1 -0.4
v 0.4 0.2 -0.4
v 0.4 0.3 -0.4
v 0.4 0.4 -0.4
v 0.4 2.6 -0.4
v 0.4 2.7 -0.4
v 0.5 -0.4 -0.4
v 0.5 -0.2 -0.4
v 0.5 -0.1 -0.4
v 0.5 0 -0.4
v 0.5 0.1 -0.4
v 0.5 0.6 -0.4
v 0.5 0.7 -0.4
v 0.6 -0.8 -0.4
v 0.6 -0.7 -0.4
v 0.6 -0.5 -0.4
v 0.6 -0.4 -0.4
v 0.6 0.4 -0.4
v 0.6 0.7 -0.4
v 0.6 0.8 -0.4
v 0.6 1.2 -0.4
v 0.6 1.3 -0.4
v 0.6 2.1 -0.4
v 0.6 2.2 -0.4
v 0.7 0 -0.4
v 0.7 0.1 -0.4
v 0.7 0.5 -0.4
v 0.7 0.6 -0.4
v 0.7 0.7 -0.4
v 0.7 1.2 -0.4
v 0.7 1.3 -0.4
v 0.7 1.6 -0.4
v 0.7 1.7 -0.4
v 0.7 2.2 -0.4
v 0.8 0.2 -0.4
v 0.8 0.3 -0.4
v 0.8 0.5 -0.4
v 0.8 0.6 -0.4
v 0.8 0.7 -0.4
v 0.8 1.5 -0.4
v 0.8 1.6 -0.4
v 0.8 1.7 -0.4
v 0.8 2.1 -0.4
v 0.8 2.2 -0.4
v 0.9 0.2 -0.4
v 0.9 0.3 -0.4
v 0.9 0.5 -0.4
v 0.9 0.6 -0.4
v 0.9 0.7 -0.4
v 0.9 0.8 -0.4
v 0.9 1.5 -0.4
v 0.9 1.6 -0.4
v 0.9 2 -0.4
v 0.9 2.1 -0.4
v 1 0.8 -0.4
v 1 2 -0.4
v 1 2.1 -0.4
v 1.1 0.6 -0.4
v 1.1 0.8 -0.4
v 1.2 0.6 -0.4
v 1.2 0.8 -0.4
v 1.4 0.6 -0.4
v 1.4 0.8 -0.4
v 1.5 0.5 -0.4
v 1.5 0.6 -0.4
v 1.5 0.8 -0.4
v 1.6 0.5 -0.4
v 1.6 0.6 -0.4
v 1.6 0.8 -0.4
v -1 0 -0.5
v -1 0.1 -0.5
v -1 0.9 -0.5
v -1 1 -0.5
v -1 1.6 -0.5
v -1 1.7 -0.5
v -0.9 -0.4 -0.5
v -0.9 -0.3 -0.5
v -0.9 0 -0.5
v -0.9 0.1 -0.5
v -0.9 2 -0.5
v -0.9 2.1 -0.5
v -0.8 1.3 -0.5
v -0.8 1.4 -0.5
v -0.8 1.5 -0.5
v -0.8 1.6 -0.5
v -0.8 1.7 -0.5
v -0.8 2 -0.5
v -0.8 2.1 -0.5
v -0.7 -0.4 -0.5
v -0.7 -0.3 -0.5
v -0.7 1.3 -0.5
v -0.7 1.4 -0.5
v -0.7 1.5 -0.5
v -0.7 1.6 -0.5
v -0.7 2.2 -0.5
v -0.7 2.3 -0.5
v -0.6 0.9 -0.5
v -0.6 1.1 -0.5
v -0.6 1.2 -0.5
v -0.6 2.1 -0.5
v -0.6 2.2 -0.5
v -0.6 2.3 -0.5
v -0.6 2.4 -0.5
v -0.5 1 -0.5
v -0.5 1.1 -0.5
v -0.5 1.2 -0.5
v -0.5 2.1 -0.5
v -0.5 2.2 -0.5
v -0.5 2.3 -0.5
v -0.5 2.4 -0.5
v -0.5 2.5 -0.5
v -0.4 0.9 -0.5
v -0.4 1 -0.5
v -0.4 1.1 -0.5
v -0.4 2.5 -0.5
v -0.4 2.6 -0.5
v -0.3 0.9 -0.5
v -0.3 1 -0.5
v -0.3 1.1 -0.5
v -0.3 2.4 -0.5
v -0.3 2.5 -0.5
v -0.3 2.6 -0.5
v -0.3 2.7 -0.5
v -0.2 1 -0.5
v -0.2 2.5 -0.5
v -0.2 2.7 -0.5
v -0.2 2.8 -0.5
v -0.1 0.9 -0.5
v -0.1 1 -0.5
v 0 0.9 -0.5
v 0 1 -0.5
v 0 1.1 -0.5
v 0.1 1 -0.5
v 0.1 1.1 -0.5
v 0.1 2.8 -0.5
v 0.2 1 -0.5
v 0.2 1.1 -0.5
v 0.2 2.5 -0.5
v 0.2 2.7 -0.5
v 0.3 -0.2 -0.5
v 0.3 -0.1 -0.5
v 0.3 0.9 -0.5
v 0.3 1 -0.5
v 0.3 1.1 -0.5
v 0.3 2.4 -0.5
v 0.3 2.5 -0.5
v 0.3 2.6 -0.5
v 0.3 2.8 -0.5
v 0.4 1 -0.5
v 0.4 1.1 -0.5
v 0.4 2.5 -0.5
v 0.4 2.6 -0.5
v 0.5 -0.2 -0.5
v 0.5 -0.1 -0.5
v 0.5 2.1 -0.5
v 0.5 2.2 -0.5
v 0.5 2.3 -0.5
v 0.5 2.4 -0.5
v 0.5 2.5 -0.5
v 0.6 2.1 -0.5
v 0.6 2.2 -0.5
v 0.6 2.3 -0.5
v 0.6 2.4 -0.5
v 0.7 2.2 -0.5
v 0.7 2.3 -0.5
v 0.8 2 -0.5
v 0.8 2.1 -0.5
v 0.9 0 -0.5
v 0.9 0.1 -0.5
v 0.9 0.9 -0.5
v 0.9 1.3 -0.5
v 0.9 1.4 -0.5
v 0.9 2 -0.5
v 0.9 2.1 -0.5
v 1 0 -0.5
v 1 0.1 -0.5
v 1 0.9 -0.5
v 1 1 -0.5
v 1 1.3 -0.5
v 1 1.4 -0.5
v -1 -0.6 -0.6
v -1 -0.5 -0.6
v -1 0.8 -0.6
v -1 0.9 -0.6
v -0.9 -0.6 -0.6
v -0.9 -0.5 -0.6
v -0.8 1.6 -0.6
v -0.8 1.8 -0.6
v -0.8 2 -0.6
v -0.8 2.1 -0.6
v -0.7 0.8 -0.6
v -0.7 1.4 -0.6
v -0.7 1.6 -0.6
v -0.7 1.8 -0.6
v -0.7 2 -0.6
v -0.7 2.1 -0.6
v -0.6 0.8 -0.6
v -0.6 0.9 -0.6
v -0.6 1.4 -0.6
v -0.6 1.6 -0.6
v -0.6 1.7 -0.6
v -0.6 1.8 -0.6
v -0.6 1.9 -0.6
v -0.6 2 -0.6
v -0.6 2.2 -0.6
v -0.6 2.3 -0.6
v -0.5 1.9 -0.6
v -0.5 2 -0.6
v -0.5 2.1 -0.6
v -0.5 2.2 -0.6
v -0.5 2.3 -0.6
v -0.5 2.4 -0.6
v -0.4 0.8 -0.6
v -0.4 0.9 -0.6
v -0.4 1.1 -0.6
v -0.4 1.2 -0.6
v -0.3 0.8 -0.6
v -0.3 0.9 -0.6
v -0.3 1 -0.6
v -0.3 1.1 -0.6
v -0.3 1.2 -0.6
v -0.3 2.1 -0.6
v -0.3 2.2 -0.6
v -0.3 2.4 -0.6
v -0.3 2.5 -0.6
v -0.2 0.9 -0.6
v -0.2 1 -0.6
v -0.2 2.5 -0.6
v -0.2 2.7 -0.6
v -0.2 2.8 -0.6
v -0.2 2.9 -0.6
v -0.1 2.9 -0.6
v 0.1 0.9 -0.6
v 0.1 1 -0.6
v 0.1 2.8 -0.6
v 0.1 2.9 -0.6
v 0.2 0.9 -0.6
v 0.2 1 -0.6
v 0.2 2.5 -0.6
v 0.2 2.7 -0.6
v 0.3 0.8 -0.6
v 0.3 0.9 -0.6
v 0.3 1 -0.6
v 0.3 2.1 -0.6
v 0.3 2.2 -0.6
v 0.3 2.4 -0.6
v 0.3 2.5 -0.6
v 0.5 0.8 -0.6
v 0.5 1.9 -0.6
v 0.5 2 -0.6
v 0.5 2.1 -0.6
v 0.5 2.2 -0.6
v 0.5 2.3 -0.6
v 0.5 2.4 -0.6
v 0.6 0.8 -0.6
v 0.6 1.7 -0.6
v 0.6 1.9 -0.6
v 0.6 2 -0.6
v 0.6 2.2 -0.6
v 0.6 2.3 -0.6
v 0.7 0.8 -0.6
v 0.7 1.2 -0.6
v 0.7 1.3 -0.6
v 0.7 1.6 -0.6
v 0.7 1.7 -0.6
v 0.7 1.9 -0.6
v 0.7 2 -0.6
v 0.7 2.1 -0.6
v 0.8 1.2 -0.6
v 0.8 1.3 -0.6
v 0.8 1.4 -0.6
v 0.8 1.6 -0.6
v 0.8 2 -0.6
v 0.8 2.1 -0.6
v 0.9 -0.6 -0.6
v 0.9 -0.5 -0.6
v 0.9 0.8 -0.6
v 0.9 0.9 -0.6
v 1 -0.6 -0.6
v 1 -0.5 -0.6
v 1 -0.3 -0.6
v 1 -0.2 -0.6
v 1 0.8 -0.6
v 1 0.9 -0.6
v 1.1 -0.3 -0.6
v 1.1 -0.2 -0.6
v -1 -0.5 -0.7
v -1 -0.4 -0.7
v -1 -0.2 -0.7
v -1 -0.1 -0.7
v -0.9 -0.5 -0.7
v -0.9 -0.3 -0.7
v -0.9 -0.2 -0.7
v -0.9 -0.1 -0.7
v -0.8 -0.5 -0.7
v -0.8 -0.4 -0.7
v -0.8 -0.3 -0.7
v -0.8 -0.2 -0.7
v -0.8 0.2 -0.7
v -0.8 0.4 -0.7
v -0.7 0.2 -0.7
v -0.7 0.3 -0.7
v -0.7 0.4 -0.7
v -0.7 0.7 -0.7
v -0.7 0.8 -0.7
v -0.7 1.3 -0.7
v -0.7 1.4 -0.7
v -0.7 2 -0.7
v -0.7 2.1 -0.7
v -0.6 0.2 -0.7
v -0.6 0.3 -0.7
v -0.6 0.4 -0.7
v -0.6 0.5 -0.7
v -0.6 0.6 -0.7
v -0.6 0.7 -0.7
v -0.6 0.8 -0.7
v -0.6 1.2 -0.7
v -0.6 1.3 -0.7
v -0.6 1.4 -0.7
v -0.6 1.6 -0.7
v -0.6 1.7 -0.7
v -0.6 1.8 -0.7
v -0.6 1.9 -0.7
v -0.6 2 -0.7
v -0.6 2.1 -0.7
v -0.5 0.3 -0.7
v -0.5 0.4 -0.7
v -0.5 0.5 -0.7
v -0.5 0.6 -0.7
v -0.5 1.2 -0.7
v -0.5 1.3 -0.7
v -0.5 1.4 -0.7
v -0.5 1.6 -0.7
v -0.5 1.7 -0.7
v -0.5 1.8 -0.7
v -0.5 1.9 -0.7
v -0.5 2 -0.7
v -0.5 2.2 -0.7
v -0.5 2.3 -0.7
v -0.4 0.4 -0.7
v -0.4 0.5 -0.7
v -0.4 0.7 -0.7
v -0.4 0.8 -0.7
v -0.4 1.2 -0.7
v -0.4 1.3 -0.7
v -0.4 1.6 -0.7
v -0.4 1.8 -0.7
v -0.4 1.9 -0.7
v -0.4 2 -0.7
v -0.3 0.7 -0.7
v -0.3 0.8 -0.7
v -0.3 1.2 -0.7
v -0.3 1.3 -0.7
v -0.3 1.8 -0.7
v -0.3 1.9 -0.7
v -0.3 2 -0.7
v -0.3 2.1 -0.7
v -0.3 2.2 -0.7
v -0.2 2.1 -0.7
v -0.2 2.2 -0.7
v -0.1 1.2 -0.7
v -0.1 1.3 -0.7
v -0.1 2.9 -0.7
v -0.1 3 -0.7
v 0 1.2 -0.7
v 0 1.3 -0.7
v 0.1 1.1 -0.7
v 0.1 1.2 -0.7
v 0.1 2.9 -0.7
v 0.1 3 -0.7
v 0.2 2.1 -0.7
v 0.2 2.2 -0.7
v 0.3 0.7 -0.7
v 0.3 0.8 -0.7
v 0.3 1.1 -0.7
v 0.3 1.2 -0.7
v 0.3 1.8 -0.7
v 0.3 1.9 -0.7
v 0.3 2 -0.7
v 0.3 2.1 -0.7
v 0.3 2.2 -0.7
v 0.4 0.4 -0.7
v 0.4 0.5 -0.7
v 0.4 1.1 -0.7
v 0.4 1.2 -0.7
v 0.4 1.5 -0.7
v 0.4 1.6 -0.7
v 0.4 1.7 -0.7
v 0.4 1.8 -0.7
v 0.4 1.9 -0.7
v 0.5 0.3 -0.7
v 0.5 0.4 -0.7
v 0.5 0.5 -0.7
v 0.5 0.6 -0.7
v 0.5 0.7 -0.7
v 0.5 0.8 -0.7
v 0.5 1.5 -0.7
v 0.5 1.6 -0.7
v 0.5 1.7 -0.7
v 0.5 1.9 -0.7
v 0.5 2 -0.7
v 0.5 2.2 -0.7
v 0.5 2.3 -0.7
v 0.6 0.2 -0.7
v 0.6 0.3 -0.7
v 0.6 0.4 -0.7
v 0.6 0.5 -0.7
v 0.6 0.6 -0.7
v 0.6 0.7 -0.7
v 0.6 0.8 -0.7
v 0.6 1.2 -0.7
v 0.6 1.3 -0.7
v 0.6 1.5 -0.7
v 0.6 1.7 -0.7
v 0.6 1.9 -0.7
v 0.6 2 -0.7
v 0.6 2.1 -0.7
v 0.7 0.2 -0.7
v 0.7 0.3 -0.7
v 0.7 0.4 -0.7
v 0.7 0.7 -0.7
v 0.7 0.8 -0.7
v 0.7 1.2 -0.7
v 0.7 1.3 -0.7
v 0.7 2 -0.7
v 0.7 2.1 -0.7
v 0.8 -0.5 -0.7
v 0.8 -0.2 -0.7
v 0.8 0.2 -0.7
v 0.8 0.4 -0.7
v 0.8 1.3 -0.7
v 0.8 1.4 -0.7
v 0.9 -0.5 -0.7
v 0.9 -0.2 -0.7
v 0.9 -0.1 -0.7
v 0.9 1.3 -0.7
v 0.9 1.4 -0.7
v 1 -0.5 -0.7
v 1 -0.1 -0.7
v -0.9 -0.6 -0.8
v -0.9 -0.5 -0.8
v -0.9 -0.2 -0.8
v -0.9 0.2 -0.8
v -0.8 -0.6 -0.8
v -0.8 -0.5 -0.8
v -0.8 -0.4 -0.8
v -0.8 -0.3 -0.8
v -0.8 -0.2 -0.8
v -0.7 -0.5 -0.8
v -0.7 -0.4 -0.8
v -0.7 -0.3 -0.8
v -0.7 0 -0.8
v -0.7 0.1 -0.8
v -0.7 0.2 -0.8
v -0.7 0.3 -0.8
v -0.7 0.7 -0.8
v -0.7 1.1 -0.8
v -0.7 1.2 -0.8
v -0.7 1.3 -0.8
v -0.6 0 -0.8
v -0.6 0.1 -0.8
v -0.6 0.2 -0.8
v -0.6 0.3 -0.8
v -0.6 0.6 -0.8
v -0.6 1.1 -0.8
v -0.6 1.2 -0.8
v -0.6 1.3 -0.8
v -0.6 2 -0.8
v -0.6 2.1 -0.8
v -0.5 -0.4 -0.8
v -0.5 -0.3 -0.8
v -0.5 0.3 -0.8
v -0.5 0.5 -0.8
v -0.5 0.6 -0.8
v -0.5 1 -0.8
v -0.5 1.3 -0.8
v -0.5 2 -0.8
v -0.5 2.1 -0.8
v -0.4 -0.4 -0.8
v -0.4 -0.3 -0.8
v -0.4 0 -0.8
v -0.4 0.1 -0.8
v -0.4 0.2 -0.8
v -0.4 0.3 -0.8
v -0.4 0.5 -0.8
v -0.4 0.6 -0.8
v -0.4 0.7 -0.8
v -0.4 1 -0.8
v -0.4 1.3 -0.8
v -0.4 1.6 -0.8
v -0.4 1.8 -0.8
v -0.3 0 -0.8
v -0.3 0.1 -0.8
v -0.3 0.5 -0.8
v -0.3 0.6 -0.8
v -0.3 1.1 -0.8
v -0.3 1.3 -0.8
v -0.3 1.8 -0.8
v -0.3 1.9 -0.8
v -0.3 2 -0.8
v -0.2 0.5 -0.8
v -0.2 0.6 -0.8
v -0.2 1.1 -0.8
v -0.2 1.2 -0.8
v -0.2 1.3 -0.8
v -0.2 1.6 -0.8
v -0.2 1.7 -0.8
v -0.2 1.9 -0.8
v -0.2 2 -0.8
v -0.2 2.1 -0.8
v -0.2 2.2 -0.8
v -0.1 1.1 -0.8
v -0.1 1.2 -0.8
v -0.1 1.3 -0.8
v -0.1 1.5 -0.8
v -0.1 1.6 -0.8
v 0 1.1 -0.8
v 0 1.2 -0.8
v 0 1.3 -0.8
v 0 1.5 -0.8
v 0 1.6 -0.8
v 0 1.7 -0.8
v 0 1.9 -0.8
v 0 2 -0.8
v 0.1 1.5 -0.8
v 0.1 1.6 -0.8
v 0.1 1.7 -0.8
v 0.1 1.8 -0.8
v 0.1 1.9 -0.8
v 0.1 2 -0.8
v 0.2 0.5 -0.8
v 0.2 0.6 -0.8
v 0.2 1.8 -0.8
v 0.2 1.9 -0.8
v 0.2 2 -0.8
v 0.2 2.1 -0.8
v 0.2 2.2 -0.8
v 0.3 0 -0.8
v 0.3 0.1 -0.8
v 0.3 0.5 -0.8
v 0.3 0.6 -0.8
v 0.3 1.7 -0.8
v 0.3 1.8 -0.8
v 0.3 1.9 -0.8
v 0.3 2 -0.8
v 0.4 -0.4 -0.8
v 0.4 -0.3 -0.8
v 0.4 0 -0.8
v 0.4 0.1 -0.8
v 0.4 0.2 -0.8
v 0.4 0.3 -0.8
v 0.4 0.5 -0.8
v 0.4 0.7 -0.8
v 0.4 1.1 -0.8
v 0.4 1.2 -0.8
v 0.4 1.5 -0.8
v 0.4 1.7 -0.8
v 0.4 1.8 -0.8
v 0.5 -0.4 -0.8
v 0.5 -0.3 -0.8
v 0.5 0.3 -0.8
v 0.5 0.5 -0.8
v 0.5 0.6 -0.8
v 0.5 1.1 -0.8
v 0.5 1.2 -0.8
v 0.5 1.4 -0.8
v 0.5 1.5 -0.8
v 0.5 2 -0.8
v 0.5 2.1 -0.8
v 0.6 0 -0.8
v 0.6 0.1 -0.8
v 0.6 0.2 -0.8
v 0.6 0.3 -0.8
v 0.6 0.5 -0.8
v 0.6 0.6 -0.8
v 0.6 1.3 -0.8
v 0.6 1.4 -0.8
v 0.6 1.5 -0.8
v 0.6 1.7 -0.8
v 0.6 2 -0.8
v 0.6 2.1 -0.8
v 0.7 -0.5 -0.8
v 0.7 -0.4 -0.8
v 0.7 0 -0.8
v 0.7 0.1 -0.8
v 0.7 0.2 -0.8
v 0.7 0.3 -0.8
v 0.7 0.5 -0.8
v 0.7 0.6 -0.8
v 0.7 0.7 -0.8
v 0.7 1.3 -0.8
v 0.7 1.4 -0.8
v 0.7 1.5 -0.8
v 0.7 1.7 -0.8
v 0.8 -0.6 -0.8
v 0.8 -0.5 -0.8
v 0.8 -0.2 -0.8
v 0.9 -0.6 -0.8
v 0.9 -0.5 -0.8
v 0.9 -0.2 -0.8
v 0.9 0.2 -0.8
v -0.7 0.1 -0.9
v -0.7 0.2 -0.9
v -0.6 0.1 -0.9
v -0.6 0.2 -0.9
v -0.5 2 -0.9
v -0.5 2.1 -0.9
v -0.4 0.5 -0.9
v -0.4 0.6 -0.9
v -0.4 0.7 -0.9
v -0.3 0.4 -0.9
v -0.3 0.5 -0.9
v -0.3 0.6 -0.9
v -0.3 0.7 -0.9
v -0.3 0.9 -0.9
v -0.3 2 -0.9
v -0.3 2.1 -0.9
v -0.2 0.4 -0.9
v -0.2 0.5 -0.9
v -0.2 0.6 -0.9
v -0.2 0.8 -0.9
v -0.2 0.9 -0.9
v -0.1 3 -0.9
v -0.1 3.1 -0.9
v 0 1.2 -0.9
v 0 1.3 -0.9
v 0 1.5 -0.9
v 0 1.6 -0.9
v 0.1 0.6 -0.9
v 0.1 0.7 -0.9
v 0.1 0.8 -0.9
v 0.1 0.9 -0.9
v 0.1 1.2 -0.9
v 0.1 1.3 -0.9
v 0.1 1.5 -0.9
v 0.1 1.6 -0.9
v 0.1 3 -0.9
v 0.1 3.1 -0.9
v 0.2 0.6 -0.9
v 0.2 0.7 -0.9
v 0.3 0.5 -0.9
v 0.3 0.6 -0.9
v 0.3 0.7 -0.9
v 0.3 0.9 -0.9
v 0.3 1.2 -0.9
v 0.3 1.3 -0.9
v 0.3 1.4 -0.9
v 0.3 2 -0.9
v 0.3 2.1 -0.9
v 0.4 0.5 -0.9
v 0.4 0.7 -0.9
v 0.4 1.3 -0.9
v 0.4 1.4 -0.9
v 0.5 1.1 -0.9
v 0.5 1.2 -0.9
v 0.5 1.4 -0.9
v 0.5 2 -0.9
v 0.5 2.1 -0.9
v 0.6 0.1 -0.9
v 0.6 0.2 -0.9
v 0.6 1.1 -0.9
v 0.6 1.2 -0.9
v 0.6 1.4 -0.9
v 0.7 0.1 -0.9
v 0.7 0.2 -0.9
v -0.7 -0.2 -1
v -0.7 0 -1
v -0.6 -0.2 -1
v -0.6 -0.1 -1
v -0.6 0 -1
v -0.6 0.2 -1
v -0.5 -0.1 -1
v -0.5 0 -1
v -0.5 0.3 -1
v -0.5 0.4 -1
v -0.4 0 -1
v -0.4 0.1 -1
v -0.4 0.2 -1
v -0.4 0.3 -1
v -0.4 0.4 -1
v -0.3 0 -1
v -0.3 0.1 -1
v -0.3 2 -1
v -0.3 2.1 -1
v -0.2 0 -1
v -0.2 0.1 -1
v -0.2 0.3 -1
v -0.2 0.6 -1
v -0.1 0.1 -1
v -0.1 0.2 -1
v -0.1 0.4 -1
v -0.1 0.5 -1
v 0 0 -1
v 0 0.2 -1
v 0 0.3 -1
v 0 0.4 -1
v 0 0.5 -1
v 0 1.1 -1
v 0 1.2 -1
v 0.1 0.2 -1
v 0.1 0.3 -1
v 0.1 0.4 -1
v 0.1 1.2 -1
v 0.1 1.3 -1
v 0.1 1.5 -1
v 0.2 0.1 -1
v 0.2 0.2 -1
v 0.2 0.5 -1
v 0.2 0.6 -1
v 0.2 1.3 -1
v 0.2 1.4 -1
v 0.3 0 -1
v 0.3 0.1 -1
v 0.3 0.3 -1
v 0.3 1.1 -1
v 0.3 1.3 -1
v 0.3 1.4 -1
v 0.3 2 -1
v 0.3 2.1 -1
v 0.4 0 -1
v 0.4 0.1 -1
v 0.4 0.2 -1
v 0.4 0.3 -1
v 0.4 0.4 -1
v 0.4 0.5 -1
v 0.4 1.4 -1
v 0.4 1.5 -1
v 0.5 -0.5 -1
v 0.5 -0.4 -1
v 0.5 -0.1 -1
v 0.5 0 -1
v 0.5 0.3 -1
v 0.5 0.4 -1
v 0.6 -0.5 -1
v 0.6 -0.4 -1
v 0.6 -0.2 -1
v 0.6 -0.1 -1
v 0.6 0 -1
v 0.6 0.2 -1
v 0.7 -0.2 -1
v 0.7 0 -1
v -0.7 -0.5 -1.1
v -0.7 -0.2 -1.1
v -0.6 -0.2 -1.1
v -0.6 -0.1 -1.1
v -0.5 -0.1 -1.1
v -0.5 0 -1.1
v -0.4 -0.2 -1.1
v -0.4 0 -1.1
v -0.3 -0.2 -1.1
v -0.3 0 -1.1
v -0.2 -0.4 -1.1
v -0.2 -0.3 -1.1
v -0.1 -0.5 -1.1
v -0.1 -0.4 -1.1
v 0 -0.4 -1.1
v 0 -0.3 -1.1
v 0 -0.2 -1.1
v 0.1 -0.5 -1.1
v 0.1 -0.4 -1.1
v 0.1 -0.3 -1.1
v 0.1 -0.2 -1.1
v 0.2 -0.2 -1.1
v 0.2 -0.1 -1.1
v 0.2 1.3 -1.1
v 0.2 1.4 -1.1
v 0.3 -0.5 -1.1
v 0.3 -0.4 -1.1
v 0.3 1.3 -1.1
v 0.3 1.4 -1.1
v 0.4 -0.4 -1.1
v 0.4 -0.3 -1.1
v 0.4 -0.2 -1.1
v 0.4 -0.1 -1.1
v 0.4 1.4 -1.1
v 0.4 1.6 -1.1
v 0.5 -0.4 -1.1
v 0.5 -0.3 -1.1
v 0.5 -0.1 -1.1
v 0.5 0 -1.1
v 0.5 1.4 -1.1
v 0.5 1.6 -1.1
v 0.6 -0.5 -1.1
v 0.6 -0.4 -1.1
v 0.6 -0.2 -1.1
v 0.6 -0.1 -1.1
v 0.7 -0.5 -1.1
v 0.7 -0.4 -1.1
v 0.8 -0.4 -1.1
v 0.8 -0.2 -1.1
v -0.2 -0.4 -1.2
v -0.2 -0.3 -1.2
v 0 -0.4 -1.2
v 0 -0.3 -1.2
v 0 -0.2 -1.2
v 0.1 -0.3 -1.2
v 0.1 -0.2 -1.2
v -0.6 -0.8 0.2
v -0.2 -0.8 0.2
v 0.2 -0.8 0.2
v 0.6 -0.8 0.2
v -0.6 -0.8 -0.4
v -0.2 -0.8 -0.4
v 0.2 -0.8 -0.4
v 0.6 -0.8 -0.4
v -1 -0.6 -0.5
v -0.9 -0.6 -0.5
v 0.9 -0.6 -0.5
v 1 -0.6 -0.5
v -1 -0.6 -0.6
v -0.9 -0.6 -0.6
v -0.8 -0.6 -0.6
v 0.8 -0.6 -0.6
v 0.9 -0.6 -0.6
v 1 -0.6 -0.6
v -0.9 -0.6 -0.8
v -0.8 -0.6 -0.8
v 0.8 -0.6 -0.8
v 0.9 -0.6 -0.8
v -0.8 -0.5 0.1
v -0.7 -0.5 0.1
v 0.7 -0.5 0.1
v 0.8 -0.5 0.1
v -0.8 -0.5 -0.2
v -0.7 -0.5 -0.2
v 0.7 -0.5 -0.2
v 0.8 -0.5 -0.2
v -1 -0.5 -0.6
v -0.9 -0.5 -0.6
v 0.9 -0.5 -0.6
v 1 -0.5 -0.6
v -1 -0.5 -0.7
v -0.9 -0.5 -0.7
v -0.8 -0.5 -0.7
v -0.7 -0.5 -0.7
v 0.7 -0.5 -0.7
v 0.8 -0.5 -0.7
v 0.9 -0.5 -0.7
v 1 -0.5 -0.7
v -0.8 -0.5 -0.8
v -0.7 -0.5 -0.8
v 0.7 -0.5 -0.8
v 0.8 -0.5 -0.8
v -0.7 -0.5 -0.9
v -0.1 -0.5 -0.9
v 0.5 -0.5 -0.9
v 0.7 -0.5 -0.9
v 0.1 -0.5 -1
v 0.3 -0.5 -1
v 0.5 -0.5 -1
v 0.6 -0.5 -1
v -0.7 -0.5 -1.1
v -0.1 -0.5 -1.1
v 0.1 -0.5 -1.1
v 0.3 -0.5 -1.1
v 0.6 -0.5 -1.1
v 0.7 -0.5 -1.1
v -0.8 -0.4 0.2
v -0.6 -0.4 0.2
v 0.6 -0.4 0.2
v 0.8 -0.4 0.2
v -0.8 -0.4 0.1
v -0.7 -0.4 0.1
v -0.6 -0.4 0.1
v 0.6 -0.4 0.1
v 0.7 -0.4 0.1
v 0.8 -0.4 0.1
v -0.8 -0.4 -0.2
v -0.7 -0.4 -0.2
v 0.7 -0.4 -0.2
v 0.8 -0.4 -0.2
v -0.9 -0.4 -0.4
v -0.8 -0.4 -0.4
v 0.8 -0.4 -0.4
v 0.9 -0.4 -0.4
v -0.9 -0.4 -0.5
v -0.7 -0.4 -0.5
v 0.9 -0.4 -0.5
v 0.8 -0.4 -0.6
v 0.9 -0.4 -0.6
v -0.7 -0.4 -0.7
v -0.5 -0.4 -0.7
v -0.4 -0.4 -0.7
v 0.4 -0.4 -0.7
v 0.5 -0.4 -0.7
v 0.7 -0.4 -0.7
v 0.8 -0.4 -0.7
v -0.7 -0.4 -0.8
v -0.5 -0.4 -0.8
v -0.4 -0.4 -0.8
v 0.4 -0.4 -0.8
v 0.5 -0.4 -0.8
v 0.7 -0.4 -0.8
v -0.7 -0.4 -0.9
v -0.5 -0.4 -0.9
v 0.2 -0.4 -0.9
v 0.4 -0.4 -0.9
v 0.5 -0.4 -0.9
v 0.7 -0.4 -0.9
v 0.8 -0.4 -0.9
v -0.1 -0.4 -1
v 0.1 -0.4 -1
v 0.2 -0.4 -1
v 0.3 -0.4 -1
v 0.5 -0.4 -1
v 0.6 -0.4 -1
v -0.2 -0.4 -1.1
v -0.1 -0.4 -1.1
v 0 -0.4 -1.1
v 0.1 -0.4 -1.1
v 0.3 -0.4 -1.1
v 0.4 -0.4 -1.1
v 0.5 -0.4 -1.1
v 0.6 -0.4 -1.1
v 0.7 -0.4 -1.1
v 0.8 -0.4 -1.1
v -0.2 -0.4 -1.2
v 0 -0.4 -1.2
v -0.7 -0.3 0.3
v -0.6 -0.3 0.3
v -0.5 -0.3 0.3
v -0.2 -0.3 0.3
v 0.2 -0.3 0.3
v 0.5 -0.3 0.3
v 0.6 -0.3 0.3
v 0.7 -0.3 0.3
v -0.7 -0.3 0.2
v -0.6 -0.3 0.2
v -0.5 -0.3 0.2
v -0.2 -0.3 0.2
v 0.2 -0.3 0.2
v 0.5 -0.3 0.2
v 0.6 -0.3 0.2
v 0.7 -0.3 0.2
v -0.9 -0.3 -0.3
v -0.8 -0.3 -0.3
v 0.8 -0.3 -0.3
v 0.9 -0.3 -0.3
v -0.9 -0.3 -0.4
v -0.8 -0.3 -0.4
v 0.8 -0.3 -0.4
v 0.9 -0.3 -0.4
v -0.9 -0.3 -0.5
v -0.7 -0.3 -0.5
v 1 -0.3 -0.5
v 1.1 -0.3 -0.5
v -0.7 -0.3 -0.6
v -0.6 -0.3 -0.6
v 0.6 -0.3 -0.6
v 0.7 -0.3 -0.6
v 1 -0.3 -0.6
v 1.1 -0.3 -0.6
v -0.9 -0.3 -0.7
v -0.8 -0.3 -0.7
v -0.7 -0.3 -0.7
v -0.6 -0.3 -0.7
v -0.4 -0.3 -0.7
v -0.3 -0.3 -0.7
v 0.3 -0.3 -0.7
v 0.4 -0.3 -0.7
v 0.6 -0.3 -0.7
v 0.7 -0.3 -0.7
v -0.8 -0.3 -0.8
v -0.7 -0.3 -0.8
v -0.5 -0.3 -0.8
v -0.4 -0.3 -0.8
v -0.3 -0.3 -0.8
v 0.3 -0.3 -0.8
v 0.4 -0.3 -0.8
v 0.5 -0.3 -0.8
v -0.5 -0.3 -0.9
v -0.1 -0.3 -0.9
v 0.2 -0.3 -0.9
v 0.4 -0.3 -0.9
v -0.1 -0.3 -1
v 0.2 -0.3 -1
v 0 -0.3 -1.1
v 0.1 -0.3 -1.1
v 0.4 -0.3 -1.1
v 0.5 -0.3 -1.1
v 0 -0.3 -1.2
v 0.1 -0.3 -1.2
v -0.8 -0.2 0.3
v -0.7 -0.2 0.3
v -0.6 -0.2 0.3
v -0.5 -0.2 0.3
v -0.2 -0.2 0.3
v 0.1 -0.2 0.3
v 0.2 -0.2 0.3
v 0.5 -0.2 0.3
v 0.6 -0.2 0.3
v 0.7 -0.2 0.3
v 0.8 -0.2 0.3
v -0.8 -0.2 0.2
v -0.7 -0.2 0.2
v -0.5 -0.2 0.2
v -0.3 -0.2 0.2
v -0.2 -0.2 0.2
v 0 -0.2 0.2
v 0.1 -0.2 0.2
v 0.2 -0.2 0.2
v 0.5 -0.2 0.2
v 0.7 -0.2 0.2
v 0.8 -0.2 0.2
v -1.1 -0.2 0.1
v -0.9 -0.2 0.1
v -0.6 -0.2 0.1
v -0.5 -0.2 0.1
v -0.3 -0.2 0.1
v 0 -0.2 0.1
v 0.5 -0.2 0.1
v 0.6 -0.2 0.1
v 0.9 -0.2 0.1
v 1.1 -0.2 0.1
v -0.9 -0.2 0
v -0.8 -0.2 0
v 0.8 -0.2 0
v 0.9 -0.2 0
v -1.1 -0.2 -0.1
v -1 -0.2 -0.1
v 1 -0.2 -0.1
v 1.1 -0.2 -0.1
v -1 -0.2 -0.3
v -0.9 -0.2 -0.3
v -0.8 -0.2 -0.3
v -0.3 -0.2 -0.3
v -0.2 -0.2 -0.3
v 0.2 -0.2 -0.3
v 0.3 -0.2 -0.3
v 0.8 -0.2 -0.3
v 0.9 -0.2 -0.3
v 1 -0.2 -0.3
v -0.3 -0.2 -0.4
v -0.2 -0.2 -0.4
v 0.2 -0.2 -0.4
v 0.3 -0.2 -0.4
v 0.5 -0.2 -0.4
v -1 -0.2 -0.5
v -0.9 -0.2 -0.5
v 0.3 -0.2 -0.5
v 0.5 -0.2 -0.5
v -1 -0.2 -0.7
v -0.9 -0.2 -0.7
v -0.8 -0.2 -0.7
v -0.3 -0.2 -0.7
v 0.3 -0.2 -0.7
v 0.8 -0.2 -0.7
v 0.9 -0.2 -0.7
v -0.9 -0.2 -0.8
v -0.8 -0.2 -0.8
v -0.3 -0.2 -0.8
v 0.3 -0.2 -0.8
v 0.8 -0.2 -0.8
v 0.9 -0.2 -0.8
v -0.8 -0.1 0.2
v -0.7 -0.1 0.2
v 0.7 -0.1 0.2
v 0.8 -0.1 0.2
v -0.8 -0.1 0.1
v -0.7 -0.1 0.1
v 0.7 -0.1 0.1
v 0.8 -0.1 0.1
v -0.3 -0.1 -0.6
v 0.3 -0.1 -0.6
v -0.3 -0.1 -0.7
v 0.3 -0.1 -0.7
v 0.1 0 0.2
v 0.4 0 0.2
v -0.7 0 0.1
v -0.5 0 0.1
v 0.1 0 0.1
v 0.4 0 0.1
v 0.5 0 0.1
v 0.7 0 0.1
v -0.6 0 0
v -0.5 0 0
v 0.5 0 0
v 0.6 0 0
v -0.7 0 -0.1
v -0.6 0 -0.1
v 0.6 0 -0.1
v 0.7 0 -0.1
v -0.7 0 -0.2
v -0.6 0 -0.2
v 0.6 0 -0.2
v 0.7 0 -0.2
v -0.6 0 -0.3
v -0.5 0 -0.3
v 0.5 0 -0.3
v 0.6 0 -0.3
v -1 0 -0.4
v -0.9 0 -0.4
v -0.7 0 -0.4
v -0.5 0 -0.4
v 0.5 0 -0.4
v 0.7 0 -0.4
v 0.9 0 -0.4
v 1 0 -0.4
v -1 0 -0.5
v -0.9 0 -0.5
v 0.9 0 -0.5
v 1 0 -0.5
v -0.5 0.1 0.2
v -0.3 0.1 0.2
v 0 0.1 0.2
v 0.1 0.1 0.2
v 0.4 0.1 0.2
v 0.5 0.1 0.2
v -0.3 0.1 0.1
v 0 0.1 0.1
v 0.1 0.1 0.1
v 0.4 0.1 0.1
v -0.6 0.1 0
v -0.5 0.1 0
v -0.4 0.1 0
v -0.3 0.1 0
v 0.3 0.1 0
v 0.5 0.1 0
v 0.6 0.1 0
v -0.7 0.1 -0.1
v -0.6 0.1 -0.1
v -0.5 0.1 -0.1
v -0.3 0.1 -0.1
v -0.2 0.1 -0.1
v 0.2 0.1 -0.1
v 0.3 0.1 -0.1
v 0.5 0.1 -0.1
v 0.6 0.1 -0.1
v 0.7 0.1 -0.1
v -0.7 0.1 -0.2
v -0.6 0.1 -0.2
v -0.2 0.1 -0.2
v 0.2 0.1 -0.2
v 0.6 0.1 -0.2
v 0.7 0.1 -0.2
v -0.2 0.1 -0.3
v 0.2 0.1 -0.3
v -0.7 0.1 -0.4
v -0.5 0.1 -0.4
v -0.4 0.1 -0.4
v -0.2 0.1 -0.4
v 0.2 0.1 -0.4
v 0.4 0.1 -0.4
v 0.5 0.1 -0.4
v 0.7 0.1 -0.4
v -0.4 0.1 -0.6
v -0.3 0.1 -0.6
v 0.3 0.1 -0.6
v 0.4 0.1 -0.6
v -0.7 0.1 -0.7
v -0.6 0.1 -0.7
v -0.4 0.1 -0.7
v -0.3 0.1 -0.7
v 0.3 0.1 -0.7
v 0.4 0.1 -0.7
v 0.6 0.1 -0.7
v 0.7 0.1 -0.7
v -0.7 0.1 -0.8
v -0.6 0.1 -0.8
v -0.4 0.1 -0.8
v -0.3 0.1 -0.8
v 0.3 0.1 -0.8
v 0.4 0.1 -0.8
v 0.6 0.1 -0.8
v 0.7 0.1 -0.8
v -0.7 0.1 -0.9
v -0.6 0.1 -0.9
v 0.6 0.1 -0.9
v 0.7 0.1 -0.9
v -0.4 0.1 -1
v -0.3 0.1 -1
v 0.3 0.1 -1
v 0.4 0.1 -1
v 0.2 0.2 0.3
v 0.3 0.2 0.3
v 0.2 0.2 0.2
v 0.3 0.2 0.2
v -0.6 0.3 0.4
v -0.5 0.3 0.4
v 0.4 0.3 0.4
v 0.5 0.3 0.4
v 0.6 0.3 0.4
v -0.6 0.3 0.3
v -0.5 0.3 0.3
v 0.4 0.3 0.3
v 0.5 0.3 0.3
v 0.6 0.3 0.3
v -0.7 0.3 -0.7
v -0.6 0.3 -0.7
v 0.6 0.3 -0.7
v 0.7 0.3 -0.7
v -0.7 0.3 -0.8
v -0.6 0.3 -0.8
v -0.5 0.3 -0.8
v -0.4 0.3 -0.8
v 0.4 0.3 -0.8
v 0.5 0.3 -0.8
v 0.6 0.3 -0.8
v 0.7 0.3 -0.8
v -0.5 0.3 -1
v -0.4 0.3 -1
v 0.4 0.3 -1
v 0.5 0.3 -1
v -0.3 0.4 0.2
v -0.2 0.4 0.2
v -0.8 0.4 0.1
v -0.7 0.4 0.1
v -0.3 0.4 0.1
v -0.2 0.4 0.1
v 0.7 0.4 0.1
v 0.8 0.4 0.1
v -0.8 0.4 0
v -0.7 0.4 0
v -0.6 0.4 0
v -0.5 0.4 0
v 0.5 0.4 0
v 0.6 0.4 0
v 0.7 0.4 0
v 0.8 0.4 0
v -0.6 0.4 -0.1
v -0.5 0.4 -0.1
v 0.5 0.4 -0.1
v 0.6 0.4 -0.1
v -0.4 0.4 -0.2
v -0.3 0.4 -0.2
v -0.2 0.4 -0.2
v -0.4 0.4 -0.3
v -0.3 0.4 -0.3
v -0.2 0.4 -0.3
v -0.4 0.4 -0.4
v -0.3 0.4 -0.4
v -0.2 0.4 -0.4
v -0.3 0.4 -0.6
v -0.2 0.4 -0.6
v -0.3 0.4 -0.7
v -0.2 0.4 -0.7
v -0.3 0.4 -0.9
v -0.2 0.4 -0.9
v -0.2 0.5 0.3
v -0.1 0.5 0.3
v 0.2 0.5 0.3
v -0.2 0.5 0.2
v -0.1 0.5 0.2
v 0.1 0.5 0.2
v 0.2 0.5 0.2
v -0.4 0.5 0.1
v -0.3 0.5 0.1
v -0.2 0.5 0.1
v 0.1 0.5 0.1
v 0.2 0.5 0.1
v -1.6 0.5 0
v -1.5 0.5 0
v -0.9 0.5 0
v -0.8 0.5 0
v -0.6 0.5 0
v -0.4 0.5 0
v -0.3 0.5 0
v 0.3 0.5 0
v 0.4 0.5 0
v 0.6 0.5 0
v 0.7 0.5 0
v 0.8 0.5 0
v 0.9 0.5 0
v 1.5 0.5 0
v 1.6 0.5 0
v -1.3 0.5 -0.1
v -1.1 0.5 -0.1
v -1 0.5 -0.1
v -0.9 0.5 -0.1
v -0.8 0.5 -0.1
v -0.6 0.5 -0.1
v 0.3 0.5 -0.1
v 0.4 0.5 -0.1
v 0.6 0.5 -0.1
v 0.7 0.5 -0.1
v 0.8 0.5 -0.1
v 0.9 0.5 -0.1
v 1 0.5 -0.1
v 1.1 0.5 -0.1
v 1.3 0.5 -0.1
v 1.5 0.5 -0.1
v 1.6 0.5 -0.1
v -1.6 0.5 -0.2
v -1.5 0.5 -0.2
v -0.6 0.5 -0.2
v 1.5 0.5 -0.2
v 1.6 0.5 -0.2
v -1.6 0.5 -0.3
v -1.5 0.5 -0.3
v -1.3 0.5 -0.3
v -1.1 0.5 -0.3
v -1 0.5 -0.3
v -0.9 0.5 -0.3
v -0.8 0.5 -0.3
v -0.7 0.5 -0.3
v -0.6 0.5 -0.3
v 0.6 0.5 -0.3
v 0.7 0.5 -0.3
v 0.8 0.5 -0.3
v 0.9 0.5 -0.3
v 1 0.5 -0.3
v 1.1 0.5 -0.3
v 1.3 0.5 -0.3
v -1.6 0.5 -0.4
v -1.5 0.5 -0.4
v -0.9 0.5 -0.4
v -0.8 0.5 -0.4
v -0.7 0.5 -0.4
v 0.7 0.5 -0.4
v 0.8 0.5 -0.4
v 0.9 0.5 -0.4
v 1.5 0.5 -0.4
v 1.6 0.5 -0.4
v -0.6 0.5 -0.6
v -0.5 0.5 -0.6
v -0.4 0.5 -0.6
v -0.3 0.5 -0.6
v 0.5 0.5 -0.6
v 0.6 0.5 -0.6
v -0.6 0.5 -0.7
v -0.5 0.5 -0.7
v -0.4 0.5 -0.7
v -0.3 0.5 -0.7
v 0.4 0.5 -0.7
v 0.5 0.5 -0.7
v 0.6 0.5 -0.7
v -0.5 0.5 -0.8
v -0.4 0.5 -0.8
v 0.4 0.5 -0.8
v 0.5 0.5 -0.8
v -0.4 0.5 -0.9
v -0.3 0.5 -0.9
v -0.3 0.6 0.3
v -0.2 0.6 0.3
v -0.4 0.6 0.2
v -0.3 0.6 0.2
v -0.2 0.6 0.2
v -0.4 0.6 0.1
v -0.2 0.6 0.1
v -1.5 0.6 0
v -1.4 0.6 0
v -1.2 0.6 0
v -1.1 0.6 0
v -0.9 0.6 0
v 0.9 0.6 0
v 1 0.6 0
v 1.1 0.6 0
v 1.2 0.6 0
v 1.4 0.6 0
v 1.5 0.6 0
v -1.5 0.6 -0.1
v -1.4 0.6 -0.1
v -1.3 0.6 -0.1
v -1.2 0.6 -0.1
v -1.1 0.6 -0.1
v -1 0.6 -0.1
v -0.9 0.6 -0.1
v 0.9 0.6 -0.1
v 1 0.6 -0.1
v 1.1 0.6 -0.1
v 1.2 0.6 -0.1
v 1.3 0.6 -0.1
v 1.4 0.6 -0.1
v 1.5 0.6 -0.1
v -1.5 0.6 -0.2
v 1.5 0.6 -0.2
v -1.5 0.6 -0.3
v -1.4 0.6 -0.3
v -1.3 0.6 -0.3
v -1.2 0.6 -0.3
v -1.1 0.6 -0.3
v -1 0.6 -0.3
v -0.9 0.6 -0.3
v 0.9 0.6 -0.3
v 1 0.6 -0.3
v 1.1 0.6 -0.3
v 1.2 0.6 -0.3
v 1.3 0.6 -0.3
v 1.4 0.6 -0.3
v 1.5 0.6 -0.3
v -1.5 0.6 -0.4
v -1.4 0.6 -0.4
v -1.2 0.6 -0.4
v -1.1 0.6 -0.4
v -0.9 0.6 -0.4
v -0.5 0.6 -0.4
v 0.5 0.6 -0.4
v 0.9 0.6 -0.4
v 1.1 0.6 -0.4
v 1.2 0.6 -0.4
v 1.4 0.6 -0.4
v 1.5 0.6 -0.4
v -0.6 0.6 -0.5
v -0.5 0.6 -0.5
v 0.5 0.6 -0.5
v 0.6 0.6 -0.5
v -0.6 0.6 -0.6
v -0.5 0.6 -0.6
v -0.4 0.6 -0.6
v -0.3 0.6 -0.6
v 0.1 0.6 -0.6
v 0.5 0.6 -0.6
v 0.6 0.6 -0.6
v -0.6 0.6 -0.7
v -0.5 0.6 -0.7
v 0.5 0.6 -0.7
v 0.6 0.6 -0.7
v -0.6 0.6 -0.8
v -0.5 0.6 -0.8
v -0.3 0.6 -0.8
v -0.2 0.6 -0.8
v 0.2 0.6 -0.8
v 0.3 0.6 -0.8
v 0.5 0.6 -0.8
v 0.6 0.6 -0.8
v -0.3 0.6 -0.9
v -0.2 0.6 -0.9
v 0.2 0.6 -0.9
v 0.3 0.6 -0.9
v -0.8 0.7 0.2
v -0.7 0.7 0.2
v 0.2 0.7 0.2
v 0.3 0.7 0.2
v 0.7 0.7 0.2
v 0.8 0.7 0.2
v 0.2 0.7 0.1
v 0.3 0.7 0.1
v -0.8 0.7 0
v -0.7 0.7 0
v 0.7 0.7 0
v 0.8 0.7 0
v -0.6 0.7 -0.4
v -0.5 0.7 -0.4
v 0.5 0.7 -0.4
v 0.6 0.7 -0.4
v -0.6 0.7 -0.5
v -0.5 0.7 -0.5
v 0.5 0.7 -0.5
v 0.6 0.7 -0.5
v -0.5 0.8 0.2
v -0.4 0.8 0.2
v 0.3 0.8 0.2
v 0.4 0.8 0.2
v 0.5 0.8 0.2
v -0.5 0.8 0.1
v -0.4 0.8 0.1
v 0.2 0.8 0.1
v 0.3 0.8 0.1
v 0.4 0.8 0.1
v 0.5 0.8 0.1
v 0.2 0.8 0
v 0.3 0.8 0
v 0.4 0.8 0
v 0.5 0.8 0
v 0.3 0.8 -0.1
v 0.4 0.8 -0.1
v 0.3 0.8 -0.2
v 0.4 0.8 -0.2
v -1 0.8 -0.4
v -0.9 0.8 -0.4
v -0.6 0.8 -0.4
v 0.6 0.8 -0.4
v 0.9 0.8 -0.4
v 1 0.8 -0.4
v -1 0.8 -0.6
v -0.7 0.8 -0.6
v -0.6 0.8 -0.6
v 0.6 0.8 -0.6
v 0.7 0.8 -0.6
v 0.9 0.8 -0.6
v 1 0.8 -0.6
v -0.3 1 0
v -0.2 1 0
v 0.2 1 0
v 0.3 1 0
v -0.3 1 -0.1
v -0.2 1 -0.1
v 0.2 1 -0.1
v 0.3 1 -0.1
v -0.2 1 -0.4
v -0.1 1 -0.4
v 0 1 -0.4
v 0.2 1 -0.4
v -0.5 1 -0.5
v -0.4 1 -0.5
v -0.2 1 -0.5
v -0.1 1 -0.5
v 0 1 -0.5
v 0.1 1 -0.5
v 0.2 1 -0.5
v -0.5 1 -0.8
v -0.4 1 -0.8
v -0.3 1.1 0.3
v -0.1 1.1 0.3
v 0.1 1.1 0.3
v 0.3 1.1 0.3
v -0.4 1.1 0.2
v -0.3 1.1 0.2
v -0.1 1.1 0.2
v 0.1 1.1 0.2
v 0.3 1.1 0.2
v 0.4 1.1 0.2
v -0.2 1.1 0.1
v -0.1 1.1 0.1
v 0.1 1.1 0.1
v 0.2 1.1 0.1
v -0.7 1.1 0
v -0.4 1.1 0
v -0.3 1.1 0
v -0.2 1.1 0
v 0.2 1.1 0
v 0.3 1.1 0
v 0.4 1.1 0
v -0.4 1.1 -0.1
v -0.3 1.1 -0.1
v 0.3 1.1 -0.1
v 0.4 1.1 -0.1
v -0.6 1.1 -0.2
v -0.5 1.1 -0.2
v -0.4 1.1 -0.2
v -0.7 1.1 -0.3
v -0.6 1.1 -0.3
v -0.5 1.1 -0.3
v -0.7 1.1 -0.4
v -0.6 1.1 -0.4
v -0.7 1.1 -0.5
v -0.6 1.1 -0.5
v -0.5 1.1 -0.5
v -0.4 1.1 -0.5
v -0.3 1.1 -0.5
v 0 1.1 -0.5
v 0.1 1.1 -0.5
v 0.2 1.1 -0.5
v 0.3 1.1 -0.5
v 0.4 1.1 -0.5
v -0.7 1.1 -0.6
v -0.6 1.1 -0.6
v -0.4 1.1 -0.6
v -0.3 1.1 -0.6
v 0.1 1.1 -0.6
v 0.3 1.1 -0.6
v 0.4 1.1 -0.6
v 0.5 1.1 -0.6
v -0.7 1.1 -0.7
v -0.6 1.1 -0.7
v -0.3 1.1 -0.7
v -0.2 1.1 -0.7
v -0.1 1.1 -0.7
v 0.1 1.1 -0.7
v 0.3 1.1 -0.7
v 0.4 1.1 -0.7
v 0.5 1.1 -0.7
v 0.6 1.1 -0.7
v -0.7 1.1 -0.8
v -0.6 1.1 -0.8
v -0.3 1.1 -0.8
v -0.2 1.1 -0.8
v -0.1 1.1 -0.8
v 0 1.1 -0.8
v 0.1 1.1 -0.8
v 0.3 1.1 -0.8
v 0.4 1.1 -0.8
v 0.5 1.1 -0.8
v 0.5 1.1 -0.9
v 0.6 1.1 -0.9
v 0 1.1 -1
v 0.3 1.1 -1
v -0.6 1.2 0.2
v -0.4 1.2 0.2
v 0.4 1.2 0.2
v 0.6 1.2 0.2
v -0.6 1.2 0
v -0.4 1.2 0
v 0.4 1.2 0
v 0.4 1.2 -0.1
v 0.6 1.2 -0.1
v 0.7 1.2 -0.1
v 0.6 1.2 -0.4
v 0.7 1.2 -0.4
v -0.6 1.2 -0.5
v -0.5 1.2 -0.5
v 0.6 1.2 -0.5
v 0.8 1.2 -0.5
v -0.6 1.2 -0.6
v -0.5 1.2 -0.6
v -0.4 1.2 -0.6
v -0.3 1.2 -0.6
v 0.4 1.2 -0.6
v 0.5 1.2 -0.6
v 0.6 1.2 -0.6
v 0.7 1.2 -0.6
v 0.8 1.2 -0.6
v -0.6 1.2 -0.7
v -0.5 1.2 -0.7
v -0.4 1.2 -0.7
v -0.3 1.2 -0.7
v 0.1 1.2 -0.7
v 0.3 1.2 -0.7
v 0.4 1.2 -0.7
v 0.5 1.2 -0.7
v 0.6 1.2 -0.7
v 0.7 1.2 -0.7
v 0.1 1.2 -0.8
v 0.3 1.2 -0.8
v 0.4 1.2 -0.8
v 0.5 1.2 -0.8
v 0.3 1.2 -0.9
v 0.5 1.2 -0.9
v -0.4 1.3 0.3
v -0.3 1.3 0.3
v 0.3 1.3 0.3
v 0.4 1.3 0.3
v -0.4 1.3 0.2
v -0.3 1.3 0.2
v 0.3 1.3 0.2
v 0.4 1.3 0.2
v -0.7 1.3 0.1
v -0.6 1.3 0.1
v 0.6 1.3 0.1
v 0.7 1.3 0.1
v -0.7 1.3 0
v -0.6 1.3 0
v 0.6 1.3 0
v 0.7 1.3 0
v 0.6 1.3 -0.1
v 0.7 1.3 -0.1
v 0.7 1.3 -0.2
v 0.8 1.3 -0.2
v -0.8 1.3 -0.3
v -0.7 1.3 -0.3
v 0.8 1.3 -0.3
v 0.9 1.3 -0.3
v 0.6 1.3 -0.4
v 0.7 1.3 -0.4
v 0.9 1.3 -0.4
v 1 1.3 -0.4
v -0.8 1.3 -0.5
v -0.7 1.3 -0.5
v 0.6 1.3 -0.5
v 0.8 1.3 -0.5
v 0.9 1.3 -0.5
v 1 1.3 -0.5
v 0.8 1.3 -0.6
v 0.9 1.3 -0.6
v -0.4 1.3 -0.7
v -0.3 1.3 -0.7
v -0.1 1.3 -0.7
v 0 1.3 -0.7
v 0.6 1.3 -0.7
v 0.7 1.3 -0.7
v 0.8 1.3 -0.7
v 0.9 1.3 -0.7
v -0.4 1.3 -0.8
v -0.3 1.3 -0.8
v -0.1 1.3 -0.8
v 0 1.3 -0.8
v 0.6 1.3 -0.8
v 0.7 1.3 -0.8
v 0.2 1.3 -1
v 0.3 1.3 -1
v 0.2 1.3 -1.1
v 0.3 1.3 -1.1
v 0.3 1.4 -0.9
v 0.4 1.4 -0.9
v 0.5 1.4 -0.9
v 0.3 1.4 -1
v 0.4 1.4 -1
v 0.4 1.4 -1.1
v 0.5 1.4 -1.1
v 0.7 1.5 0.1
v 0.9 1.5 0.1
v 0.7 1.5 0
v 0.9 1.5 0
v -0.8 1.5 -0.1
v -0.7 1.5 -0.1
v 0.7 1.5 -0.1
v 0.8 1.5 -0.1
v -0.9 1.5 -0.2
v -0.8 1.5 -0.2
v -0.7 1.5 -0.2
v 0.7 1.5 -0.2
v 0.8 1.5 -0.2
v 0.7 1.5 -0.3
v 0.8 1.5 -0.3
v 0.9 1.5 -0.3
v -0.9 1.5 -0.4
v -0.8 1.5 -0.4
v -0.7 1.5 -0.4
v 0.7 1.5 -0.4
v 0.8 1.5 -0.4
v 0.9 1.5 -0.4
v -0.8 1.5 -0.5
v -0.7 1.5 -0.5
v 0.7 1.6 0
v 0.8 1.6 0
v 0.9 1.6 0
v 0.7 1.6 -0.1
v 0.8 1.6 -0.1
v 0.9 1.6 -0.1
v 0.8 1.6 -0.2
v 0.9 1.6 -0.2
v -1 1.6 -0.4
v -0.9 1.6 -0.4
v -0.8 1.6 -0.4
v -1 1.6 -0.5
v -0.8 1.6 -0.5
v -0.7 1.6 -0.5
v -0.8 1.6 -0.6
v -0.7 1.6 -0.6
v 0.5 1.9 0.3
v 0.6 1.9 0.3
v 0.5 1.9 0.2
v 0.6 1.9 0.2
v 0.7 1.9 0.2
v 0.6 1.9 0.1
v 0.7 1.9 0.1
v -0.3 2 0.6
v 0.3 2 0.6
v -0.5 2 0.5
v -0.3 2 0.5
v 0.3 2 0.5
v 0.5 2 0.5
v -0.6 2 0.4
v -0.5 2 0.4
v -0.3 2 0.4
v 0.3 2 0.4
v 0.5 2 0.4
v 0.6 2 0.4
v -0.7 2 0.3
v -0.6 2 0.3
v -0.5 2 0.3
v -0.3 2 0.3
v -0.2 2 0.3
v 0.2 2 0.3
v 0.3 2 0.3
v 0.5 2 0.3
v 0.6 2 0.3
v 0.7 2 0.3
v -0.8 2 0.2
v -0.7 2 0.2
v -0.6 2 0.2
v -0.5 2 0.2
v -0.4 2 0.2
v -0.3 2 0.2
v 0.3 2 0.2
v 0.5 2 0.2
v 0.6 2 0.2
v 0.7 2 0.2
v 0.8 2 0.2
v -0.9 2 0.1
v -0.8 2 0.1
v -0.7 2 0.1
v -0.5 2 0.1
v 0.7 2 0.1
v 0.8 2 0.1
v 0.9 2 0.1
v -1 2 0
v -0.9 2 0
v -0.8 2 0
v 0.7 2 0
v 0.8 2 0
v 0.9 2 0
v 1 2 0
v -1 2 -0.4
v -0.9 2 -0.4
v -0.8 2 -0.4
v 0.8 2 -0.4
v 0.9 2 -0.4
v 1 2 -0.4
v -0.9 2 -0.5
v -0.8 2 -0.5
v -0.7 2 -0.5
v 0.7 2 -0.5
v 0.8 2 -0.5
v 0.9 2 -0.5
v -0.8 2 -0.6
v -0.7 2 -0.6
v -0.6 2 -0.6
v -0.5 2 -0.6
v 0.5 2 -0.6
v 0.6 2 -0.6
v 0.7 2 -0.6
v 0.8 2 -0.6
v -0.7 2 -0.7
v -0.6 2 -0.7
v -0.5 2 -0.7
v -0.4 2 -0.7
v -0.3 2 -0.7
v 0.3 2 -0.7
v 0.5 2 -0.7
v 0.6 2 -0.7
v 0.7 2 -0.7
v -0.6 2 -0.8
v -0.5 2 -0.8
v -0.3 2 -0.8
v -0.2 2 -0.8
v 0 2 -0.8
v 0.1 2 -0.8
v 0.2 2 -0.8
v 0.3 2 -0.8
v 0.5 2 -0.8
v 0.6 2 -0.8
v -0.5 2 -0.9
v -0.3 2 -0.9
v -0.2 2 -0.9
v 0.2 2 -0.9
v 0.3 2 -0.9
v 0.5 2 -0.9
v -0.3 2 -1
v 0.3 2 -1
v -0.6 2.2 0.3
v -0.3 2.2 0.3
v 0.3 2.2 0.3
v 0.6 2.2 0.3
v -0.5 2.2 0.2
v -0.3 2.2 0.2
v 0.3 2.2 0.2
v 0.5 2.2 0.2
v -0.6 2.2 0.1
v -0.5 2.2 0.1
v 0.5 2.2 0.1
v 0.6 2.2 0.1
v -0.7 2.2 -0.4
v -0.6 2.2 -0.4
v 0.6 2.2 -0.4
v 0.7 2.2 -0.4
v -0.7 2.2 -0.5
v -0.6 2.2 -0.5
v -0.5 2.2 -0.5
v 0.5 2.2 -0.5
v 0.6 2.2 -0.5
v 0.7 2.2 -0.5
v -0.6 2.2 -0.6
v -0.5 2.2 -0.6
v -0.3 2.2 -0.6
v 0.3 2.2 -0.6
v 0.5 2.2 -0.6
v 0.6 2.2 -0.6
v -0.5 2.2 -0.7
v -0.3 2.2 -0.7
v 0.3 2.2 -0.7
v 0.5 2.2 -0.7
v -0.2 2.8 -0.5
v 0.1 2.8 -0.5
v -0.2 2.8 -0.6
v 0.1 2.8 -0.6
v -0.1 2.9 -0.6
v 0.1 2.9 -0.6
v -0.1 2.9 -0.7
v 0.1 2.9 -0.7
v -0.1 3 -0.7
v 0.1 3 -0.7
v -0.1 3 -0.9
v 0.1 3 -0.9
v -0.6 -0.6 0.2
v -0.2 -0.6 0.2
v 0.2 -0.6 0.2
v 0.6 -0.6 0.2
v -0.6 -0.6 0
v -0.2 -0.6 0
v 0.2 -0.6 0
v 0.6 -0.6 0
v -0.9 -0.5 -0.7
v -0.8 -0.5 -0.7
v 0.8 -0.5 -0.7
v 0.9 -0.5 -0.7
v -0.9 -0.5 -0.8
v -0.8 -0.5 -0.8
v 0.8 -0.5 -0.8
v 0.9 -0.5 -0.8
v -0.6 -0.4 0
v -0.5 -0.4 0
v -0.3 -0.4 0
v -0.2 -0.4 0
v 0.2 -0.4 0
v 0.3 -0.4 0
v 0.5 -0.4 0
v 0.6 -0.4 0
v -0.6 -0.4 -0.1
v -0.5 -0.4 -0.1
v -0.3 -0.4 -0.1
v -0.2 -0.4 -0.1
v 0.2 -0.4 -0.1
v 0.3 -0.4 -0.1
v 0.5 -0.4 -0.1
v 0.6 -0.4 -0.1
v -0.6 -0.4 -0.3
v -0.5 -0.4 -0.3
v -0.3 -0.4 -0.3
v -0.2 -0.4 -0.3
v 0.2 -0.4 -0.3
v 0.3 -0.4 -0.3
v 0.5 -0.4 -0.3
v 0.6 -0.4 -0.3
v -0.6 -0.4 -0.4
v -0.5 -0.4 -0.4
v -0.3 -0.4 -0.4
v -0.2 -0.4 -0.4
v 0.2 -0.4 -0.4
v 0.3 -0.4 -0.4
v 0.5 -0.4 -0.4
v 0.6 -0.4 -0.4
v -1 -0.4 -0.5
v -0.9 -0.4 -0.5
v -0.9 -0.4 -0.6
v -0.8 -0.4 -0.6
v -1 -0.4 -0.7
v -0.8 -0.4 -0.7
v -0.7 -0.4 -0.7
v -0.8 -0.4 -0.8
v -0.7 -0.4 -0.8
v 0.7 -0.3 -0.9
v 0.8 -0.3 -0.9
v 0.7 -0.3 -1
v 0.8 -0.3 -1
v -0.2 -0.3 -1.1
v 0 -0.3 -1.1
v -0.2 -0.3 -1.2
v 0 -0.3 -1.2
v -0.8 -0.2 0.2
v -0.7 -0.2 0.2
v 0.7 -0.2 0.2
v 0.8 -0.2 0.2
v -0.8 -0.2 0.1
v -0.7 -0.2 0.1
v 0.7 -0.2 0.1
v 0.8 -0.2 0.1
v 1 -0.2 -0.5
v 1.1 -0.2 -0.5
v 1 -0.2 -0.6
v 1.1 -0.2 -0.6
v -0.7 -0.2 -1
v -0.6 -0.2 -1
v 0.6 -0.2 -1
v 0.7 -0.2 -1
v 0.8 -0.2 -1
v -0.7 -0.2 -1.1
v -0.6 -0.2 -1.1
v 0 -0.2 -1.1
v 0.1 -0.2 -1.1
v 0.6 -0.2 -1.1
v 0.8 -0.2 -1.1
v 0 -0.2 -1.2
v 0.1 -0.2 -1.2
v -1.1 -0.1 0.1
v -0.9 -0.1 0.1
v 0.9 -0.1 0.1
v 1.1 -0.1 0.1
v -1 -0.1 0
v -0.9 -0.1 0
v 0.9 -0.1 0
v 1 -0.1 0
v -1.1 -0.1 -0.1
v -1 -0.1 -0.1
v 1 -0.1 -0.1
v 1.1 -0.1 -0.1
v -1 -0.1 -0.2
v -0.9 -0.1 -0.2
v 0.9 -0.1 -0.2
v 1 -0.1 -0.2
v -1 -0.1 -0.3
v -0.9 -0.1 -0.3
v 0.9 -0.1 -0.3
v 1 -0.1 -0.3
v 0.3 -0.1 -0.4
v 0.5 -0.1 -0.4
v -1 -0.1 -0.5
v -0.9 -0.1 -0.5
v 0.3 -0.1 -0.5
v 0.5 -0.1 -0.5
v 0.9 -0.1 -0.5
v 1 -0.1 -0.5
v -0.7 -0.1 -0.6
v -0.6 -0.1 -0.6
v 0.6 -0.1 -0.6
v 0.7 -0.1 -0.6
v -1 -0.1 -0.7
v -0.9 -0.1 -0.7
v -0.7 -0.1 -0.7
v -0.6 -0.1 -0.7
v 0.6 -0.1 -0.7
v 0.7 -0.1 -0.7
v 0.9 -0.1 -0.7
v 1 -0.1 -0.7
v -0.6 -0.1 -1
v -0.5 -0.1 -1
v 0.5 -0.1 -1
v 0.6 -0.1 -1
v -0.6 -0.1 -1.1
v -0.5 -0.1 -1.1
v 0.5 -0.1 -1.1
v 0.6 -0.1 -1.1
v -0.8 0 0.3
v -0.7 0 0.3
v 0.7 0 0.3
v 0.8 0 0.3
v -0.8 0 0.2
v -0.7 0 0.2
v 0.7 0 0.2
v 0.8 0 0.2
v -1 0 0
v -0.8 0 0
v 0.8 0 0
v 1 0 0
v -0.9 0 -0.1
v -0.8 0 -0.1
v 0.8 0 -0.1
v 0.9 0 -0.1
v -1 0 -0.2
v -0.9 0 -0.2
v 0.9 0 -0.2
v 1 0 -0.2
v -0.7 0 -0.8
v -0.6 0 -0.8
v -0.4 0 -0.8
v -0.3 0 -0.8
v 0.3 0 -0.8
v 0.4 0 -0.8
v 0.6 0 -0.8
v 0.7 0 -0.8
v -0.7 0 -1
v -0.6 0 -1
v -0.5 0 -1
v -0.4 0 -1
v -0.3 0 -1
v -0.2 0 -1
v 0 0 -1
v 0.3 0 -1
v 0.4 0 -1
v 0.5 0 -1
v 0.6 0 -1
v 0.7 0 -1
v -0.5 0 -1.1
v -0.4 0 -1.1
v -0.3 0 -1.1
v 0.5 0 -1.1
v -0.3 0.1 0.3
v -0.2 0.1 0.3
v 0.2 0.1 0.3
v 0.3 0.1 0.3
v -0.8 0.1 0.2
v -0.7 0.1 0.2
v -0.2 0.1 0.2
v 0.2 0.1 0.2
v 0.3 0.1 0.2
v 0.7 0.1 0.2
v 0.8 0.1 0.2
v -0.8 0.1 0.1
v -0.7 0.1 0.1
v -0.3 0.1 0.1
v -0.2 0.1 0.1
v 0.7 0.1 0.1
v 0.8 0.1 0.1
v -1 0.1 -0.4
v -0.9 0.1 -0.4
v 0.9 0.1 -0.4
v 1 0.1 -0.4
v -1 0.1 -0.5
v -0.9 0.1 -0.5
v 0.9 0.1 -0.5
v 1 0.1 -0.5
v -0.7 0.2 0.3
v -0.6 0.2 0.3
v -0.4 0.2 0.3
v -0.3 0.2 0.3
v 0.1 0.2 0.3
v 0.2 0.2 0.3
v 0.6 0.2 0.3
v 0.7 0.2 0.3
v -0.7 0.2 0.2
v -0.6 0.2 0.2
v -0.4 0.2 0.2
v 0.2 0.2 0.2
v 0.6 0.2 0.2
v 0.7 0.2 0.2
v -0.8 0.2 0.1
v -0.7 0.2 0.1
v -0.4 0.2 0.1
v -0.3 0.2 0.1
v 0.1 0.2 0.1
v 0.2 0.2 0.1
v 0.7 0.2 0.1
v 0.8 0.2 0.1
v -0.8 0.2 0
v -0.7 0.2 0
v 0.7 0.2 0
v 0.8 0.2 0
v -0.9 0.2 -0.1
v -0.8 0.2 -0.1
v 0.8 0.2 -0.1
v 0.9 0.2 -0.1
v -0.9 0.2 -0.2
v -0.8 0.2 -0.2
v 0.8 0.2 -0.2
v 0.9 0.2 -0.2
v -0.9 0.2 -0.4
v -0.8 0.2 -0.4
v 0.8 0.2 -0.4
v 0.9 0.2 -0.4
v -0.8 0.2 -0.7
v -0.7 0.2 -0.7
v -0.6 0.2 -0.7
v 0.6 0.2 -0.7
v 0.7 0.2 -0.7
v 0.8 0.2 -0.7
v -0.9 0.2 -0.8
v -0.7 0.2 -0.8
v -0.6 0.2 -0.8
v -0.4 0.2 -0.8
v 0.4 0.2 -0.8
v 0.6 0.2 -0.8
v 0.7 0.2 -0.8
v 0.9 0.2 -0.8
v -0.7 0.2 -0.9
v -0.6 0.2 -0.9
v 0.6 0.2 -0.9
v 0.7 0.2 -0.9
v -0.6 0.2 -1
v -0.4 0.2 -1
v 0.4 0.2 -1
v 0.6 0.2 -1
v -0.5 0.3 0.3
v -0.4 0.3 0.3
v -0.5 0.3 0.2
v -0.4 0.3 0.2
v -0.6 0.3 0
v -0.5 0.3 0
v 0.5 0.3 0
v 0.6 0.3 0
v -0.6 0.3 -0.1
v -0.5 0.3 -0.1
v 0.5 0.3 -0.1
v 0.6 0.3 -0.1
v -0.9 0.3 -0.2
v -0.8 0.3 -0.2
v -0.4 0.3 -0.2
v -0.2 0.3 -0.2
v 0.8 0.3 -0.2
v 0.9 0.3 -0.2
v -0.8 0.3 -0.3
v -0.7 0.3 -0.3
v -0.4 0.3 -0.3
v -0.2 0.3 -0.3
v 0.7 0.3 -0.3
v 0.8 0.3 -0.3
v -0.9 0.3 -0.4
v -0.8 0.3 -0.4
v -0.7 0.3 -0.4
v -0.4 0.3 -0.4
v -0.2 0.3 -0.4
v 0.7 0.3 -0.4
v 0.8 0.3 -0.4
v 0.9 0.3 -0.4
v -0.4 0.3 -0.6
v -0.2 0.3 -0.6
v -0.6 0.3 -0.7
v -0.5 0.3 -0.7
v -0.2 0.3 -0.7
v 0.5 0.3 -0.7
v 0.6 0.3 -0.7
v -0.6 0.3 -0.8
v -0.5 0.3 -0.8
v 0.5 0.3 -0.8
v 0.6 0.3 -0.8
v -0.4 0.3 -1
v -0.2 0.3 -1
v -0.6 0.4 0.4
v -0.5 0.4 0.4
v 0.4 0.4 0.4
v 0.5 0.4 0.4
v 0.6 0.4 0.4
v -0.2 0.4 0.3
v -0.1 0.4 0.3
v 0 0.4 0.3
v 0.1 0.4 0.3
v 0.2 0.4 0.3
v 0.4 0.4 0.3
v 0.5 0.4 0.3
v 0.6 0.4 0.3
v -0.6 0.4 0.2
v -0.5 0.4 0.2
v -0.2 0.4 0.2
v -0.1 0.4 0.2
v 0 0.4 0.2
v 0.1 0.4 0.2
v 0.2 0.4 0.2
v 0.3 0.4 0.2
v 0.4 0.4 0.2
v 0.6 0.4 0.2
v -0.4 0.4 0.1
v -0.3 0.4 0.1
v -0.2 0.4 0.1
v 0.1 0.4 0.1
v 0.3 0.4 0.1
v 0.4 0.4 0.1
v -0.8 0.4 0
v -0.7 0.4 0
v -0.6 0.4 0
v -0.4 0.4 0
v -0.3 0.4 0
v 0.3 0.4 0
v 0.4 0.4 0
v 0.6 0.4 0
v 0.8 0.4 0
v -0.8 0.4 -0.1
v -0.7 0.4 -0.1
v -0.6 0.4 -0.1
v 0.3 0.4 -0.1
v 0.4 0.4 -0.1
v 0.6 0.4 -0.1
v -0.6 0.4 -0.2
v -0.8 0.4 -0.3
v -0.7 0.4 -0.3
v -0.6 0.4 -0.3
v 0.6 0.4 -0.3
v 0.7 0.4 -0.3
v 0.8 0.4 -0.3
v -0.8 0.4 -0.4
v -0.7 0.4 -0.4
v -0.6 0.4 -0.4
v -0.4 0.4 -0.4
v 0.4 0.4 -0.4
v 0.6 0.4 -0.4
v 0.7 0.4 -0.4
v 0.8 0.4 -0.4
v -0.5 0.4 -0.6
v -0.4 0.4 -0.6
v 0.4 0.4 -0.6
v 0.5 0.4 -0.6
v -0.8 0.4 -0.7
v -0.7 0.4 -0.7
v -0.6 0.4 -0.7
v -0.5 0.4 -0.7
v -0.4 0.4 -0.7
v 0.4 0.4 -0.7
v 0.5 0.4 -0.7
v 0.6 0.4 -0.7
v 0.7 0.4 -0.7
v 0.8 0.4 -0.7
v -0.5 0.4 -1
v -0.4 0.4 -1
v 0.4 0.4 -1
v 0.5 0.4 -1
v -0.3 0.5 0.2
v -0.2 0.5 0.2
v 0.2 0.5 0.2
v 0.3 0.5 0.2
v -0.8 0.5 0.1
v -0.7 0.5 0.1
v -0.3 0.5 0.1
v -0.2 0.5 0.1
v 0.2 0.5 0.1
v 0.3 0.5 0.1
v 0.7 0.5 0.1
v 0.8 0.5 0.1
v -0.8 0.5 0
v -0.7 0.5 0
v 0.2 0.5 0
v 0.3 0.5 0
v 0.7 0.5 0
v 0.8 0.5 0
v -0.3 0.5 -0.8
v -0.2 0.5 -0.8
v 0.2 0.5 -0.8
v 0.3 0.5 -0.8
v -0.3 0.5 -0.9
v -0.2 0.5 -0.9
v 0.3 0.5 -0.9
v 0.4 0.5 -0.9
v 0.2 0.5 -1
v 0.4 0.5 -1
v -0.1 0.6 0.3
v 0.1 0.6 0.3
v -0.1 0.6 0.2
v 0.1 0.6 0.2
v 0.3 0.6 0
v 0.4 0.6 0
v 0.3 0.6 -0.1
v 0.4 0.6 -0.1
v -0.2 0.6 -0.9
v 0.1 0.6 -0.9
v 0.2 0.6 -0.9
v -0.2 0.6 -1
v 0.2 0.6 -1
v -0.3 0.7 0.3
v -0.1 0.7 0.3
v 0.1 0.7 0.3
v 0.2 0.7 0.3
v -0.5 0.7 0.2
v -0.4 0.7 0.2
v -0.3 0.7 0.2
v -0.1 0.7 0.2
v 0.1 0.7 0.2
v 0.2 0.7 0.2
v 0.4 0.7 0.2
v 0.5 0.7 0.2
v -0.5 0.7 0.1
v -0.4 0.7 0.1
v 0.4 0.7 0.1
v 0.5 0.7 0.1
v 0.4 0.7 0
v 0.5 0.7 0
v 0.3 0.7 -0.1
v 0.4 0.7 -0.1
v 0.3 0.7 -0.2
v 0.4 0.7 -0.2
v -0.7 0.7 -0.4
v -0.6 0.7 -0.4
v 0.6 0.7 -0.4
v 0.7 0.7 -0.4
v -0.7 0.7 -0.6
v -0.6 0.7 -0.6
v 0.6 0.7 -0.6
v 0.7 0.7 -0.6
v -0.7 0.7 -0.7
v -0.6 0.7 -0.7
v -0.4 0.7 -0.7
v -0.3 0.7 -0.7
v 0.3 0.7 -0.7
v 0.5 0.7 -0.7
v 0.6 0.7 -0.7
v 0.7 0.7 -0.7
v -0.7 0.7 -0.8
v -0.4 0.7 -0.8
v -0.3 0.7 -0.8
v 0.4 0.7 -0.8
v 0.7 0.7 -0.8
v -0.4 0.7 -0.9
v -0.3 0.7 -0.9
v 0.3 0.7 -0.9
v 0.4 0.7 -0.9
v -0.7 0.8 0.2
v -0.5 0.8 0.2
v -0.2 0.8 0.2
v 0.1 0.8 0.2
v 0.2 0.8 0.2
v 0.5 0.8 0.2
v 0.6 0.8 0.2
v 0.7 0.8 0.2
v -0.7 0.8 0.1
v -0.6 0.8 0.1
v -0.5 0.8 0.1
v -0.2 0.8 0.1
v -0.1 0.8 0.1
v 0.1 0.8 0.1
v 0.2 0.8 0.1
v 0.5 0.8 0.1
v 0.6 0.8 0.1
v 0.7 0.8 0.1
v -1.6 0.8 0
v -1.5 0.8 0
v -1.4 0.8 0
v -1.3 0.8 0
v -1.2 0.8 0
v -1.1 0.8 0
v -1 0.8 0
v 1 0.8 0
v 1.1 0.8 0
v 1.2 0.8 0
v 1.4 0.8 0
v 1.5 0.8 0
v 1.6 0.8 0
v -1.6 0.8 -0.1
v -1.5 0.8 -0.1
v -1.4 0.8 -0.1
v -1.3 0.8 -0.1
v -1.2 0.8 -0.1
v -1.1 0.8 -0.1
v -1 0.8 -0.1
v 1 0.8 -0.1
v 1.1 0.8 -0.1
v 1.2 0.8 -0.1
v 1.4 0.8 -0.1
v 1.5 0.8 -0.1
v 1.6 0.8 -0.1
v -1.5 0.8 -0.2
v 1.5 0.8 -0.2
v -1.6 0.8 -0.3
v -1.5 0.8 -0.3
v -1.4 0.8 -0.3
v -1.2 0.8 -0.3
v -1.1 0.8 -0.3
v -1 0.8 -0.3
v 1 0.8 -0.3
v 1.1 0.8 -0.3
v 1.2 0.8 -0.3
v 1.4 0.8 -0.3
v 1.5 0.8 -0.3
v -1.6 0.8 -0.4
v -1.5 0.8 -0.4
v -1.4 0.8 -0.4
v -1.2 0.8 -0.4
v -1.1 0.8 -0.4
v -1 0.8 -0.4
v 1 0.8 -0.4
v 1.1 0.8 -0.4
v 1.2 0.8 -0.4
v 1.4 0.8 -0.4
v 1.5 0.8 -0.4
v 1.6 0.8 -0.4
v -0.7 0.8 -0.6
v -0.6 0.8 -0.6
v -0.4 0.8 -0.6
v -0.3 0.8 -0.6
v 0.3 0.8 -0.6
v 0.5 0.8 -0.6
v 0.6 0.8 -0.6
v 0.7 0.8 -0.6
v -0.7 0.8 -0.7
v -0.6 0.8 -0.7
v -0.4 0.8 -0.7
v -0.3 0.8 -0.7
v 0.3 0.8 -0.7
v 0.5 0.8 -0.7
v 0.6 0.8 -0.7
v 0.7 0.8 -0.7
v -0.8 0.9 0.2
v -0.7 0.9 0.2
v -0.5 0.9 0.2
v -0.4 0.9 0.2
v -0.2 0.9 0.2
v 0.2 0.9 0.2
v 0.3 0.9 0.2
v 0.4 0.9 0.2
v 0.5 0.9 0.2
v 0.7 0.9 0.2
v 0.8 0.9 0.2
v -0.8 0.9 0.1
v -0.7 0.9 0.1
v -0.5 0.9 0.1
v -0.4 0.9 0.1
v -0.3 0.9 0.1
v -0.2 0.9 0.1
v 0.2 0.9 0.1
v 0.3 0.9 0.1
v 0.4 0.9 0.1
v 0.5 0.9 0.1
v 0.7 0.9 0.1
v 0.8 0.9 0.1
v -1 0.9 0
v -0.8 0.9 0
v -0.7 0.9 0
v -0.6 0.9 0
v 0.6 0.9 0
v 0.7 0.9 0
v 0.8 0.9 0
v 1 0.9 0
v -1.5 0.9 -0.1
v -1.2 0.9 -0.1
v -1.1 0.9 -0.1
v -1 0.9 -0.1
v -0.9 0.9 -0.1
v -0.8 0.9 -0.1
v -0.7 0.9 -0.1
v -0.6 0.9 -0.1
v -0.3 0.9 -0.1
v -0.2 0.9 -0.1
v 0.2 0.9 -0.1
v 0.3 0.9 -0.1
v 0.6 0.9 -0.1
v 0.7 0.9 -0.1
v 0.8 0.9 -0.1
v 0.9 0.9 -0.1
v 1 0.9 -0.1
v 1.1 0.9 -0.1
v 1.2 0.9 -0.1
v 1.4 0.9 -0.1
v 1.5 0.9 -0.1
v -1.5 0.9 -0.2
v -1.4 0.9 -0.2
v 1.4 0.9 -0.2
v 1.5 0.9 -0.2
v -1.5 0.9 -0.3
v -1.4 0.9 -0.3
v -1.2 0.9 -0.3
v -1.1 0.9 -0.3
v -1 0.9 -0.3
v -0.9 0.9 -0.3
v 0.9 0.9 -0.3
v 1 0.9 -0.3
v 1.1 0.9 -0.3
v 1.2 0.9 -0.3
v 1.5 0.9 -0.3
v -0.2 0.9 -0.4
v -0.1 0.9 -0.4
v 0 0.9 -0.4
v 0.2 0.9 -0.4
v -1 0.9 -0.5
v -0.6 0.9 -0.5
v -0.4 0.9 -0.5
v -0.3 0.9 -0.5
v -0.1 0.9 -0.5
v 0 0.9 -0.5
v 0.1 0.9 -0.5
v 0.2 0.9 -0.5
v 0.3 0.9 -0.5
v 0.9 0.9 -0.5
v 1 0.9 -0.5
v -1 0.9 -0.6
v -0.6 0.9 -0.6
v -0.4 0.9 -0.6
v -0.3 0.9 -0.6
v -0.2 0.9 -0.6
v 0.1 0.9 -0.6
v 0.2 0.9 -0.6
v 0.3 0.9 -0.6
v 0.9 0.9 -0.6
v 1 0.9 -0.6
v -0.2 0.9 -0.8
v 0.1 0.9 -0.8
v -0.3 0.9 -0.9
v -0.2 0.9 -0.9
v 0.1 0.9 -0.9
v 0.3 0.9 -0.9
v -0.8 1 0.1
v -0.3 1 0.1
v 0.3 1 0.1
v 0.8 1 0.1
v -0.7 1 0
v -0.6 1 0
v -0.3 1 0
v 0.3 1 0
v 0.6 1 0
v 0.7 1 0
v -0.9 1 -0.1
v -0.8 1 -0.1
v -0.7 1 -0.1
v -0.6 1 -0.1
v -0.4 1 -0.1
v -0.3 1 -0.1
v 0.3 1 -0.1
v 0.4 1 -0.1
v 0.6 1 -0.1
v 0.7 1 -0.1
v 0.8 1 -0.1
v 0.9 1 -0.1
v -0.6 1 -0.2
v -0.5 1 -0.2
v -0.4 1 -0.2
v 0.4 1 -0.2
v 0.5 1 -0.2
v -1 1 -0.3
v -0.9 1 -0.3
v -0.7 1 -0.3
v -0.6 1 -0.3
v -0.5 1 -0.3
v 0.4 1 -0.3
v 0.5 1 -0.3
v 0.9 1 -0.3
v 1 1 -0.3
v -0.7 1 -0.4
v -0.6 1 -0.4
v -1 1 -0.5
v -0.5 1 -0.5
v -0.3 1 -0.5
v -0.2 1 -0.5
v 0.1 1 -0.5
v 0.2 1 -0.5
v 0.3 1 -0.5
v 0.4 1 -0.5
v 1 1 -0.5
v -0.3 1 -0.6
v -0.2 1 -0.6
v 0.1 1 -0.6
v 0.2 1 -0.6
v 0.3 1 -0.6
v 0.4 1.1 -0.2
v 0.5 1.1 -0.2
v 0.4 1.1 -0.3
v 0.5 1.1 -0.3
v -0.1 1.2 -0.7
v 0 1.2 -0.7
v -0.1 1.2 -0.8
v 0 1.2 -0.8
v 0 1.2 -0.9
v 0.1 1.2 -0.9
v 0 1.2 -1
v 0.1 1.2 -1
v -0.7 1.3 -0.7
v -0.6 1.3 -0.7
v -0.5 1.3 -0.7
v -0.4 1.3 -0.7
v -0.7 1.3 -0.8
v -0.6 1.3 -0.8
v -0.5 1.3 -0.8
v -0.4 1.3 -0.8
v 0.7 1.4 -0.2
v 0.8 1.4 -0.2
v -0.8 1.4 -0.3
v -0.7 1.4 -0.3
v 0.8 1.4 -0.3
v 0.9 1.4 -0.3
v 0.7 1.4 -0.4
v 0.8 1.4 -0.4
v 0.9 1.4 -0.4
v 1 1.4 -0.4
v -0.8 1.4 -0.5
v -0.7 1.4 -0.5
v 0.8 1.4 -0.5
v 0.9 1.4 -0.5
v 1 1.4 -0.5
v -0.7 1.4 -0.6
v -0.6 1.4 -0.6
v 0.8 1.4 -0.6
v 0.9 1.4 -0.6
v -0.7 1.4 -0.7
v -0.6 1.4 -0.7
v 0.8 1.4 -0.7
v 0.9 1.4 -0.7
v 0.5 1.4 -0.8
v 0.6 1.4 -0.8
v 0.5 1.4 -0.9
v 0.6 1.4 -0.9
v 0.2 1.4 -1
v 0.3 1.4 -1
v 0.2 1.4 -1.1
v 0.3 1.4 -1.1
v 0.4 1.5 -0.7
v 0.5 1.5 -0.7
v 0.6 1.5 -0.7
v 0.1 1.5 -0.8
v 0.4 1.5 -0.8
v 0.5 1.5 -0.8
v 0.6 1.5 -0.8
v 0.1 1.5 -0.9
v 0.4 1.5 -0.9
v 0.5 1.5 -0.9
v 0.1 1.5 -1
v 0.4 1.5 -1
v 0.8 1.6 0.1
v 0.9 1.6 0.1
v 0.8 1.6 0
v 0.9 1.6 0
v 0.8 1.6 -0.3
v 0.9 1.6 -0.3
v 0.7 1.6 -0.4
v 0.8 1.6 -0.4
v 0.9 1.6 -0.4
v 0.7 1.6 -0.5
v 0.7 1.6 -0.6
v 0.8 1.6 -0.6
v 0 1.6 -0.8
v 0.1 1.6 -0.8
v 0 1.6 -0.9
v 0.1 1.6 -0.9
v 0.4 1.6 -0.9
v 0.5 1.6 -0.9
v 0.4 1.6 -1.1
v 0.5 1.6 -1.1
v 0.7 1.7 0
v 0.8 1.7 0
v 0.9 1.7 0
v 0.7 1.7 -0.1
v 0.8 1.7 -0.1
v 0.9 1.7 -0.1
v -0.9 1.7 -0.2
v -0.8 1.7 -0.2
v 0.7 1.7 -0.2
v 0.8 1.7 -0.2
v 0.9 1.7 -0.2
v 0.7 1.7 -0.3
v -1 1.7 -0.4
v -0.9 1.7 -0.4
v 0.7 1.7 -0.4
v 0.8 1.7 -0.4
v -1 1.7 -0.5
v -0.8 1.7 -0.5
v 0.6 1.7 -0.6
v 0.7 1.7 -0.6
v 0.6 1.7 -0.7
v 0.6 1.7 -0.8
v 0.7 1.7 -0.8
v -0.4 1.8 0.3
v -0.3 1.8 0.3
v 0.3 1.8 0.3
v 0.4 1.8 0.3
v -0.4 1.8 0.2
v -0.3 1.8 0.2
v 0.3 1.8 0.2
v 0.4 1.8 0.2
v 0.7 1.8 0.1
v 0.8 1.8 0.1
v 0.7 1.8 0
v 0.8 1.8 0
v -0.8 1.8 -0.1
v -0.7 1.8 -0.1
v -0.7 1.8 -0.3
v -0.7 1.8 -0.4
v -0.8 1.8 -0.6
v -0.7 1.8 -0.6
v -0.4 1.8 -0.7
v -0.3 1.8 -0.7
v 0.3 1.8 -0.7
v 0.4 1.8 -0.7
v -0.4 1.8 -0.8
v -0.3 1.8 -0.8
v 0.3 1.8 -0.8
v 0.4 1.8 -0.8
v -0.6 1.9 0.2
v -0.5 1.9 0.2
v -0.6 1.9 0.1
v -0.5 1.9 0.1
v -0.6 1.9 -0.6
v -0.5 1.9 -0.6
v 0.5 1.9 -0.6
v 0.6 1.9 -0.6
v -0.6 1.9 -0.7
v -0.5 1.9 -0.7
v 0.5 1.9 -0.7
v 0.6 1.9 -0.7
v -0.3 2.1 0.6
v 0.3 2.1 0.6
v -0.5 2.1 0.5
v -0.3 2.1 0.5
v 0.3 2.1 0.5
v 0.5 2.1 0.5
v -0.6 2.1 0.4
v -0.5 2.1 0.4
v -0.3 2.1 0.4
v -0.2 2.1 0.4
v 0.2 2.1 0.4
v 0.3 2.1 0.4
v 0.5 2.1 0.4
v 0.6 2.1 0.4
v -0.7 2.1 0.3
v -0.6 2.1 0.3
v -0.5 2.1 0.3
v -0.3 2.1 0.3
v -0.2 2.1 0.3
v 0.2 2.1 0.3
v 0.3 2.1 0.3
v 0.5 2.1 0.3
v 0.6 2.1 0.3
v 0.7 2.1 0.3
v -0.8 2.1 0.2
v -0.7 2.1 0.2
v -0.6 2.1 0.2
v -0.5 2.1 0.2
v -0.3 2.1 0.2
v 0.3 2.1 0.2
v 0.5 2.1 0.2
v 0.6 2.1 0.2
v 0.7 2.1 0.2
v 0.8 2.1 0.2
v -0.9 2.1 0.1
v -0.8 2.1 0.1
v -0.7 2.1 0.1
v -0.6 2.1 0.1
v -0.5 2.1 0.1
v 0.5 2.1 0.1
v 0.6 2.1 0.1
v 0.7 2.1 0.1
v 0.8 2.1 0.1
v 0.9 2.1 0.1
v -1 2.1 0
v -0.9 2.1 0
v -0.8 2.1 0
v -0.6 2.1 0
v 0.6 2.1 0
v 0.8 2.1 0
v 0.9 2.1 0
v 1 2.1 0
v -1 2.1 -0.4
v -0.9 2.1 -0.4
v -0.8 2.1 -0.4
v -0.6 2.1 -0.4
v 0.6 2.1 -0.4
v 0.8 2.1 -0.4
v 0.9 2.1 -0.4
v 1 2.1 -0.4
v -0.9 2.1 -0.5
v -0.8 2.1 -0.5
v -0.6 2.1 -0.5
v -0.5 2.1 -0.5
v 0.5 2.1 -0.5
v 0.6 2.1 -0.5
v 0.8 2.1 -0.5
v 0.9 2.1 -0.5
v -0.8 2.1 -0.6
v -0.7 2.1 -0.6
v -0.5 2.1 -0.6
v -0.3 2.1 -0.6
v 0.3 2.1 -0.6
v 0.5 2.1 -0.6
v 0.7 2.1 -0.6
v 0.8 2.1 -0.6
v -0.7 2.1 -0.7
v -0.6 2.1 -0.7
v -0.5 2.1 -0.7
v -0.3 2.1 -0.7
v -0.2 2.1 -0.7
v 0.2 2.1 -0.7
v 0.3 2.1 -0.7
v 0.5 2.1 -0.7
v 0.6 2.1 -0.7
v 0.7 2.1 -0.7
v -0.6 2.1 -0.8
v -0.5 2.1 -0.8
v -0.2 2.1 -0.8
v 0.2 2.1 -0.8
v 0.5 2.1 -0.8
v 0.6 2.1 -0.8
v -0.5 2.1 -0.9
v -0.3 2.1 -0.9
v -0.2 2.1 -0.9
v 0.2 2.1 -0.9
v 0.3 2.1 -0.9
v 0.5 2.1 -0.9
v -0.3 2.1 -1
v 0.3 2.1 -1
v -0.2 2.2 0.4
v 0.2 2.2 0.4
v -0.2 2.2 0.3
v 0 2.2 0.3
v 0.1 2.2 0.3
v 0.2 2.2 0.3
v -0.8 2.2 0
v -0.7 2.2 0
v 0.7 2.2 0
v 0.8 2.2 0
v -0.8 2.2 -0.4
v -0.7 2.2 -0.4
v 0.7 2.2 -0.4
v 0.8 2.2 -0.4
v -0.2 2.2 -0.7
v 0.2 2.2 -0.7
v -0.2 2.2 -0.8
v 0.2 2.2 -0.8
v -0.6 2.3 0.3
v -0.5 2.3 0.3
v 0.5 2.3 0.3
v 0.6 2.3 0.3
v -0.6 2.3 0.1
v -0.5 2.3 0.1
v 0.5 2.3 0.1
v 0.6 2.3 0.1
v -0.7 2.3 0
v -0.6 2.3 0
v 0.6 2.3 0
v 0.7 2.3 0
v -0.7 2.3 -0.5
v -0.6 2.3 -0.5
v -0.5 2.3 -0.5
v 0.5 2.3 -0.5
v 0.6 2.3 -0.5
v 0.7 2.3 -0.5
v -0.6 2.3 -0.6
v -0.5 2.3 -0.6
v 0.5 2.3 -0.6
v 0.6 2.3 -0.6
v -0.5 2.3 -0.7
v 0.5 2.3 -0.7
v -0.5 2.4 0.3
v -0.2 2.4 0.3
v 0.2 2.4 0.3
v 0.5 2.4 0.3
v -0.3 2.4 0.2
v -0.2 2.4 0.2
v 0.2 2.4 0.2
v 0.3 2.4 0.2
v -0.6 2.4 0.1
v -0.5 2.4 0.1
v -0.3 2.4 0.1
v 0.3 2.4 0.1
v 0.5 2.4 0.1
v 0.6 2.4 0.1
v -0.6 2.4 -0.5
v -0.5 2.4 -0.5
v -0.3 2.4 -0.5
v 0.3 2.4 -0.5
v 0.5 2.4 -0.5
v 0.6 2.4 -0.5
v -0.5 2.4 -0.6
v -0.3 2.4 -0.6
v 0.3 2.4 -0.6
v 0.5 2.4 -0.6
v -0.2 2.5 0.3
v -0.1 2.5 0.3
v 0.1 2.5 0.3
v 0.2 2.5 0.3
v -0.3 2.5 0.2
v -0.2 2.5 0.2
v -0.1 2.5 0.2
v 0.1 2.5 0.2
v 0.2 2.5 0.2
v 0.3 2.5 0.2
v -0.5 2.5 0.1
v -0.3 2.5 0.1
v -0.2 2.5 0.1
v 0.2 2.5 0.1
v 0.3 2.5 0.1
v 0.5 2.5 0.1
v -0.4 2.5 0
v -0.2 2.5 0
v 0.2 2.5 0
v 0.4 2.5 0
v -0.5 2.5 -0.1
v -0.4 2.5 -0.1
v 0.4 2.5 -0.1
v 0.5 2.5 -0.1
v -0.5 2.5 -0.3
v -0.4 2.5 -0.3
v 0.4 2.5 -0.3
v 0.5 2.5 -0.3
v -0.5 2.5 -0.5
v -0.4 2.5 -0.5
v -0.3 2.5 -0.5
v -0.2 2.5 -0.5
v 0.2 2.5 -0.5
v 0.3 2.5 -0.5
v 0.4 2.5 -0.5
v 0.5 2.5 -0.5
v -0.3 2.5 -0.6
v -0.2 2.5 -0.6
v 0.2 2.5 -0.6
v 0.3 2.5 -0.6
v -0.2 2.6 0.1
v 0.2 2.6 0.1
v -0.4 2.6 0
v -0.2 2.6 0
v -0.1 2.6 0
v 0 2.6 0
v 0.1 2.6 0
v 0.2 2.6 0
v 0.4 2.6 0
v -0.5 2.6 -0.1
v -0.4 2.6 -0.1
v -0.3 2.6 -0.1
v -0.2 2.6 -0.1
v 0.2 2.6 -0.1
v 0.3 2.6 -0.1
v 0.4 2.6 -0.1
v 0.5 2.6 -0.1
v -0.4 2.6 -0.2
v -0.3 2.6 -0.2
v 0.3 2.6 -0.2
v 0.4 2.6 -0.2
v -0.5 2.6 -0.3
v -0.4 2.6 -0.3
v 0.4 2.6 -0.3
v 0.5 2.6 -0.3
v -0.4 2.6 -0.4
v -0.3 2.6 -0.4
v 0.3 2.6 -0.4
v 0.4 2.6 -0.4
v -0.4 2.6 -0.5
v -0.3 2.6 -0.5
v 0.3 2.6 -0.5
v 0.4 2.6 -0.5
v -0.2 2.7 0
v -0.1 2.7 0
v 0 2.7 0
v 0.1 2.7 0
v 0.2 2.7 0
v -0.3 2.7 -0.1
v -0.2 2.7 -0.1
v -0.1 2.7 -0.1
v 0 2.7 -0.1
v 0.1 2.7 -0.1
v 0.2 2.7 -0.1
v -0.4 2.7 -0.2
v -0.3 2.7 -0.2
v -0.2 2.7 -0.2
v 0.3 2.7 -0.2
v 0.4 2.7 -0.2
v -0.3 2.7 -0.3
v -0.4 2.7 -0.4
v -0.3 2.7 -0.4
v -0.2 2.7 -0.4
v 0.3 2.7 -0.4
v 0.4 2.7 -0.4
v -0.3 2.7 -0.5
v -0.2 2.7 -0.5
v 0.2 2.7 -0.5
v -0.2 2.7 -0.6
v 0.2 2.7 -0.6
v -0.2 2.8 -0.1
v -0.1 2.8 -0.1
v 0.1 2.8 -0.1
v 0.3 2.8 -0.1
v -0.3 2.8 -0.2
v -0.2 2.8 -0.2
v -0.1 2.8 -0.2
v 0.1 2.8 -0.2
v 0.2 2.8 -0.2
v -0.3 2.8 -0.3
v -0.2 2.8 -0.3
v -0.3 2.8 -0.4
v -0.2 2.8 -0.4
v -0.1 2.8 -0.4
v 0.1 2.8 -0.4
v 0.2 2.8 -0.4
v -0.2 2.8 -0.5
v -0.1 2.8 -0.5
v 0.1 2.8 -0.5
v 0.3 2.8 -0.5
v -0.1 2.9 -0.1
v 0 2.9 -0.1
v 0.1 2.9 -0.1
v -0.2 2.9 -0.2
v -0.1 2.9 -0.2
v 0 2.9 -0.2
v 0.1 2.9 -0.2
v 0.2 2.9 -0.2
v -0.2 2.9 -0.3
v -0.1 2.9 -0.3
v 0.1 2.9 -0.3
v 0.2 2.9 -0.3
v -0.2 2.9 -0.5
v -0.1 2.9 -0.5
v -0.2 2.9 -0.6
v -0.1 2.9 -0.6
v -0.1 3 -0.2
v 0 3 -0.2
v 0.1 3 -0.2
v -0.2 3 -0.3
v -0.1 3 -0.3
v 0.1 3 -0.3
v 0.2 3 -0.3
v -0.2 3 -0.4
v -0.1 3 -0.4
v 0 3 -0.4
v 0.1 3 -0.4
v 0.2 3 -0.4
v -0.1 3.1 -0.4
v 0.1 3.1 -0.4
v -0.1 3.1 -0.9
v 0.1 3.1 -0.9

# faces
f 5/17/1 2/17/1 1/17/1
f 6/17/1 2/17/1 5/17/1
f 7/11/1 3/11/1 2/11/1
f 7/17/1 2/17/1 6/17/1
f 8/17/1 4/17/1 3/17/1
f 8/11/1 3/11/1 7/11/1
f 9/17/1 4/17/1 8/17/1
f 10/18/1 6/18/1 5/18/1
f 11/11/1 7/11/1 6/11/1
f 11/18/1 6/18/1 10/18/1
f 12/18/1 8/18/1 7/18/1
f 12/11/1 7/11/1 11/11/1
f 12/18/1 9/18/1 8/18/1
f 13/18/1 9/18/1 12/18/1
f 14/18/1 9/18/1 13/18/1
f 15/11/1 11/11/1 10/11/1
f 16/18/1 12/18/1 11/18/1
f 16/11/1 11/11/1 15/11/1
f 16/18/1 13/18/1 12/18/1
f 17/11/1 14/11/1 13/11/1
f 17/18/1 13/18/1 16/18/1
f 18/11/1 14/11/1 17/11/1
f 22/11/1 20/11/1 19/11/1
f 23/5/1 21/5/1 20/5/1
f 23/11/1 20/11/1 22/11/1
f 24/5/1 21/5/1 23/5/1
f 27/11/1 26/11/1 25/11/1
f 28/11/1 26/11/1 27/11/1
f 31/6/1 30/6/1 29/6/1
f 32/6/1 30/6/1 31/6/1
f 37/11/1 34/11/1 33/11/1
f 38/11/1 34/11/1 37/11/1
f 39/5/1 38/5/1 37/5/1
f 40/5/1 38/5/1 39/5/1
f 41/17/1 36/17/1 35/17/1
f 42/17/1 36/17/1 41/17/1
f 43/11/1 41/11/1 40/11/1
f 44/11/1 41/11/1 43/11/1
f 47/6/1 46/6/1 45/6/1
f 49/6/1 47/6/1 45/6/1
f 49/6/1 48/6/1 47/6/1
f 50/6/1 48/6/1 49/6/1
f 56/6/1 52/6/1 51/6/1
f 57/6/1 52/6/1 56/6/1
f 58/6/1 52/6/1 57/6/1
f 59/6/1 54/6/1 53/6/1
f 60/6/1 54/6/1 59/6/1
f 61/6/1 56/6/1 55/6/1
f 61/6/1 57/6/1 56/6/1
f 62/6/1 57/6/1 61/6/1
f 65/6/1 64/6/1 63/6/1
f 66/6/1 64/6/1 65/6/1
f 69/11/1 68/11/1 67/11/1
f 70/11/1 68/11/1 69/11/1
f 76/11/1 72/11/1 71/11/1
f 77/11/1 72/11/1 76/11/1
f 78/11/1 74/11/1 73/11/1
f 79/6/1 75/6/1 74/6/1
f 79/11/1 74/11/1 78/11/1
f 80/6/1 75/6/1 79/6/1
f 81/6/1 75/6/1 80/6/1
f 82/6/1 79/6/1 78/6/1
f 82/6/1 80/6/1 79/6/1
f 83/6/1 80/6/1 82/6/1
f 86/9/1 85/9/1 84/9/1
f 87/9/1 85/9/1 86/9/1
f 90/1/1 89/1/1 88/1/1
f 91/1/1 89/1/1 90/1/1
f 94/6/1 93/6/1 92/6/1
f 95/6/1 93/6/1 94/6/1
f 96/6/1 93/6/1 95/6/1
f 100/6/1 98/6/1 97/6/1
f 101/6/1 98/6/1 100/6/1
f 103/6/1 100/6/1 99/6/1
f 103/6/1 102/6/1 101/6/1
f 103/6/1 101/6/1 100/6/1
f 104/6/1 102/6/1 103/6/1
f 105/6/1 102/6/1 104/6/1
f 108/6/1 104/6/1 103/6/1
f 109/6/1 104/6/1 108/6/1
f 110/6/1 106/6/1 105/6/1
f 112/6/1 109/6/1 108/6/1
f 112/6/1 110/6/1 109/6/1
f 112/6/1 108/6/1 107/6/1
f 113/6/1 110/6/1 112/6/1
f 114/6/1 110/6/1 113/6/1
f 115/6/1 112/6/1 111/6/1
f 115/6/1 113/6/1 112/6/1
f 116/6/1 113/6/1 115/6/1
f 117/6/1 113/6/1 116/6/1
f 118/6/1 110/6/1 114/6/1
f 119/6/1 115/6/1 111/6/1
f 120/1/1 116/1/1 115/1/1
f 120/6/1 115/6/1 119/6/1
f 121/6/1 117/6/1 116/6/1
f 121/1/1 116/1/1 120/1/1
f 121/6/1 118/6/1 117/6/1
f 122/6/1 118/6/1 121/6/1
f 123/6/1 106/6/1 110/6/1
f 123/6/1 118/6/1 122/6/1
f 123/6/1 110/6/1 118/6/1
f 124/6/1 122/6/1 121/6/1
f 124/6/1 121/6/1 120/6/1
f 125/6/1 122/6/1 124/6/1
f 130/11/1 127/11/1 126/11/1
f 131/11/1 127/11/1 130/11/1
f 132/17/1 129/17/1 128/17/1
f 133/17/1 129/17/1 132/17/1
f 136/6/1 135/6/1 134/6/1
f 137/6/1 135/6/1 136/6/1
f 140/9/1 139/9/1 138/9/1
f 141/9/1 140/9/1 138/9/1
f 142/9/1 140/9/1 141/9/1
f 147/1/1 144/1/1 143/1/1
f 148/1/1 144/1/1 147/1/1
f 149/1/1 146/1/1 145/1/1
f 150/1/1 146/1/1 149/1/1
f 156/6/1 152/6/1 151/6/1
f 157/6/1 152/6/1 156/6/1
f 159/6/1 154/6/1 153/6/1
f 160/6/1 154/6/1 159/6/1
f 161/6/1 158/6/1 157/6/1
f 161/6/1 156/6/1 155/6/1
f 161/6/1 157/6/1 156/6/1
f 162/6/1 158/6/1 161/6/1
f 166/6/1 161/6/1 155/6/1
f 167/6/1 161/6/1 166/6/1
f 168/6/1 161/6/1 167/6/1
f 169/6/1 161/6/1 168/6/1
f 170/6/1 164/6/1 163/6/1
f 171/6/1 164/6/1 170/6/1
f 172/6/1 166/6/1 165/6/1
f 173/6/1 166/6/1 172/6/1
f 174/6/1 168/6/1 167/6/1
f 175/1/1 173/1/1 172/1/1
f 176/6/1 174/6/1 173/6/1
f 176/1/1 173/1/1 175/1/1
f 177/6/1 168/6/1 174/6/1
f 177/6/1 174/6/1 176/6/1
f 179/6/1 178/6/1 177/6/1
f 179/6/1 177/6/1 176/6/1
f 180/6/1 178/6/1 179/6/1
f 181/6/1 178/6/1 180/6/1
f 182/6/1 178/6/1 181/6/1
f 183/6/1 178/6/1 182/6/1
f 187/6/1 183/6/1 182/6/1
f 187/6/1 184/6/1 183/6/1
f 188/6/1 184/6/1 187/6/1
f 189/6/1 184/6/1 188/6/1
f 191/6/1 186/6/1 185/6/1
f 193/1/1 188/1/1 187/1/1
f 194/6/1 190/6/1 189/6/1
f 194/6/1 189/6/1 188/6/1
f 194/1/1 188/1/1 193/1/1
f 195/6/1 190/6/1 194/6/1
f 196/6/1 186/6/1 191/6/1
f 197/6/1 186/6/1 196/6/1
f 198/6/1 193/6/1 192/6/1
f 199/6/1 193/6/1 198/6/1
f 202/6/1 201/6/1 200/6/1
f 203/6/1 201/6/1 202/6/1
f 204/6/1 201/6/1 203/6/1
f 206/6/1 204/6/1 203/6/1
f 206/6/1 205/6/1 204/6/1
f 207/6/1 205/6/1 206/6/1
f 210/9/1 209/9/1 208/9/1
f 211/9/1 209/9/1 210/9/1
f 216/11/1 213/11/1 212/11/1
f 217/11/1 213/11/1 216/11/1
f 218/9/1 215/9/1 214/9/1
f 219/9/1 215/9/1 218/9/1
f 221/18/1 217/18/1 216/18/1
f 222/18/1 217/18/1 221/18/1
f 223/9/1 220/9/1 219/9/1
f 224/9/1 222/9/1 221/9/1
f 224/9/1 223/9/1 222/9/1
f 225/9/1 220/9/1 223/9/1
f 225/9/1 223/9/1 224/9/1
f 230/1/1 227/1/1 226/1/1
f 231/1/1 227/1/1 230/1/1
f 234/1/1 229/1/1 228/1/1
f 235/1/1 229/1/1 234/1/1
f 236/6/1 233/6/1 232/6/1
f 237/6/1 233/6/1 236/6/1
f 242/6/1 239/6/1 238/6/1
f 245/6/1 241/6/1 240/6/1
f 245/6/1 242/6/1 241/6/1
f 246/6/1 242/6/1 245/6/1
f 247/6/1 244/6/1 243/6/1
f 248/6/1 244/6/1 247/6/1
f 250/6/1 242/6/1 246/6/1
f 250/6/1 239/6/1 242/6/1
f 251/6/1 239/6/1 250/6/1
f 252/6/1 249/6/1 248/6/1
f 253/6/1 249/6/1 252/6/1
f 256/6/1 250/6/1 246/6/1
f 257/6/1 250/6/1 256/6/1
f 258/6/1 255/6/1 254/6/1
f 262/6/1 258/6/1 254/6/1
f 262/6/1 259/6/1 258/6/1
f 263/6/1 259/6/1 262/6/1
f 264/6/1 259/6/1 263/6/1
f 266/6/1 261/6/1 260/6/1
f 267/6/1 261/6/1 266/6/1
f 268/6/1 265/6/1 264/6/1
f 268/6/1 264/6/1 263/6/1
f 273/6/1 268/6/1 263/6/1
f 274/6/1 268/6/1 273/6/1
f 275/6/1 270/6/1 269/6/1
f 276/6/1 270/6/1 275/6/1
f 277/6/1 272/6/1 271/6/1
f 278/6/1 273/6/1 263/6/1
f 280/6/1 276/6/1 275/6/1
f 280/6/1 277/6/1 276/6/1
f 281/6/1 277/6/1 280/6/1
f 282/6/1 279/6/1 278/6/1
f 283/6/1 277/6/1 281/6/1
f 284/6/1 282/6/1 278/6/1
f 284/6/1 278/6/1 263/6/1
f 285/6/1 282/6/1 284/6/1
f 286/6/1 277/6/1 283/6/1
f 287/6/1 277/6/1 286/6/1
f 288/6/1 272/6/1 277/6/1
f 288/6/1 277/6/1 287/6/1
f 289/6/1 272/6/1 288/6/1
f 290/6/1 288/6/1 287/6/1
f 291/6/1 288/6/1 290/6/1
f 295/9/1 293/9/1 292/9/1
f 296/9/1 293/9/1 295/9/1
f 301/9/1 299/9/1 298/9/1
f 301/4/1 300/4/1 299/4/1
f 302/4/1 300/4/1 301/4/1
f 304/9/1 295/9/1 294/9/1
f 304/9/1 296/9/1 295/9/1
f 304/9/1 297/9/1 296/9/1
f 305/9/1 297/9/1 304/9/1
f 306/9/1 297/9/1 305/9/1
f 307/4/1 298/4/1 297/4/1
f 307/9/1 297/9/1 306/9/1
f 308/9/1 302/9/1 301/9/1
f 308/9/1 301/9/1 298/9/1
f 309/9/1 302/9/1 308/9/1
f 310/11/1 304/11/1 303/11/1
f 310/11/1 305/11/1 304/11/1
f 311/11/1 305/11/1 310/11/1
f 312/9/1 306/9/1 305/9/1
f 312/11/1 305/11/1 311/11/1
f 313/9/1 306/9/1 312/9/1
f 314/4/1 298/4/1 307/4/1
f 315/9/1 308/9/1 298/9/1
f 315/4/1 298/4/1 314/4/1
f 316/9/1 308/9/1 315/9/1
f 317/9/1 311/9/1 310/9/1
f 317/5/1 312/5/1 311/5/1
f 318/9/1 313/9/1 312/9/1
f 318/5/1 312/5/1 317/5/1
f 318/9/1 314/9/1 313/9/1
f 318/9/1 315/9/1 314/9/1
f 319/9/1 315/9/1 318/9/1
f 320/9/1 315/9/1 319/9/1
f 321/9/1 315/9/1 320/9/1
f 322/9/1 317/9/1 310/9/1
f 323/11/1 318/11/1 317/11/1
f 323/9/1 317/9/1 322/9/1
f 324/11/1 318/11/1 323/11/1
f 325/9/1 315/9/1 321/9/1
f 326/9/1 315/9/1 325/9/1
f 327/2/1 323/2/1 322/2/1
f 328/9/1 324/9/1 323/9/1
f 328/2/1 323/2/1 327/2/1
f 329/9/1 324/9/1 328/9/1
f 330/4/1 328/4/1 327/4/1
f 331/9/1 329/9/1 328/9/1
f 331/4/1 328/4/1 330/4/1
f 332/9/1 329/9/1 331/9/1
f 336/2/1 332/2/1 331/2/1
f 336/9/1 331/9/1 330/9/1
f 336/2/1 333/2/1 332/2/1
f 337/4/1 334/4/1 333/4/1
f 337/2/1 333/2/1 336/2/1
f 338/9/1 335/9/1 334/9/1
f 338/4/1 334/4/1 337/4/1
f 341/9/1 337/9/1 336/9/1
f 341/9/1 336/9/1 330/9/1
f 341/9/1 338/9/1 337/9/1
f 342/9/1 335/9/1 338/9/1
f 342/9/1 338/9/1 341/9/1
f 343/9/1 335/9/1 342/9/1
f 345/1/1 340/1/1 339/1/1
f 346/1/1 340/1/1 345/1/1
f 347/1/1 344/1/1 343/1/1
f 348/1/1 344/1/1 347/1/1
f 352/6/1 350/6/1 349/6/1
f 352/6/1 351/6/1 350/6/1
f 353/6/1 351/6/1 352/6/1
f 356/14/1 355/14/1 354/14/1
f 357/14/1 355/14/1 356/14/1
f 358/21/1 357/21/1 356/21/1
f 359/21/1 357/21/1 358/21/1
f 360/21/1 357/21/1 359/21/1
f 361/21/1 357/21/1 360/21/1
f 362/7/1 361/7/1 360/7/1
f 363/7/1 361/7/1 362/7/1
f 364/7/1 361/7/1 363/7/1
f 365/7/1 361/7/1 364/7/1
f 368/6/1 367/6/1 366/6/1
f 369/6/1 367/6/1 368/6/1
f 370/7/1 364/7/1 363/7/1
f 371/7/1 364/7/1 370/7/1
f 372/7/1 364/7/1 371/7/1
f 375/7/1 371/7/1 370/7/1
f 376/7/1 371/7/1 375/7/1
f 377/6/1 374/6/1 373/6/1
f 378/6/1 374/6/1 377/6/1
f 383/6/1 374/6/1 378/6/1
f 384/6/1 374/6/1 383/6/1
f 386/6/1 380/6/1 379/6/1
f 387/1/1 382/1/1 381/1/1
f 388/1/1 382/1/1 387/1/1
f 389/6/1 386/6/1 385/6/1
f 390/6/1 380/6/1 386/6/1
f 390/6/1 386/6/1 389/6/1
f 395/3/1 392/3/1 391/3/1
f 396/6/1 393/6/1 392/6/1
f 396/3/1 392/3/1 395/3/1
f 397/3/1 394/3/1 393/3/1
f 397/6/1 393/6/1 396/6/1
f 398/3/1 394/3/1 397/3/1
f 401/1/1 400/1/1 399/1/1
f 402/1/1 400/1/1 401/1/1
f 405/6/1 404/6/1 403/6/1
f 406/6/1 404/6/1 405/6/1
f 409/9/1 408/9/1 407/9/1
f 410/9/1 408/9/1 409/9/1
f 413/11/1 412/11/1 411/11/1
f 414/11/1 412/11/1 413/11/1
f 415/11/1 412/11/1 414/11/1
f 416/18/1 414/18/1 413/18/1
f 419/18/1 416/18/1 413/18/1
f 420/9/1 418/9/1 417/9/1
f 421/9/1 418/9/1 420/9/1
f 422/18/1 419/18/1 413/18/1
f 423/18/1 419/18/1 422/18/1
f 424/2/1 421/2/1 420/2/1
f 425/2/1 421/2/1 424/2/1
f 426/2/1 423/2/1 422/2/1
f 427/2/1 423/2/1 426/2/1
f 428/9/1 425/9/1 424/9/1
f 429/9/1 425/9/1 428/9/1
f 430/4/1 427/4/1 426/4/1
f 431/4/1 427/4/1 430/4/1
f 432/2/1 429/2/1 428/2/1
f 433/2/1 429/2/1 432/2/1
f 438/1/1 435/1/1 434/1/1
f 439/1/1 435/1/1 438/1/1
f 444/1/1 437/1/1 436/1/1
f 445/1/1 437/1/1 444/1/1
f 447/6/1 441/6/1 440/6/1
f 448/6/1 443/6/1 442/6/1
f 449/6/1 443/6/1 448/6/1
f 451/6/1 447/6/1 446/6/1
f 452/6/1 441/6/1 447/6/1
f 452/6/1 447/6/1 451/6/1
f 453/6/1 441/6/1 452/6/1
f 454/6/1 450/6/1 449/6/1
f 455/6/1 450/6/1 454/6/1
f 456/14/1 453/14/1 452/14/1
f 456/14/1 454/14/1 453/14/1
f 457/14/1 454/14/1 456/14/1
f 464/6/1 463/6/1 462/6/1
f 465/6/1 463/6/1 464/6/1
f 468/7/1 459/7/1 458/7/1
f 469/7/1 461/7/1 460/7/1
f 470/7/1 461/7/1 469/7/1
f 471/6/1 467/6/1 466/6/1
f 472/6/1 467/6/1 471/6/1
f 473/7/1 459/7/1 468/7/1
f 474/7/1 459/7/1 473/7/1
f 480/7/1 476/7/1 475/7/1
f 481/7/1 476/7/1 480/7/1
f 483/6/1 479/6/1 478/6/1
f 483/6/1 478/6/1 477/6/1
f 484/6/1 479/6/1 483/6/1
f 485/6/1 483/6/1 482/6/1
f 486/6/1 483/6/1 485/6/1
f 490/6/1 487/6/1 486/6/1
f 491/6/1 487/6/1 490/6/1
f 492/3/1 489/3/1 488/3/1
f 493/3/1 489/3/1 492/3/1
f 496/1/1 495/1/1 494/1/1
f 497/1/1 495/1/1 496/1/1
f 501/9/1 499/9/1 498/9/1
f 501/9/1 500/9/1 499/9/1
f 502/9/1 500/9/1 501/9/1
f 503/9/1 500/9/1 502/9/1
f 504/9/1 500/9/1 503/9/1
f 505/9/1 500/9/1 504/9/1
f 506/9/1 500/9/1 505/9/1
f 507/9/1 500/9/1 506/9/1
f 514/4/1 509/4/1 508/4/1
f 515/4/1 509/4/1 514/4/1
f 516/9/1 511/9/1 510/9/1
f 517/9/1 511/9/1 516/9/1
f 520/1/1 513/1/1 512/1/1
f 521/1/1 513/1/1 520/1/1
f 526/1/1 519/1/1 518/1/1
f 527/1/1 519/1/1 526/1/1
f 528/6/1 523/6/1 522/6/1
f 529/6/1 523/6/1 528/6/1
f 530/6/1 525/6/1 524/6/1
f 531/6/1 525/6/1 530/6/1
f 536/6/1 532/6/1 531/6/1
f 537/6/1 532/6/1 536/6/1
f 538/14/1 534/14/1 533/14/1
f 539/14/1 534/14/1 538/14/1
f 540/14/1 536/14/1 535/14/1
f 541/14/1 536/14/1 540/14/1
f 542/6/1 540/6/1 539/6/1
f 543/6/1 540/6/1 542/6/1
f 544/6/1 540/6/1 543/6/1
f 545/6/1 540/6/1 544/6/1
f 546/6/1 544/6/1 543/6/1
f 547/6/1 544/6/1 546/6/1
f 550/6/1 549/6/1 548/6/1
f 551/6/1 549/6/1 550/6/1
f 554/6/1 553/6/1 552/6/1
f 555/6/1 553/6/1 554/6/1
f 558/1/1 555/1/1 554/1/1
f 559/1/1 555/1/1 558/1/1
f 560/1/1 557/1/1 556/1/1
f 561/1/1 557/1/1 560/1/1
f 566/11/1 563/11/1 562/11/1
f 567/11/1 563/11/1 566/11/1
f 568/11/1 565/11/1 564/11/1
f 569/11/1 565/11/1 568/11/1
f 574/18/1 571/18/1 570/18/1
f 575/18/1 571/18/1 574/18/1
f 576/11/1 575/11/1 574/11/1
f 577/11/1 575/11/1 576/11/1
f 578/18/1 577/18/1 576/18/1
f 579/18/1 577/18/1 578/18/1
f 580/4/1 573/4/1 572/4/1
f 581/4/1 573/4/1 580/4/1
f 582/15/1 579/15/1 578/15/1
f 583/15/1 579/15/1 582/15/1
f 584/9/1 581/9/1 580/9/1
f 585/9/1 581/9/1 584/9/1
f 590/6/1 587/6/1 586/6/1
f 591/6/1 587/6/1 590/6/1
f 593/6/1 589/6/1 588/6/1
f 594/6/1 589/6/1 593/6/1
f 595/6/1 589/6/1 594/6/1
f 596/6/1 593/6/1 592/6/1
f 596/6/1 594/6/1 593/6/1
f 597/6/1 594/6/1 596/6/1
f 602/6/1 599/6/1 598/6/1
f 603/6/1 601/6/1 600/6/1
f 606/6/1 599/6/1 602/6/1
f 607/6/1 599/6/1 606/6/1
f 608/6/1 603/6/1 600/6/1
f 609/6/1 603/6/1 608/6/1
f 610/6/1 605/6/1 604/6/1
f 611/6/1 605/6/1 610/6/1
f 618/6/1 613/6/1 612/6/1
f 619/3/1 614/3/1 613/3/1
f 619/6/1 613/6/1 618/6/1
f 620/3/1 614/3/1 619/3/1
f 621/1/1 616/1/1 615/1/1
f 622/6/1 617/6/1 616/6/1
f 622/1/1 616/1/1 621/1/1
f 623/6/1 617/6/1 622/6/1
f 626/6/1 625/6/1 624/6/1
f 627/6/1 625/6/1 626/6/1
f 632/6/1 630/6/1 629/6/1
f 632/6/1 629/6/1 628/6/1
f 634/6/1 632/6/1 631/6/1
f 635/6/1 630/6/1 632/6/1
f 635/6/1 632/6/1 634/6/1
f 638/6/1 634/6/1 633/6/1
f 639/6/1 634/6/1 638/6/1
f 642/11/1 637/11/1 636/11/1
f 643/11/1 637/11/1 642/11/1
f 647/11/1 641/11/1 640/11/1
f 648/11/1 641/11/1 647/11/1
f 649/11/1 645/11/1 644/11/1
f 650/9/1 646/9/1 645/9/1
f 650/11/1 645/11/1 649/11/1
f 651/17/1 648/17/1 647/17/1
f 652/17/1 648/17/1 651/17/1
f 653/9/1 646/9/1 650/9/1
f 654/9/1 646/9/1 653/9/1
f 659/15/1 656/15/1 655/15/1
f 660/15/1 656/15/1 659/15/1
f 661/9/1 658/9/1 657/9/1
f 662/9/1 658/9/1 661/9/1
f 665/5/1 660/5/1 659/5/1
f 666/5/1 660/5/1 665/5/1
f 667/2/1 662/2/1 661/2/1
f 668/2/1 662/2/1 667/2/1
f 671/1/1 664/1/1 663/1/1
f 672/1/1 664/1/1 671/1/1
f 677/1/1 670/1/1 669/1/1
f 678/1/1 670/1/1 677/1/1
f 679/6/1 674/6/1 673/6/1
f 680/6/1 674/6/1 679/6/1
f 681/6/1 676/6/1 675/6/1
f 682/6/1 676/6/1 681/6/1
f 687/6/1 684/6/1 683/6/1
f 688/6/1 684/6/1 687/6/1
f 689/6/1 686/6/1 685/6/1
f 690/6/1 686/6/1 689/6/1
f 695/6/1 692/6/1 691/6/1
f 696/6/1 692/6/1 695/6/1
f 698/6/1 694/6/1 693/6/1
f 699/6/1 694/6/1 698/6/1
f 700/3/1 697/3/1 696/3/1
f 701/6/1 698/6/1 697/6/1
f 701/3/1 697/3/1 700/3/1
f 702/6/1 698/6/1 701/6/1
f 705/6/1 704/6/1 703/6/1
f 706/6/1 704/6/1 705/6/1
f 710/6/1 709/6/1 708/6/1
f 717/1/1 708/1/1 707/1/1
f 718/6/1 710/6/1 708/6/1
f 718/1/1 708/1/1 717/1/1
f 719/6/1 710/6/1 718/6/1
f 720/7/1 712/7/1 711/7/1
f 721/3/1 713/3/1 712/3/1
f 721/7/1 712/7/1 720/7/1
f 722/3/1 713/3/1 721/3/1
f 723/1/1 715/1/1 714/1/1
f 724/6/1 716/6/1 715/6/1
f 724/1/1 715/1/1 723/1/1
f 725/6/1 716/6/1 724/6/1
f 730/6/1 716/6/1 725/6/1
f 731/1/1 727/1/1 726/1/1
f 732/6/1 728/6/1 727/6/1
f 732/1/1 727/1/1 731/1/1
f 733/6/1 728/6/1 732/6/1
f 734/6/1 730/6/1 729/6/1
f 735/6/1 716/6/1 730/6/1
f 735/6/1 730/6/1 734/6/1
f 736/6/1 716/6/1 735/6/1
f 739/11/1 738/11/1 737/11/1
f 740/11/1 738/11/1 739/11/1
f 741/11/1 738/11/1 740/11/1
f 742/18/1 740/18/1 739/18/1
f 743/18/1 740/18/1 742/18/1
f 748/6/1 745/6/1 744/6/1
f 749/6/1 745/6/1 748/6/1
f 750/6/1 747/6/1 746/6/1
f 751/6/1 747/6/1 750/6/1
f 754/13/1 753/13/1 752/13/1
f 755/13/1 753/13/1 754/13/1
f 760/6/1 757/6/1 756/6/1
f 761/6/1 757/6/1 760/6/1
f 763/3/1 762/3/1 761/3/1
f 764/3/1 762/3/1 763/3/1
f 767/6/1 759/6/1 758/6/1
f 768/6/1 759/6/1 767/6/1
f 769/6/1 765/6/1 764/6/1
f 770/6/1 765/6/1 769/6/1
f 772/6/1 767/6/1 766/6/1
f 773/6/1 767/6/1 772/6/1
f 775/6/1 771/6/1 770/6/1
f 776/3/1 772/3/1 771/3/1
f 776/6/1 771/6/1 775/6/1
f 777/6/1 774/6/1 773/6/1
f 778/6/1 774/6/1 777/6/1
f 779/3/1 772/3/1 776/3/1
f 780/3/1 772/3/1 779/3/1
f 783/1/1 782/1/1 781/1/1
f 784/1/1 782/1/1 783/1/1
f 789/3/1 786/3/1 785/3/1
f 790/3/1 786/3/1 789/3/1
f 792/6/1 788/6/1 787/6/1
f 795/6/1 791/6/1 790/6/1
f 796/6/1 791/6/1 795/6/1
f 797/6/1 792/6/1 787/6/1
f 797/6/1 794/6/1 793/6/1
f 797/6/1 793/6/1 792/6/1
f 798/6/1 794/6/1 797/6/1
f 800/6/1 799/6/1 798/6/1
f 800/6/1 798/6/1 797/6/1
f 801/6/1 799/6/1 800/6/1
f 804/6/1 803/6/1 802/6/1
f 805/6/1 803/6/1 804/6/1
f 809/9/1 807/9/1 806/9/1
f 810/9/1 807/9/1 809/9/1
f 811/9/1 807/9/1 810/9/1
f 812/9/1 809/9/1 808/9/1
f 812/9/1 810/9/1 809/9/1
f 813/9/1 810/9/1 812/9/1
f 814/9/1 810/9/1 813/9/1
f 815/4/1 814/4/1 813/4/1
f 816/4/1 814/4/1 815/4/1
f 817/9/1 816/9/1 815/9/1
f 818/9/1 816/9/1 817/9/1
f 821/6/1 820/6/1 819/6/1
f 822/6/1 820/6/1 821/6/1
f 825/6/1 824/6/1 823/6/1
f 826/6/1 824/6/1 825/6/1
f 829/3/1 828/3/1 827/3/1
f 830/3/1 828/3/1 829/3/1
f 833/1/1 832/1/1 831/1/1
f 834/1/1 832/1/1 833/1/1
f 837/9/1 836/9/1 835/9/1
f 838/9/1 836/9/1 837/9/1
f 839/4/1 838/4/1 837/4/1
f 840/4/1 838/4/1 839/4/1
f 843/14/1 842/14/1 841/14/1
f 844/14/1 842/14/1 843/14/1
f 845/21/1 844/21/1 843/21/1
f 846/21/1 844/21/1 845/21/1
f 847/21/1 844/21/1 846/21/1
f 848/21/1 844/21/1 847/21/1
f 849/7/1 848/7/1 847/7/1
f 850/7/1 848/7/1 849/7/1
f 851/7/1 848/7/1 850/7/1
f 852/7/1 848/7/1 851/7/1
f 857/6/1 854/6/1 853/6/1
f 858/6/1 854/6/1 857/6/1
f 859/6/1 856/6/1 855/6/1
f 860/6/1 856/6/1 859/6/1
f 861/7/1 851/7/1 850/7/1
f 863/7/1 862/7/1 861/7/1
f 863/7/1 861/7/1 850/7/1
f 864/7/1 862/7/1 863/7/1
f 865/7/1 862/7/1 864/7/1
f 866/7/1 862/7/1 865/7/1
f 870/1/1 868/1/1 867/1/1
f 871/6/1 869/6/1 868/6/1
f 871/1/1 868/1/1 870/1/1
f 872/6/1 869/6/1 871/6/1
f 873/6/1 871/6/1 870/6/1
f 873/6/1 872/6/1 871/6/1
f 874/6/1 872/6/1 873/6/1
f 875/6/1 872/6/1 874/6/1
f 876/6/1 872/6/1 875/6/1
f 879/3/1 878/3/1 877/3/1
f 880/3/1 878/3/1 879/3/1
f 883/6/1 882/6/1 881/6/1
f 884/6/1 882/6/1 883/6/1
f 887/9/1 886/9/1 885/9/1
f 888/9/1 886/9/1 887/9/1
f 895/7/1 892/7/1 891/7/1
f 896/7/1 892/7/1 895/7/1
f 898/1/1 894/1/1 893/1/1
f 899/1/1 894/1/1 898/1/1
f 900/6/1 897/6/1 896/6/1
f 901/6/1 897/6/1 900/6/1
f 904/7/1 890/7/1 889/7/1
f 905/7/1 890/7/1 904/7/1
f 906/6/1 903/6/1 902/6/1
f 907/6/1 903/6/1 906/6/1
f 910/6/1 909/6/1 908/6/1
f 911/6/1 909/6/1 910/6/1
f 914/6/1 913/6/1 912/6/1
f 915/6/1 913/6/1 914/6/1
f 916/6/1 913/6/1 915/6/1
f 919/1/1 918/1/1 917/1/1
f 920/1/1 918/1/1 919/1/1
f 925/6/1 922/6/1 921/6/1
f 926/6/1 922/6/1 925/6/1
f 927/6/1 924/6/1 923/6/1
f 930/6/1 924/6/1 927/6/1
f 931/6/1 924/6/1 930/6/1
f 932/6/1 929/6/1 928/6/1
f 933/6/1 929/6/1 932/6/1
f 938/6/1 931/6/1 930/6/1
f 939/6/1 931/6/1 938/6/1
f 940/6/1 935/6/1 934/6/1
f 941/3/1 937/3/1 936/3/1
f 941/6/1 935/6/1 940/6/1
f 941/3/1 936/3/1 935/3/1
f 942/3/1 937/3/1 941/3/1
f 943/3/1 937/3/1 942/3/1
f 944/3/1 942/3/1 941/3/1
f 946/1/1 941/1/1 940/1/1
f 947/3/1 945/3/1 944/3/1
f 947/1/1 941/1/1 946/1/1
f 947/3/1 944/3/1 941/3/1
f 948/3/1 945/3/1 947/3/1
f 949/3/1 945/3/1 948/3/1
f 951/3/1 949/3/1 948/3/1
f 952/17/1 950/17/1 949/17/1
f 952/3/1 949/3/1 951/3/1
f 953/17/1 950/17/1 952/17/1
f 956/4/1 955/4/1 954/4/1
f 957/4/1 955/4/1 956/4/1
f 961/9/1 959/9/1 958/9/1
f 962/9/1 961/9/1 960/9/1
f 963/9/1 959/9/1 961/9/1
f 963/9/1 961/9/1 962/9/1
f 967/6/1 965/6/1 964/6/1
f 968/6/1 965/6/1 967/6/1
f 970/6/1 967/6/1 966/6/1
f 970/6/1 969/6/1 968/6/1
f 970/6/1 968/6/1 967/6/1
f 971/6/1 969/6/1 970/6/1
f 974/6/1 973/6/1 972/6/1
f 976/6/1 974/6/1 972/6/1
f 976/6/1 975/6/1 974/6/1
f 977/6/1 975/6/1 976/6/1
f 981/1/1 979/1/1 978/1/1
f 982/3/1 980/3/1 979/3/1
f 982/1/1 979/1/1 981/1/1
f 983/3/1 980/3/1 982/3/1
f 986/4/1 985/4/1 984/4/1
f 987/4/1 985/4/1 986/4/1
f 990/4/1 989/4/1 988/4/1
f 991/4/1 989/4/1 990/4/1
f 996/6/1 993/6/1 992/6/1
f 997/6/1 993/6/1 996/6/1
f 999/6/1 995/6/1 994/6/1
f 1002/6/1 999/6/1 998/6/1
f 1003/6/1 995/6/1 999/6/1
f 1003/6/1 999/6/1 1002/6/1
f 1004/6/1 1001/6/1 1000/6/1
f 1005/6/1 1001/6/1 1004/6/1
f 1008/6/1 1007/6/1 1006/6/1
f 1009/6/1 1007/6/1 1008/6/1
f 1014/6/1 1011/6/1 1010/6/1
f 1015/6/1 1011/6/1 1014/6/1
f 1017/6/1 1013/6/1 1012/6/1
f 1018/6/1 1017/6/1 1016/6/1
f 1019/6/1 1013/6/1 1017/6/1
f 1019/6/1 1017/6/1 1018/6/1
f 1020/6/1 1013/6/1 1019/6/1
f 1021/6/1 1018/6/1 1016/6/1
f 1022/6/1 1018/6/1 1021/6/1
f 1023/1/1 1020/1/1 1019/1/1
f 1024/1/1 1020/1/1 1023/1/1
f 1025/6/1 1021/6/1 1016/6/1
f 1026/6/1 1021/6/1 1025/6/1
f 1029/9/1 1028/9/1 1027/9/1
f 1030/9/1 1028/9/1 1029/9/1
f 1035/6/1 1032/6/1 1031/6/1
f 1036/6/1 1032/6/1 1035/6/1
f 1037/6/1 1034/6/1 1033/6/1
f 1038/6/1 1034/6/1 1037/6/1
f 1039/6/1 1036/6/1 1035/6/1
f 1039/6/1 1037/6/1 1036/6/1
f 1040/6/1 1037/6/1 1039/6/1
f 1041/6/1 1039/6/1 1035/6/1
f 1043/6/1 1041/6/1 1035/6/1
f 1043/6/1 1042/6/1 1041/6/1
f 1044/6/1 1042/6/1 1043/6/1
f 1045/6/1 1042/6/1 1044/6/1
f 1046/6/1 1042/6/1 1045/6/1
f 1047/6/1 1042/6/1 1046/6/1
f 1048/6/1 1045/6/1 1044/6/1
f 1049/6/1 1045/6/1 1048/6/1
f 1050/6/1 1047/6/1 1046/6/1
f 1051/6/1 1047/6/1 1050/6/1
f 1054/6/1 1053/6/1 1052/6/1
f 1055/6/1 1053/6/1 1054/6/1
f 1058/6/1 1057/6/1 1056/6/1
f 1059/6/1 1057/6/1 1058/6/1
f 1062/6/1 1061/6/1 1060/6/1
f 1063/6/1 1061/6/1 1062/6/1
f 1064/6/1 1062/6/1 1060/6/1
f 1065/6/1 1062/6/1 1064/6/1
f 1068/4/1 1067/4/1 1066/4/1
f 1069/4/1 1067/4/1 1068/4/1
f 1072/6/1 1071/6/1 1070/6/1
f 1073/6/1 1071/6/1 1072/6/1
f 1076/6/1 1075/6/1 1074/6/1
f 1077/6/1 1075/6/1 1076/6/1
f 1080/11/1 1079/11/1 1078/11/1
f 1081/11/1 1079/11/1 1080/11/1
f 1086/11/1 1083/11/1 1082/11/1
f 1087/11/1 1083/11/1 1086/11/1
f 1088/11/1 1085/11/1 1084/11/1
f 1089/11/1 1085/11/1 1088/11/1
f 1090/11/1 1088/11/1 1087/11/1
f 1091/11/1 1088/11/1 1090/11/1
f 1096/17/1 1093/17/1 1092/17/1
f 1097/11/1 1094/11/1 1093/11/1
f 1097/17/1 1093/17/1 1096/17/1
f 1098/17/1 1095/17/1 1094/17/1
f 1098/11/1 1094/11/1 1097/11/1
f 1099/17/1 1095/17/1 1098/17/1
f 1100/17/1 1095/17/1 1099/17/1
f 1101/17/2 1102/17/2 1105/17/2
f 1105/17/2 1102/17/2 1106/17/2
f 1102/11/2 1103/11/2 1107/11/2
f 1106/17/2 1102/17/2 1107/17/2
f 1103/17/2 1104/17/2 1108/17/2
f 1107/11/2 1103/11/2 1108/11/2
f 1108/17/2 1104/17/2 1109/17/2
f 1110/11/2 1111/11/2 1114/11/2
f 1114/11/2 1111/11/2 1115/11/2
f 1114/17/2 1115/17/2 1116/17/2
f 1116/17/2 1115/17/2 1117/17/2
f 1112/11/2 1113/11/2 1118/11/2
f 1118/11/2 1113/11/2 1119/11/2
f 1117/11/2 1118/11/2 1120/11/2
f 1120/11/2 1118/11/2 1121/11/2
f 1122/11/2 1123/11/2 1124/11/2
f 1124/11/2 1123/11/2 1125/11/2
f 1126/6/2 1127/6/2 1128/6/2
f 1128/6/2 1127/6/2 1129/6/2
f 1130/6/2 1131/6/2 1132/6/2
f 1132/6/2 1131/6/2 1133/6/2
f 1134/6/2 1135/6/2 1136/6/2
f 1136/6/2 1135/6/2 1137/6/2
f 1134/6/2 1136/6/2 1138/6/2
f 1138/6/2 1136/6/2 1139/6/2
f 1140/6/2 1141/6/2 1144/6/2
f 1144/6/2 1141/6/2 1145/6/2
f 1142/6/2 1143/6/2 1147/6/2
f 1147/6/2 1143/6/2 1148/6/2
f 1145/6/2 1146/6/2 1149/6/2
f 1144/6/2 1145/6/2 1149/6/2
f 1149/6/2 1150/6/2 1151/6/2
f 1144/6/2 1149/6/2 1153/6/2
f 1151/6/2 1152/6/2 1153/6/2
f 1149/6/2 1151/6/2 1153/6/2
f 1153/6/2 1152/6/2 1154/6/2
f 1154/6/2 1152/6/2 1155/6/2
f 1155/6/2 1152/6/2 1156/6/2
f 1156/6/2 1152/6/2 1157/6/2
f 1154/6/2 1155/6/2 1158/6/2
f 1158/6/2 1155/6/2 1159/6/2
f 1156/6/2 1157/6/2 1160/6/2
f 1160/6/2 1157/6/2 1161/6/2
f 1162/6/2 1163/6/2 1164/6/2
f 1164/6/2 1163/6/2 1165/6/2
f 1166/6/2 1167/6/2 1168/6/2
f 1168/6/2 1167/6/2 1169/6/2
f 1170/6/2 1171/6/2 1173/6/2
f 1172/6/2 1173/6/2 1176/6/2
f 1173/6/2 1171/6/2 1177/6/2
f 1176/6/2 1173/6/2 1177/6/2
f 1174/6/2 1175/6/2 1178/6/2
f 1178/6/2 1175/6/2 1179/6/2
f 1180/6/2 1181/6/2 1182/6/2
f 1182/6/2 1181/6/2 1183/6/2
f 1184/6/2 1185/6/2 1188/6/2
f 1188/6/2 1185/6/2 1189/6/2
f 1186/6/2 1187/6/2 1191/6/2
f 1190/6/2 1191/6/2 1192/6/2
f 1191/6/2 1187/6/2 1193/6/2
f 1192/6/2 1191/6/2 1193/6/2
f 1190/6/2 1192/6/2 1194/6/2
f 1194/6/2 1192/6/2 1195/6/2
f 1195/6/2 1192/6/2 1196/6/2
f 1193/6/2 1187/6/2 1197/6/2
f 1197/6/2 1187/6/2 1198/6/2
f 1194/6/2 1195/6/2 1199/6/2
f 1199/6/2 1195/6/2 1200/6/2
f 1201/9/2 1202/9/2 1203/9/2
f 1203/9/2 1202/9/2 1204/9/2
f 1205/4/2 1206/4/2 1209/4/2
f 1206/9/2 1207/9/2 1210/9/2
f 1209/4/2 1206/4/2 1210/4/2
f 1207/4/2 1208/4/2 1211/4/2
f 1210/9/2 1207/9/2 1211/9/2
f 1211/4/2 1208/4/2 1212/4/2
f 1211/9/2 1212/9/2 1213/9/2
f 1213/9/2 1212/9/2 1214/9/2
f 1215/6/2 1216/6/2 1217/6/2
f 1217/6/2 1216/6/2 1218/6/2
f 1219/6/2 1220/6/2 1221/6/2
f 1221/6/2 1220/6/2 1222/6/2
f 1221/6/2 1222/6/2 1224/6/2
f 1222/6/2 1223/6/2 1224/6/2
f 1224/6/2 1223/6/2 1225/6/2
f 1226/6/2 1227/6/2 1229/6/2
f 1227/6/2 1228/6/2 1229/6/2
f 1229/6/2 1228/6/2 1230/6/2
f 1231/6/2 1232/6/2 1233/6/2
f 1233/6/2 1232/6/2 1234/6/2
f 1235/1/2 1236/1/2 1237/1/2
f 1237/1/2 1236/1/2 1238/1/2
f 1239/6/2 1240/6/2 1243/6/2
f 1243/6/2 1240/6/2 1244/6/2
f 1241/6/2 1242/6/2 1248/6/2
f 1245/1/2 1246/1/2 1249/1/2
f 1246/6/2 1247/6/2 1250/6/2
f 1249/1/2 1246/1/2 1250/1/2
f 1248/6/2 1242/6/2 1253/6/2
f 1253/6/2 1242/6/2 1254/6/2
f 1250/6/2 1247/6/2 1256/6/2
f 1251/7/2 1252/7/2 1258/7/2
f 1252/3/2 1253/3/2 1259/3/2
f 1258/7/2 1252/7/2 1259/7/2
f 1254/6/2 1255/6/2 1260/6/2
f 1259/3/2 1253/3/2 1260/3/2
f 1253/6/2 1254/6/2 1260/6/2
f 1260/6/2 1255/6/2 1261/6/2
f 1261/6/2 1255/6/2 1262/6/2
f 1262/6/2 1255/6/2 1263/6/2
f 1250/6/2 1256/6/2 1264/6/2
f 1256/3/2 1257/3/2 1265/3/2
f 1264/6/2 1256/6/2 1265/6/2
f 1265/3/2 1257/3/2 1266/3/2
f 1261/6/2 1262/6/2 1267/6/2
f 1267/6/2 1262/6/2 1268/6/2
f 1264/1/2 1265/1/2 1269/1/2
f 1269/1/2 1265/1/2 1270/1/2
f 1271/9/2 1272/9/2 1273/9/2
f 1273/9/2 1272/9/2 1274/9/2
f 1274/9/2 1272/9/2 1275/9/2
f 1275/9/2 1272/9/2 1276/9/2
f 1276/9/2 1272/9/2 1277/9/2
f 1277/9/2 1272/9/2 1278/9/2
f 1281/7/2 1282/7/2 1285/7/2
f 1285/7/2 1282/7/2 1286/7/2
f 1283/1/2 1284/1/2 1287/1/2
f 1287/1/2 1284/1/2 1288/1/2
f 1279/7/2 1280/7/2 1289/7/2
f 1289/7/2 1280/7/2 1290/7/2
f 1289/21/2 1290/21/2 1293/21/2
f 1293/21/2 1290/21/2 1294/21/2
f 1291/6/2 1292/6/2 1295/6/2
f 1295/6/2 1292/6/2 1296/6/2
f 1297/6/2 1298/6/2 1299/6/2
f 1299/6/2 1298/6/2 1300/6/2
f 1301/6/2 1302/6/2 1303/6/2
f 1303/6/2 1302/6/2 1304/6/2
f 1304/6/2 1302/6/2 1305/6/2
f 1306/14/2 1307/14/2 1308/14/2
f 1308/14/2 1307/14/2 1309/14/2
f 1308/21/2 1309/21/2 1310/21/2
f 1310/21/2 1309/21/2 1311/21/2
f 1311/21/2 1309/21/2 1312/21/2
f 1312/21/2 1309/21/2 1313/21/2
f 1312/7/2 1313/7/2 1314/7/2
f 1314/7/2 1313/7/2 1315/7/2
f 1315/7/2 1313/7/2 1316/7/2
f 1316/7/2 1313/7/2 1317/7/2
f 1318/6/2 1319/6/2 1320/6/2
f 1320/6/2 1319/6/2 1321/6/2
f 1315/7/2 1316/7/2 1322/7/2
f 1322/7/2 1323/7/2 1324/7/2
f 1315/7/2 1322/7/2 1324/7/2
f 1324/7/2 1323/7/2 1325/7/2
f 1315/7/2 1324/7/2 1326/7/2
f 1324/21/2 1325/21/2 1326/21/2
f 1326/21/2 1325/21/2 1327/21/2
f 1315/7/2 1326/7/2 1328/7/2
f 1326/7/2 1327/7/2 1328/7/2
f 1328/7/2 1327/7/2 1329/7/2
f 1329/7/2 1327/7/2 1330/7/2
f 1330/7/2 1327/7/2 1331/7/2
f 1332/6/2 1333/6/2 1334/6/2
f 1334/6/2 1333/6/2 1335/6/2
f 1336/6/2 1337/6/2 1338/6/2
f 1338/6/2 1337/6/2 1339/6/2
f 1340/6/2 1341/6/2 1342/6/2
f 1342/6/2 1341/6/2 1343/6/2
f 1343/6/2 1341/6/2 1344/6/2
f 1345/6/2 1346/6/2 1347/6/2
f 1347/6/2 1346/6/2 1348/6/2
f 1345/6/2 1347/6/2 1349/6/2
f 1349/6/2 1347/6/2 1350/6/2
f 1351/6/2 1352/6/2 1353/6/2
f 1353/6/2 1352/6/2 1354/6/2
f 1355/9/2 1356/9/2 1357/9/2
f 1357/9/2 1356/9/2 1358/9/2
f 1359/6/2 1360/6/2 1361/6/2
f 1361/6/2 1360/6/2 1362/6/2
f 1363/6/2 1364/6/2 1365/6/2
f 1365/6/2 1364/6/2 1366/6/2
f 1367/1/2 1368/1/2 1369/1/2
f 1369/1/2 1368/1/2 1370/1/2
f 1371/6/2 1372/6/2 1373/6/2
f 1373/6/2 1372/6/2 1374/6/2
f 1375/6/2 1376/6/2 1377/6/2
f 1377/6/2 1376/6/2 1378/6/2
f 1378/6/2 1376/6/2 1379/6/2
f 1377/1/2 1378/1/2 1380/1/2
f 1378/6/2 1379/6/2 1381/6/2
f 1380/1/2 1378/1/2 1381/1/2
f 1381/6/2 1379/6/2 1382/6/2
f 1383/9/2 1384/9/2 1385/9/2
f 1385/9/2 1384/9/2 1386/9/2
f 1387/9/2 1388/9/2 1389/9/2
f 1389/9/2 1388/9/2 1390/9/2
f 1391/6/2 1392/6/2 1396/6/2
f 1396/6/2 1392/6/2 1397/6/2
f 1394/6/2 1395/6/2 1399/6/2
f 1393/6/2 1394/6/2 1399/6/2
f 1397/3/2 1398/3/2 1401/3/2
f 1401/3/2 1398/3/2 1402/3/2
f 1399/6/2 1400/6/2 1403/6/2
f 1393/6/2 1399/6/2 1403/6/2
f 1403/6/2 1400/6/2 1404/6/2
f 1404/6/2 1405/6/2 1406/6/2
f 1403/6/2 1404/6/2 1406/6/2
f 1406/6/2 1405/6/2 1407/6/2
f 1408/6/2 1409/6/2 1410/6/2
f 1410/6/2 1409/6/2 1411/6/2
f 1412/6/2 1413/6/2 1418/6/2
f 1413/3/2 1414/3/2 1419/3/2
f 1418/6/2 1413/6/2 1419/6/2
f 1414/3/2 1415/3/2 1419/3/2
f 1416/6/2 1417/6/2 1420/6/2
f 1420/6/2 1417/6/2 1421/6/2
f 1421/6/2 1417/6/2 1422/6/2
f 1418/3/2 1419/3/2 1423/3/2
f 1419/3/2 1415/3/2 1424/3/2
f 1423/3/2 1419/3/2 1424/3/2
f 1424/3/2 1415/3/2 1425/3/2
f 1425/3/2 1415/3/2 1426/3/2
f 1426/3/2 1415/3/2 1427/3/2
f 1428/11/2 1429/11/2 1430/11/2
f 1430/11/2 1429/11/2 1431/11/2
f 1431/11/2 1429/11/2 1432/11/2
f 1430/18/2 1431/18/2 1433/18/2
f 1433/18/2 1431/18/2 1434/18/2
f 1435/6/2 1436/6/2 1439/6/2
f 1439/6/2 1436/6/2 1440/6/2
f 1437/6/2 1438/6/2 1441/6/2
f 1441/6/2 1438/6/2 1442/6/2
f 1443/13/2 1444/13/2 1445/13/2
f 1445/13/2 1444/13/2 1446/13/2
f 1447/6/2 1448/6/2 1451/6/2
f 1451/6/2 1448/6/2 1452/6/2
f 1452/6/2 1453/6/2 1454/6/2
f 1454/6/2 1453/6/2 1455/6/2
f 1449/6/2 1450/6/2 1456/6/2
f 1456/6/2 1450/6/2 1457/6/2
f 1458/6/2 1459/6/2 1460/6/2
f 1460/6/2 1459/6/2 1461/6/2
f 1461/6/2 1459/6/2 1462/6/2
f 1462/6/2 1459/6/2 1463/6/2
f 1464/6/2 1465/6/2 1466/6/2
f 1466/6/2 1465/6/2 1467/6/2
f 1468/6/2 1469/6/2 1470/6/2
f 1468/6/2 1470/6/2 1473/6/2
f 1473/6/2 1470/6/2 1474/6/2
f 1471/6/2 1472/6/2 1475/6/2
f 1475/6/2 1472/6/2 1476/6/2
f 1477/6/2 1478/6/2 1481/6/2
f 1479/21/2 1480/21/2 1482/21/2
f 1481/6/2 1478/6/2 1482/6/2
f 1478/21/2 1479/21/2 1482/21/2
f 1482/21/2 1480/21/2 1483/21/2
f 1483/21/2 1480/21/2 1484/21/2
f 1485/3/2 1486/3/2 1489/3/2
f 1487/3/2 1488/3/2 1493/3/2
f 1493/3/2 1488/3/2 1494/3/2
f 1485/3/2 1489/3/2 1495/3/2
f 1489/21/2 1490/21/2 1496/21/2
f 1495/3/2 1489/3/2 1496/3/2
f 1496/21/2 1490/21/2 1497/21/2
f 1491/6/2 1492/6/2 1499/6/2
f 1498/6/2 1499/6/2 1501/6/2
f 1499/6/2 1492/6/2 1502/6/2
f 1501/6/2 1499/6/2 1502/6/2
f 1500/6/2 1501/6/2 1505/6/2
f 1505/6/2 1501/6/2 1506/6/2
f 1503/11/2 1504/11/2 1509/11/2
f 1509/11/2 1504/11/2 1510/11/2
f 1507/11/2 1508/11/2 1513/11/2
f 1511/9/2 1512/9/2 1514/9/2
f 1514/9/2 1512/9/2 1515/9/2
f 1507/11/2 1513/11/2 1516/11/2
f 1516/11/2 1513/11/2 1517/11/2
f 1515/9/2 1512/9/2 1518/9/2
f 1518/9/2 1512/9/2 1519/9/2
f 1518/4/2 1519/4/2 1521/4/2
f 1519/9/2 1520/9/2 1522/9/2
f 1521/4/2 1519/4/2 1522/4/2
f 1522/9/2 1520/9/2 1523/9/2
f 1524/15/2 1525/15/2 1528/15/2
f 1528/15/2 1525/15/2 1529/15/2
f 1526/4/2 1527/4/2 1530/4/2
f 1530/4/2 1527/4/2 1531/4/2
f 1528/5/2 1529/5/2 1534/5/2
f 1534/5/2 1529/5/2 1535/5/2
f 1530/9/2 1531/9/2 1536/9/2
f 1536/9/2 1531/9/2 1537/9/2
f 1532/1/2 1533/1/2 1540/1/2
f 1540/1/2 1533/1/2 1541/1/2
f 1538/1/2 1539/1/2 1546/1/2
f 1546/1/2 1539/1/2 1547/1/2
f 1542/6/2 1543/6/2 1548/6/2
f 1548/6/2 1543/6/2 1549/6/2
f 1544/6/2 1545/6/2 1550/6/2
f 1550/6/2 1545/6/2 1551/6/2
f 1552/6/2 1553/6/2 1556/6/2
f 1556/6/2 1553/6/2 1557/6/2
f 1554/6/2 1555/6/2 1558/6/2
f 1558/6/2 1555/6/2 1559/6/2
f 1560/6/2 1561/6/2 1564/6/2
f 1562/6/2 1563/6/2 1565/6/2
f 1560/6/2 1564/6/2 1566/6/2
f 1564/6/2 1565/6/2 1566/6/2
f 1565/6/2 1563/6/2 1567/6/2
f 1566/6/2 1565/6/2 1567/6/2
f 1568/6/2 1569/6/2 1570/6/2
f 1570/6/2 1569/6/2 1571/6/2
f 1572/6/2 1573/6/2 1574/6/2
f 1574/6/2 1573/6/2 1575/6/2
f 1576/6/2 1577/6/2 1578/6/2
f 1578/6/2 1577/6/2 1579/6/2
f 1580/6/2 1581/6/2 1582/6/2
f 1582/6/2 1581/6/2 1583/6/2
f 1583/6/2 1581/6/2 1584/6/2
f 1584/6/2 1581/6/2 1585/6/2
f 1583/6/2 1584/6/2 1586/6/2
f 1586/6/2 1584/6/2 1587/6/2
f 1588/11/2 1589/11/2 1594/11/2
f 1594/11/2 1589/11/2 1595/11/2
f 1590/6/2 1591/6/2 1596/6/2
f 1596/6/2 1591/6/2 1597/6/2
f 1592/11/2 1593/11/2 1599/11/2
f 1593/18/2 1594/18/2 1600/18/2
f 1599/11/2 1593/11/2 1600/11/2
f 1597/11/2 1598/11/2 1601/11/2
f 1600/18/2 1594/18/2 1601/18/2
f 1594/11/2 1595/11/2 1601/11/2
f 1596/11/2 1597/11/2 1601/11/2
f 1595/11/2 1596/11/2 1601/11/2
f 1601/11/2 1598/11/2 1602/11/2
f 1603/11/2 1604/11/2 1605/11/2
f 1605/11/2 1604/11/2 1606/11/2
f 1605/17/2 1606/17/2 1607/17/2
f 1607/17/2 1606/17/2 1608/17/2
f 1607/11/2 1608/11/2 1611/11/2
f 1611/11/2 1608/11/2 1612/11/2
f 1609/9/2 1610/9/2 1613/9/2
f 1613/9/2 1610/9/2 1614/9/2
f 1614/9/2 1610/9/2 1615/9/2
f 1611/15/2 1612/15/2 1616/15/2
f 1616/15/2 1612/15/2 1617/15/2
f 1614/4/2 1615/4/2 1618/4/2
f 1618/4/2 1615/4/2 1619/4/2
f 1620/6/2 1621/6/2 1624/6/2
f 1624/6/2 1621/6/2 1625/6/2
f 1622/6/2 1623/6/2 1627/6/2
f 1627/6/2 1623/6/2 1628/6/2
f 1628/6/2 1623/6/2 1629/6/2
f 1626/6/2 1627/6/2 1630/6/2
f 1627/6/2 1628/6/2 1630/6/2
f 1630/6/2 1628/6/2 1631/6/2
f 1632/7/2 1633/7/2 1638/7/2
f 1636/6/2 1637/6/2 1639/6/2
f 1639/6/2 1637/6/2 1640/6/2
f 1634/7/2 1635/7/2 1641/7/2
f 1632/7/2 1638/7/2 1643/7/2
f 1641/6/2 1642/6/2 1644/6/2
f 1634/7/2 1641/7/2 1644/7/2
f 1644/6/2 1642/6/2 1645/6/2
f 1632/7/2 1643/7/2 1648/7/2
f 1634/7/2 1644/7/2 1649/7/2
f 1649/7/2 1644/7/2 1650/7/2
f 1646/6/2 1647/6/2 1651/6/2
f 1651/6/2 1647/6/2 1652/6/2
f 1648/7/2 1643/7/2 1653/7/2
f 1653/7/2 1643/7/2 1654/7/2
f 1655/7/2 1656/7/2 1660/7/2
f 1660/7/2 1656/7/2 1661/7/2
f 1658/6/2 1659/6/2 1663/6/2
f 1657/6/2 1658/6/2 1663/6/2
f 1663/6/2 1659/6/2 1664/6/2
f 1662/3/2 1663/3/2 1665/3/2
f 1665/3/2 1663/3/2 1666/3/2
f 1666/6/2 1667/6/2 1670/6/2
f 1670/6/2 1667/6/2 1671/6/2
f 1668/3/2 1669/3/2 1672/3/2
f 1672/3/2 1669/3/2 1673/3/2
f 1674/3/2 1675/3/2 1676/3/2
f 1676/3/2 1675/3/2 1677/3/2
f 1678/6/2 1679/6/2 1680/6/2
f 1680/6/2 1679/6/2 1681/6/2
f 1682/4/2 1683/4/2 1684/4/2
f 1684/4/2 1683/4/2 1685/4/2
f 1686/9/2 1687/9/2 1689/9/2
f 1687/9/2 1688/9/2 1689/9/2
f 1689/9/2 1688/9/2 1690/9/2
f 1690/9/2 1688/9/2 1691/9/2
f 1691/9/2 1688/9/2 1692/9/2
f 1693/9/2 1694/9/2 1697/9/2
f 1697/9/2 1694/9/2 1698/9/2
f 1695/1/2 1696/1/2 1701/1/2
f 1701/1/2 1696/1/2 1702/1/2
f 1699/1/2 1700/1/2 1707/1/2
f 1707/1/2 1700/1/2 1708/1/2
f 1703/6/2 1704/6/2 1709/6/2
f 1709/6/2 1704/6/2 1710/6/2
f 1705/6/2 1706/6/2 1711/6/2
f 1711/6/2 1706/6/2 1712/6/2
f 1712/6/2 1713/6/2 1717/6/2
f 1717/6/2 1713/6/2 1718/6/2
f 1714/14/2 1715/14/2 1719/14/2
f 1719/14/2 1715/14/2 1720/14/2
f 1716/14/2 1717/14/2 1721/14/2
f 1721/14/2 1717/14/2 1722/14/2
f 1720/6/2 1721/6/2 1723/6/2
f 1723/6/2 1721/6/2 1724/6/2
f 1724/6/2 1721/6/2 1725/6/2
f 1725/6/2 1721/6/2 1726/6/2
f 1724/6/2 1725/6/2 1727/6/2
f 1727/6/2 1725/6/2 1728/6/2
f 1729/14/2 1730/14/2 1731/14/2
f 1731/14/2 1730/14/2 1732/14/2
f 1731/21/2 1732/21/2 1733/21/2
f 1733/21/2 1732/21/2 1734/21/2
f 1734/21/2 1732/21/2 1735/21/2
f 1735/21/2 1732/21/2 1736/21/2
f 1735/7/2 1736/7/2 1737/7/2
f 1737/7/2 1736/7/2 1738/7/2
f 1738/7/2 1736/7/2 1739/7/2
f 1739/7/2 1736/7/2 1740/7/2
f 1738/7/2 1739/7/2 1741/7/2
f 1741/7/2 1739/7/2 1742/7/2
f 1741/21/2 1742/21/2 1745/21/2
f 1742/7/2 1739/7/2 1746/7/2
f 1745/21/2 1742/21/2 1746/21/2
f 1743/6/2 1744/6/2 1747/6/2
f 1747/6/2 1744/6/2 1748/6/2
f 1745/7/2 1746/7/2 1749/7/2
f 1746/7/2 1739/7/2 1750/7/2
f 1749/7/2 1746/7/2 1750/7/2
f 1750/7/2 1739/7/2 1751/7/2
f 1749/7/2 1750/7/2 1754/7/2
f 1754/7/2 1750/7/2 1755/7/2
f 1752/6/2 1753/6/2 1756/6/2
f 1756/6/2 1753/6/2 1757/6/2
f 1757/6/2 1753/6/2 1762/6/2
f 1762/6/2 1753/6/2 1763/6/2
f 1758/6/2 1759/6/2 1765/6/2
f 1760/1/2 1761/1/2 1766/1/2
f 1766/1/2 1761/1/2 1767/1/2
f 1764/1/2 1765/1/2 1768/1/2
f 1765/6/2 1759/6/2 1769/6/2
f 1768/1/2 1765/1/2 1769/1/2
f 1769/6/2 1759/6/2 1770/6/2
f 1771/3/2 1772/3/2 1774/3/2
f 1772/18/2 1773/18/2 1775/18/2
f 1774/3/2 1772/3/2 1775/3/2
f 1775/18/2 1773/18/2 1776/18/2
f 1777/3/2 1778/3/2 1779/3/2
f 1779/3/2 1778/3/2 1780/3/2
f 1781/6/2 1782/6/2 1783/6/2
f 1783/6/2 1782/6/2 1784/6/2
f 1785/4/2 1786/4/2 1791/4/2
f 1791/4/2 1786/4/2 1792/4/2
f 1787/11/2 1788/11/2 1793/11/2
f 1793/11/2 1788/11/2 1794/11/2
f 1794/11/2 1788/11/2 1795/11/2
f 1795/11/2 1788/11/2 1796/11/2
f 1789/11/2 1790/11/2 1797/11/2
f 1797/11/2 1790/11/2 1798/11/2
f 1791/9/2 1792/9/2 1799/9/2
f 1799/9/2 1792/9/2 1800/9/2
f 1800/9/2 1792/9/2 1801/9/2
f 1801/9/2 1792/9/2 1802/9/2
f 1793/18/2 1794/18/2 1803/18/2
f 1793/18/2 1803/18/2 1804/18/2
f 1793/18/2 1804/18/2 1808/18/2
f 1808/18/2 1804/18/2 1809/18/2
f 1805/4/2 1806/4/2 1810/4/2
f 1810/4/2 1806/4/2 1811/4/2
f 1807/4/2 1808/4/2 1813/4/2
f 1813/4/2 1808/4/2 1814/4/2
f 1812/1/2 1813/1/2 1817/1/2
f 1817/1/2 1813/1/2 1818/1/2
f 1815/1/2 1816/1/2 1823/1/2
f 1823/1/2 1816/1/2 1824/1/2
f 1819/6/2 1820/6/2 1826/6/2
f 1821/6/2 1822/6/2 1827/6/2
f 1827/6/2 1822/6/2 1828/6/2
f 1825/6/2 1826/6/2 1830/6/2
f 1826/6/2 1820/6/2 1831/6/2
f 1830/6/2 1826/6/2 1831/6/2
f 1831/6/2 1820/6/2 1832/6/2
f 1828/6/2 1829/6/2 1833/6/2
f 1833/6/2 1829/6/2 1834/6/2
f 1831/14/2 1832/14/2 1835/14/2
f 1832/14/2 1833/14/2 1835/14/2
f 1835/14/2 1833/14/2 1836/14/2
f 1837/6/2 1838/6/2 1840/6/2
f 1840/6/2 1838/6/2 1841/6/2
f 1839/6/2 1840/6/2 1844/6/2
f 1842/6/2 1843/6/2 1846/6/2
f 1846/6/2 1843/6/2 1847/6/2
f 1844/6/2 1845/6/2 1849/6/2
f 1847/6/2 1848/6/2 1850/6/2
f 1850/6/2 1848/6/2 1851/6/2
f 1839/6/2 1844/6/2 1854/6/2
f 1844/6/2 1849/6/2 1854/6/2
f 1854/6/2 1849/6/2 1855/6/2
f 1852/1/2 1853/1/2 1856/1/2
f 1852/1/2 1856/1/2 1860/1/2
f 1856/6/2 1857/6/2 1861/6/2
f 1860/1/2 1856/1/2 1861/1/2
f 1861/6/2 1857/6/2 1862/6/2
f 1858/6/2 1859/6/2 1864/6/2
f 1864/6/2 1859/6/2 1865/6/2
f 1862/6/2 1863/6/2 1870/6/2
f 1861/6/2 1862/6/2 1870/6/2
f 1870/6/2 1863/6/2 1871/6/2
f 1871/6/2 1863/6/2 1872/6/2
f 1866/6/2 1867/6/2 1873/6/2
f 1873/6/2 1867/6/2 1874/6/2
f 1868/6/2 1869/6/2 1875/6/2
f 1870/1/2 1871/1/2 1876/1/2
f 1876/1/2 1871/1/2 1877/1/2
f 1873/6/2 1874/6/2 1879/6/2
f 1874/6/2 1875/6/2 1879/6/2
f 1879/6/2 1875/6/2 1880/6/2
f 1875/6/2 1869/6/2 1881/6/2
f 1880/6/2 1875/6/2 1881/6/2
f 1881/6/2 1869/6/2 1882/6/2
f 1877/6/2 1878/6/2 1883/6/2
f 1876/6/2 1877/6/2 1883/6/2
f 1880/6/2 1881/6/2 1884/6/2
f 1881/1/2 1882/1/2 1885/1/2
f 1884/6/2 1881/6/2 1885/6/2
f 1885/1/2 1882/1/2 1886/1/2
f 1876/6/2 1883/6/2 1887/6/2
f 1887/6/2 1883/6/2 1888/6/2
f 1884/6/2 1885/6/2 1889/6/2
f 1885/6/2 1886/6/2 1889/6/2
f 1889/6/2 1886/6/2 1890/6/2
f 1890/6/2 1886/6/2 1891/6/2
f 1891/6/2 1886/6/2 1892/6/2
f 1890/6/2 1891/6/2 1893/6/2
f 1893/6/2 1891/6/2 1894/6/2
f 1895/11/2 1896/11/2 1901/11/2
f 1901/11/2 1896/11/2 1902/11/2
f 1902/11/2 1896/11/2 1903/11/2
f 1897/9/2 1898/9/2 1904/9/2
f 1904/9/2 1898/9/2 1905/9/2
f 1899/11/2 1900/11/2 1907/11/2
f 1900/5/2 1901/5/2 1907/5/2
f 1901/18/2 1902/18/2 1908/18/2
f 1907/5/2 1901/5/2 1908/5/2
f 1908/18/2 1902/18/2 1909/18/2
f 1904/9/2 1905/9/2 1911/9/2
f 1905/9/2 1906/9/2 1911/9/2
f 1911/9/2 1906/9/2 1912/9/2
f 1899/11/2 1907/11/2 1913/11/2
f 1907/18/2 1908/18/2 1914/18/2
f 1913/11/2 1907/11/2 1914/11/2
f 1908/11/2 1909/11/2 1915/11/2
f 1914/18/2 1908/18/2 1915/18/2
f 1909/9/2 1910/9/2 1916/9/2
f 1915/11/2 1909/11/2 1916/11/2
f 1916/9/2 1910/9/2 1917/9/2
f 1917/9/2 1910/9/2 1918/9/2
f 1904/9/2 1911/9/2 1919/9/2
f 1911/4/2 1912/4/2 1919/4/2
f 1919/4/2 1912/4/2 1920/4/2
f 1914/11/2 1915/11/2 1921/11/2
f 1921/11/2 1915/11/2 1922/11/2
f 1919/9/2 1920/9/2 1925/9/2
f 1904/9/2 1919/9/2 1925/9/2
f 1923/9/2 1924/9/2 1930/9/2
f 1924/4/2 1925/4/2 1931/4/2
f 1930/9/2 1924/9/2 1931/9/2
f 1925/9/2 1920/9/2 1932/9/2
f 1931/4/2 1925/4/2 1932/4/2
f 1932/9/2 1920/9/2 1933/9/2
f 1926/4/2 1927/4/2 1935/4/2
f 1928/9/2 1929/9/2 1936/9/2
f 1927/9/2 1928/9/2 1936/9/2
f 1935/4/2 1927/4/2 1936/4/2
f 1936/9/2 1929/9/2 1937/9/2
f 1934/4/2 1935/4/2 1939/4/2
f 1935/9/2 1936/9/2 1940/9/2
f 1936/4/2 1937/4/2 1940/4/2
f 1937/9/2 1929/9/2 1941/9/2
f 1940/4/2 1937/4/2 1941/4/2
f 1929/4/2 1930/4/2 1942/4/2
f 1941/9/2 1929/9/2 1942/9/2
f 1930/9/2 1931/9/2 1943/9/2
f 1942/4/2 1930/4/2 1943/4/2
f 1931/9/2 1932/9/2 1943/9/2
f 1943/9/2 1932/9/2 1944/9/2
f 1944/9/2 1932/9/2 1945/9/2
f 1938/4/2 1939/4/2 1947/4/2
f 1939/4/2 1935/4/2 1948/4/2
f 1947/4/2 1939/4/2 1948/4/2
f 1935/9/2 1940/9/2 1949/9/2
f 1948/4/2 1935/4/2 1949/4/2
f 1940/9/2 1941/9/2 1949/9/2
f 1941/9/2 1942/9/2 1949/9/2
f 1942/9/2 1943/9/2 1949/9/2
f 1943/9/2 1944/9/2 1949/9/2
f 1944/4/2 1945/4/2 1950/4/2
f 1949/9/2 1944/9/2 1950/9/2
f 1950/4/2 1945/4/2 1951/4/2
f 1946/1/2 1947/1/2 1953/1/2
f 1953/1/2 1947/1/2 1954/1/2
f 1951/1/2 1952/1/2 1955/1/2
f 1955/1/2 1952/1/2 1956/1/2
f 1957/6/2 1958/6/2 1960/6/2
f 1958/6/2 1959/6/2 1960/6/2
f 1960/6/2 1959/6/2 1961/6/2
f 1962/6/2 1963/6/2 1967/6/2
f 1967/6/2 1963/6/2 1968/6/2
f 1966/6/2 1967/6/2 1972/6/2
f 1967/6/2 1968/6/2 1972/6/2
f 1968/6/2 1969/6/2 1972/6/2
f 1972/6/2 1969/6/2 1973/6/2
f 1970/6/2 1971/6/2 1974/6/2
f 1974/6/2 1971/6/2 1975/6/2
f 1966/6/2 1972/6/2 1977/6/2
f 1977/6/2 1972/6/2 1978/6/2
f 1978/6/2 1972/6/2 1979/6/2
f 1979/6/2 1972/6/2 1980/6/2
f 1964/6/2 1965/6/2 1981/6/2
f 1981/6/2 1965/6/2 1982/6/2
f 1975/6/2 1971/6/2 1983/6/2
f 1983/6/2 1971/6/2 1984/6/2
f 1976/6/2 1977/6/2 1985/6/2
f 1985/6/2 1977/6/2 1986/6/2
f 1978/6/2 1979/6/2 1987/6/2
f 1985/1/2 1986/1/2 1988/1/2
f 1986/6/2 1987/6/2 1989/6/2
f 1988/1/2 1986/1/2 1989/1/2
f 1987/6/2 1979/6/2 1990/6/2
f 1989/6/2 1987/6/2 1990/6/2
f 1990/6/2 1991/6/2 1992/6/2
f 1989/6/2 1990/6/2 1992/6/2
f 1992/6/2 1991/6/2 1993/6/2
f 1993/6/2 1991/6/2 1994/6/2
f 1994/6/2 1991/6/2 1995/6/2
f 1993/6/2 1994/6/2 1996/6/2
f 1994/1/2 1995/1/2 1997/1/2
f 1996/6/2 1994/6/2 1997/6/2
f 1997/1/2 1995/1/2 1998/1/2
f 1997/6/2 1998/6/2 2002/6/2
f 1998/6/2 1999/6/2 2002/6/2
f 2000/6/2 2001/6/2 2004/6/2
f 2002/6/2 2003/6/2 2006/6/2
f 1997/6/2 2002/6/2 2006/6/2
f 2006/6/2 2003/6/2 2007/6/2
f 2004/6/2 2001/6/2 2008/6/2
f 2008/6/2 2001/6/2 2009/6/2
f 2005/6/2 2006/6/2 2010/6/2
f 2010/6/2 2006/6/2 2011/6/2
f 2012/6/2 2013/6/2 2014/6/2
f 2014/6/2 2013/6/2 2015/6/2
f 2015/6/2 2013/6/2 2016/6/2
f 2015/6/2 2016/6/2 2018/6/2
f 2016/6/2 2017/6/2 2018/6/2
f 2018/6/2 2017/6/2 2019/6/2
f 2020/4/2 2021/4/2 2024/4/2
f 2024/4/2 2021/4/2 2025/4/2
f 2022/9/2 2023/9/2 2026/9/2
f 2026/9/2 2023/9/2 2027/9/2
f 2028/4/2 2029/4/2 2034/4/2
f 2029/9/2 2030/9/2 2035/9/2
f 2034/4/2 2029/4/2 2035/4/2
f 2031/18/2 2032/18/2 2038/18/2
f 2032/11/2 2033/11/2 2039/11/2
f 2038/18/2 2032/18/2 2039/18/2
f 2039/11/2 2033/11/2 2040/11/2
f 2034/9/2 2035/9/2 2041/9/2
f 2035/9/2 2030/9/2 2042/9/2
f 2041/9/2 2035/9/2 2042/9/2
f 2036/9/2 2037/9/2 2043/9/2
f 2039/9/2 2040/9/2 2044/9/2
f 2040/9/2 2041/9/2 2044/9/2
f 2044/9/2 2041/9/2 2045/9/2
f 2036/9/2 2043/9/2 2046/9/2
f 2046/9/2 2043/9/2 2047/9/2
f 2048/1/2 2049/1/2 2052/1/2
f 2052/1/2 2049/1/2 2053/1/2
f 2050/1/2 2051/1/2 2056/1/2
f 2056/1/2 2051/1/2 2057/1/2
f 2054/6/2 2055/6/2 2058/6/2
f 2058/6/2 2055/6/2 2059/6/2
f 2060/6/2 2061/6/2 2062/6/2
f 2062/6/2 2061/6/2 2063/6/2
f 2063/6/2 2061/6/2 2064/6/2
f 2065/6/2 2066/6/2 2068/6/2
f 2067/6/2 2068/6/2 2069/6/2
f 2069/6/2 2068/6/2 2073/6/2
f 2068/6/2 2066/6/2 2074/6/2
f 2073/6/2 2068/6/2 2074/6/2
f 2070/6/2 2071/6/2 2075/6/2
f 2072/6/2 2073/6/2 2077/6/2
f 2074/6/2 2075/6/2 2077/6/2
f 2073/6/2 2074/6/2 2077/6/2
f 2077/6/2 2075/6/2 2078/6/2
f 2078/6/2 2075/6/2 2079/6/2
f 2076/6/2 2077/6/2 2080/6/2
f 2077/6/2 2078/6/2 2080/6/2
f 2079/6/2 2075/6/2 2081/6/2
f 2076/6/2 2080/6/2 2082/6/2
f 2080/6/2 2081/6/2 2082/6/2
f 2082/6/2 2081/6/2 2083/6/2
f 2083/6/2 2081/6/2 2084/6/2
f 2075/6/2 2071/6/2 2085/6/2
f 2084/6/2 2081/6/2 2085/6/2
f 2081/6/2 2075/6/2 2085/6/2
f 2083/6/2 2084/6/2 2086/6/2
f 2086/6/2 2084/6/2 2087/6/2
f 2088/11/2 2089/11/2 2092/11/2
f 2092/11/2 2089/11/2 2093/11/2
f 2090/17/2 2091/17/2 2094/17/2
f 2094/17/2 2091/17/2 2095/17/2
f 2096/6/2 2097/6/2 2098/6/2
f 2098/6/2 2097/6/2 2099/6/2
f 2100/9/2 2101/9/2 2105/9/2
f 2105/9/2 2101/9/2 2106/9/2
f 2102/9/2 2103/9/2 2107/9/2
f 2103/4/2 2104/4/2 2108/4/2
f 2107/9/2 2103/9/2 2108/9/2
f 2108/4/2 2104/4/2 2109/4/2
f 2110/9/2 2111/9/2 2114/9/2
f 2114/9/2 2111/9/2 2115/9/2
f 2112/9/2 2113/9/2 2118/9/2
f 2118/9/2 2113/9/2 2119/9/2
f 2115/4/2 2116/4/2 2120/4/2
f 2116/9/2 2117/9/2 2121/9/2
f 2120/4/2 2116/4/2 2121/4/2
f 2121/9/2 2117/9/2 2122/9/2
f 2123/1/2 2124/1/2 2127/1/2
f 2127/1/2 2124/1/2 2128/1/2
f 2125/1/2 2126/1/2 2129/1/2
f 2129/1/2 2126/1/2 2130/1/2
f 2131/6/2 2132/6/2 2133/6/2
f 2131/6/2 2133/6/2 2135/6/2
f 2133/6/2 2134/6/2 2135/6/2
f 2135/6/2 2134/6/2 2136/6/2
f 2136/6/2 2134/6/2 2140/6/2
f 2137/6/2 2138/6/2 2142/6/2
f 2142/6/2 2138/6/2 2143/6/2
f 2143/6/2 2138/6/2 2144/6/2
f 2139/6/2 2140/6/2 2145/6/2
f 2140/6/2 2134/6/2 2146/6/2
f 2145/6/2 2140/6/2 2146/6/2
f 2141/6/2 2142/6/2 2147/6/2
f 2142/6/2 2143/6/2 2147/6/2
f 2147/6/2 2143/6/2 2148/6/2
f 2149/1/2 2150/1/2 2151/1/2
f 2151/1/2 2150/1/2 2152/1/2
f 2153/11/2 2154/11/2 2155/11/2
f 2155/11/2 2154/11/2 2156/11/2
f 2157/11/2 2158/11/2 2162/11/2
f 2162/11/2 2158/11/2 2163/11/2
f 2159/11/2 2160/11/2 2164/11/2
f 2160/6/2 2161/6/2 2165/6/2
f 2164/11/2 2160/11/2 2165/11/2
f 2165/6/2 2161/6/2 2166/6/2
f 2166/6/2 2161/6/2 2167/6/2
f 2164/6/2 2165/6/2 2168/6/2
f 2165/6/2 2166/6/2 2168/6/2
f 2168/6/2 2166/6/2 2169/6/2
f 2170/9/2 2171/9/2 2172/9/2
f 2172/9/2 2171/9/2 2173/9/2
f 2174/1/2 2175/1/2 2176/1/2
f 2176/1/2 2175/1/2 2177/1/2
f 2178/6/2 2179/6/2 2182/6/2
f 2182/6/2 2179/6/2 2183/6/2
f 2180/6/2 2181/6/2 2184/6/2
f 2184/6/2 2181/6/2 2185/6/2
f 2186/5/2 2187/5/2 2190/5/2
f 2190/5/2 2187/5/2 2191/5/2
f 2188/17/2 2189/17/2 2192/17/2
f 2192/17/2 2189/17/2 2193/17/2
f 2191/11/2 2192/11/2 2194/11/2
f 2194/11/2 2192/11/2 2195/11/2
f 2196/11/2 2197/11/2 2198/11/2
f 2198/11/2 2197/11/2 2199/11/2
f 2200/5/2 2201/5/2 2203/5/2
f 2201/11/2 2202/11/2 2204/11/2
f 2203/5/2 2201/5/2 2204/5/2
f 2204/11/2 2202/11/2 2205/11/2
f 2206/17/2 2207/17/2 2210/17/2
f 2207/11/2 2208/11/2 2211/11/2
f 2210/17/2 2207/17/2 2211/17/2
f 2208/17/2 2209/17/2 2212/17/2
f 2211/11/2 2208/11/2 2212/11/2
f 2212/17/2 2209/17/2 2213/17/2
f 2213/17/2 2209/17/2 2214/17/2
f 2210/18/2 2211/18/2 2215/18/2
f 2211/18/2 2212/18/2 2215/18/2
f 2215/18/2 2212/18/2 2216/18/2
f 2212/11/2 2213/11/2 2217/11/2
f 2216/18/2 2212/18/2 2217/18/2
f 2213/18/2 2214/18/2 2218/18/2
f 2217/11/2 2213/11/2 2218/11/2
f 2215/11/2 2216/11/2 2219/11/2
f 2216/18/2 2217/18/2 2220/18/2
f 2219/11/2 2216/11/2 2220/11/2
f 2217/18/2 2218/18/2 2220/18/2
f 2218/18/2 2214/18/2 2221/18/2
f 2220/18/2 2218/18/2 2221/18/2
f 2224/1/3 2223/1/3 2222/1/3
f 2225/1/3 2223/1/3 2224/1/3
f 2228/1/3 2227/1/3 2226/1/3
f 2229/1/3 2227/1/3 2228/1/3
f 2232/1/3 2231/1/3 2230/1/3
f 2233/1/3 2231/1/3 2232/1/3
f 2238/6/3 2235/6/3 2234/6/3
f 2239/6/3 2235/6/3 2238/6/3
f 2240/1/3 2237/1/3 2236/1/3
f 2241/1/3 2237/1/3 2240/1/3
f 2244/6/3 2243/6/3 2242/6/3
f 2245/6/3 2243/6/3 2244/6/3
f 2248/6/3 2247/6/3 2246/6/3
f 2249/6/3 2247/6/3 2248/6/3
f 2252/1/3 2249/1/3 2248/1/3
f 2253/1/3 2249/1/3 2252/1/3
f 2254/1/3 2251/1/3 2250/1/3
f 2255/1/3 2251/1/3 2254/1/3
f 2260/6/3 2257/6/3 2256/6/3
f 2261/1/3 2258/1/3 2257/1/3
f 2261/6/3 2257/6/3 2260/6/3
f 2262/1/3 2258/1/3 2261/1/3
f 2266/6/3 2260/6/3 2259/6/3
f 2266/6/3 2261/6/3 2260/6/3
f 2266/6/3 2263/6/3 2262/6/3
f 2266/6/3 2262/6/3 2261/6/3
f 2267/6/3 2263/6/3 2266/6/3
f 2268/6/3 2263/6/3 2267/6/3
f 2269/6/3 2263/6/3 2268/6/3
f 2271/1/3 2265/1/3 2264/1/3
f 2272/1/3 2265/1/3 2271/1/3
f 2276/6/3 2268/6/3 2267/6/3
f 2277/6/3 2268/6/3 2276/6/3
f 2278/1/3 2269/1/3 2268/1/3
f 2278/6/3 2268/6/3 2277/6/3
f 2279/6/3 2270/6/3 2269/6/3
f 2279/1/3 2269/1/3 2278/1/3
f 2280/6/3 2270/6/3 2279/6/3
f 2281/6/3 2274/6/3 2273/6/3
f 2283/6/3 2278/6/3 2277/6/3
f 2283/1/3 2277/1/3 2276/1/3
f 2283/6/3 2279/6/3 2278/6/3
f 2284/6/3 2279/6/3 2283/6/3
f 2285/1/3 2280/1/3 2279/1/3
f 2285/6/3 2279/6/3 2284/6/3
f 2286/1/3 2280/1/3 2285/1/3
f 2292/1/3 2284/1/3 2283/1/3
f 2292/6/3 2276/6/3 2275/6/3
f 2292/1/3 2283/1/3 2276/1/3
f 2293/6/3 2285/6/3 2284/6/3
f 2293/1/3 2284/1/3 2292/1/3
f 2294/6/3 2285/6/3 2293/6/3
f 2295/6/3 2285/6/3 2294/6/3
f 2300/18/3 2288/18/3 2287/18/3
f 2301/11/3 2289/11/3 2288/11/3
f 2301/18/3 2288/18/3 2300/18/3
f 2302/18/3 2290/18/3 2289/18/3
f 2302/11/3 2289/11/3 2301/11/3
f 2303/15/3 2291/15/3 2290/15/3
f 2303/18/3 2290/18/3 2302/18/3
f 2304/15/3 2291/15/3 2303/15/3
f 2308/6/3 2281/6/3 2273/6/3
f 2309/6/3 2292/6/3 2275/6/3
f 2309/6/3 2293/6/3 2292/6/3
f 2309/6/3 2294/6/3 2293/6/3
f 2310/6/3 2294/6/3 2309/6/3
f 2311/6/3 2294/6/3 2310/6/3
f 2314/6/3 2297/6/3 2296/6/3
f 2315/17/3 2300/17/3 2299/17/3
f 2315/11/3 2299/11/3 2298/11/3
f 2316/21/3 2301/21/3 2300/21/3
f 2316/17/3 2300/17/3 2315/17/3
f 2317/11/3 2302/11/3 2301/11/3
f 2317/21/3 2301/21/3 2316/21/3
f 2317/11/3 2303/11/3 2302/11/3
f 2318/11/3 2303/11/3 2317/11/3
f 2319/15/3 2305/15/3 2304/15/3
f 2319/8/3 2304/8/3 2303/8/3
f 2320/5/3 2306/5/3 2305/5/3
f 2320/15/3 2305/15/3 2319/15/3
f 2321/5/3 2306/5/3 2320/5/3
f 2322/6/3 2308/6/3 2307/6/3
f 2323/6/3 2281/6/3 2308/6/3
f 2323/6/3 2308/6/3 2322/6/3
f 2324/14/3 2282/14/3 2281/14/3
f 2324/6/3 2281/6/3 2323/6/3
f 2325/14/3 2282/14/3 2324/14/3
f 2327/6/3 2311/6/3 2310/6/3
f 2328/6/3 2311/6/3 2327/6/3
f 2329/1/3 2312/1/3 2311/1/3
f 2329/6/3 2311/6/3 2328/6/3
f 2330/1/3 2312/1/3 2329/1/3
f 2331/1/3 2314/1/3 2313/1/3
f 2332/6/3 2297/6/3 2314/6/3
f 2332/1/3 2314/1/3 2331/1/3
f 2333/6/3 2297/6/3 2332/6/3
f 2334/11/3 2316/11/3 2315/11/3
f 2334/11/3 2315/11/3 2298/11/3
f 2335/11/3 2316/11/3 2334/11/3
f 2336/18/3 2318/18/3 2317/18/3
f 2336/21/3 2317/21/3 2316/21/3
f 2337/11/3 2303/11/3 2318/11/3
f 2337/18/3 2318/18/3 2336/18/3
f 2338/8/3 2319/8/3 2303/8/3
f 2338/11/3 2303/11/3 2337/11/3
f 2338/8/3 2320/8/3 2319/8/3
f 2339/8/3 2320/8/3 2338/8/3
f 2340/11/3 2321/11/3 2320/11/3
f 2340/8/3 2320/8/3 2339/8/3
f 2341/20/3 2325/20/3 2324/20/3
f 2341/13/3 2324/13/3 2323/13/3
f 2342/13/3 2326/13/3 2325/13/3
f 2342/20/3 2325/20/3 2341/20/3
f 2343/13/3 2326/13/3 2342/13/3
f 2344/1/3 2328/1/3 2327/1/3
f 2344/6/3 2327/6/3 2310/6/3
f 2345/6/3 2330/6/3 2329/6/3
f 2345/1/3 2328/1/3 2344/1/3
f 2345/6/3 2329/6/3 2328/6/3
f 2346/6/3 2330/6/3 2345/6/3
f 2347/6/3 2330/6/3 2346/6/3
f 2348/11/3 2337/11/3 2336/11/3
f 2348/21/3 2336/21/3 2316/21/3
f 2348/11/3 2338/11/3 2337/11/3
f 2349/11/3 2338/11/3 2348/11/3
f 2350/18/3 2339/18/3 2338/18/3
f 2350/11/3 2338/11/3 2349/11/3
f 2351/11/3 2340/11/3 2339/11/3
f 2351/18/3 2339/18/3 2350/18/3
f 2352/11/3 2340/11/3 2351/11/3
f 2353/11/3 2321/11/3 2340/11/3
f 2353/11/3 2340/11/3 2352/11/3
f 2354/13/3 2341/13/3 2323/13/3
f 2355/6/3 2342/6/3 2341/6/3
f 2355/13/3 2341/13/3 2354/13/3
f 2356/6/3 2344/6/3 2310/6/3
f 2356/6/3 2346/6/3 2345/6/3
f 2356/6/3 2345/6/3 2344/6/3
f 2357/6/3 2346/6/3 2356/6/3
f 2358/6/3 2346/6/3 2357/6/3
f 2359/1/3 2347/1/3 2346/1/3
f 2359/6/3 2346/6/3 2358/6/3
f 2360/1/3 2347/1/3 2359/1/3
f 2361/6/3 2332/6/3 2331/6/3
f 2363/5/3 2335/5/3 2334/5/3
f 2364/11/3 2316/11/3 2335/11/3
f 2364/5/3 2335/5/3 2363/5/3
f 2365/21/3 2348/21/3 2316/21/3
f 2365/11/3 2316/11/3 2364/11/3
f 2366/18/3 2349/18/3 2348/18/3
f 2366/21/3 2348/21/3 2365/21/3
f 2367/11/3 2352/11/3 2351/11/3
f 2367/18/3 2349/18/3 2366/18/3
f 2367/11/3 2350/11/3 2349/11/3
f 2367/11/3 2351/11/3 2350/11/3
f 2368/11/3 2352/11/3 2367/11/3
f 2369/18/3 2353/18/3 2352/18/3
f 2369/11/3 2352/11/3 2368/11/3
f 2370/11/3 2321/11/3 2353/11/3
f 2370/18/3 2353/18/3 2369/18/3
f 2371/20/3 2355/20/3 2354/20/3
f 2372/6/3 2342/6/3 2355/6/3
f 2372/20/3 2355/20/3 2371/20/3
f 2373/20/3 2343/20/3 2342/20/3
f 2373/6/3 2342/6/3 2372/6/3
f 2374/20/3 2343/20/3 2373/20/3
f 2376/1/3 2357/1/3 2356/1/3
f 2377/6/3 2358/6/3 2357/6/3
f 2378/6/3 2358/6/3 2377/6/3
f 2381/6/3 2361/6/3 2331/6/3
f 2382/3/3 2362/3/3 2361/3/3
f 2382/6/3 2361/6/3 2381/6/3
f 2383/3/3 2362/3/3 2382/3/3
f 2384/18/3 2365/18/3 2364/18/3
f 2384/11/3 2364/11/3 2363/11/3
f 2385/21/3 2366/21/3 2365/21/3
f 2385/18/3 2365/18/3 2384/18/3
f 2386/18/3 2368/18/3 2367/18/3
f 2386/11/3 2367/11/3 2366/11/3
f 2387/8/3 2369/8/3 2368/8/3
f 2387/18/3 2368/18/3 2386/18/3
f 2387/8/3 2370/8/3 2369/8/3
f 2388/8/3 2370/8/3 2387/8/3
f 2389/11/3 2321/11/3 2370/11/3
f 2389/8/3 2370/8/3 2388/8/3
f 2390/11/3 2321/11/3 2389/11/3
f 2392/13/3 2372/13/3 2371/13/3
f 2392/13/3 2374/13/3 2373/13/3
f 2392/13/3 2373/13/3 2372/13/3
f 2393/13/3 2374/13/3 2392/13/3
f 2394/13/3 2374/13/3 2393/13/3
f 2395/13/3 2374/13/3 2394/13/3
f 2396/6/3 2376/6/3 2375/6/3
f 2396/1/3 2357/1/3 2376/1/3
f 2397/6/3 2377/6/3 2357/6/3
f 2397/1/3 2357/1/3 2396/1/3
f 2398/6/3 2377/6/3 2397/6/3
f 2399/1/3 2379/1/3 2378/1/3
f 2400/6/3 2380/6/3 2379/6/3
f 2400/1/3 2379/1/3 2399/1/3
f 2401/11/3 2384/11/3 2363/11/3
f 2401/11/3 2385/11/3 2384/11/3
f 2402/21/3 2366/21/3 2385/21/3
f 2402/11/3 2385/11/3 2401/11/3
f 2403/11/3 2386/11/3 2366/11/3
f 2403/21/3 2366/21/3 2402/21/3
f 2403/11/3 2387/11/3 2386/11/3
f 2404/11/3 2387/11/3 2403/11/3
f 2405/8/3 2388/8/3 2387/8/3
f 2405/11/3 2387/11/3 2404/11/3
f 2406/15/3 2389/15/3 2388/15/3
f 2406/8/3 2388/8/3 2405/8/3
f 2407/5/3 2390/5/3 2389/5/3
f 2407/15/3 2389/15/3 2406/15/3
f 2408/5/3 2390/5/3 2407/5/3
f 2409/6/3 2393/6/3 2392/6/3
f 2409/6/3 2392/6/3 2391/6/3
f 2410/6/3 2393/6/3 2409/6/3
f 2411/6/3 2380/6/3 2400/6/3
f 2411/6/3 2399/6/3 2398/6/3
f 2411/6/3 2397/6/3 2396/6/3
f 2411/6/3 2400/6/3 2399/6/3
f 2411/6/3 2398/6/3 2397/6/3
f 2412/6/3 2380/6/3 2411/6/3
f 2413/11/3 2403/11/3 2402/11/3
f 2414/17/3 2404/17/3 2403/17/3
f 2414/11/3 2403/11/3 2413/11/3
f 2415/11/3 2405/11/3 2404/11/3
f 2415/17/3 2404/17/3 2414/17/3
f 2416/15/3 2406/15/3 2405/15/3
f 2416/11/3 2405/11/3 2415/11/3
f 2417/15/3 2406/15/3 2416/15/3
f 2418/6/3 2411/6/3 2396/6/3
f 2418/6/3 2396/6/3 2375/6/3
f 2419/6/3 2411/6/3 2418/6/3
f 2420/6/3 2411/6/3 2419/6/3
f 2423/6/3 2393/6/3 2410/6/3
f 2423/14/3 2394/14/3 2393/14/3
f 2424/14/3 2394/14/3 2423/14/3
f 2426/6/3 2420/6/3 2419/6/3
f 2427/6/3 2420/6/3 2426/6/3
f 2428/6/3 2420/6/3 2427/6/3
f 2429/6/3 2420/6/3 2428/6/3
f 2430/4/3 2422/4/3 2421/4/3
f 2431/4/3 2422/4/3 2430/4/3
f 2433/6/3 2423/6/3 2410/6/3
f 2434/6/3 2423/6/3 2433/6/3
f 2435/6/3 2426/6/3 2425/6/3
f 2435/6/3 2427/6/3 2426/6/3
f 2436/6/3 2427/6/3 2435/6/3
f 2437/1/3 2428/1/3 2427/1/3
f 2438/1/3 2428/1/3 2437/1/3
f 2439/1/3 2432/1/3 2431/1/3
f 2440/1/3 2432/1/3 2439/1/3
f 2441/6/3 2427/6/3 2436/6/3
f 2442/1/3 2437/1/3 2427/1/3
f 2442/6/3 2427/6/3 2441/6/3
f 2443/1/3 2437/1/3 2442/1/3
f 2452/6/3 2445/6/3 2444/6/3
f 2453/6/3 2445/6/3 2452/6/3
f 2454/6/3 2447/6/3 2446/6/3
f 2455/6/3 2447/6/3 2454/6/3
f 2457/6/3 2449/6/3 2448/6/3
f 2458/6/3 2449/6/3 2457/6/3
f 2459/6/3 2449/6/3 2458/6/3
f 2460/1/3 2451/1/3 2450/1/3
f 2461/1/3 2451/1/3 2460/1/3
f 2465/6/3 2452/6/3 2444/6/3
f 2466/6/3 2452/6/3 2465/6/3
f 2467/6/3 2458/6/3 2457/6/3
f 2467/6/3 2457/6/3 2456/6/3
f 2468/6/3 2458/6/3 2467/6/3
f 2469/6/3 2458/6/3 2468/6/3
f 2470/6/3 2458/6/3 2469/6/3
f 2477/6/3 2469/6/3 2468/6/3
f 2478/3/3 2470/3/3 2469/3/3
f 2478/6/3 2469/6/3 2477/6/3
f 2479/6/3 2458/6/3 2470/6/3
f 2479/3/3 2470/3/3 2478/3/3
f 2480/6/3 2458/6/3 2479/6/3
f 2481/6/3 2458/6/3 2480/6/3
f 2483/18/3 2473/18/3 2472/18/3
f 2483/11/3 2472/11/3 2471/11/3
f 2484/2/3 2474/2/3 2473/2/3
f 2484/18/3 2473/18/3 2483/18/3
f 2485/4/3 2475/4/3 2474/4/3
f 2485/2/3 2474/2/3 2484/2/3
f 2486/4/3 2475/4/3 2485/4/3
f 2490/6/3 2477/6/3 2476/6/3
f 2490/6/3 2478/6/3 2477/6/3
f 2491/1/3 2479/1/3 2478/1/3
f 2491/6/3 2478/6/3 2490/6/3
f 2492/3/3 2480/3/3 2479/3/3
f 2492/1/3 2479/1/3 2491/1/3
f 2493/3/3 2480/3/3 2492/3/3
f 2494/1/3 2482/1/3 2481/1/3
f 2495/1/3 2482/1/3 2494/1/3
f 2497/11/3 2484/11/3 2483/11/3
f 2497/11/3 2483/11/3 2471/11/3
f 2497/11/3 2485/11/3 2484/11/3
f 2498/11/3 2485/11/3 2497/11/3
f 2499/11/3 2485/11/3 2498/11/3
f 2500/11/3 2485/11/3 2499/11/3
f 2501/11/3 2485/11/3 2500/11/3
f 2502/9/3 2486/9/3 2485/9/3
f 2502/11/3 2485/11/3 2501/11/3
f 2503/4/3 2487/4/3 2486/4/3
f 2503/9/3 2486/9/3 2502/9/3
f 2504/4/3 2487/4/3 2503/4/3
f 2507/3/3 2493/3/3 2492/3/3
f 2508/1/3 2494/1/3 2493/1/3
f 2508/3/3 2493/3/3 2507/3/3
f 2509/6/3 2495/6/3 2494/6/3
f 2509/1/3 2494/1/3 2508/1/3
f 2510/11/3 2498/11/3 2497/11/3
f 2510/11/3 2497/11/3 2496/11/3
f 2511/11/3 2498/11/3 2510/11/3
f 2512/11/3 2498/11/3 2511/11/3
f 2513/15/3 2503/15/3 2502/15/3
f 2514/11/3 2504/11/3 2503/11/3
f 2514/15/3 2503/15/3 2513/15/3
f 2515/11/3 2504/11/3 2514/11/3
f 2516/6/3 2489/6/3 2488/6/3
f 2517/6/3 2489/6/3 2516/6/3
f 2520/14/3 2463/14/3 2462/14/3
f 2521/21/3 2464/21/3 2463/21/3
f 2521/14/3 2463/14/3 2520/14/3
f 2522/21/3 2464/21/3 2521/21/3
f 2523/6/3 2506/6/3 2505/6/3
f 2524/6/3 2506/6/3 2523/6/3
f 2525/6/3 2509/6/3 2508/6/3
f 2525/6/3 2495/6/3 2509/6/3
f 2526/6/3 2495/6/3 2525/6/3
f 2527/6/3 2519/6/3 2518/6/3
f 2528/6/3 2519/6/3 2527/6/3
f 2530/6/3 2525/6/3 2508/6/3
f 2531/6/3 2530/6/3 2529/6/3
f 2532/6/3 2525/6/3 2530/6/3
f 2532/6/3 2530/6/3 2531/6/3
f 2533/6/3 2525/6/3 2532/6/3
f 2541/3/3 2533/3/3 2532/3/3
f 2542/3/3 2533/3/3 2541/3/3
f 2546/6/3 2538/6/3 2537/6/3
f 2547/6/3 2538/6/3 2546/6/3
f 2548/6/3 2540/6/3 2539/6/3
f 2549/6/3 2540/6/3 2548/6/3
f 2550/3/3 2542/3/3 2541/3/3
f 2550/3/3 2543/3/3 2542/3/3
f 2551/3/3 2543/3/3 2550/3/3
f 2552/3/3 2543/3/3 2551/3/3
f 2561/6/3 2545/6/3 2544/6/3
f 2562/6/3 2545/6/3 2561/6/3
f 2566/6/3 2552/6/3 2551/6/3
f 2567/6/3 2552/6/3 2566/6/3
f 2568/11/3 2554/11/3 2553/11/3
f 2569/21/3 2555/21/3 2554/21/3
f 2569/11/3 2554/11/3 2568/11/3
f 2570/21/3 2555/21/3 2569/21/3
f 2574/15/3 2557/15/3 2556/15/3
f 2575/11/3 2558/11/3 2557/11/3
f 2575/15/3 2557/15/3 2574/15/3
f 2576/1/3 2565/1/3 2564/1/3
f 2576/6/3 2564/6/3 2563/6/3
f 2577/1/3 2565/1/3 2576/1/3
f 2578/1/3 2565/1/3 2577/1/3
f 2579/3/3 2567/3/3 2566/3/3
f 2580/3/3 2567/3/3 2579/3/3
f 2581/11/3 2570/11/3 2569/11/3
f 2581/11/3 2571/11/3 2570/11/3
f 2582/18/3 2572/18/3 2571/18/3
f 2582/11/3 2571/11/3 2581/11/3
f 2583/11/3 2574/11/3 2573/11/3
f 2583/18/3 2572/18/3 2582/18/3
f 2583/11/3 2573/11/3 2572/11/3
f 2583/11/3 2575/11/3 2574/11/3
f 2584/11/3 2558/11/3 2575/11/3
f 2584/11/3 2575/11/3 2583/11/3
f 2585/11/3 2558/11/3 2584/11/3
f 2586/6/3 2560/6/3 2559/6/3
f 2587/6/3 2560/6/3 2586/6/3
f 2588/14/3 2535/14/3 2534/14/3
f 2589/21/3 2536/21/3 2535/21/3
f 2589/14/3 2535/14/3 2588/14/3
f 2590/21/3 2536/21/3 2589/21/3
f 2594/6/3 2576/6/3 2563/6/3
f 2595/3/3 2577/3/3 2576/3/3
f 2595/6/3 2576/6/3 2594/6/3
f 2596/1/3 2578/1/3 2577/1/3
f 2596/3/3 2577/3/3 2595/3/3
f 2596/1/3 2579/1/3 2578/1/3
f 2597/1/3 2579/1/3 2596/1/3
f 2598/11/3 2581/11/3 2569/11/3
f 2599/18/3 2582/18/3 2581/18/3
f 2599/11/3 2581/11/3 2598/11/3
f 2599/18/3 2583/18/3 2582/18/3
f 2599/18/3 2584/18/3 2583/18/3
f 2600/18/3 2584/18/3 2599/18/3
f 2602/6/3 2592/6/3 2591/6/3
f 2606/6/3 2594/6/3 2593/6/3
f 2607/1/3 2595/1/3 2594/1/3
f 2607/6/3 2594/6/3 2606/6/3
f 2608/6/3 2596/6/3 2595/6/3
f 2608/1/3 2595/1/3 2607/1/3
f 2608/6/3 2597/6/3 2596/6/3
f 2609/6/3 2597/6/3 2608/6/3
f 2610/6/3 2597/6/3 2609/6/3
f 2612/4/3 2601/4/3 2600/4/3
f 2613/4/3 2601/4/3 2612/4/3
f 2615/6/3 2603/6/3 2602/6/3
f 2615/6/3 2602/6/3 2591/6/3
f 2616/6/3 2603/6/3 2615/6/3
f 2617/6/3 2605/6/3 2604/6/3
f 2618/6/3 2605/6/3 2617/6/3
f 2619/6/3 2611/6/3 2610/6/3
f 2619/6/3 2610/6/3 2609/6/3
f 2620/6/3 2611/6/3 2619/6/3
f 2621/1/3 2614/1/3 2613/1/3
f 2622/1/3 2614/1/3 2621/1/3
f 2625/6/3 2624/6/3 2623/6/3
f 2626/6/3 2624/6/3 2625/6/3
f 2639/1/3 2628/1/3 2627/1/3
f 2640/1/3 2628/1/3 2639/1/3
f 2641/6/3 2630/6/3 2629/6/3
f 2642/6/3 2630/6/3 2641/6/3
f 2643/6/3 2632/6/3 2631/6/3
f 2644/6/3 2632/6/3 2643/6/3
f 2645/6/3 2634/6/3 2633/6/3
f 2646/6/3 2634/6/3 2645/6/3
f 2647/6/3 2636/6/3 2635/6/3
f 2648/6/3 2636/6/3 2647/6/3
f 2650/6/3 2638/6/3 2637/6/3
f 2657/6/3 2650/6/3 2649/6/3
f 2658/6/3 2638/6/3 2650/6/3
f 2658/6/3 2650/6/3 2657/6/3
f 2659/11/3 2652/11/3 2651/11/3
f 2660/9/3 2653/9/3 2652/9/3
f 2660/11/3 2652/11/3 2659/11/3
f 2661/2/3 2654/2/3 2653/2/3
f 2661/9/3 2653/9/3 2660/9/3
f 2662/4/3 2655/4/3 2654/4/3
f 2662/2/3 2654/2/3 2661/2/3
f 2663/9/3 2656/9/3 2655/9/3
f 2663/4/3 2655/4/3 2662/4/3
f 2664/9/3 2656/9/3 2663/9/3
f 2670/1/3 2658/1/3 2657/1/3
f 2671/6/3 2638/6/3 2658/6/3
f 2671/1/3 2658/1/3 2670/1/3
f 2672/9/3 2656/9/3 2664/9/3
f 2673/9/3 2656/9/3 2672/9/3
f 2674/6/3 2666/6/3 2665/6/3
f 2675/6/3 2666/6/3 2674/6/3
f 2676/14/3 2668/14/3 2667/14/3
f 2677/14/3 2668/14/3 2676/14/3
f 2683/1/3 2670/1/3 2669/1/3
f 2684/1/3 2670/1/3 2683/1/3
f 2685/6/3 2638/6/3 2671/6/3
f 2687/6/3 2680/6/3 2679/6/3
f 2688/6/3 2680/6/3 2687/6/3
f 2689/3/3 2682/3/3 2681/3/3
f 2690/6/3 2638/6/3 2685/6/3
f 2691/6/3 2638/6/3 2690/6/3
f 2692/6/3 2678/6/3 2677/6/3
f 2693/6/3 2678/6/3 2692/6/3
f 2694/6/3 2687/6/3 2686/6/3
f 2695/7/3 2688/7/3 2687/7/3
f 2695/6/3 2687/6/3 2694/6/3
f 2696/7/3 2688/7/3 2695/7/3
f 2697/3/3 2682/3/3 2689/3/3
f 2698/3/3 2682/3/3 2697/3/3
f 2705/11/3 2701/11/3 2700/11/3
f 2705/11/3 2700/11/3 2699/11/3
f 2706/11/3 2701/11/3 2705/11/3
f 2707/18/3 2702/18/3 2701/18/3
f 2707/11/3 2701/11/3 2706/11/3
f 2708/18/3 2702/18/3 2707/18/3
f 2709/18/3 2706/18/3 2705/18/3
f 2709/11/3 2707/11/3 2706/11/3
f 2709/11/3 2708/11/3 2707/11/3
f 2710/11/3 2708/11/3 2709/11/3
f 2713/3/3 2697/3/3 2696/3/3
f 2714/3/3 2697/3/3 2713/3/3
f 2715/18/3 2709/18/3 2705/18/3
f 2715/18/3 2710/18/3 2709/18/3
f 2716/11/3 2708/11/3 2710/11/3
f 2716/18/3 2710/18/3 2715/18/3
f 2717/11/3 2708/11/3 2716/11/3
f 2718/7/3 2712/7/3 2711/7/3
f 2719/3/3 2714/3/3 2713/3/3
f 2719/7/3 2712/7/3 2718/7/3
f 2719/3/3 2713/3/3 2712/3/3
f 2720/3/3 2714/3/3 2719/3/3
f 2721/11/3 2716/11/3 2715/11/3
f 2722/11/3 2716/11/3 2721/11/3
f 2723/18/3 2717/18/3 2716/18/3
f 2723/11/3 2716/11/3 2722/11/3
f 2724/18/3 2717/18/3 2723/18/3
f 2725/6/3 2704/6/3 2703/6/3
f 2726/6/3 2704/6/3 2725/6/3
f 2731/6/3 2728/6/3 2727/6/3
f 2733/6/3 2728/6/3 2731/6/3
f 2737/6/3 2730/6/3 2729/6/3
f 2738/6/3 2730/6/3 2737/6/3
f 2739/6/3 2733/6/3 2732/6/3
f 2744/6/3 2735/6/3 2734/6/3
f 2745/6/3 2735/6/3 2744/6/3
f 2746/14/3 2737/14/3 2736/14/3
f 2747/14/3 2737/14/3 2746/14/3
f 2756/6/3 2733/6/3 2739/6/3
f 2757/6/3 2728/6/3 2733/6/3
f 2757/6/3 2733/6/3 2756/6/3
f 2758/11/3 2741/11/3 2740/11/3
f 2759/11/3 2741/11/3 2758/11/3
f 2760/18/3 2742/18/3 2741/18/3
f 2760/11/3 2741/11/3 2759/11/3
f 2761/4/3 2743/4/3 2742/4/3
f 2761/18/3 2742/18/3 2760/18/3
f 2762/4/3 2743/4/3 2761/4/3
f 2763/4/3 2743/4/3 2762/4/3
f 2764/6/3 2749/6/3 2748/6/3
f 2765/6/3 2749/6/3 2764/6/3
f 2766/6/3 2751/6/3 2750/6/3
f 2767/6/3 2751/6/3 2766/6/3
f 2768/6/3 2753/6/3 2752/6/3
f 2769/6/3 2753/6/3 2768/6/3
f 2770/6/3 2755/6/3 2754/6/3
f 2771/6/3 2755/6/3 2770/6/3
f 2772/6/3 2728/6/3 2757/6/3
f 2773/6/3 2728/6/3 2772/6/3
f 2774/9/3 2760/9/3 2759/9/3
f 2774/9/3 2762/9/3 2761/9/3
f 2774/9/3 2761/9/3 2760/9/3
f 2775/9/3 2762/9/3 2774/9/3
f 2780/9/3 2774/9/3 2759/9/3
f 2781/9/3 2774/9/3 2780/9/3
f 2782/1/3 2777/1/3 2776/1/3
f 2783/1/3 2777/1/3 2782/1/3
f 2784/6/3 2779/6/3 2778/6/3
f 2785/6/3 2779/6/3 2784/6/3
f 2790/17/3 2787/17/3 2786/17/3
f 2791/18/3 2788/18/3 2787/18/3
f 2791/17/3 2787/17/3 2790/17/3
f 2792/11/3 2789/11/3 2788/11/3
f 2792/18/3 2788/18/3 2791/18/3
f 2793/11/3 2789/11/3 2792/11/3
f 2794/5/3 2792/5/3 2791/5/3
f 2794/5/3 2793/5/3 2792/5/3
f 2795/5/3 2793/5/3 2794/5/3
f 2796/11/3 2795/11/3 2794/11/3
f 2797/11/3 2795/11/3 2796/11/3
f 2798/11/3 2796/11/3 2794/11/3
f 2799/17/3 2797/17/3 2796/17/3
f 2799/11/3 2796/11/3 2798/11/3
f 2800/17/3 2797/17/3 2799/17/3
f 2806/11/3 2802/11/3 2801/11/3
f 2806/5/3 2803/5/3 2802/5/3
f 2807/5/3 2803/5/3 2806/5/3
f 2812/6/3 2805/6/3 2804/6/3
f 2814/11/3 2807/11/3 2806/11/3
f 2814/11/3 2806/11/3 2801/11/3
f 2814/11/3 2808/11/3 2807/11/3
f 2815/1/3 2810/1/3 2809/1/3
f 2816/1/3 2810/1/3 2815/1/3
f 2817/6/3 2812/6/3 2811/6/3
f 2818/6/3 2805/6/3 2812/6/3
f 2818/6/3 2812/6/3 2817/6/3
f 2822/11/3 2814/11/3 2813/11/3
f 2823/11/3 2808/11/3 2814/11/3
f 2823/11/3 2814/11/3 2822/11/3
f 2824/11/3 2808/11/3 2823/11/3
f 2825/11/3 2808/11/3 2824/11/3
f 2828/6/3 2820/6/3 2819/6/3
f 2829/1/3 2821/1/3 2820/1/3
f 2829/6/3 2820/6/3 2828/6/3
f 2830/1/3 2821/1/3 2829/1/3
f 2831/11/3 2823/11/3 2822/11/3
f 2832/18/3 2824/18/3 2823/18/3
f 2832/11/3 2823/11/3 2831/11/3
f 2833/18/3 2824/18/3 2832/18/3
f 2836/6/3 2827/6/3 2826/6/3
f 2841/9/3 2835/9/3 2834/9/3
f 2842/9/3 2835/9/3 2841/9/3
f 2843/6/3 2837/6/3 2836/6/3
f 2843/6/3 2836/6/3 2826/6/3
f 2844/6/3 2837/6/3 2843/6/3
f 2845/7/3 2840/7/3 2839/7/3
f 2848/7/3 2846/7/3 2845/7/3
f 2848/7/3 2847/7/3 2846/7/3
f 2849/7/3 2847/7/3 2848/7/3
f 2852/9/3 2841/9/3 2834/9/3
f 2853/9/3 2841/9/3 2852/9/3
f 2856/7/3 2845/7/3 2839/7/3
f 2856/7/3 2848/7/3 2845/7/3
f 2857/21/3 2849/21/3 2848/21/3
f 2857/7/3 2848/7/3 2856/7/3
f 2858/21/3 2849/21/3 2857/21/3
f 2859/3/3 2851/3/3 2850/3/3
f 2860/3/3 2851/3/3 2859/3/3
f 2863/21/3 2839/21/3 2838/21/3
f 2864/7/3 2856/7/3 2839/7/3
f 2864/21/3 2839/21/3 2863/21/3
f 2865/7/3 2856/7/3 2864/7/3
f 2866/11/3 2862/11/3 2861/11/3
f 2867/11/3 2862/11/3 2866/11/3
f 2868/6/3 2855/6/3 2854/6/3
f 2869/6/3 2855/6/3 2868/6/3
f 2871/3/3 2870/3/3 2869/3/3
f 2872/3/3 2870/3/3 2871/3/3
f 2873/6/3 2872/6/3 2871/6/3
f 2874/6/3 2872/6/3 2873/6/3
f 2875/3/3 2874/3/3 2873/3/3
f 2876/3/3 2874/3/3 2875/3/3
f 2885/6/3 2876/6/3 2875/6/3
f 2886/6/3 2876/6/3 2885/6/3
f 2887/7/3 2879/7/3 2878/7/3
f 2889/3/3 2881/3/3 2880/3/3
f 2890/3/3 2881/3/3 2889/3/3
f 2891/3/3 2881/3/3 2890/3/3
f 2892/11/3 2883/11/3 2882/11/3
f 2893/11/3 2883/11/3 2892/11/3
f 2894/3/3 2890/3/3 2889/3/3
f 2895/3/3 2890/3/3 2894/3/3
f 2898/6/3 2885/6/3 2884/6/3
f 2899/6/3 2885/6/3 2898/6/3
f 2900/7/3 2888/7/3 2887/7/3
f 2900/7/3 2887/7/3 2878/7/3
f 2901/7/3 2888/7/3 2900/7/3
f 2902/7/3 2888/7/3 2901/7/3
f 2903/3/3 2897/3/3 2896/3/3
f 2904/3/3 2897/3/3 2903/3/3
f 2905/21/3 2878/21/3 2877/21/3
f 2906/7/3 2900/7/3 2878/7/3
f 2906/21/3 2878/21/3 2905/21/3
f 2907/7/3 2900/7/3 2906/7/3
f 2915/6/3 2909/6/3 2908/6/3
f 2916/6/3 2909/6/3 2915/6/3
f 2919/6/3 2911/6/3 2910/6/3
f 2920/6/3 2911/6/3 2919/6/3
f 2921/5/3 2913/5/3 2912/5/3
f 2922/11/3 2914/11/3 2913/11/3
f 2922/5/3 2913/5/3 2921/5/3
f 2923/11/3 2914/11/3 2922/11/3
f 2927/6/3 2915/6/3 2908/6/3
f 2928/6/3 2915/6/3 2927/6/3
f 2929/6/3 2918/6/3 2917/6/3
f 2930/6/3 2918/6/3 2929/6/3
f 2931/11/3 2922/11/3 2921/11/3
f 2932/18/3 2923/18/3 2922/18/3
f 2932/11/3 2922/11/3 2931/11/3
f 2933/11/3 2924/11/3 2923/11/3
f 2933/18/3 2923/18/3 2932/18/3
f 2934/4/3 2926/4/3 2925/4/3
f 2935/4/3 2926/4/3 2934/4/3
f 2938/6/3 2918/6/3 2930/6/3
f 2939/6/3 2918/6/3 2938/6/3
f 2940/11/3 2933/11/3 2932/11/3
f 2941/11/3 2924/11/3 2933/11/3
f 2941/11/3 2933/11/3 2940/11/3
f 2942/11/3 2924/11/3 2941/11/3
f 2943/1/3 2937/1/3 2936/1/3
f 2944/1/3 2937/1/3 2943/1/3
f 2945/5/3 2941/5/3 2940/5/3
f 2946/5/3 2941/5/3 2945/5/3
f 2949/11/3 2948/11/3 2947/11/3
f 2950/11/3 2948/11/3 2949/11/3
f 2952/5/3 2950/5/3 2949/5/3
f 2953/5/3 2950/5/3 2952/5/3
f 2954/5/3 2950/5/3 2953/5/3
f 2955/17/3 2952/17/3 2951/17/3
f 2956/18/3 2953/18/3 2952/18/3
f 2956/17/3 2952/17/3 2955/17/3
f 2957/11/3 2954/11/3 2953/11/3
f 2957/18/3 2953/18/3 2956/18/3
f 2958/11/3 2954/11/3 2957/11/3
f 2961/11/3 2960/11/3 2959/11/3
f 2964/11/3 2960/11/3 2961/11/3
f 2965/11/3 2963/11/3 2962/11/3
f 2967/11/3 2960/11/3 2964/11/3
f 2968/11/3 2960/11/3 2967/11/3
f 2969/11/3 2965/11/3 2962/11/3
f 2970/18/3 2966/18/3 2965/18/3
f 2970/11/3 2965/11/3 2969/11/3
f 2970/18/3 2967/18/3 2966/18/3
f 2971/18/3 2967/18/3 2970/18/3
f 2972/18/3 2967/18/3 2971/18/3
f 2976/11/3 2973/11/3 2972/11/3
f 2977/11/3 2973/11/3 2976/11/3
f 2980/11/3 2975/11/3 2974/11/3
f 2981/11/3 2975/11/3 2980/11/3
f 2984/6/3 2979/6/3 2978/6/3
f 2985/6/3 2979/6/3 2984/6/3
f 2986/6/3 2983/6/3 2982/6/3
f 2987/6/3 2983/6/3 2986/6/3
f 2994/11/3 2989/11/3 2988/11/3
f 2995/18/3 2990/18/3 2989/18/3
f 2995/11/3 2989/11/3 2994/11/3
f 2996/9/3 2991/9/3 2990/9/3
f 2996/18/3 2990/18/3 2995/18/3
f 2997/9/3 2991/9/3 2996/9/3
f 3003/6/3 2993/6/3 2992/6/3
f 3004/6/3 2993/6/3 3003/6/3
f 3005/7/3 2999/7/3 2998/7/3
f 3005/7/3 3000/7/3 2999/7/3
f 3006/7/3 3000/7/3 3005/7/3
f 3007/3/3 3002/3/3 3001/3/3
f 3008/3/3 3002/3/3 3007/3/3
f 3013/6/3 3010/6/3 3009/6/3
f 3014/6/3 3010/6/3 3013/6/3
f 3019/11/3 3012/11/3 3011/11/3
f 3020/11/3 3012/11/3 3019/11/3
f 3023/7/3 3017/7/3 3016/7/3
f 3023/7/3 3016/7/3 3015/7/3
f 3024/7/3 3017/7/3 3023/7/3
f 3025/3/3 3019/3/3 3018/3/3
f 3026/3/3 3019/3/3 3025/3/3
f 3027/6/3 3022/6/3 3021/6/3
f 3028/6/3 3022/6/3 3027/6/3
f 3030/6/3 3029/6/3 3028/6/3
f 3031/6/3 3029/6/3 3030/6/3
f 3033/3/3 3031/3/3 3030/3/3
f 3033/3/3 3032/3/3 3031/3/3
f 3034/3/3 3032/3/3 3033/3/3
f 3035/6/3 3034/6/3 3033/6/3
f 3036/6/3 3034/6/3 3035/6/3
f 3037/6/3 3034/6/3 3036/6/3
f 3043/6/3 3036/6/3 3035/6/3
f 3044/7/3 3039/7/3 3038/7/3
f 3045/7/3 3039/7/3 3044/7/3
f 3050/3/3 3041/3/3 3040/3/3
f 3051/3/3 3041/3/3 3050/3/3
f 3053/6/3 3043/6/3 3042/6/3
f 3054/6/3 3036/6/3 3043/6/3
f 3054/6/3 3043/6/3 3053/6/3
f 3055/21/3 3047/21/3 3046/21/3
f 3056/21/3 3047/21/3 3055/21/3
f 3057/21/3 3049/21/3 3048/21/3
f 3058/21/3 3049/21/3 3057/21/3
f 3059/11/3 3052/11/3 3051/11/3
f 3060/11/3 3052/11/3 3059/11/3
f 3069/6/3 3062/6/3 3061/6/3
f 3070/6/3 3062/6/3 3069/6/3
f 3071/7/3 3064/7/3 3063/7/3
f 3072/21/3 3065/21/3 3064/21/3
f 3072/7/3 3064/7/3 3071/7/3
f 3073/7/3 3066/7/3 3065/7/3
f 3073/21/3 3065/21/3 3072/21/3
f 3074/7/3 3066/7/3 3073/7/3
f 3075/7/3 3066/7/3 3074/7/3
f 3076/3/3 3068/3/3 3067/3/3
f 3077/3/3 3068/3/3 3076/3/3
f 3082/6/3 3079/6/3 3078/6/3
f 3083/6/3 3079/6/3 3082/6/3
f 3084/11/3 3081/11/3 3080/11/3
f 3085/11/3 3081/11/3 3084/11/3
f 3093/18/3 3087/18/3 3086/18/3
f 3094/18/3 3087/18/3 3093/18/3
f 3095/6/3 3089/6/3 3088/6/3
f 3095/6/3 3090/6/3 3089/6/3
f 3096/6/3 3090/6/3 3095/6/3
f 3099/6/3 3092/6/3 3091/6/3
f 3100/6/3 3092/6/3 3099/6/3
f 3101/11/3 3098/11/3 3097/11/3
f 3102/11/3 3098/11/3 3101/11/3
f 3107/11/3 3104/11/3 3103/11/3
f 3108/11/3 3104/11/3 3107/11/3
f 3109/11/3 3106/11/3 3105/11/3
f 3109/18/3 3107/18/3 3106/18/3
f 3110/18/3 3107/18/3 3109/18/3
f 3112/11/3 3109/11/3 3105/11/3
f 3113/11/3 3109/11/3 3112/11/3
f 3114/11/3 3111/11/3 3110/11/3
f 3115/11/3 3111/11/3 3114/11/3
f 3116/5/3 3115/5/3 3114/5/3
f 3117/5/3 3115/5/3 3116/5/3
f 3122/6/3 3119/6/3 3118/6/3
f 3123/6/3 3119/6/3 3122/6/3
f 3124/9/3 3121/9/3 3120/9/3
f 3125/9/3 3121/9/3 3124/9/3
f 3126/9/3 3121/9/3 3125/9/3
f 3129/6/3 3128/6/3 3127/6/3
f 3130/6/3 3128/6/3 3129/6/3
f 3133/9/3 3132/9/3 3131/9/3
f 3134/9/3 3132/9/3 3133/9/3
f 3135/6/3 3134/6/3 3133/6/3
f 3136/6/3 3134/6/3 3135/6/3
f 3139/6/3 3138/6/3 3137/6/3
f 3140/6/3 3138/6/3 3139/6/3
f 3142/3/3 3141/3/3 3140/3/3
f 3143/3/3 3141/3/3 3142/3/3
f 3145/6/3 3144/6/3 3143/6/3
f 3146/6/3 3144/6/3 3145/6/3
f 3148/6/3 3147/6/3 3146/6/3
f 3149/6/3 3147/6/3 3148/6/3
f 3151/3/3 3149/3/3 3148/3/3
f 3152/3/3 3149/3/3 3151/3/3
f 3153/6/3 3151/6/3 3150/6/3
f 3154/6/3 3151/6/3 3153/6/3
f 3159/21/3 3156/21/3 3155/21/3
f 3160/21/3 3156/21/3 3159/21/3
f 3163/6/3 3158/6/3 3157/6/3
f 3164/6/3 3158/6/3 3163/6/3
f 3165/6/3 3162/6/3 3161/6/3
f 3166/6/3 3162/6/3 3165/6/3
f 3169/6/3 3168/6/3 3167/6/3
f 3170/6/3 3168/6/3 3169/6/3
f 3175/9/3 3172/9/3 3171/9/3
f 3176/9/3 3172/9/3 3175/9/3
f 3177/6/3 3174/6/3 3173/6/3
f 3178/6/3 3174/6/3 3177/6/3
f 3183/6/3 3180/6/3 3179/6/3
f 3184/6/3 3180/6/3 3183/6/3
f 3185/6/3 3182/6/3 3181/6/3
f 3186/6/3 3182/6/3 3185/6/3
f 3193/9/3 3188/9/3 3187/9/3
f 3194/9/3 3188/9/3 3193/9/3
f 3195/6/3 3190/6/3 3189/6/3
f 3196/6/3 3190/6/3 3195/6/3
f 3197/9/3 3192/9/3 3191/9/3
f 3198/9/3 3192/9/3 3197/9/3
f 3201/3/3 3200/3/3 3199/3/3
f 3202/3/3 3200/3/3 3201/3/3
f 3205/6/3 3204/6/3 3203/6/3
f 3206/6/3 3204/6/3 3205/6/3
f 3209/6/3 3208/6/3 3207/6/3
f 3210/6/3 3208/6/3 3209/6/3
f 3217/6/3 3212/6/3 3211/6/3
f 3218/6/3 3212/6/3 3217/6/3
f 3221/9/3 3214/9/3 3213/9/3
f 3222/9/3 3214/9/3 3221/9/3
f 3223/9/3 3216/9/3 3215/9/3
f 3224/9/3 3216/9/3 3223/9/3
f 3225/6/3 3220/6/3 3219/6/3
f 3226/6/3 3220/6/3 3225/6/3
f 3233/6/3 3228/6/3 3227/6/3
f 3234/6/3 3228/6/3 3233/6/3
f 3235/9/3 3230/9/3 3229/9/3
f 3236/9/3 3230/9/3 3235/9/3
f 3237/6/3 3232/6/3 3231/6/3
f 3238/6/3 3232/6/3 3237/6/3
f 3241/6/3 3240/6/3 3239/6/3
f 3242/6/3 3240/6/3 3241/6/3
f 3245/6/3 3244/6/3 3243/6/3
f 3246/6/3 3244/6/3 3245/6/3
f 3247/6/3 3244/6/3 3246/6/3
f 3254/6/3 3249/6/3 3248/6/3
f 3255/6/3 3249/6/3 3254/6/3
f 3256/4/3 3251/4/3 3250/4/3
f 3257/4/3 3251/4/3 3256/4/3
f 3258/6/3 3253/6/3 3252/6/3
f 3259/6/3 3253/6/3 3258/6/3
f 3264/1/3 3261/1/3 3260/1/3
f 3265/1/3 3261/1/3 3264/1/3
f 3266/9/3 3263/9/3 3262/9/3
f 3267/9/3 3263/9/3 3266/9/3
f 3272/6/3 3269/6/3 3268/6/3
f 3273/6/3 3269/6/3 3272/6/3
f 3274/6/3 3271/6/3 3270/6/3
f 3275/6/3 3271/6/3 3274/6/3
f 3278/1/3 3277/1/3 3276/1/3
f 3279/1/3 3277/1/3 3278/1/3
f 3282/6/3 3281/6/3 3280/6/3
f 3283/6/3 3281/6/3 3282/6/3
f 3286/1/3 3285/1/3 3284/1/3
f 3287/1/3 3285/1/3 3286/1/3
f 3290/3/3 3289/3/3 3288/3/3
f 3291/3/3 3289/3/3 3290/3/3
f 3294/4/3 3293/4/3 3292/4/3
f 3295/4/3 3293/4/3 3294/4/3
f 3299/6/3 3297/6/3 3296/6/3
f 3299/6/3 3298/6/3 3297/6/3
f 3300/6/3 3298/6/3 3299/6/3
f 3301/6/3 3298/6/3 3300/6/3
f 3302/6/3 3298/6/3 3301/6/3
f 3303/6/3 3301/6/3 3300/6/3
f 3304/6/3 3301/6/3 3303/6/3
f 3307/6/3 3306/6/3 3305/6/3
f 3308/6/3 3306/6/3 3307/6/3
f 3313/6/3 3310/6/3 3309/6/3
f 3314/6/3 3310/6/3 3313/6/3
f 3317/6/3 3312/6/3 3311/6/3
f 3318/6/3 3312/6/3 3317/6/3
f 3320/6/3 3316/6/3 3315/6/3
f 3321/6/3 3316/6/3 3320/6/3
f 3324/6/3 3320/6/3 3319/6/3
f 3325/1/3 3321/1/3 3320/1/3
f 3325/6/3 3320/6/3 3324/6/3
f 3326/1/3 3321/1/3 3325/1/3
f 3328/6/3 3323/6/3 3322/6/3
f 3330/6/3 3326/6/3 3325/6/3
f 3331/6/3 3326/6/3 3330/6/3
f 3332/6/3 3328/6/3 3327/6/3
f 3332/6/3 3323/6/3 3328/6/3
f 3333/6/3 3323/6/3 3332/6/3
f 3334/1/3 3331/1/3 3330/1/3
f 3334/1/3 3330/1/3 3329/1/3
f 3335/6/3 3332/6/3 3327/6/3
f 3336/1/3 3333/1/3 3332/1/3
f 3336/6/3 3332/6/3 3335/6/3
f 3336/1/3 3334/1/3 3333/1/3
f 3337/6/3 3335/6/3 3327/6/3
f 3337/1/3 3336/1/3 3335/1/3
f 3338/1/3 3334/1/3 3336/1/3
f 3338/1/3 3336/1/3 3337/1/3
f 3339/1/3 3334/1/3 3338/1/3
f 3340/1/3 3331/1/3 3334/1/3
f 3340/1/3 3334/1/3 3339/1/3
f 3341/1/3 3339/1/3 3338/1/3
f 3341/6/3 3338/6/3 3337/6/3
f 3342/3/3 3340/3/3 3339/3/3
f 3342/1/3 3339/1/3 3341/1/3
f 3343/6/3 3337/6/3 3327/6/3
f 3343/6/3 3341/6/3 3337/6/3
f 3343/6/3 3342/6/3 3341/6/3
f 3344/6/3 3342/6/3 3343/6/3
f 3345/6/3 3342/6/3 3344/6/3
f 3346/3/3 3340/3/3 3342/3/3
f 3346/6/3 3342/6/3 3345/6/3
f 3347/3/3 3340/3/3 3346/3/3
f 3350/3/3 3340/3/3 3347/3/3
f 3351/3/3 3340/3/3 3350/3/3
f 3352/3/3 3340/3/3 3351/3/3
f 3353/4/3 3349/4/3 3348/4/3
f 3354/4/3 3349/4/3 3353/4/3
f 3357/6/3 3352/6/3 3351/6/3
f 3358/6/3 3352/6/3 3357/6/3
f 3361/6/3 3356/6/3 3355/6/3
f 3362/6/3 3356/6/3 3361/6/3
f 3363/6/3 3360/6/3 3359/6/3
f 3364/6/3 3360/6/3 3363/6/3
f 3367/6/3 3366/6/3 3365/6/3
f 3368/6/3 3366/6/3 3367/6/3
f 3371/6/3 3370/6/3 3369/6/3
f 3372/6/3 3370/6/3 3371/6/3
f 3377/6/3 3373/6/3 3372/6/3
f 3378/6/3 3375/6/3 3374/6/3
f 3379/1/3 3376/1/3 3375/1/3
f 3379/6/3 3375/6/3 3378/6/3
f 3380/1/3 3376/1/3 3379/1/3
f 3381/6/3 3378/6/3 3377/6/3
f 3381/6/3 3377/6/3 3372/6/3
f 3381/6/3 3380/6/3 3379/6/3
f 3381/6/3 3379/6/3 3378/6/3
f 3382/6/3 3380/6/3 3381/6/3
f 3383/1/3 3382/1/3 3381/1/3
f 3384/6/3 3380/6/3 3382/6/3
f 3384/1/3 3382/1/3 3383/1/3
f 3385/6/3 3380/6/3 3384/6/3
f 3386/6/3 3380/6/3 3385/6/3
f 3387/6/3 3380/6/3 3386/6/3
f 3388/1/3 3385/1/3 3384/1/3
f 3389/6/3 3386/6/3 3385/6/3
f 3389/1/3 3385/1/3 3388/1/3
f 3390/6/3 3386/6/3 3389/6/3
f 3391/1/3 3387/1/3 3386/1/3
f 3391/6/3 3386/6/3 3390/6/3
f 3392/1/3 3387/1/3 3391/1/3
f 3394/6/3 3390/6/3 3389/6/3
f 3395/6/3 3390/6/3 3394/6/3
f 3399/1/3 3394/1/3 3393/1/3
f 3400/6/3 3395/6/3 3394/6/3
f 3400/6/3 3396/6/3 3395/6/3
f 3400/1/3 3394/1/3 3399/1/3
f 3401/1/3 3397/1/3 3396/1/3
f 3401/6/3 3396/6/3 3400/6/3
f 3402/1/3 3397/1/3 3401/1/3
f 3403/1/3 3399/1/3 3398/1/3
f 3404/6/3 3400/6/3 3399/6/3
f 3404/1/3 3399/1/3 3403/1/3
f 3404/6/3 3401/6/3 3400/6/3
f 3404/6/3 3402/6/3 3401/6/3
f 3407/6/3 3402/6/3 3404/6/3
f 3407/6/3 3404/6/3 3403/6/3
f 3408/6/3 3402/6/3 3407/6/3
f 3409/6/3 3402/6/3 3408/6/3
f 3410/6/3 3402/6/3 3409/6/3
f 3411/4/3 3406/4/3 3405/4/3
f 3412/4/3 3406/4/3 3411/4/3
f 3414/6/3 3407/6/3 3403/6/3
f 3415/6/3 3407/6/3 3414/6/3
f 3416/6/3 3409/6/3 3408/6/3
f 3417/1/3 3410/1/3 3409/1/3
f 3417/6/3 3409/6/3 3416/6/3
f 3418/1/3 3410/1/3 3417/1/3
f 3419/6/3 3414/6/3 3413/6/3
f 3420/6/3 3414/6/3 3419/6/3
f 3425/6/3 3422/6/3 3421/6/3
f 3426/6/3 3422/6/3 3425/6/3
f 3427/9/3 3424/9/3 3423/9/3
f 3428/9/3 3424/9/3 3427/9/3
f 3431/6/3 3430/6/3 3429/6/3
f 3433/6/3 3431/6/3 3429/6/3
f 3433/6/3 3432/6/3 3431/6/3
f 3434/6/3 3432/6/3 3433/6/3
f 3437/6/3 3436/6/3 3435/6/3
f 3438/6/3 3436/6/3 3437/6/3
f 3443/9/3 3440/9/3 3439/9/3
f 3444/9/3 3440/9/3 3443/9/3
f 3445/6/3 3442/6/3 3441/6/3
f 3446/6/3 3442/6/3 3445/6/3
f 3448/6/3 3447/6/3 3446/6/3
f 3449/6/3 3447/6/3 3448/6/3
f 3453/6/3 3451/6/3 3450/6/3
f 3454/6/3 3451/6/3 3453/6/3
f 3454/6/3 3453/6/3 3452/6/3
f 3455/6/3 3451/6/3 3454/6/3
f 3456/6/3 3454/6/3 3452/6/3
f 3457/6/3 3454/6/3 3456/6/3
f 3460/6/3 3459/6/3 3458/6/3
f 3461/6/3 3459/6/3 3460/6/3
f 3462/6/4 3463/6/4 3464/6/4
f 3464/6/4 3463/6/4 3465/6/4
f 3467/1/4 3468/1/4 3470/1/4
f 3468/6/4 3469/6/4 3470/6/4
f 3470/6/4 3469/6/4 3471/6/4
f 3466/6/4 3467/6/4 3472/6/4
f 3467/1/4 3470/1/4 3472/1/4
f 3470/1/4 3471/1/4 3472/1/4
f 3471/6/4 3469/6/4 3473/6/4
f 3472/1/4 3471/1/4 3473/1/4
f 3473/6/4 3469/6/4 3474/6/4
f 3466/6/4 3472/6/4 3475/6/4
f 3475/6/4 3472/6/4 3476/6/4
f 3477/6/4 3478/6/4 3479/6/4
f 3479/6/4 3478/6/4 3480/6/4
f 3480/6/4 3478/6/4 3481/6/4
f 3481/6/4 3478/6/4 3482/6/4
f 3479/1/4 3480/1/4 3484/1/4
f 3484/1/4 3480/1/4 3485/1/4
f 3483/6/4 3484/6/4 3485/6/4
f 3480/6/4 3481/6/4 3486/6/4
f 3485/1/4 3480/1/4 3486/1/4
f 3485/6/4 3486/6/4 3487/6/4
f 3486/6/4 3481/6/4 3487/6/4
f 3483/6/4 3485/6/4 3489/6/4
f 3487/6/4 3488/6/4 3489/6/4
f 3485/6/4 3487/6/4 3489/6/4
f 3489/6/4 3488/6/4 3490/6/4
f 3490/6/4 3488/6/4 3491/6/4
f 3492/6/4 3493/6/4 3494/6/4
f 3494/6/4 3493/6/4 3495/6/4
f 3496/6/4 3497/6/4 3498/6/4
f 3498/6/4 3497/6/4 3499/6/4
f 3499/6/4 3497/6/4 3500/6/4
f 3500/6/4 3497/6/4 3501/6/4
f 3502/6/4 3503/6/4 3504/6/4
f 3504/6/4 3503/6/4 3505/6/4
f 3508/3/4 3509/3/4 3510/3/4
f 3510/3/4 3509/3/4 3511/3/4
f 3506/6/4 3507/6/4 3512/6/4
f 3512/6/4 3507/6/4 3513/6/4
f 3514/6/4 3515/6/4 3517/6/4
f 3516/6/4 3517/6/4 3518/6/4
f 3517/6/4 3515/6/4 3519/6/4
f 3518/6/4 3517/6/4 3519/6/4
f 3520/6/4 3521/6/4 3522/6/4
f 3522/6/4 3521/6/4 3528/6/4
f 3528/6/4 3521/6/4 3529/6/4
f 3523/6/4 3524/6/4 3530/6/4
f 3530/6/4 3524/6/4 3531/6/4
f 3525/6/4 3526/6/4 3532/6/4
f 3532/6/4 3526/6/4 3533/6/4
f 3527/6/4 3528/6/4 3534/6/4
f 3534/6/4 3528/6/4 3535/6/4
f 3536/6/4 3537/6/4 3540/6/4
f 3540/6/4 3537/6/4 3541/6/4
f 3538/6/4 3539/6/4 3542/6/4
f 3542/6/4 3539/6/4 3543/6/4
f 3543/6/4 3544/6/4 3547/6/4
f 3545/6/4 3546/6/4 3548/6/4
f 3548/6/4 3546/6/4 3549/6/4
f 3543/6/4 3547/6/4 3554/6/4
f 3554/6/4 3547/6/4 3555/6/4
f 3550/9/4 3551/9/4 3556/9/4
f 3552/9/4 3553/9/4 3557/9/4
f 3557/9/4 3553/9/4 3558/9/4
f 3550/9/4 3556/9/4 3559/9/4
f 3559/9/4 3556/9/4 3560/9/4
f 3561/6/4 3562/6/4 3563/6/4
f 3563/6/4 3562/6/4 3564/6/4
f 3565/6/4 3566/6/4 3567/6/4
f 3567/6/4 3566/6/4 3568/6/4
f 3569/6/4 3570/6/4 3571/6/4
f 3571/6/4 3570/6/4 3572/6/4
f 3573/6/4 3574/6/4 3575/6/4
f 3575/6/4 3574/6/4 3576/6/4
f 3577/6/4 3578/6/4 3579/6/4
f 3579/6/4 3578/6/4 3580/6/4
f 3581/6/4 3582/6/4 3583/6/4
f 3583/6/4 3582/6/4 3584/6/4
f 3585/7/4 3586/7/4 3587/7/4
f 3585/7/4 3587/7/4 3588/7/4
f 3588/7/4 3587/7/4 3589/7/4
f 3590/6/4 3591/6/4 3592/6/4
f 3592/6/4 3591/6/4 3593/6/4
f 3594/9/4 3595/9/4 3598/9/4
f 3598/9/4 3595/9/4 3599/9/4
f 3596/6/4 3597/6/4 3600/6/4
f 3600/6/4 3597/6/4 3601/6/4
f 3602/5/4 3603/5/4 3604/5/4
f 3604/5/4 3603/5/4 3605/5/4
f 3606/11/4 3607/11/4 3608/11/4
f 3604/11/4 3605/11/4 3609/11/4
f 3609/11/4 3605/11/4 3610/11/4
f 3606/11/4 3608/11/4 3611/11/4
f 3608/18/4 3609/18/4 3612/18/4
f 3611/11/4 3608/11/4 3612/11/4
f 3612/18/4 3609/18/4 3613/18/4
f 3613/11/4 3614/11/4 3619/11/4
f 3619/11/4 3614/11/4 3620/11/4
f 3615/6/4 3616/6/4 3621/6/4
f 3621/6/4 3616/6/4 3622/6/4
f 3617/11/4 3618/11/4 3623/11/4
f 3623/11/4 3618/11/4 3624/11/4
f 3625/6/4 3626/6/4 3627/6/4
f 3627/6/4 3626/6/4 3628/6/4
f 3629/7/4 3630/7/4 3633/7/4
f 3633/7/4 3630/7/4 3634/7/4
f 3631/9/4 3632/9/4 3635/9/4
f 3635/9/4 3632/9/4 3636/9/4
f 3637/6/4 3638/6/4 3639/6/4
f 3639/6/4 3638/6/4 3640/6/4
f 3641/7/4 3642/7/4 3643/7/4
f 3643/7/4 3642/7/4 3644/7/4
f 3645/7/4 3646/7/4 3647/7/4
f 3647/7/4 3646/7/4 3648/7/4
f 3649/6/4 3650/6/4 3655/6/4
f 3655/6/4 3650/6/4 3656/6/4
f 3651/6/4 3652/6/4 3657/6/4
f 3657/6/4 3652/6/4 3658/6/4
f 3653/7/4 3654/7/4 3659/7/4
f 3659/7/4 3654/7/4 3660/7/4
f 3661/6/4 3662/6/4 3663/6/4
f 3663/6/4 3662/6/4 3664/6/4
f 3665/6/4 3666/6/4 3669/6/4
f 3669/6/4 3666/6/4 3670/6/4
f 3667/11/4 3668/11/4 3671/11/4
f 3671/11/4 3668/11/4 3672/11/4
f 3673/11/4 3674/11/4 3677/11/4
f 3677/11/4 3674/11/4 3678/11/4
f 3675/11/4 3676/11/4 3679/11/4
f 3676/18/4 3677/18/4 3679/18/4
f 3679/18/4 3677/18/4 3680/18/4
f 3675/11/4 3679/11/4 3682/11/4
f 3682/11/4 3679/11/4 3683/11/4
f 3680/11/4 3681/11/4 3684/11/4
f 3684/11/4 3681/11/4 3685/11/4
f 3685/11/4 3681/11/4 3686/11/4
f 3687/17/4 3688/17/4 3691/17/4
f 3688/18/4 3689/18/4 3692/18/4
f 3691/17/4 3688/17/4 3692/17/4
f 3689/11/4 3690/11/4 3693/11/4
f 3692/18/4 3689/18/4 3693/18/4
f 3693/11/4 3690/11/4 3694/11/4
f 3692/5/4 3693/5/4 3695/5/4
f 3693/5/4 3694/5/4 3695/5/4
f 3695/5/4 3694/5/4 3696/5/4
f 3695/11/4 3696/11/4 3697/11/4
f 3697/11/4 3696/11/4 3698/11/4
f 3699/17/4 3700/17/4 3701/17/4
f 3699/17/4 3701/17/4 3707/17/4
f 3707/17/4 3701/17/4 3708/17/4
f 3708/17/4 3701/17/4 3709/17/4
f 3702/1/4 3703/1/4 3712/1/4
f 3712/1/4 3703/1/4 3713/1/4
f 3704/6/4 3705/6/4 3714/6/4
f 3714/6/4 3705/6/4 3715/6/4
f 3706/17/4 3707/17/4 3716/17/4
f 3707/17/4 3708/17/4 3716/17/4
f 3716/17/4 3708/17/4 3717/17/4
f 3708/11/4 3709/11/4 3718/11/4
f 3717/17/4 3708/17/4 3718/17/4
f 3710/9/4 3711/9/4 3719/9/4
f 3719/9/4 3711/9/4 3720/9/4
f 3716/5/4 3717/5/4 3725/5/4
f 3717/11/4 3718/11/4 3726/11/4
f 3725/5/4 3717/5/4 3726/5/4
f 3718/11/4 3709/11/4 3727/11/4
f 3726/11/4 3718/11/4 3727/11/4
f 3721/6/4 3722/6/4 3730/6/4
f 3727/11/4 3709/11/4 3737/11/4
f 3737/11/4 3709/11/4 3738/11/4
f 3728/9/4 3729/9/4 3739/9/4
f 3739/9/4 3729/9/4 3740/9/4
f 3721/6/4 3730/6/4 3741/6/4
f 3741/6/4 3730/6/4 3742/6/4
f 3733/7/4 3734/7/4 3743/7/4
f 3723/6/4 3724/6/4 3744/6/4
f 3744/6/4 3724/6/4 3745/6/4
f 3735/3/4 3736/3/4 3746/3/4
f 3736/11/4 3737/11/4 3746/11/4
f 3746/11/4 3737/11/4 3747/11/4
f 3744/7/4 3745/7/4 3748/7/4
f 3743/7/4 3744/7/4 3748/7/4
f 3735/3/4 3746/3/4 3751/3/4
f 3733/7/4 3743/7/4 3754/7/4
f 3743/7/4 3748/7/4 3754/7/4
f 3754/7/4 3748/7/4 3755/7/4
f 3755/7/4 3748/7/4 3756/7/4
f 3756/7/4 3748/7/4 3757/7/4
f 3751/3/4 3746/3/4 3758/3/4
f 3758/3/4 3746/3/4 3759/3/4
f 3752/6/4 3753/6/4 3760/6/4
f 3760/6/4 3753/6/4 3761/6/4
f 3731/14/4 3732/14/4 3763/14/4
f 3732/21/4 3733/21/4 3764/21/4
f 3763/14/4 3732/14/4 3764/14/4
f 3733/7/4 3754/7/4 3765/7/4
f 3764/21/4 3733/21/4 3765/21/4
f 3765/7/4 3754/7/4 3766/7/4
f 3755/7/4 3756/7/4 3767/7/4
f 3756/21/4 3757/21/4 3768/21/4
f 3767/7/4 3756/7/4 3768/7/4
f 3757/7/4 3748/7/4 3769/7/4
f 3768/21/4 3757/21/4 3769/21/4
f 3748/21/4 3749/21/4 3770/21/4
f 3769/7/4 3748/7/4 3770/7/4
f 3749/14/4 3750/14/4 3771/14/4
f 3770/21/4 3749/21/4 3771/21/4
f 3771/14/4 3750/14/4 3772/14/4
f 3758/7/4 3759/7/4 3773/7/4
f 3759/3/4 3746/3/4 3774/3/4
f 3773/7/4 3759/7/4 3774/7/4
f 3761/6/4 3762/6/4 3777/6/4
f 3777/6/4 3762/6/4 3778/6/4
f 3775/16/4 3776/16/4 3780/16/4
f 3780/16/4 3776/16/4 3781/16/4
f 3778/3/4 3779/3/4 3782/3/4
f 3782/3/4 3779/3/4 3783/3/4
f 3770/14/4 3771/14/4 3793/14/4
f 3771/14/4 3772/14/4 3793/14/4
f 3793/14/4 3772/14/4 3794/14/4
f 3784/16/4 3785/16/4 3795/16/4
f 3795/16/4 3785/16/4 3796/16/4
f 3786/6/4 3787/6/4 3797/6/4
f 3797/6/4 3787/6/4 3798/6/4
f 3790/7/4 3791/7/4 3799/7/4
f 3792/7/4 3793/7/4 3800/7/4
f 3800/7/4 3793/7/4 3801/7/4
f 3793/21/4 3794/21/4 3804/21/4
f 3801/7/4 3793/7/4 3804/7/4
f 3794/14/4 3772/14/4 3805/14/4
f 3804/21/4 3794/21/4 3805/21/4
f 3772/3/4 3773/3/4 3806/3/4
f 3805/14/4 3772/14/4 3806/14/4
f 3773/3/4 3774/3/4 3806/3/4
f 3806/3/4 3774/3/4 3807/3/4
f 3802/6/4 3803/6/4 3808/6/4
f 3808/6/4 3803/6/4 3809/6/4
f 3799/7/4 3800/7/4 3810/7/4
f 3790/7/4 3799/7/4 3810/7/4
f 3810/7/4 3800/7/4 3811/7/4
f 3801/7/4 3804/7/4 3812/7/4
f 3812/7/4 3804/7/4 3813/7/4
f 3813/7/4 3804/7/4 3814/7/4
f 3774/3/4 3746/3/4 3815/3/4
f 3807/3/4 3774/3/4 3815/3/4
f 3788/14/4 3789/14/4 3817/14/4
f 3789/21/4 3790/21/4 3818/21/4
f 3817/14/4 3789/14/4 3818/14/4
f 3790/7/4 3810/7/4 3819/7/4
f 3818/21/4 3790/21/4 3819/21/4
f 3819/7/4 3810/7/4 3820/7/4
f 3815/3/4 3816/3/4 3821/3/4
f 3807/3/4 3815/3/4 3821/3/4
f 3821/3/4 3816/3/4 3822/3/4
f 3813/6/4 3814/6/4 3828/6/4
f 3828/6/4 3814/6/4 3829/6/4
f 3822/11/4 3823/11/4 3832/11/4
f 3824/11/4 3825/11/4 3833/11/4
f 3833/11/4 3825/11/4 3834/11/4
f 3826/6/4 3827/6/4 3837/6/4
f 3830/5/4 3831/5/4 3840/5/4
f 3831/11/4 3832/11/4 3841/11/4
f 3840/5/4 3831/5/4 3841/5/4
f 3832/11/4 3823/11/4 3842/11/4
f 3841/11/4 3832/11/4 3842/11/4
f 3835/9/4 3836/9/4 3844/9/4
f 3844/9/4 3836/9/4 3845/9/4
f 3826/6/4 3837/6/4 3846/6/4
f 3846/6/4 3837/6/4 3847/6/4
f 3838/6/4 3839/6/4 3848/6/4
f 3848/6/4 3839/6/4 3849/6/4
f 3840/17/4 3841/17/4 3850/17/4
f 3841/17/4 3842/17/4 3850/17/4
f 3850/17/4 3842/17/4 3851/17/4
f 3842/11/4 3823/11/4 3852/11/4
f 3851/17/4 3842/17/4 3852/17/4
f 3852/11/4 3823/11/4 3853/11/4
f 3843/9/4 3844/9/4 3854/9/4
f 3854/9/4 3844/9/4 3855/9/4
f 3852/17/4 3853/17/4 3858/17/4
f 3851/17/4 3852/17/4 3858/17/4
f 3856/1/4 3857/1/4 3859/1/4
f 3859/1/4 3857/1/4 3860/1/4
f 3851/17/4 3858/17/4 3861/17/4
f 3861/17/4 3858/17/4 3862/17/4
f 3863/11/4 3864/11/4 3865/11/4
f 3865/11/4 3864/11/4 3866/11/4
f 3865/5/4 3866/5/4 3868/5/4
f 3868/5/4 3866/5/4 3869/5/4
f 3867/17/4 3868/17/4 3870/17/4
f 3868/18/4 3869/18/4 3871/18/4
f 3870/17/4 3868/17/4 3871/17/4
f 3871/18/4 3869/18/4 3872/18/4
f 3873/6/4 3874/6/4 3881/6/4
f 3881/6/4 3874/6/4 3882/6/4
f 3877/9/4 3878/9/4 3888/9/4
f 3888/9/4 3878/9/4 3889/9/4
f 3883/1/4 3884/1/4 3890/1/4
f 3890/1/4 3884/1/4 3891/1/4
f 3879/6/4 3880/6/4 3892/6/4
f 3892/6/4 3880/6/4 3893/6/4
f 3885/9/4 3886/9/4 3894/9/4
f 3894/9/4 3886/9/4 3895/9/4
f 3887/9/4 3888/9/4 3896/9/4
f 3896/9/4 3888/9/4 3897/9/4
f 3875/6/4 3876/6/4 3900/6/4
f 3898/6/4 3899/6/4 3904/6/4
f 3904/6/4 3899/6/4 3905/6/4
f 3900/6/4 3876/6/4 3907/6/4
f 3901/9/4 3902/9/4 3908/9/4
f 3908/9/4 3902/9/4 3909/9/4
f 3903/6/4 3904/6/4 3910/6/4
f 3910/6/4 3904/6/4 3911/6/4
f 3905/14/4 3906/14/4 3912/14/4
f 3912/14/4 3906/14/4 3913/14/4
f 3900/6/4 3907/6/4 3915/6/4
f 3915/6/4 3907/6/4 3916/6/4
f 3913/6/4 3914/6/4 3918/6/4
f 3916/6/4 3917/6/4 3920/6/4
f 3915/6/4 3916/6/4 3920/6/4
f 3920/6/4 3917/6/4 3921/6/4
f 3921/6/4 3917/6/4 3922/6/4
f 3918/6/4 3919/6/4 3923/6/4
f 3913/6/4 3918/6/4 3923/6/4
f 3923/6/4 3919/6/4 3924/6/4
f 3924/6/4 3919/6/4 3925/6/4
f 3921/11/4 3922/11/4 3927/11/4
f 3925/6/4 3926/6/4 3928/6/4
f 3924/6/4 3925/6/4 3928/6/4
f 3928/6/4 3926/6/4 3929/6/4
f 3927/11/4 3922/11/4 3932/11/4
f 3931/1/4 3932/1/4 3933/1/4
f 3932/11/4 3922/11/4 3934/11/4
f 3933/1/4 3932/1/4 3934/1/4
f 3934/11/4 3922/11/4 3935/11/4
f 3934/18/4 3935/18/4 3936/18/4
f 3936/18/4 3935/18/4 3937/18/4
f 3929/6/4 3930/6/4 3938/6/4
f 3936/18/4 3937/18/4 3939/18/4
f 3939/18/4 3937/18/4 3940/18/4
f 3929/6/4 3938/6/4 3942/6/4
f 3939/11/4 3940/11/4 3946/11/4
f 3946/11/4 3940/11/4 3947/11/4
f 3941/6/4 3942/6/4 3949/6/4
f 3949/6/4 3942/6/4 3950/6/4
f 3942/6/4 3938/6/4 3951/6/4
f 3950/6/4 3942/6/4 3951/6/4
f 3946/6/4 3947/6/4 3952/6/4
f 3945/6/4 3946/6/4 3952/6/4
f 3952/6/4 3947/6/4 3953/6/4
f 3949/6/4 3950/6/4 3954/6/4
f 3948/6/4 3949/6/4 3954/6/4
f 3954/6/4 3950/6/4 3955/6/4
f 3943/6/4 3944/6/4 3956/6/4
f 3956/6/4 3944/6/4 3957/6/4
f 3948/6/4 3954/6/4 3961/6/4
f 3961/6/4 3954/6/4 3962/6/4
f 3958/6/4 3959/6/4 3963/6/4
f 3963/6/4 3959/6/4 3964/6/4
f 3960/14/4 3961/14/4 3965/14/4
f 3965/14/4 3961/14/4 3966/14/4
f 3964/6/4 3965/6/4 3967/6/4
f 3967/6/4 3965/6/4 3968/6/4
f 3945/6/4 3952/6/4 3973/6/4
f 3969/1/4 3970/1/4 3976/1/4
f 3976/1/4 3970/1/4 3977/1/4
f 3971/1/4 3972/1/4 3978/1/4
f 3978/1/4 3972/1/4 3979/1/4
f 3973/6/4 3952/6/4 3980/6/4
f 3980/6/4 3952/6/4 3981/6/4
f 3974/9/4 3975/9/4 3982/9/4
f 3982/9/4 3975/9/4 3983/9/4
f 3984/6/4 3985/6/4 3988/6/4
f 3988/6/4 3985/6/4 3989/6/4
f 3986/6/4 3987/6/4 3994/6/4
f 3990/9/4 3991/9/4 3996/9/4
f 3996/9/4 3991/9/4 3997/9/4
f 3992/1/4 3993/1/4 3998/1/4
f 3998/1/4 3993/1/4 3999/1/4
f 3994/6/4 3987/6/4 4000/6/4
f 4000/6/4 3987/6/4 4001/6/4
f 3996/9/4 3997/9/4 4002/9/4
f 3995/9/4 3996/9/4 4002/9/4
f 3997/9/4 3998/9/4 4002/9/4
f 4002/9/4 3998/9/4 4003/9/4
f 4003/9/4 3998/9/4 4004/9/4
f 4004/9/4 3998/9/4 4005/9/4
f 4005/9/4 3998/9/4 4006/9/4
f 4006/9/4 3998/9/4 4007/9/4
f 4006/9/4 4007/9/4 4010/9/4
f 4010/9/4 4007/9/4 4011/9/4
f 4008/6/4 4009/6/4 4013/6/4
f 4013/6/4 4009/6/4 4014/6/4
f 4000/1/4 4001/1/4 4016/1/4
f 4016/1/4 4001/1/4 4017/1/4
f 4016/3/4 4017/3/4 4020/3/4
f 4020/3/4 4017/3/4 4021/3/4
f 4018/5/4 4019/5/4 4023/5/4
f 4023/5/4 4019/5/4 4024/5/4
f 4012/6/4 4013/6/4 4025/6/4
f 4025/6/4 4013/6/4 4026/6/4
f 4014/14/4 4015/14/4 4027/14/4
f 4021/6/4 4022/6/4 4029/6/4
f 4029/6/4 4022/6/4 4030/6/4
f 4027/6/4 4028/6/4 4031/6/4
f 4033/6/4 4034/6/4 4035/6/4
f 4033/6/4 4035/6/4 4038/6/4
f 4038/6/4 4035/6/4 4039/6/4
f 4036/1/4 4037/1/4 4040/1/4
f 4040/1/4 4037/1/4 4041/1/4
f 4031/6/4 4032/6/4 4042/6/4
f 4027/6/4 4031/6/4 4042/6/4
f 4042/6/4 4032/6/4 4043/6/4
f 4040/6/4 4041/6/4 4045/6/4
f 4045/6/4 4041/6/4 4046/6/4
f 4014/14/4 4027/14/4 4049/14/4
f 4027/6/4 4042/6/4 4049/6/4
f 4049/6/4 4042/6/4 4050/6/4
f 4044/3/4 4045/3/4 4051/3/4
f 4047/6/4 4048/6/4 4054/6/4
f 4054/6/4 4048/6/4 4055/6/4
f 4014/14/4 4049/14/4 4056/14/4
f 4056/14/4 4049/14/4 4057/14/4
f 4051/3/4 4045/3/4 4058/3/4
f 4052/9/4 4053/9/4 4060/9/4
f 4060/9/4 4053/9/4 4061/9/4
f 4055/6/4 4056/6/4 4062/6/4
f 4062/6/4 4056/6/4 4063/6/4
f 4058/3/4 4045/3/4 4064/3/4
f 4059/9/4 4060/9/4 4068/9/4
f 4060/4/4 4061/4/4 4069/4/4
f 4068/9/4 4060/9/4 4069/9/4
f 4069/4/4 4061/4/4 4070/4/4
f 4065/4/4 4066/4/4 4072/4/4
f 4066/9/4 4067/9/4 4073/9/4
f 4072/4/4 4066/4/4 4073/4/4
f 4073/9/4 4067/9/4 4074/9/4
f 4074/9/4 4067/9/4 4075/9/4
f 4070/1/4 4071/1/4 4076/1/4
f 4076/1/4 4071/1/4 4077/1/4
f 4064/3/4 4045/3/4 4080/3/4
f 4080/3/4 4045/3/4 4081/3/4
f 4078/6/4 4079/6/4 4082/6/4
f 4082/6/4 4079/6/4 4083/6/4
f 4080/6/4 4081/6/4 4086/6/4
f 4086/6/4 4081/6/4 4087/6/4
f 4084/6/4 4085/6/4 4088/6/4
f 4088/6/4 4085/6/4 4089/6/4
f 4090/6/4 4091/6/4 4094/6/4
f 4092/6/4 4093/6/4 4096/6/4
f 4096/6/4 4093/6/4 4097/6/4
f 4094/6/4 4091/6/4 4098/6/4
f 4098/6/4 4091/6/4 4099/6/4
f 4095/6/4 4096/6/4 4100/6/4
f 4100/6/4 4096/6/4 4101/6/4
f 4102/6/4 4103/6/4 4104/6/4
f 4104/6/4 4103/6/4 4105/6/4
f 4105/6/4 4103/6/4 4106/6/4
f 4104/6/4 4105/6/4 4113/6/4
f 4113/6/4 4105/6/4 4114/6/4
f 4107/6/4 4108/6/4 4118/6/4
f 4118/6/4 4108/6/4 4119/6/4
f 4109/9/4 4110/9/4 4121/9/4
f 4121/9/4 4110/9/4 4122/9/4
f 4111/1/4 4112/1/4 4127/1/4
f 4127/1/4 4112/1/4 4128/1/4
f 4114/6/4 4115/6/4 4129/6/4
f 4129/6/4 4115/6/4 4130/6/4
f 4116/6/4 4117/6/4 4131/6/4
f 4131/6/4 4117/6/4 4132/6/4
f 4120/9/4 4121/9/4 4133/9/4
f 4121/4/4 4122/4/4 4134/4/4
f 4133/9/4 4121/9/4 4134/9/4
f 4122/9/4 4123/9/4 4135/9/4
f 4134/4/4 4122/4/4 4135/4/4
f 4123/2/4 4124/2/4 4136/2/4
f 4135/9/4 4123/9/4 4136/9/4
f 4124/9/4 4125/9/4 4137/9/4
f 4136/2/4 4124/2/4 4137/2/4
f 4125/2/4 4126/2/4 4138/2/4
f 4137/9/4 4125/9/4 4138/9/4
f 4138/2/4 4126/2/4 4139/2/4
f 4130/6/4 4131/6/4 4143/6/4
f 4143/6/4 4131/6/4 4144/6/4
f 4118/1/4 4119/1/4 4145/1/4
f 4145/1/4 4119/1/4 4146/1/4
f 4136/9/4 4137/9/4 4148/9/4
f 4139/9/4 4140/9/4 4148/9/4
f 4138/9/4 4139/9/4 4148/9/4
f 4137/9/4 4138/9/4 4148/9/4
f 4134/9/4 4135/9/4 4148/9/4
f 4135/9/4 4136/9/4 4148/9/4
f 4148/9/4 4140/9/4 4149/9/4
f 4149/9/4 4140/9/4 4150/9/4
f 4150/9/4 4140/9/4 4151/9/4
f 4151/9/4 4140/9/4 4152/9/4
f 4145/6/4 4146/6/4 4153/6/4
f 4153/6/4 4146/6/4 4154/6/4
f 4147/9/4 4148/9/4 4155/9/4
f 4155/9/4 4148/9/4 4156/9/4
f 4150/9/4 4151/9/4 4157/9/4
f 4151/4/4 4152/4/4 4158/4/4
f 4157/9/4 4151/9/4 4158/9/4
f 4158/4/4 4152/4/4 4159/4/4
f 4141/6/4 4142/6/4 4161/6/4
f 4160/6/4 4161/6/4 4162/6/4
f 4161/6/4 4142/6/4 4163/6/4
f 4162/6/4 4161/6/4 4163/6/4
f 4164/9/4 4165/9/4 4168/9/4
f 4168/9/4 4165/9/4 4169/9/4
f 4166/6/4 4167/6/4 4172/6/4
f 4172/6/4 4167/6/4 4173/6/4
f 4163/6/4 4142/6/4 4175/6/4
f 4170/11/4 4171/11/4 4178/11/4
f 4178/11/4 4171/11/4 4179/11/4
f 4174/6/4 4175/6/4 4183/6/4
f 4175/6/4 4142/6/4 4184/6/4
f 4183/6/4 4175/6/4 4184/6/4
f 4178/4/4 4179/4/4 4187/4/4
f 4187/4/4 4179/4/4 4188/4/4
f 4181/9/4 4182/9/4 4192/9/4
f 4180/9/4 4181/9/4 4192/9/4
f 4192/9/4 4182/9/4 4193/9/4
f 4185/3/4 4186/3/4 4195/3/4
f 4195/3/4 4186/3/4 4196/3/4
f 4176/6/4 4177/6/4 4198/6/4
f 4198/6/4 4177/6/4 4199/6/4
f 4189/9/4 4190/9/4 4200/9/4
f 4190/4/4 4191/4/4 4201/4/4
f 4200/9/4 4190/9/4 4201/9/4
f 4192/4/4 4193/4/4 4201/4/4
f 4191/4/4 4192/4/4 4201/4/4
f 4201/4/4 4193/4/4 4202/4/4
f 4193/9/4 4182/9/4 4203/9/4
f 4202/4/4 4193/4/4 4203/4/4
f 4203/9/4 4182/9/4 4204/9/4
f 4184/6/4 4142/6/4 4205/6/4
f 4205/6/4 4142/6/4 4206/6/4
f 4194/6/4 4195/6/4 4208/6/4
f 4208/6/4 4195/6/4 4209/6/4
f 4196/6/4 4197/6/4 4210/6/4
f 4210/6/4 4197/6/4 4211/6/4
f 4198/1/4 4199/1/4 4212/1/4
f 4212/1/4 4199/1/4 4213/1/4
f 4201/9/4 4202/9/4 4216/9/4
f 4200/9/4 4201/9/4 4216/9/4
f 4202/4/4 4203/4/4 4217/4/4
f 4216/9/4 4202/9/4 4217/9/4
f 4217/4/4 4203/4/4 4218/4/4
f 4207/6/4 4208/6/4 4221/6/4
f 4221/6/4 4208/6/4 4222/6/4
f 4212/6/4 4213/6/4 4224/6/4
f 4224/6/4 4213/6/4 4225/6/4
f 4214/9/4 4215/9/4 4226/9/4
f 4226/9/4 4215/9/4 4227/9/4
f 4219/1/4 4220/1/4 4228/1/4
f 4228/1/4 4220/1/4 4229/1/4
f 4222/6/4 4223/6/4 4232/6/4
f 4221/6/4 4222/6/4 4232/6/4
f 4232/6/4 4223/6/4 4233/6/4
f 4230/6/4 4231/6/4 4236/6/4
f 4236/6/4 4231/6/4 4237/6/4
f 4234/4/4 4235/4/4 4239/4/4
f 4239/4/4 4235/4/4 4240/4/4
f 4237/6/4 4238/6/4 4241/6/4
f 4236/6/4 4237/6/4 4241/6/4
f 4241/6/4 4238/6/4 4242/6/4
f 4243/6/4 4244/6/4 4247/6/4
f 4247/6/4 4244/6/4 4248/6/4
f 4245/6/4 4246/6/4 4251/6/4
f 4248/6/4 4249/6/4 4252/6/4
f 4252/6/4 4249/6/4 4253/6/4
f 4250/6/4 4251/6/4 4254/6/4
f 4251/6/4 4246/6/4 4255/6/4
f 4254/6/4 4251/6/4 4255/6/4
f 4255/6/4 4246/6/4 4256/6/4
f 4256/6/4 4246/6/4 4257/6/4
f 4255/1/4 4256/1/4 4263/1/4
f 4263/1/4 4256/1/4 4264/1/4
f 4258/6/4 4259/6/4 4266/6/4
f 4266/6/4 4259/6/4 4267/6/4
f 4260/4/4 4261/4/4 4268/4/4
f 4261/9/4 4262/9/4 4269/9/4
f 4268/4/4 4261/4/4 4269/4/4
f 4269/9/4 4262/9/4 4270/9/4
f 4265/1/4 4266/1/4 4275/1/4
f 4267/6/4 4259/6/4 4277/6/4
f 4271/1/4 4272/1/4 4280/1/4
f 4280/1/4 4272/1/4 4281/1/4
f 4273/1/4 4274/1/4 4282/1/4
f 4282/1/4 4274/1/4 4283/1/4
f 4265/1/4 4275/1/4 4286/1/4
f 4286/1/4 4275/1/4 4287/1/4
f 4276/6/4 4277/6/4 4288/6/4
f 4277/6/4 4259/6/4 4289/6/4
f 4288/6/4 4277/6/4 4289/6/4
f 4289/6/4 4259/6/4 4290/6/4
f 4278/9/4 4279/9/4 4291/9/4
f 4291/9/4 4279/9/4 4292/9/4
f 4284/1/4 4285/1/4 4295/1/4
f 4295/1/4 4285/1/4 4296/1/4
f 4292/4/4 4293/4/4 4300/4/4
f 4293/9/4 4294/9/4 4301/9/4
f 4297/1/4 4298/1/4 4304/1/4
f 4304/1/4 4298/1/4 4305/1/4
f 4299/9/4 4300/9/4 4306/9/4
f 4306/9/4 4300/9/4 4307/9/4
f 4300/4/4 4293/4/4 4308/4/4
f 4307/9/4 4300/9/4 4308/9/4
f 4301/9/4 4302/9/4 4309/9/4
f 4308/4/4 4293/4/4 4309/4/4
f 4293/9/4 4301/9/4 4309/9/4
f 4309/9/4 4302/9/4 4310/9/4
f 4302/2/4 4303/2/4 4311/2/4
f 4310/9/4 4302/9/4 4311/9/4
f 4311/2/4 4303/2/4 4312/2/4
f 4306/4/4 4307/4/4 4315/4/4
f 4309/9/4 4310/9/4 4316/9/4
f 4315/4/4 4307/4/4 4316/4/4
f 4307/9/4 4308/9/4 4316/9/4
f 4308/9/4 4309/9/4 4316/9/4
f 4316/9/4 4310/9/4 4317/9/4
f 4317/9/4 4310/9/4 4318/9/4
f 4318/9/4 4310/9/4 4319/9/4
f 4315/9/4 4316/9/4 4320/9/4
f 4320/9/4 4316/9/4 4321/9/4
f 4317/9/4 4318/9/4 4322/9/4
f 4318/4/4 4319/4/4 4323/4/4
f 4322/9/4 4318/9/4 4323/9/4
f 4319/9/4 4310/9/4 4324/9/4
f 4323/4/4 4319/4/4 4324/4/4
f 4310/4/4 4311/4/4 4325/4/4
f 4324/9/4 4310/9/4 4325/9/4
f 4311/9/4 4312/9/4 4326/9/4
f 4325/4/4 4311/4/4 4326/4/4
f 4326/9/4 4312/9/4 4327/9/4
f 4324/4/4 4325/4/4 4329/4/4
f 4325/9/4 4326/9/4 4330/9/4
f 4329/4/4 4325/4/4 4330/4/4
f 4330/9/4 4326/9/4 4331/9/4
f 4326/4/4 4327/4/4 4332/4/4
f 4331/9/4 4326/9/4 4332/9/4
f 4332/4/4 4327/4/4 4333/4/4
f 4330/9/4 4331/9/4 4336/9/4
f 4328/9/4 4329/9/4 4336/9/4
f 4329/9/4 4330/9/4 4336/9/4
f 4331/2/4 4332/2/4 4336/2/4
f 4332/9/4 4333/9/4 4337/9/4
f 4336/2/4 4332/2/4 4337/2/4
f 4337/9/4 4333/9/4 4338/9/4
f 4313/6/4 4314/6/4 4339/6/4
f 4339/6/4 4314/6/4 4340/6/4
f 4334/1/4 4335/1/4 4343/1/4
f 4343/1/4 4335/1/4 4344/1/4
f 4328/9/4 4336/9/4 4345/9/4
f 4336/4/4 4337/4/4 4346/4/4
f 4345/9/4 4336/9/4 4346/9/4
f 4337/9/4 4338/9/4 4347/9/4
f 4346/4/4 4337/4/4 4347/4/4
f 4347/9/4 4338/9/4 4348/9/4
f 4341/1/4 4342/1/4 4351/1/4
f 4351/1/4 4342/1/4 4352/1/4
f 4328/9/4 4345/9/4 4359/9/4
f 4345/4/4 4346/4/4 4360/4/4
f 4359/9/4 4345/9/4 4360/9/4
f 4360/4/4 4346/4/4 4361/4/4
f 4349/1/4 4350/1/4 4362/1/4
f 4362/1/4 4350/1/4 4363/1/4
f 4353/1/4 4354/1/4 4364/1/4
f 4355/6/4 4356/6/4 4365/6/4
f 4365/6/4 4356/6/4 4366/6/4
f 4357/4/4 4358/4/4 4367/4/4
f 4367/4/4 4358/4/4 4368/4/4
f 4353/1/4 4364/1/4 4375/1/4
f 4375/1/4 4364/1/4 4376/1/4
f 4366/6/4 4356/6/4 4378/6/4
f 4369/4/4 4370/4/4 4380/4/4
f 4380/4/4 4370/4/4 4381/4/4
f 4371/1/4 4372/1/4 4383/1/4
f 4383/1/4 4372/1/4 4384/1/4
f 4373/1/4 4374/1/4 4387/1/4
f 4387/1/4 4374/1/4 4388/1/4
f 4376/6/4 4377/6/4 4390/6/4
f 4377/1/4 4378/1/4 4391/1/4
f 4390/6/4 4377/6/4 4391/6/4
f 4378/6/4 4356/6/4 4392/6/4
f 4391/1/4 4378/1/4 4392/1/4
f 4392/6/4 4356/6/4 4393/6/4
f 4379/9/4 4380/9/4 4394/9/4
f 4380/4/4 4381/4/4 4395/4/4
f 4394/9/4 4380/9/4 4395/9/4
f 4381/9/4 4382/9/4 4396/9/4
f 4395/4/4 4381/4/4 4396/4/4
f 4396/9/4 4382/9/4 4397/9/4
f 4388/6/4 4389/6/4 4399/6/4
f 4385/6/4 4386/6/4 4399/6/4
f 4387/6/4 4388/6/4 4399/6/4
f 4386/6/4 4387/6/4 4399/6/4
f 4399/6/4 4389/6/4 4400/6/4
f 4398/6/4 4399/6/4 4401/6/4
f 4401/6/4 4399/6/4 4402/6/4
f 4400/6/4 4389/6/4 4403/6/4
f 4403/6/4 4389/6/4 4404/6/4
f 4405/6/4 4406/6/4 4407/6/4
f 4407/6/4 4406/6/4 4408/6/4
f 4411/6/4 4412/6/4 4415/6/4
f 4412/1/4 4413/1/4 4416/1/4
f 4415/6/4 4412/6/4 4416/6/4
f 4416/1/4 4413/1/4 4417/1/4
f 4409/1/4 4410/1/4 4419/1/4
f 4419/1/4 4410/1/4 4420/1/4
f 4414/6/4 4415/6/4 4421/6/4
f 4421/6/4 4415/6/4 4422/6/4
f 4417/6/4 4418/6/4 4423/6/4
f 4416/6/4 4417/6/4 4423/6/4
f 4423/6/4 4418/6/4 4424/6/4
f 4424/6/4 4418/6/4 4425/6/4
f 4423/6/4 4424/6/4 4432/6/4
f 4432/6/4 4424/6/4 4433/6/4
f 4424/1/4 4425/1/4 4434/1/4
f 4433/6/4 4424/6/4 4434/6/4
f 4434/1/4 4425/1/4 4435/1/4
f 4428/9/4 4429/9/4 4436/9/4
f 4429/4/4 4430/4/4 4437/4/4
f 4436/9/4 4429/9/4 4437/9/4
f 4430/9/4 4431/9/4 4438/9/4
f 4437/4/4 4430/4/4 4438/4/4
f 4438/9/4 4431/9/4 4439/9/4
f 4426/6/4 4427/6/4 4440/6/4
f 4440/6/4 4427/6/4 4441/6/4
f 4432/1/4 4433/1/4 4442/1/4
f 4433/6/4 4434/6/4 4443/6/4
f 4442/1/4 4433/1/4 4443/1/4
f 4434/6/4 4435/6/4 4443/6/4
f 4442/6/4 4443/6/4 4445/6/4
f 4443/6/4 4435/6/4 4446/6/4
f 4445/6/4 4443/6/4 4446/6/4
f 4446/6/4 4435/6/4 4447/6/4
f 4444/6/4 4445/6/4 4453/6/4
f 4445/6/4 4446/6/4 4453/6/4
f 4453/6/4 4446/6/4 4454/6/4
f 4449/4/4 4450/4/4 4455/4/4
f 4448/9/4 4449/9/4 4455/9/4
f 4455/4/4 4450/4/4 4456/4/4
f 4448/9/4 4455/9/4 4458/9/4
f 4455/9/4 4456/9/4 4458/9/4
f 4458/9/4 4456/9/4 4459/9/4
f 4451/1/4 4452/1/4 4460/1/4
f 4460/1/4 4452/1/4 4461/1/4
f 4457/4/4 4458/4/4 4464/4/4
f 4458/9/4 4459/9/4 4465/9/4
f 4464/4/4 4458/4/4 4465/4/4
f 4465/9/4 4459/9/4 4466/9/4
f 4462/6/4 4463/6/4 4467/6/4
f 4467/6/4 4463/6/4 4468/6/4
f 4469/6/4 4470/6/4 4471/6/4
f 4471/6/4 4470/6/4 4472/6/4
f 4472/6/4 4470/6/4 4473/6/4
f 4473/6/4 4474/6/4 4475/6/4
f 4472/6/4 4473/6/4 4475/6/4
f 4475/6/4 4474/6/4 4476/6/4
f 4476/6/4 4474/6/4 4479/6/4
f 4479/6/4 4474/6/4 4480/6/4
f 4480/6/4 4474/6/4 4481/6/4
f 4477/6/4 4478/6/4 4482/6/4
f 4482/6/4 4478/6/4 4483/6/4
f 4480/6/4 4481/6/4 4485/6/4
f 4481/6/4 4482/6/4 4485/6/4
f 4484/6/4 4485/6/4 4488/6/4
f 4485/6/4 4482/6/4 4489/6/4
f 4488/6/4 4485/6/4 4489/6/4
f 4489/6/4 4482/6/4 4490/6/4
f 4488/1/4 4489/1/4 4492/1/4
f 4490/6/4 4491/6/4 4492/6/4
f 4489/6/4 4490/6/4 4492/6/4
f 4492/6/4 4491/6/4 4493/6/4
f 4493/6/4 4491/6/4 4494/6/4
f 4494/6/4 4491/6/4 4495/6/4
f 4488/1/4 4492/1/4 4496/1/4
f 4492/1/4 4493/1/4 4496/1/4
f 4493/6/4 4494/6/4 4497/6/4
f 4496/1/4 4493/1/4 4497/1/4
f 4497/6/4 4494/6/4 4498/6/4
f 4494/1/4 4495/1/4 4499/1/4
f 4498/6/4 4494/6/4 4499/6/4
f 4495/6/4 4491/6/4 4500/6/4
f 4499/1/4 4495/1/4 4500/1/4
f 4497/6/4 4498/6/4 4503/6/4
f 4496/6/4 4497/6/4 4503/6/4
f 4498/1/4 4499/1/4 4504/1/4
f 4503/6/4 4498/6/4 4504/6/4
f 4499/6/4 4500/6/4 4505/6/4
f 4504/1/4 4499/1/4 4505/1/4
f 4501/9/4 4502/9/4 4506/9/4
f 4496/6/4 4503/6/4 4509/6/4
f 4503/1/4 4504/1/4 4510/1/4
f 4509/6/4 4503/6/4 4510/6/4
f 4505/6/4 4500/6/4 4511/6/4
f 4500/6/4 4491/6/4 4511/6/4
f 4504/6/4 4505/6/4 4511/6/4
f 4511/6/4 4491/6/4 4512/6/4
f 4507/4/4 4508/4/4 4513/4/4
f 4506/9/4 4507/9/4 4513/9/4
f 4513/4/4 4508/4/4 4514/4/4
f 4496/6/4 4509/6/4 4515/6/4
f 4509/1/4 4510/1/4 4516/1/4
f 4515/6/4 4509/6/4 4516/6/4
f 4510/1/4 4504/1/4 4517/1/4
f 4516/1/4 4510/1/4 4517/1/4
f 4504/6/4 4511/6/4 4517/6/4
f 4506/9/4 4513/9/4 4518/9/4
f 4501/9/4 4506/9/4 4518/9/4
f 4518/9/4 4513/9/4 4519/9/4
f 4514/4/4 4508/4/4 4520/4/4
f 4486/1/4 4487/1/4 4521/1/4
f 4521/1/4 4487/1/4 4522/1/4
f 4516/6/4 4517/6/4 4524/6/4
f 4524/6/4 4517/6/4 4525/6/4
f 4517/6/4 4511/6/4 4526/6/4
f 4525/6/4 4517/6/4 4526/6/4
f 4526/6/4 4511/6/4 4527/6/4
f 4527/6/4 4511/6/4 4528/6/4
f 4520/4/4 4508/4/4 4529/4/4
f 4529/4/4 4508/4/4 4530/4/4
f 4524/6/4 4525/6/4 4534/6/4
f 4523/6/4 4524/6/4 4534/6/4
f 4526/6/4 4527/6/4 4535/6/4
f 4535/6/4 4527/6/4 4536/6/4
f 4531/6/4 4532/6/4 4537/6/4
f 4537/6/4 4532/6/4 4538/6/4
f 4533/6/4 4534/6/4 4540/6/4
f 4534/6/4 4525/6/4 4541/6/4
f 4540/6/4 4534/6/4 4541/6/4
f 4541/6/4 4525/6/4 4542/6/4
f 4539/6/4 4540/6/4 4543/6/4
f 4540/6/4 4541/6/4 4543/6/4
f 4543/6/4 4541/6/4 4544/6/4
f 4545/6/4 4546/6/4 4547/6/4
f 4547/6/4 4548/6/4 4549/6/4
f 4545/6/4 4547/6/4 4551/6/4
f 4549/6/4 4550/6/4 4551/6/4
f 4547/6/4 4549/6/4 4551/6/4
f 4551/6/4 4550/6/4 4552/6/4
f 4545/6/4 4551/6/4 4553/6/4
f 4551/1/4 4552/1/4 4553/1/4
f 4553/1/4 4552/1/4 4554/1/4
f 4545/6/4 4553/6/4 4555/6/4
f 4553/6/4 4554/6/4 4555/6/4
f 4555/6/4 4554/6/4 4556/6/4
f 4545/6/4 4555/6/4 4557/6/4
f 4557/6/4 4555/6/4 4558/6/4
f 4556/6/4 4554/6/4 4560/6/4
f 4560/6/4 4554/6/4 4561/6/4
f 4559/6/4 4560/6/4 4563/6/4
f 4563/6/4 4560/6/4 4564/6/4
f 4561/6/4 4554/6/4 4565/6/4
f 4563/6/4 4564/6/4 4566/6/4
f 4564/6/4 4565/6/4 4566/6/4
f 4565/6/4 4554/6/4 4566/6/4
f 4562/6/4 4563/6/4 4566/6/4
f 4566/6/4 4554/6/4 4567/6/4
f 4562/6/4 4566/6/4 4570/6/4
f 4570/6/4 4566/6/4 4571/6/4
f 4568/9/4 4569/9/4 4572/9/4
f 4572/9/4 4569/9/4 4573/9/4
f 4571/6/4 4566/6/4 4574/6/4
f 4574/6/4 4566/6/4 4575/6/4
f 4566/1/4 4567/1/4 4576/1/4
f 4575/6/4 4566/6/4 4576/6/4
f 4567/6/4 4554/6/4 4577/6/4
f 4576/1/4 4567/1/4 4577/1/4
f 4575/6/4 4576/6/4 4581/6/4
f 4576/6/4 4577/6/4 4581/6/4
f 4577/6/4 4554/6/4 4582/6/4
f 4581/6/4 4577/6/4 4582/6/4
f 4582/6/4 4554/6/4 4583/6/4
f 4578/9/4 4579/9/4 4584/9/4
f 4584/9/4 4579/9/4 4585/9/4
f 4580/6/4 4581/6/4 4587/6/4
f 4581/6/4 4582/6/4 4587/6/4
f 4587/6/4 4582/6/4 4588/6/4
f 4588/6/4 4582/6/4 4589/6/4
f 4586/6/4 4587/6/4 4590/6/4
f 4587/6/4 4588/6/4 4590/6/4
f 4590/6/4 4588/6/4 4591/6/4
f 4591/6/4 4588/6/4 4592/6/4
f 4592/6/4 4588/6/4 4593/6/4
f 4594/6/4 4595/6/4 4596/6/4
f 4596/6/4 4595/6/4 4597/6/4
f 4597/6/4 4598/6/4 4599/6/4
f 4599/6/4 4598/6/4 4600/6/4
f 4605/14/5 4602/14/5 4601/14/5
f 4606/14/5 4602/14/5 4605/14/5
f 4607/14/5 4604/14/5 4603/14/5
f 4608/14/5 4604/14/5 4607/14/5
f 4613/6/5 4610/6/5 4609/6/5
f 4614/6/5 4610/6/5 4613/6/5
f 4617/6/5 4612/6/5 4611/6/5
f 4618/6/5 4612/6/5 4617/6/5
f 4619/6/5 4615/6/5 4614/6/5
f 4620/6/5 4615/6/5 4619/6/5
f 4621/6/5 4617/6/5 4616/6/5
f 4622/6/5 4617/6/5 4621/6/5
f 4627/6/5 4624/6/5 4623/6/5
f 4628/6/5 4624/6/5 4627/6/5
f 4629/6/5 4626/6/5 4625/6/5
f 4630/6/5 4626/6/5 4629/6/5
f 4635/6/5 4632/6/5 4631/6/5
f 4636/6/5 4632/6/5 4635/6/5
f 4641/6/5 4634/6/5 4633/6/5
f 4642/6/5 4634/6/5 4641/6/5
f 4643/6/5 4638/6/5 4637/6/5
f 4644/6/5 4638/6/5 4643/6/5
f 4645/6/5 4640/6/5 4639/6/5
f 4646/6/5 4640/6/5 4645/6/5
f 4653/6/5 4650/6/5 4649/6/5
f 4654/6/5 4650/6/5 4653/6/5
f 4655/6/5 4648/6/5 4647/6/5
f 4656/6/5 4648/6/5 4655/6/5
f 4657/6/5 4652/6/5 4651/6/5
f 4658/6/5 4652/6/5 4657/6/5
f 4659/6/5 4650/6/5 4654/6/5
f 4660/6/5 4650/6/5 4659/6/5
f 4665/6/5 4662/6/5 4661/6/5
f 4666/6/5 4662/6/5 4665/6/5
f 4667/6/5 4662/6/5 4666/6/5
f 4668/6/5 4664/6/5 4663/6/5
f 4669/6/5 4664/6/5 4668/6/5
f 4670/6/5 4664/6/5 4669/6/5
f 4676/6/5 4672/6/5 4671/6/5
f 4677/6/5 4674/6/5 4673/6/5
f 4679/6/5 4676/6/5 4675/6/5
f 4680/6/5 4672/6/5 4676/6/5
f 4680/6/5 4676/6/5 4679/6/5
f 4681/6/5 4678/6/5 4677/6/5
f 4682/6/5 4677/6/5 4673/6/5
f 4682/6/5 4681/6/5 4677/6/5
f 4683/6/5 4681/6/5 4682/6/5
f 4689/6/5 4682/6/5 4673/6/5
f 4690/6/5 4682/6/5 4689/6/5
f 4691/6/5 4685/6/5 4684/6/5
f 4692/1/5 4686/1/5 4685/1/5
f 4692/6/5 4685/6/5 4691/6/5
f 4693/1/5 4686/1/5 4692/1/5
f 4694/1/5 4688/1/5 4687/1/5
f 4695/6/5 4689/6/5 4688/6/5
f 4695/1/5 4688/1/5 4694/1/5
f 4696/6/5 4689/6/5 4695/6/5
f 4697/6/5 4692/6/5 4691/6/5
f 4698/6/5 4692/6/5 4697/6/5
f 4701/6/5 4696/6/5 4695/6/5
f 4702/6/5 4696/6/5 4701/6/5
f 4706/6/5 4700/6/5 4699/6/5
f 4707/6/5 4700/6/5 4706/6/5
f 4711/6/5 4705/6/5 4704/6/5
f 4712/6/5 4705/6/5 4711/6/5
f 4713/6/5 4705/6/5 4712/6/5
f 4714/6/5 4700/6/5 4707/6/5
f 4715/6/5 4700/6/5 4714/6/5
f 4716/6/5 4709/6/5 4708/6/5
f 4717/6/5 4709/6/5 4716/6/5
f 4718/6/5 4703/6/5 4702/6/5
f 4719/6/5 4703/6/5 4718/6/5
f 4720/6/5 4711/6/5 4710/6/5
f 4720/6/5 4712/6/5 4711/6/5
f 4721/6/5 4712/6/5 4720/6/5
f 4730/6/5 4723/6/5 4722/6/5
f 4731/6/5 4723/6/5 4730/6/5
f 4732/6/5 4725/6/5 4724/6/5
f 4733/6/5 4725/6/5 4732/6/5
f 4734/6/5 4727/6/5 4726/6/5
f 4735/6/5 4727/6/5 4734/6/5
f 4736/6/5 4729/6/5 4728/6/5
f 4737/6/5 4729/6/5 4736/6/5
f 4742/6/5 4739/6/5 4738/6/5
f 4743/6/5 4739/6/5 4742/6/5
f 4744/6/5 4741/6/5 4740/6/5
f 4745/6/5 4741/6/5 4744/6/5
f 4750/6/5 4747/6/5 4746/6/5
f 4754/6/5 4749/6/5 4748/6/5
f 4755/6/5 4749/6/5 4754/6/5
f 4756/6/5 4750/6/5 4746/6/5
f 4756/6/5 4751/6/5 4750/6/5
f 4757/6/5 4751/6/5 4756/6/5
f 4758/6/5 4751/6/5 4757/6/5
f 4759/6/5 4751/6/5 4758/6/5
f 4764/6/5 4753/6/5 4752/6/5
f 4765/6/5 4753/6/5 4764/6/5
f 4766/6/5 4758/6/5 4757/6/5
f 4767/6/5 4758/6/5 4766/6/5
f 4769/1/5 4761/1/5 4760/1/5
f 4770/1/5 4761/1/5 4769/1/5
f 4771/1/5 4763/1/5 4762/1/5
f 4772/1/5 4763/1/5 4771/1/5
f 4774/6/5 4770/6/5 4769/6/5
f 4774/6/5 4773/6/5 4772/6/5
f 4774/6/5 4772/6/5 4771/6/5
f 4774/6/5 4771/6/5 4770/6/5
f 4774/6/5 4769/6/5 4768/6/5
f 4775/6/5 4773/6/5 4774/6/5
f 4776/6/5 4773/6/5 4775/6/5
f 4777/6/5 4773/6/5 4776/6/5
f 4778/6/5 4776/6/5 4775/6/5
f 4779/6/5 4776/6/5 4778/6/5
f 4782/6/5 4773/6/5 4777/6/5
f 4783/6/5 4773/6/5 4782/6/5
f 4784/6/5 4781/6/5 4780/6/5
f 4785/6/5 4781/6/5 4784/6/5
f 4797/6/5 4787/6/5 4786/6/5
f 4798/6/5 4787/6/5 4797/6/5
f 4799/6/5 4789/6/5 4788/6/5
f 4801/6/5 4791/6/5 4790/6/5
f 4802/6/5 4791/6/5 4801/6/5
f 4803/1/5 4792/1/5 4791/1/5
f 4803/6/5 4791/6/5 4802/6/5
f 4804/1/5 4792/1/5 4803/1/5
f 4805/6/5 4794/6/5 4793/6/5
f 4806/6/5 4796/6/5 4795/6/5
f 4807/6/5 4796/6/5 4806/6/5
f 4810/6/5 4799/6/5 4788/6/5
f 4811/6/5 4799/6/5 4810/6/5
f 4812/6/5 4802/6/5 4801/6/5
f 4812/6/5 4801/6/5 4800/6/5
f 4813/6/5 4802/6/5 4812/6/5
f 4814/6/5 4794/6/5 4805/6/5
f 4815/6/5 4794/6/5 4814/6/5
f 4818/6/5 4809/6/5 4808/6/5
f 4821/6/5 4817/6/5 4816/6/5
f 4822/6/5 4819/6/5 4818/6/5
f 4822/6/5 4818/6/5 4808/6/5
f 4823/6/5 4819/6/5 4822/6/5
f 4824/6/5 4821/6/5 4820/6/5
f 4824/6/5 4817/6/5 4821/6/5
f 4825/6/5 4817/6/5 4824/6/5
f 4826/6/5 4819/6/5 4823/6/5
f 4827/6/5 4819/6/5 4826/6/5
f 4828/6/5 4819/6/5 4827/6/5
f 4833/6/5 4824/6/5 4820/6/5
f 4834/6/5 4824/6/5 4833/6/5
f 4835/6/5 4824/6/5 4834/6/5
f 4836/7/5 4830/7/5 4829/7/5
f 4837/7/5 4830/7/5 4836/7/5
f 4838/7/5 4832/7/5 4831/7/5
f 4839/7/5 4832/7/5 4838/7/5
f 4843/6/5 4840/6/5 4839/6/5
f 4844/6/5 4840/6/5 4843/6/5
f 4845/6/5 4842/6/5 4841/6/5
f 4846/6/5 4842/6/5 4845/6/5
f 4852/6/5 4847/6/5 4846/6/5
f 4853/6/5 4847/6/5 4852/6/5
f 4854/6/5 4849/6/5 4848/6/5
f 4855/6/5 4849/6/5 4854/6/5
f 4856/6/5 4851/6/5 4850/6/5
f 4857/6/5 4851/6/5 4856/6/5
f 4862/6/5 4859/6/5 4858/6/5
f 4863/6/5 4859/6/5 4862/6/5
f 4864/6/5 4861/6/5 4860/6/5
f 4865/6/5 4861/6/5 4864/6/5
f 4868/6/5 4867/6/5 4866/6/5
f 4869/6/5 4867/6/5 4868/6/5
f 4874/6/5 4871/6/5 4870/6/5
f 4875/6/5 4871/6/5 4874/6/5
f 4878/6/5 4873/6/5 4872/6/5
f 4879/6/5 4873/6/5 4878/6/5
f 4880/6/5 4877/6/5 4876/6/5
f 4881/6/5 4877/6/5 4880/6/5
f 4882/6/5 4878/6/5 4872/6/5
f 4883/6/5 4878/6/5 4882/6/5
f 4884/6/5 4877/6/5 4881/6/5
f 4885/6/5 4877/6/5 4884/6/5
f 4890/6/5 4887/6/5 4886/6/5
f 4893/6/5 4889/6/5 4888/6/5
f 4896/6/5 4891/6/5 4890/6/5
f 4896/6/5 4890/6/5 4886/6/5
f 4897/6/5 4891/6/5 4896/6/5
f 4898/6/5 4893/6/5 4892/6/5
f 4899/6/5 4889/6/5 4893/6/5
f 4899/6/5 4893/6/5 4898/6/5
f 4902/6/5 4895/6/5 4894/6/5
f 4903/6/5 4895/6/5 4902/6/5
f 4904/1/5 4901/1/5 4900/1/5
f 4905/1/5 4901/1/5 4904/1/5
f 4912/6/5 4907/6/5 4906/6/5
f 4913/6/5 4909/6/5 4908/6/5
f 4914/6/5 4909/6/5 4913/6/5
f 4915/6/5 4911/6/5 4910/6/5
f 4917/6/5 4914/6/5 4913/6/5
f 4917/6/5 4915/6/5 4914/6/5
f 4917/6/5 4912/6/5 4906/6/5
f 4917/6/5 4913/6/5 4912/6/5
f 4918/6/5 4915/6/5 4917/6/5
f 4919/6/5 4915/6/5 4918/6/5
f 4920/6/5 4915/6/5 4919/6/5
f 4921/6/5 4911/6/5 4915/6/5
f 4921/6/5 4915/6/5 4920/6/5
f 4924/7/5 4917/7/5 4916/7/5
f 4925/7/5 4917/7/5 4924/7/5
f 4926/7/5 4920/7/5 4919/7/5
f 4927/7/5 4920/7/5 4926/7/5
f 4928/7/5 4920/7/5 4927/7/5
f 4929/7/5 4920/7/5 4928/7/5
f 4930/7/5 4922/7/5 4921/7/5
f 4931/7/5 4922/7/5 4930/7/5
f 4933/6/5 4924/6/5 4923/6/5
f 4934/6/5 4924/6/5 4933/6/5
f 4935/7/5 4928/7/5 4927/7/5
f 4936/7/5 4928/7/5 4935/7/5
f 4937/6/5 4932/6/5 4931/6/5
f 4938/6/5 4932/6/5 4937/6/5
f 4939/21/5 4936/21/5 4935/21/5
f 4940/21/5 4936/21/5 4939/21/5
f 4944/14/5 4940/14/5 4939/14/5
f 4945/14/5 4940/14/5 4944/14/5
f 4949/6/5 4943/6/5 4942/6/5
f 4949/6/5 4942/6/5 4941/6/5
f 4952/6/5 4948/6/5 4947/6/5
f 4952/6/5 4947/6/5 4946/6/5
f 4953/6/5 4950/6/5 4949/6/5
f 4953/6/5 4949/6/5 4941/6/5
f 4954/6/5 4950/6/5 4953/6/5
f 4955/6/5 4950/6/5 4954/6/5
f 4956/6/5 4950/6/5 4955/6/5
f 4957/6/5 4952/6/5 4951/6/5
f 4958/6/5 4948/6/5 4952/6/5
f 4958/6/5 4952/6/5 4957/6/5
f 4959/6/5 4948/6/5 4958/6/5
f 4960/6/5 4948/6/5 4959/6/5
f 4969/6/5 4962/6/5 4961/6/5
f 4970/6/5 4962/6/5 4969/6/5
f 4971/6/5 4968/6/5 4967/6/5
f 4972/6/5 4968/6/5 4971/6/5
f 4973/6/5 4964/6/5 4963/6/5
f 4974/6/5 4964/6/5 4973/6/5
f 4975/6/5 4966/6/5 4965/6/5
f 4976/6/5 4966/6/5 4975/6/5
f 4979/1/5 4978/1/5 4977/1/5
f 4980/1/5 4978/1/5 4979/1/5
f 4986/6/5 4982/6/5 4981/6/5
f 4987/6/5 4982/6/5 4986/6/5
f 4988/6/5 4984/6/5 4983/6/5
f 4989/1/5 4985/1/5 4984/1/5
f 4989/6/5 4984/6/5 4988/6/5
f 4990/1/5 4985/1/5 4989/1/5
f 4995/6/5 4992/6/5 4991/6/5
f 4996/6/5 4992/6/5 4995/6/5
f 5001/6/5 4994/6/5 4993/6/5
f 5002/6/5 4994/6/5 5001/6/5
f 5003/6/5 4998/6/5 4997/6/5
f 5004/6/5 4998/6/5 5003/6/5
f 5005/6/5 5000/6/5 4999/6/5
f 5006/6/5 5000/6/5 5005/6/5
f 5011/6/5 5008/6/5 5007/6/5
f 5012/6/5 5008/6/5 5011/6/5
f 5015/6/5 5010/6/5 5009/6/5
f 5016/6/5 5010/6/5 5015/6/5
f 5021/6/5 5014/6/5 5013/6/5
f 5022/6/5 5014/6/5 5021/6/5
f 5023/3/5 5018/3/5 5017/3/5
f 5024/3/5 5018/3/5 5023/3/5
f 5025/3/5 5020/3/5 5019/3/5
f 5026/3/5 5020/3/5 5025/3/5
f 5030/7/5 5028/7/5 5027/7/5
f 5031/17/5 5029/17/5 5028/17/5
f 5031/7/5 5028/7/5 5030/7/5
f 5032/17/5 5029/17/5 5031/17/5
f 5033/3/5 5031/3/5 5030/3/5
f 5034/7/5 5032/7/5 5031/7/5
f 5034/3/5 5031/3/5 5033/3/5
f 5035/7/5 5032/7/5 5034/7/5
f 5038/1/5 5037/1/5 5036/1/5
f 5039/1/5 5037/1/5 5038/1/5
f 5040/6/5 5039/6/5 5038/6/5
f 5041/6/5 5039/6/5 5040/6/5
f 5045/1/5 5043/1/5 5042/1/5
f 5046/6/5 5044/6/5 5043/6/5
f 5046/1/5 5043/1/5 5045/1/5
f 5047/6/5 5044/6/5 5046/6/5
f 5048/6/5 5044/6/5 5047/6/5
f 5051/6/5 5046/6/5 5045/6/5
f 5051/6/5 5047/6/5 5046/6/5
f 5052/3/5 5048/3/5 5047/3/5
f 5052/6/5 5047/6/5 5051/6/5
f 5053/3/5 5048/3/5 5052/3/5
f 5059/3/5 5050/3/5 5049/3/5
f 5060/3/5 5050/3/5 5059/3/5
f 5072/11/5 5058/11/5 5057/11/5
f 5072/11/5 5057/11/5 5056/11/5
f 5073/11/5 5058/11/5 5072/11/5
f 5074/11/5 5058/11/5 5073/11/5
f 5075/3/5 5062/3/5 5061/3/5
f 5076/3/5 5062/3/5 5075/3/5
f 5077/11/5 5064/11/5 5063/11/5
f 5078/5/5 5065/5/5 5064/5/5
f 5078/11/5 5064/11/5 5077/11/5
f 5079/11/5 5066/11/5 5065/11/5
f 5079/5/5 5065/5/5 5078/5/5
f 5080/11/5 5066/11/5 5079/11/5
f 5084/17/5 5068/17/5 5067/17/5
f 5085/17/5 5068/17/5 5084/17/5
f 5086/17/5 5055/17/5 5054/17/5
f 5087/17/5 5055/17/5 5086/17/5
f 5088/11/5 5074/11/5 5073/11/5
f 5089/11/5 5085/11/5 5084/11/5
f 5090/11/5 5085/11/5 5089/11/5
f 5091/11/5 5087/11/5 5086/11/5
f 5092/11/5 5087/11/5 5091/11/5
f 5093/11/5 5070/11/5 5069/11/5
f 5094/11/5 5070/11/5 5093/11/5
f 5095/11/5 5072/11/5 5071/11/5
f 5096/5/5 5073/5/5 5072/5/5
f 5096/11/5 5072/11/5 5095/11/5
f 5097/11/5 5088/11/5 5073/11/5
f 5097/5/5 5073/5/5 5096/5/5
f 5098/11/5 5088/11/5 5097/11/5
f 5099/11/5 5088/11/5 5098/11/5
f 5100/11/5 5078/11/5 5077/11/5
f 5100/11/5 5079/11/5 5078/11/5
f 5101/11/5 5079/11/5 5100/11/5
f 5102/5/5 5080/5/5 5079/5/5
f 5102/11/5 5079/11/5 5101/11/5
f 5103/11/5 5081/11/5 5080/11/5
f 5103/5/5 5080/5/5 5102/5/5
f 5104/11/5 5081/11/5 5103/11/5
f 5105/11/5 5083/11/5 5082/11/5
f 5106/11/5 5083/11/5 5105/11/5
f 5107/17/5 5092/17/5 5091/17/5
f 5108/17/5 5092/17/5 5107/17/5
f 5109/17/5 5097/17/5 5096/17/5
f 5110/5/5 5098/5/5 5097/5/5
f 5110/17/5 5097/17/5 5109/17/5
f 5111/5/5 5098/5/5 5110/5/5
f 5112/5/5 5102/5/5 5101/5/5
f 5113/17/5 5103/17/5 5102/17/5
f 5113/5/5 5102/5/5 5112/5/5
f 5114/17/5 5103/17/5 5113/17/5
f 5115/17/5 5090/17/5 5089/17/5
f 5116/17/5 5090/17/5 5115/17/5
f 5123/6/5 5118/6/5 5117/6/5
f 5124/6/5 5118/6/5 5123/6/5
f 5125/6/5 5120/6/5 5119/6/5
f 5126/6/5 5120/6/5 5125/6/5
f 5128/6/5 5122/6/5 5121/6/5
f 5129/6/5 5122/6/5 5128/6/5
f 5130/6/5 5126/6/5 5125/6/5
f 5130/6/5 5125/6/5 5124/6/5
f 5131/6/5 5126/6/5 5130/6/5
f 5132/6/5 5128/6/5 5127/6/5
f 5133/6/5 5128/6/5 5132/6/5
f 5134/6/5 5126/6/5 5131/6/5
f 5135/6/5 5126/6/5 5134/6/5
f 5139/6/5 5137/6/5 5136/6/5
f 5140/6/5 5137/6/5 5139/6/5
f 5141/3/5 5139/3/5 5138/3/5
f 5141/3/5 5140/3/5 5139/3/5
f 5142/3/5 5140/3/5 5141/3/5
f 5154/5/5 5144/5/5 5143/5/5
f 5155/11/5 5145/11/5 5144/11/5
f 5155/5/5 5144/5/5 5154/5/5
f 5156/11/5 5145/11/5 5155/11/5
f 5157/11/5 5145/11/5 5156/11/5
f 5158/11/5 5147/11/5 5146/11/5
f 5159/11/5 5147/11/5 5158/11/5
f 5160/11/5 5147/11/5 5159/11/5
f 5161/11/5 5149/11/5 5148/11/5
f 5162/5/5 5150/5/5 5149/5/5
f 5162/11/5 5149/11/5 5161/11/5
f 5163/5/5 5150/5/5 5162/5/5
f 5164/11/5 5152/11/5 5151/11/5
f 5165/11/5 5152/11/5 5164/11/5
f 5166/5/5 5153/5/5 5152/5/5
f 5166/11/5 5152/11/5 5165/11/5
f 5167/5/5 5153/5/5 5166/5/5
f 5168/18/5 5155/18/5 5154/18/5
f 5169/18/5 5167/18/5 5166/18/5
f 5170/18/5 5155/18/5 5168/18/5
f 5171/11/5 5156/11/5 5155/11/5
f 5171/18/5 5155/18/5 5170/18/5
f 5172/11/5 5156/11/5 5171/11/5
f 5174/18/5 5159/18/5 5158/18/5
f 5175/18/5 5159/18/5 5174/18/5
f 5178/18/5 5163/18/5 5162/18/5
f 5179/18/5 5163/18/5 5178/18/5
f 5181/11/5 5166/11/5 5165/11/5
f 5182/18/5 5169/18/5 5166/18/5
f 5182/11/5 5166/11/5 5181/11/5
f 5183/18/5 5169/18/5 5182/18/5
f 5184/5/5 5171/5/5 5170/5/5
f 5185/11/5 5173/11/5 5172/11/5
f 5185/5/5 5171/5/5 5184/5/5
f 5185/11/5 5172/11/5 5171/11/5
f 5186/11/5 5173/11/5 5185/11/5
f 5187/17/5 5176/17/5 5175/17/5
f 5187/17/5 5175/17/5 5174/17/5
f 5188/17/5 5176/17/5 5187/17/5
f 5191/17/5 5179/17/5 5178/17/5
f 5191/17/5 5178/17/5 5177/17/5
f 5192/17/5 5179/17/5 5191/17/5
f 5193/11/5 5181/11/5 5180/11/5
f 5193/11/5 5182/11/5 5181/11/5
f 5194/5/5 5183/5/5 5182/5/5
f 5194/11/5 5182/11/5 5193/11/5
f 5195/5/5 5183/5/5 5194/5/5
f 5197/3/5 5190/3/5 5189/3/5
f 5198/3/5 5190/3/5 5197/3/5
f 5200/1/5 5197/1/5 5196/1/5
f 5201/3/5 5199/3/5 5198/3/5
f 5201/1/5 5197/1/5 5200/1/5
f 5201/3/5 5198/3/5 5197/3/5
f 5202/3/5 5199/3/5 5201/3/5
f 5203/3/5 5199/3/5 5202/3/5
f 5204/3/5 5199/3/5 5203/3/5
f 5205/3/5 5199/3/5 5204/3/5
f 5206/3/5 5199/3/5 5205/3/5
f 5211/6/5 5208/6/5 5207/6/5
f 5212/6/5 5208/6/5 5211/6/5
f 5217/6/5 5210/6/5 5209/6/5
f 5218/6/5 5210/6/5 5217/6/5
f 5219/6/5 5214/6/5 5213/6/5
f 5220/6/5 5214/6/5 5219/6/5
f 5221/6/5 5216/6/5 5215/6/5
f 5222/6/5 5216/6/5 5221/6/5
f 5229/3/5 5226/3/5 5225/3/5
f 5230/3/5 5226/3/5 5229/3/5
f 5231/6/5 5224/6/5 5223/6/5
f 5232/6/5 5224/6/5 5231/6/5
f 5233/6/5 5228/6/5 5227/6/5
f 5234/6/5 5228/6/5 5233/6/5
f 5239/1/5 5236/1/5 5235/1/5
f 5240/1/5 5236/1/5 5239/1/5
f 5241/3/5 5238/3/5 5237/3/5
f 5242/3/5 5238/3/5 5241/3/5
f 5248/1/5 5244/1/5 5243/1/5
f 5249/1/5 5244/1/5 5248/1/5
f 5251/6/5 5246/6/5 5245/6/5
f 5252/3/5 5247/3/5 5246/3/5
f 5252/6/5 5246/6/5 5251/6/5
f 5253/3/5 5247/3/5 5252/3/5
f 5254/3/5 5251/3/5 5250/3/5
f 5254/3/5 5253/3/5 5252/3/5
f 5254/3/5 5252/3/5 5251/3/5
f 5255/3/5 5253/3/5 5254/3/5
f 5256/3/5 5253/3/5 5255/3/5
f 5257/3/5 5253/3/5 5256/3/5
f 5258/3/5 5256/3/5 5255/3/5
f 5259/3/5 5256/3/5 5258/3/5
f 5260/19/5 5259/19/5 5258/19/5
f 5261/19/5 5259/19/5 5260/19/5
f 5268/6/5 5264/6/5 5263/6/5
f 5268/6/5 5263/6/5 5262/6/5
f 5269/6/5 5264/6/5 5268/6/5
f 5270/6/5 5264/6/5 5269/6/5
f 5271/3/5 5266/3/5 5265/3/5
f 5272/3/5 5266/3/5 5271/3/5
f 5273/6/5 5267/6/5 5266/6/5
f 5273/3/5 5266/3/5 5272/3/5
f 5274/6/5 5267/6/5 5273/6/5
f 5279/11/5 5276/11/5 5275/11/5
f 5280/11/5 5276/11/5 5279/11/5
f 5281/11/5 5278/11/5 5277/11/5
f 5282/11/5 5278/11/5 5281/11/5
f 5289/11/5 5284/11/5 5283/11/5
f 5290/11/5 5284/11/5 5289/11/5
f 5291/18/5 5286/18/5 5285/18/5
f 5292/18/5 5286/18/5 5291/18/5
f 5293/18/5 5286/18/5 5292/18/5
f 5294/9/5 5288/9/5 5287/9/5
f 5295/9/5 5288/9/5 5294/9/5
f 5301/11/5 5297/11/5 5296/11/5
f 5302/5/5 5298/5/5 5297/5/5
f 5302/11/5 5297/11/5 5301/11/5
f 5303/11/5 5299/11/5 5298/11/5
f 5303/5/5 5298/5/5 5302/5/5
f 5304/11/5 5299/11/5 5303/11/5
f 5306/11/5 5302/11/5 5301/11/5
f 5306/11/5 5305/11/5 5304/11/5
f 5306/11/5 5304/11/5 5303/11/5
f 5306/11/5 5303/11/5 5302/11/5
f 5306/11/5 5301/11/5 5300/11/5
f 5307/11/5 5305/11/5 5306/11/5
f 5308/11/5 5305/11/5 5307/11/5
f 5309/11/5 5305/11/5 5308/11/5
f 5311/11/5 5306/11/5 5300/11/5
f 5312/11/5 5306/11/5 5311/11/5
f 5313/11/5 5306/11/5 5312/11/5
f 5314/11/5 5305/11/5 5309/11/5
f 5315/11/5 5305/11/5 5314/11/5
f 5316/11/5 5305/11/5 5315/11/5
f 5317/9/5 5311/9/5 5310/9/5
f 5317/18/5 5312/18/5 5311/18/5
f 5318/18/5 5312/18/5 5317/18/5
f 5319/18/5 5316/18/5 5315/18/5
f 5320/18/5 5316/18/5 5319/18/5
f 5321/9/5 5317/9/5 5310/9/5
f 5322/9/5 5317/9/5 5321/9/5
f 5323/9/5 5317/9/5 5322/9/5
f 5324/9/5 5321/9/5 5310/9/5
f 5325/9/5 5321/9/5 5324/9/5
f 5328/9/5 5326/9/5 5325/9/5
f 5329/9/5 5328/9/5 5327/9/5
f 5330/9/5 5326/9/5 5328/9/5
f 5330/9/5 5328/9/5 5329/9/5
f 5331/9/5 5326/9/5 5330/9/5
f 5339/4/5 5330/4/5 5329/4/5
f 5340/4/5 5330/4/5 5339/4/5
f 5341/5/5 5333/5/5 5332/5/5
f 5341/5/5 5334/5/5 5333/5/5
f 5341/5/5 5335/5/5 5334/5/5
f 5342/5/5 5335/5/5 5341/5/5
f 5343/11/5 5338/11/5 5337/11/5
f 5343/5/5 5335/5/5 5342/5/5
f 5343/11/5 5337/11/5 5336/11/5
f 5343/11/5 5336/11/5 5335/11/5
f 5344/11/5 5338/11/5 5343/11/5
f 5345/11/5 5338/11/5 5344/11/5
f 5347/9/5 5340/9/5 5339/9/5
f 5348/9/5 5340/9/5 5347/9/5
f 5349/11/5 5344/11/5 5343/11/5
f 5349/11/5 5343/11/5 5342/11/5
f 5350/11/5 5344/11/5 5349/11/5
f 5351/11/5 5344/11/5 5350/11/5
f 5352/11/5 5344/11/5 5351/11/5
f 5353/4/5 5345/4/5 5344/4/5
f 5353/11/5 5344/11/5 5352/11/5
f 5353/4/5 5346/4/5 5345/4/5
f 5354/4/5 5346/4/5 5353/4/5
f 5355/4/5 5346/4/5 5354/4/5
f 5357/4/5 5348/4/5 5347/4/5
f 5358/4/5 5348/4/5 5357/4/5
f 5359/9/5 5350/9/5 5349/9/5
f 5360/4/5 5351/4/5 5350/4/5
f 5360/9/5 5350/9/5 5359/9/5
f 5361/9/5 5352/9/5 5351/9/5
f 5361/4/5 5351/4/5 5360/4/5
f 5362/9/5 5352/9/5 5361/9/5
f 5363/9/5 5352/9/5 5362/9/5
f 5365/4/5 5356/4/5 5355/4/5
f 5365/4/5 5355/4/5 5354/4/5
f 5366/4/5 5356/4/5 5365/4/5
f 5367/4/5 5356/4/5 5366/4/5
f 5368/4/5 5356/4/5 5367/4/5
f 5369/9/5 5364/9/5 5363/9/5
f 5369/9/5 5363/9/5 5362/9/5
f 5370/9/5 5364/9/5 5369/9/5
f 5375/11/5 5372/11/5 5371/11/5
f 5376/11/5 5372/11/5 5375/11/5
f 5377/11/5 5374/11/5 5373/11/5
f 5378/11/5 5374/11/5 5377/11/5
f 5379/11/5 5374/11/5 5378/11/5
f 5381/11/5 5379/11/5 5378/11/5
f 5381/11/5 5380/11/5 5379/11/5
f 5382/11/5 5380/11/5 5381/11/5
f 5385/11/5 5381/11/5 5378/11/5
f 5387/11/5 5384/11/5 5383/11/5
f 5388/11/5 5384/11/5 5387/11/5
f 5391/11/5 5385/11/5 5378/11/5
f 5392/11/5 5385/11/5 5391/11/5
f 5393/4/5 5386/4/5 5385/4/5
f 5393/11/5 5385/11/5 5392/11/5
f 5394/4/5 5386/4/5 5393/4/5
f 5395/4/5 5386/4/5 5394/4/5
f 5396/9/5 5388/9/5 5387/9/5
f 5397/9/5 5388/9/5 5396/9/5
f 5398/9/5 5390/9/5 5389/9/5
f 5399/9/5 5390/9/5 5398/9/5
f 5403/9/5 5394/9/5 5393/9/5
f 5403/9/5 5393/9/5 5392/9/5
f 5404/9/5 5394/9/5 5403/9/5
f 5405/9/5 5394/9/5 5404/9/5
f 5406/9/5 5402/9/5 5401/9/5
f 5406/9/5 5401/9/5 5400/9/5
f 5407/9/5 5402/9/5 5406/9/5
f 5408/9/5 5402/9/5 5407/9/5
f 5410/9/5 5409/9/5 5408/9/5
f 5410/9/5 5408/9/5 5407/9/5
f 5411/9/5 5409/9/5 5410/9/5
f 5416/18/5 5413/18/5 5412/18/5
f 5417/18/5 5413/18/5 5416/18/5
f 5418/11/5 5415/11/5 5414/11/5
f 5419/11/5 5415/11/5 5418/11/5
f 5424/11/5 5421/11/5 5420/11/5
f 5425/11/5 5421/11/5 5424/11/5
f 5426/11/5 5423/11/5 5422/11/5
f 5427/11/5 5423/11/5 5426/11/5
f 5428/5/5 5427/5/5 5426/5/5
f 5429/5/5 5427/5/5 5428/5/5
f 5434/9/5 5431/9/5 5430/9/5
f 5437/9/5 5434/9/5 5430/9/5
f 5437/9/5 5435/9/5 5434/9/5
f 5438/9/5 5435/9/5 5437/9/5
f 5440/9/5 5433/9/5 5432/9/5
f 5441/9/5 5433/9/5 5440/9/5
f 5442/9/5 5439/9/5 5438/9/5
f 5442/9/5 5437/9/5 5436/9/5
f 5442/9/5 5438/9/5 5437/9/5
f 5443/9/5 5439/9/5 5442/9/5
f 5444/9/5 5439/9/5 5443/9/5
f 5445/9/5 5439/9/5 5444/9/5
f 5446/9/5 5444/9/5 5443/9/5
f 5447/9/5 5444/9/5 5446/9/5
f 5454/4/5 5447/4/5 5446/4/5
f 5455/4/5 5447/4/5 5454/4/5
f 5456/4/5 5449/4/5 5448/4/5
f 5457/4/5 5449/4/5 5456/4/5
f 5458/9/5 5451/9/5 5450/9/5
f 5459/9/5 5451/9/5 5458/9/5
f 5460/9/5 5453/9/5 5452/9/5
f 5461/9/5 5453/9/5 5460/9/5
f 5464/9/5 5463/9/5 5462/9/5
f 5465/9/5 5463/9/5 5464/9/5
f 5469/4/5 5467/4/5 5466/4/5
f 5470/9/5 5468/9/5 5467/9/5
f 5470/4/5 5467/4/5 5469/4/5
f 5471/9/5 5468/9/5 5470/9/5
f 5472/9/5 5468/9/5 5471/9/5
f 5475/9/5 5474/9/5 5473/9/5
f 5476/9/5 5474/9/5 5475/9/5
f 5482/11/5 5478/11/5 5477/11/5
f 5483/11/5 5478/11/5 5482/11/5
f 5484/18/5 5480/18/5 5479/18/5
f 5485/18/5 5480/18/5 5484/18/5
f 5486/11/5 5485/11/5 5484/11/5
f 5487/11/5 5485/11/5 5486/11/5
f 5489/9/5 5482/9/5 5481/9/5
f 5490/18/5 5483/18/5 5482/18/5
f 5490/9/5 5482/9/5 5489/9/5
f 5491/18/5 5483/18/5 5490/18/5
f 5492/18/5 5487/18/5 5486/18/5
f 5493/9/5 5488/9/5 5487/9/5
f 5493/18/5 5487/18/5 5492/18/5
f 5494/9/5 5488/9/5 5493/9/5
f 5495/9/5 5491/9/5 5490/9/5
f 5496/9/5 5491/9/5 5495/9/5
f 5500/9/5 5498/9/5 5497/9/5
f 5501/4/5 5499/4/5 5498/4/5
f 5501/9/5 5498/9/5 5500/9/5
f 5502/4/5 5499/4/5 5501/4/5
f 5503/9/5 5502/9/5 5501/9/5
f 5504/9/5 5502/9/5 5503/9/5
f 5508/9/5 5506/9/5 5505/9/5
f 5508/9/5 5507/9/5 5506/9/5
f 5509/9/5 5507/9/5 5508/9/5
f 5511/9/5 5510/9/5 5509/9/5
f 5512/9/5 5510/9/5 5511/9/5
f 5515/4/5 5514/4/5 5513/4/5
f 5516/4/5 5514/4/5 5515/4/5
f 5518/4/5 5517/4/5 5516/4/5
f 5519/4/5 5517/4/5 5518/4/5
f 5523/1/5 5521/1/5 5520/1/5
f 5524/1/5 5521/1/5 5523/1/5
f 5527/1/5 5523/1/5 5522/1/5
f 5528/6/5 5524/6/5 5523/6/5
f 5528/1/5 5523/1/5 5527/1/5
f 5529/1/5 5525/1/5 5524/1/5
f 5529/6/5 5524/6/5 5528/6/5
f 5530/1/5 5525/1/5 5529/1/5
f 5533/1/5 5527/1/5 5526/1/5
f 5534/6/5 5528/6/5 5527/6/5
f 5534/6/5 5529/6/5 5528/6/5
f 5534/1/5 5527/1/5 5533/1/5
f 5534/6/5 5530/6/5 5529/6/5
f 5535/6/5 5530/6/5 5534/6/5
f 5536/6/5 5530/6/5 5535/6/5
f 5537/6/5 5530/6/5 5536/6/5
f 5538/6/5 5530/6/5 5537/6/5
f 5539/1/5 5531/1/5 5530/1/5
f 5539/6/5 5530/6/5 5538/6/5
f 5540/1/5 5531/1/5 5539/1/5
f 5543/1/5 5533/1/5 5532/1/5
f 5544/6/5 5534/6/5 5533/6/5
f 5544/6/5 5535/6/5 5534/6/5
f 5544/1/5 5533/1/5 5543/1/5
f 5545/6/5 5535/6/5 5544/6/5
f 5546/6/5 5535/6/5 5545/6/5
f 5547/6/5 5535/6/5 5546/6/5
f 5548/6/5 5539/6/5 5538/6/5
f 5549/6/5 5539/6/5 5548/6/5
f 5550/1/5 5541/1/5 5540/1/5
f 5551/1/5 5541/1/5 5550/1/5
f 5554/1/5 5543/1/5 5542/1/5
f 5555/6/5 5544/6/5 5543/6/5
f 5555/6/5 5545/6/5 5544/6/5
f 5555/1/5 5543/1/5 5554/1/5
f 5556/6/5 5545/6/5 5555/6/5
f 5557/1/5 5552/1/5 5551/1/5
f 5558/1/5 5552/1/5 5557/1/5
f 5561/1/5 5554/1/5 5553/1/5
f 5562/6/5 5555/6/5 5554/6/5
f 5562/1/5 5554/1/5 5561/1/5
f 5563/6/5 5558/6/5 5557/6/5
f 5564/1/5 5559/1/5 5558/1/5
f 5564/6/5 5558/6/5 5563/6/5
f 5565/1/5 5559/1/5 5564/1/5
f 5567/1/5 5561/1/5 5560/1/5
f 5568/6/5 5562/6/5 5561/6/5
f 5568/1/5 5561/1/5 5567/1/5
f 5569/6/5 5555/6/5 5562/6/5
f 5569/6/5 5562/6/5 5568/6/5
f 5570/6/5 5564/6/5 5563/6/5
f 5570/6/5 5565/6/5 5564/6/5
f 5571/1/5 5566/1/5 5565/1/5
f 5571/6/5 5565/6/5 5570/6/5
f 5572/1/5 5566/1/5 5571/1/5
f 5573/1/5 5569/1/5 5568/1/5
f 5574/6/5 5555/6/5 5569/6/5
f 5574/1/5 5569/1/5 5573/1/5
f 5575/6/5 5555/6/5 5574/6/5
f 5576/6/5 5570/6/5 5563/6/5
f 5577/1/5 5571/1/5 5570/1/5
f 5577/6/5 5570/6/5 5576/6/5
f 5578/1/5 5571/1/5 5577/1/5
f 5579/1/5 5575/1/5 5574/1/5
f 5580/1/5 5575/1/5 5579/1/5
f 5585/1/5 5577/1/5 5576/1/5
f 5586/1/5 5577/1/5 5585/1/5
f 5587/1/5 5581/1/5 5580/1/5
f 5588/6/5 5582/6/5 5581/6/5
f 5588/1/5 5581/1/5 5587/1/5
f 5589/6/5 5582/6/5 5588/6/5
f 5593/6/5 5584/6/5 5583/6/5
f 5594/1/5 5585/1/5 5584/1/5
f 5594/6/5 5584/6/5 5593/6/5
f 5595/1/5 5585/1/5 5594/1/5
f 5596/1/5 5589/1/5 5588/1/5
f 5597/6/5 5591/6/5 5590/6/5
f 5597/1/5 5589/1/5 5596/1/5
f 5597/6/5 5590/6/5 5589/6/5
f 5598/6/5 5591/6/5 5597/6/5
f 5603/6/5 5593/6/5 5592/6/5
f 5604/1/5 5594/1/5 5593/1/5
f 5604/6/5 5593/6/5 5603/6/5
f 5605/1/5 5594/1/5 5604/1/5
f 5606/1/5 5598/1/5 5597/1/5
f 5606/1/5 5599/1/5 5598/1/5
f 5607/1/5 5599/1/5 5606/1/5
f 5608/6/5 5602/6/5 5601/6/5
f 5608/1/5 5599/1/5 5607/1/5
f 5608/6/5 5600/6/5 5599/6/5
f 5608/6/5 5601/6/5 5600/6/5
f 5609/1/5 5603/1/5 5602/1/5
f 5609/6/5 5602/6/5 5608/6/5
f 5609/1/5 5604/1/5 5603/1/5
f 5610/1/5 5604/1/5 5609/1/5
f 5611/1/5 5604/1/5 5610/1/5
f 5612/1/5 5608/1/5 5607/1/5
f 5612/1/5 5610/1/5 5609/1/5
f 5612/1/5 5609/1/5 5608/1/5
f 5613/1/5 5610/1/5 5612/1/5
f 5618/6/5 5615/6/5 5614/6/5
f 5619/6/5 5615/6/5 5618/6/5
f 5620/6/5 5617/6/5 5616/6/5
f 5621/6/5 5617/6/5 5620/6/5
f 5622/6/5 5618/6/5 5614/6/5
f 5623/6/5 5618/6/5 5622/6/5
f 5624/6/5 5617/6/5 5621/6/5
f 5625/6/5 5617/6/5 5624/6/5
f 5630/6/5 5627/6/5 5626/6/5
f 5631/6/5 5627/6/5 5630/6/5
f 5634/6/5 5629/6/5 5628/6/5
f 5635/6/5 5629/6/5 5634/6/5
f 5636/6/5 5632/6/5 5631/6/5
f 5637/6/5 5632/6/5 5636/6/5
f 5640/6/5 5634/6/5 5633/6/5
f 5641/6/5 5634/6/5 5640/6/5
f 5642/6/5 5638/6/5 5637/6/5
f 5643/6/5 5638/6/5 5642/6/5
f 5644/6/5 5640/6/5 5639/6/5
f 5645/6/5 5640/6/5 5644/6/5
f 5648/6/5 5647/6/5 5646/6/5
f 5649/6/5 5647/6/5 5648/6/5
f 5652/6/5 5651/6/5 5650/6/5
f 5653/6/5 5651/6/5 5652/6/5
f 5656/6/5 5655/6/5 5654/6/5
f 5657/6/5 5655/6/5 5656/6/5
f 5658/21/6 5659/21/6 5662/21/6
f 5662/21/6 5659/21/6 5663/21/6
f 5660/21/6 5661/21/6 5664/21/6
f 5664/21/6 5661/21/6 5665/21/6
f 5666/6/6 5667/6/6 5670/6/6
f 5670/6/6 5667/6/6 5671/6/6
f 5668/6/6 5669/6/6 5672/6/6
f 5672/6/6 5669/6/6 5673/6/6
f 5674/7/6 5675/7/6 5682/7/6
f 5682/7/6 5675/7/6 5683/7/6
f 5676/7/6 5677/7/6 5684/7/6
f 5684/7/6 5677/7/6 5685/7/6
f 5678/7/6 5679/7/6 5686/7/6
f 5686/7/6 5679/7/6 5687/7/6
f 5680/7/6 5681/7/6 5688/7/6
f 5688/7/6 5681/7/6 5689/7/6
f 5690/7/6 5691/7/6 5698/7/6
f 5698/7/6 5691/7/6 5699/7/6
f 5692/7/6 5693/7/6 5700/7/6
f 5700/7/6 5693/7/6 5701/7/6
f 5694/7/6 5695/7/6 5702/7/6
f 5702/7/6 5695/7/6 5703/7/6
f 5696/7/6 5697/7/6 5704/7/6
f 5704/7/6 5697/7/6 5705/7/6
f 5706/6/6 5707/6/6 5708/6/6
f 5706/6/6 5708/6/6 5710/6/6
f 5708/6/6 5709/6/6 5710/6/6
f 5710/6/6 5709/6/6 5711/6/6
f 5711/6/6 5712/6/6 5713/6/6
f 5713/6/6 5712/6/6 5714/6/6
f 5715/6/6 5716/6/6 5717/6/6
f 5717/6/6 5716/6/6 5718/6/6
f 5719/6/6 5720/6/6 5721/6/6
f 5721/6/6 5720/6/6 5722/6/6
f 5723/6/6 5724/6/6 5727/6/6
f 5727/6/6 5724/6/6 5728/6/6
f 5725/6/6 5726/6/6 5729/6/6
f 5729/6/6 5726/6/6 5730/6/6
f 5731/6/6 5732/6/6 5733/6/6
f 5733/6/6 5732/6/6 5734/6/6
f 5735/6/6 5736/6/6 5740/6/6
f 5740/6/6 5736/6/6 5741/6/6
f 5738/6/6 5739/6/6 5744/6/6
f 5737/6/6 5738/6/6 5744/6/6
f 5744/6/6 5739/6/6 5745/6/6
f 5742/6/6 5743/6/6 5746/6/6
f 5746/6/6 5743/6/6 5747/6/6
f 5748/6/6 5749/6/6 5752/6/6
f 5752/6/6 5749/6/6 5753/6/6
f 5750/6/6 5751/6/6 5754/6/6
f 5754/6/6 5751/6/6 5755/6/6
f 5748/6/6 5752/6/6 5756/6/6
f 5756/6/6 5752/6/6 5757/6/6
f 5755/6/6 5751/6/6 5758/6/6
f 5758/6/6 5751/6/6 5759/6/6
f 5760/6/6 5761/6/6 5764/6/6
f 5764/6/6 5761/6/6 5765/6/6
f 5762/6/6 5763/6/6 5766/6/6
f 5766/6/6 5763/6/6 5767/6/6
f 5768/6/6 5769/6/6 5772/6/6
f 5772/6/6 5769/6/6 5773/6/6
f 5770/6/6 5771/6/6 5780/6/6
f 5780/6/6 5771/6/6 5781/6/6
f 5776/6/6 5777/6/6 5782/6/6
f 5782/6/6 5777/6/6 5783/6/6
f 5778/6/6 5779/6/6 5784/6/6
f 5784/6/6 5779/6/6 5785/6/6
f 5774/6/6 5775/6/6 5786/6/6
f 5786/6/6 5775/6/6 5787/6/6
f 5788/6/6 5789/6/6 5792/6/6
f 5792/6/6 5789/6/6 5793/6/6
f 5790/6/6 5791/6/6 5794/6/6
f 5794/6/6 5791/6/6 5795/6/6
f 5796/1/6 5797/1/6 5800/1/6
f 5800/1/6 5797/1/6 5801/1/6
f 5798/1/6 5799/1/6 5802/1/6
f 5802/1/6 5799/1/6 5803/1/6
f 5804/6/6 5805/6/6 5808/6/6
f 5808/6/6 5805/6/6 5809/6/6
f 5806/6/6 5807/6/6 5810/6/6
f 5810/6/6 5807/6/6 5811/6/6
f 5804/6/6 5808/6/6 5812/6/6
f 5812/6/6 5808/6/6 5813/6/6
f 5811/6/6 5807/6/6 5814/6/6
f 5814/6/6 5807/6/6 5815/6/6
f 5816/6/6 5817/6/6 5824/6/6
f 5824/6/6 5817/6/6 5825/6/6
f 5818/6/6 5819/6/6 5827/6/6
f 5827/6/6 5819/6/6 5828/6/6
f 5820/6/6 5821/6/6 5831/6/6
f 5831/6/6 5821/6/6 5832/6/6
f 5822/6/6 5823/6/6 5834/6/6
f 5834/6/6 5823/6/6 5835/6/6
f 5826/6/6 5827/6/6 5836/6/6
f 5827/1/6 5828/1/6 5837/1/6
f 5836/6/6 5827/6/6 5837/6/6
f 5832/6/6 5833/6/6 5838/6/6
f 5837/1/6 5828/1/6 5838/1/6
f 5829/6/6 5830/6/6 5838/6/6
f 5831/6/6 5832/6/6 5838/6/6
f 5830/6/6 5831/6/6 5838/6/6
f 5828/6/6 5829/6/6 5838/6/6
f 5838/6/6 5833/6/6 5839/6/6
f 5840/6/6 5841/6/6 5846/6/6
f 5842/6/6 5843/6/6 5847/6/6
f 5847/6/6 5843/6/6 5848/6/6
f 5844/6/6 5845/6/6 5851/6/6
f 5851/6/6 5845/6/6 5852/6/6
f 5840/6/6 5846/6/6 5853/6/6
f 5853/6/6 5846/6/6 5854/6/6
f 5849/6/6 5850/6/6 5855/6/6
f 5855/6/6 5850/6/6 5856/6/6
f 5857/6/6 5858/6/6 5861/6/6
f 5861/6/6 5858/6/6 5862/6/6
f 5859/1/6 5860/1/6 5863/1/6
f 5863/1/6 5860/1/6 5864/1/6
f 5865/6/6 5866/6/6 5873/6/6
f 5873/6/6 5866/6/6 5874/6/6
f 5867/6/6 5868/6/6 5875/6/6
f 5869/6/6 5870/6/6 5876/6/6
f 5871/1/6 5872/1/6 5877/1/6
f 5877/1/6 5872/1/6 5878/1/6
f 5875/6/6 5868/6/6 5881/6/6
f 5881/6/6 5868/6/6 5882/6/6
f 5869/6/6 5876/6/6 5883/6/6
f 5883/6/6 5876/6/6 5884/6/6
f 5879/6/6 5880/6/6 5887/6/6
f 5887/6/6 5880/6/6 5888/6/6
f 5885/6/6 5886/6/6 5889/6/6
f 5889/6/6 5886/6/6 5890/6/6
f 5891/6/6 5892/6/6 5895/6/6
f 5895/6/6 5892/6/6 5896/6/6
f 5893/6/6 5894/6/6 5897/6/6
f 5897/6/6 5894/6/6 5898/6/6
f 5899/6/6 5900/6/6 5903/6/6
f 5901/6/6 5902/6/6 5908/6/6
f 5899/6/6 5903/6/6 5909/6/6
f 5903/6/6 5904/6/6 5909/6/6
f 5904/1/6 5905/1/6 5910/1/6
f 5909/6/6 5904/6/6 5910/6/6
f 5910/1/6 5905/1/6 5911/1/6
f 5906/1/6 5907/1/6 5914/1/6
f 5907/6/6 5908/6/6 5915/6/6
f 5914/1/6 5907/1/6 5915/1/6
f 5908/6/6 5902/6/6 5916/6/6
f 5915/6/6 5908/6/6 5916/6/6
f 5911/6/6 5912/6/6 5917/6/6
f 5910/6/6 5911/6/6 5917/6/6
f 5917/6/6 5912/6/6 5918/6/6
f 5913/6/6 5914/6/6 5919/6/6
f 5914/6/6 5915/6/6 5919/6/6
f 5919/6/6 5915/6/6 5920/6/6
f 5918/6/6 5912/6/6 5921/6/6
f 5921/6/6 5912/6/6 5922/6/6
f 5913/6/6 5919/6/6 5923/6/6
f 5923/6/6 5919/6/6 5924/6/6
f 5925/1/6 5926/1/6 5927/1/6
f 5927/1/6 5926/1/6 5928/1/6
f 5929/21/6 5930/21/6 5933/21/6
f 5933/21/6 5930/21/6 5934/21/6
f 5931/21/6 5932/21/6 5935/21/6
f 5935/21/6 5932/21/6 5936/21/6
f 5937/6/6 5938/6/6 5943/6/6
f 5939/21/6 5940/21/6 5945/21/6
f 5945/21/6 5940/21/6 5946/21/6
f 5941/6/6 5942/6/6 5948/6/6
f 5943/6/6 5944/6/6 5949/6/6
f 5937/6/6 5943/6/6 5949/6/6
f 5949/6/6 5944/6/6 5950/6/6
f 5950/6/6 5944/6/6 5951/6/6
f 5945/14/6 5946/14/6 5952/14/6
f 5952/14/6 5946/14/6 5953/14/6
f 5947/6/6 5948/6/6 5954/6/6
f 5948/6/6 5942/6/6 5955/6/6
f 5954/6/6 5948/6/6 5955/6/6
f 5955/6/6 5942/6/6 5956/6/6
f 5957/6/6 5958/6/6 5961/6/6
f 5959/1/6 5960/1/6 5964/1/6
f 5964/1/6 5960/1/6 5965/1/6
f 5962/1/6 5963/1/6 5966/1/6
f 5966/1/6 5963/1/6 5967/1/6
f 5957/6/6 5961/6/6 5968/6/6
f 5968/6/6 5961/6/6 5969/6/6
f 5972/6/6 5973/6/6 5980/6/6
f 5973/1/6 5974/1/6 5981/1/6
f 5980/6/6 5973/6/6 5981/6/6
f 5981/1/6 5974/1/6 5982/1/6
f 5970/6/6 5971/6/6 5983/6/6
f 5983/6/6 5971/6/6 5984/6/6
f 5975/1/6 5976/1/6 5985/1/6
f 5976/6/6 5977/6/6 5986/6/6
f 5985/1/6 5976/1/6 5986/1/6
f 5977/1/6 5978/1/6 5987/1/6
f 5986/6/6 5977/6/6 5987/6/6
f 5987/1/6 5978/1/6 5988/1/6
f 5979/6/6 5980/6/6 5989/6/6
f 5980/6/6 5981/6/6 5989/6/6
f 5981/6/6 5982/6/6 5989/6/6
f 5989/6/6 5982/6/6 5990/6/6
f 5990/6/6 5982/6/6 5991/6/6
f 5991/6/6 5982/6/6 5992/6/6
f 5985/6/6 5986/6/6 5995/6/6
f 5987/6/6 5988/6/6 5995/6/6
f 5986/6/6 5987/6/6 5995/6/6
f 5995/6/6 5988/6/6 5996/6/6
f 5990/6/6 5991/6/6 5997/6/6
f 5997/6/6 5991/6/6 5998/6/6
f 5993/6/6 5994/6/6 6002/6/6
f 6002/6/6 5994/6/6 6003/6/6
f 5997/6/6 5998/6/6 6004/6/6
f 6004/6/6 5998/6/6 6005/6/6
f 5999/1/6 6000/1/6 6008/1/6
f 6000/6/6 6001/6/6 6009/6/6
f 6008/1/6 6000/1/6 6009/1/6
f 6009/6/6 6001/6/6 6010/6/6
f 6004/7/6 6005/7/6 6011/7/6
f 6011/7/6 6005/7/6 6012/7/6
f 6006/6/6 6007/6/6 6013/6/6
f 6009/6/6 6010/6/6 6014/6/6
f 6008/6/6 6009/6/6 6014/6/6
f 6008/6/6 6014/6/6 6015/6/6
f 6015/6/6 6014/6/6 6016/6/6
f 6016/6/6 6014/6/6 6017/6/6
f 6013/6/6 6007/6/6 6018/6/6
f 6018/6/6 6007/6/6 6019/6/6
f 6019/6/6 6007/6/6 6020/6/6
f 6023/6/6 6024/6/6 6029/6/6
f 6029/6/6 6024/6/6 6030/6/6
f 6025/6/6 6026/6/6 6031/6/6
f 6031/6/6 6026/6/6 6032/6/6
f 6021/6/6 6022/6/6 6033/6/6
f 6033/6/6 6022/6/6 6034/6/6
f 6023/6/6 6029/6/6 6035/6/6
f 6035/6/6 6029/6/6 6036/6/6
f 6032/6/6 6026/6/6 6039/6/6
f 6039/6/6 6026/6/6 6040/6/6
f 6027/6/6 6028/6/6 6041/6/6
f 6041/6/6 6028/6/6 6042/6/6
f 6036/6/6 6037/6/6 6043/6/6
f 6043/6/6 6037/6/6 6044/6/6
f 6038/6/6 6039/6/6 6045/6/6
f 6045/6/6 6039/6/6 6046/6/6
f 6047/6/6 6048/6/6 6053/6/6
f 6053/6/6 6048/6/6 6054/6/6
f 6049/6/6 6050/6/6 6055/6/6
f 6055/6/6 6050/6/6 6056/6/6
f 6051/6/6 6052/6/6 6059/6/6
f 6059/6/6 6052/6/6 6060/6/6
f 6055/21/6 6056/21/6 6061/21/6
f 6061/21/6 6056/21/6 6062/21/6
f 6057/6/6 6058/6/6 6063/6/6
f 6063/6/6 6058/6/6 6064/6/6
f 6065/6/6 6066/6/6 6069/6/6
f 6069/6/6 6066/6/6 6070/6/6
f 6067/6/6 6068/6/6 6071/6/6
f 6071/6/6 6072/6/6 6073/6/6
f 6067/6/6 6071/6/6 6073/6/6
f 6073/6/6 6072/6/6 6074/6/6
f 6075/6/6 6076/6/6 6077/6/6
f 6077/6/6 6076/6/6 6078/6/6
f 6079/3/6 6080/3/6 6081/3/6
f 6081/3/6 6080/3/6 6082/3/6
f 6083/6/6 6084/6/6 6086/6/6
f 6084/6/6 6085/6/6 6086/6/6
f 6086/6/6 6085/6/6 6087/6/6
f 6088/6/6 6089/6/6 6094/6/6
f 6094/6/6 6089/6/6 6095/6/6
f 6090/3/6 6091/3/6 6096/3/6
f 6096/3/6 6091/3/6 6097/3/6
f 6092/3/6 6093/3/6 6100/3/6
f 6100/3/6 6093/3/6 6101/3/6
f 6098/1/6 6099/1/6 6102/1/6
f 6102/1/6 6099/1/6 6103/1/6
f 6102/3/6 6103/3/6 6104/3/6
f 6104/3/6 6103/3/6 6105/3/6
f 6106/21/6 6107/21/6 6108/21/6
f 6108/21/6 6107/21/6 6109/21/6
f 6110/6/6 6111/6/6 6114/6/6
f 6114/6/6 6111/6/6 6115/6/6
f 6112/6/6 6113/6/6 6116/6/6
f 6116/6/6 6113/6/6 6117/6/6
f 6118/6/6 6119/6/6 6126/6/6
f 6119/6/6 6120/6/6 6126/6/6
f 6120/6/6 6121/6/6 6126/6/6
f 6126/6/6 6121/6/6 6127/6/6
f 6127/6/6 6121/6/6 6128/6/6
f 6124/6/6 6125/6/6 6129/6/6
f 6123/6/6 6124/6/6 6129/6/6
f 6122/6/6 6123/6/6 6129/6/6
f 6129/6/6 6125/6/6 6130/6/6
f 6127/1/6 6128/1/6 6131/1/6
f 6131/1/6 6128/1/6 6132/1/6
f 6122/6/6 6129/6/6 6133/6/6
f 6133/6/6 6129/6/6 6134/6/6
f 6135/6/6 6136/6/6 6143/6/6
f 6143/6/6 6136/6/6 6144/6/6
f 6144/6/6 6136/6/6 6145/6/6
f 6137/6/6 6138/6/6 6146/6/6
f 6146/6/6 6138/6/6 6147/6/6
f 6138/3/6 6139/3/6 6148/3/6
f 6147/6/6 6138/6/6 6148/6/6
f 6148/3/6 6139/3/6 6149/3/6
f 6140/1/6 6141/1/6 6150/1/6
f 6141/6/6 6142/6/6 6151/6/6
f 6150/1/6 6141/1/6 6151/1/6
f 6151/6/6 6142/6/6 6152/6/6
f 6153/11/6 6154/11/6 6166/11/6
f 6154/5/6 6155/5/6 6167/5/6
f 6166/11/6 6154/11/6 6167/11/6
f 6155/11/6 6156/11/6 6168/11/6
f 6167/5/6 6155/5/6 6168/5/6
f 6156/17/6 6157/17/6 6169/17/6
f 6168/11/6 6156/11/6 6169/11/6
f 6169/17/6 6157/17/6 6170/17/6
f 6158/5/6 6159/5/6 6171/5/6
f 6171/5/6 6159/5/6 6172/5/6
f 6160/5/6 6161/5/6 6173/5/6
f 6173/5/6 6161/5/6 6174/5/6
f 6162/11/6 6163/11/6 6175/11/6
f 6163/5/6 6164/5/6 6176/5/6
f 6175/11/6 6163/11/6 6176/11/6
f 6164/11/6 6165/11/6 6177/11/6
f 6176/5/6 6164/5/6 6177/5/6
f 6177/11/6 6165/11/6 6178/11/6
f 6166/18/6 6167/18/6 6179/18/6
f 6177/18/6 6178/18/6 6180/18/6
f 6166/18/6 6179/18/6 6181/18/6
f 6181/18/6 6179/18/6 6182/18/6
f 6170/18/6 6171/18/6 6184/18/6
f 6184/18/6 6171/18/6 6185/18/6
f 6174/18/6 6175/18/6 6188/18/6
f 6188/18/6 6175/18/6 6189/18/6
f 6180/18/6 6178/18/6 6191/18/6
f 6181/11/6 6182/11/6 6192/11/6
f 6182/5/6 6183/5/6 6193/5/6
f 6192/11/6 6182/11/6 6193/11/6
f 6183/11/6 6184/11/6 6194/11/6
f 6193/5/6 6183/5/6 6194/5/6
f 6194/11/6 6184/11/6 6195/11/6
f 6185/17/6 6186/17/6 6196/17/6
f 6196/17/6 6186/17/6 6197/17/6
f 6187/17/6 6188/17/6 6198/17/6
f 6198/17/6 6188/17/6 6199/17/6
f 6189/11/6 6190/11/6 6200/11/6
f 6190/5/6 6191/5/6 6201/5/6
f 6200/11/6 6190/11/6 6201/11/6
f 6191/18/6 6178/18/6 6202/18/6
f 6201/5/6 6191/5/6 6202/5/6
f 6202/18/6 6178/18/6 6203/18/6
f 6204/6/6 6205/6/6 6212/6/6
f 6205/1/6 6206/1/6 6213/1/6
f 6212/6/6 6205/6/6 6213/6/6
f 6206/6/6 6207/6/6 6214/6/6
f 6213/1/6 6206/1/6 6214/1/6
f 6214/6/6 6207/6/6 6215/6/6
f 6208/6/6 6209/6/6 6216/6/6
f 6209/1/6 6210/1/6 6217/1/6
f 6216/6/6 6209/6/6 6217/6/6
f 6210/6/6 6211/6/6 6218/6/6
f 6217/1/6 6210/1/6 6218/1/6
f 6218/6/6 6211/6/6 6219/6/6
f 6220/6/6 6221/6/6 6231/6/6
f 6231/6/6 6221/6/6 6232/6/6
f 6222/1/6 6223/1/6 6233/1/6
f 6223/6/6 6224/6/6 6234/6/6
f 6233/1/6 6223/1/6 6234/1/6
f 6234/6/6 6224/6/6 6235/6/6
f 6235/6/6 6224/6/6 6236/6/6
f 6225/3/6 6226/3/6 6237/3/6
f 6226/6/6 6227/6/6 6238/6/6
f 6237/3/6 6226/3/6 6238/3/6
f 6227/3/6 6228/3/6 6239/3/6
f 6238/6/6 6227/6/6 6239/6/6
f 6239/3/6 6228/3/6 6240/3/6
f 6229/6/6 6230/6/6 6241/6/6
f 6241/6/6 6230/6/6 6242/6/6
f 6243/11/6 6244/11/6 6254/11/6
f 6254/11/6 6244/11/6 6255/11/6
f 6255/11/6 6244/11/6 6256/11/6
f 6245/17/6 6246/17/6 6257/17/6
f 6257/17/6 6246/17/6 6258/17/6
f 6235/3/6 6236/3/6 6259/3/6
f 6259/3/6 6236/3/6 6260/3/6
f 6237/3/6 6238/3/6 6261/3/6
f 6261/3/6 6238/3/6 6262/3/6
f 6247/17/6 6248/17/6 6263/17/6
f 6263/17/6 6248/17/6 6264/17/6
f 6249/11/6 6250/11/6 6265/11/6
f 6265/11/6 6250/11/6 6266/11/6
f 6266/11/6 6250/11/6 6267/11/6
f 6251/11/6 6252/11/6 6272/11/6
f 6272/11/6 6252/11/6 6273/11/6
f 6270/5/6 6271/5/6 6274/5/6
f 6269/11/6 6270/11/6 6274/11/6
f 6274/5/6 6271/5/6 6275/5/6
f 6272/5/6 6273/5/6 6276/5/6
f 6273/11/6 6252/11/6 6277/11/6
f 6276/5/6 6273/5/6 6277/5/6
f 6277/11/6 6252/11/6 6278/11/6
f 6253/11/6 6254/11/6 6279/11/6
f 6254/11/6 6255/11/6 6279/11/6
f 6279/11/6 6255/11/6 6280/11/6
f 6280/11/6 6255/11/6 6281/11/6
f 6267/11/6 6268/11/6 6282/11/6
f 6266/11/6 6267/11/6 6282/11/6
f 6282/11/6 6268/11/6 6283/11/6
f 6283/11/6 6268/11/6 6284/11/6
f 6269/11/6 6274/11/6 6285/11/6
f 6274/11/6 6275/11/6 6285/11/6
f 6285/11/6 6275/11/6 6286/11/6
f 6287/1/6 6288/1/6 6295/1/6
f 6289/1/6 6290/1/6 6296/1/6
f 6296/1/6 6290/1/6 6297/1/6
f 6297/1/6 6290/1/6 6298/1/6
f 6291/6/6 6292/6/6 6302/6/6
f 6292/1/6 6293/1/6 6303/1/6
f 6302/6/6 6292/6/6 6303/6/6
f 6293/3/6 6294/3/6 6304/3/6
f 6303/1/6 6293/1/6 6304/1/6
f 6304/3/6 6294/3/6 6305/3/6
f 6287/1/6 6295/1/6 6306/1/6
f 6295/1/6 6296/1/6 6306/1/6
f 6296/1/6 6297/1/6 6306/1/6
f 6306/1/6 6297/1/6 6307/1/6
f 6299/3/6 6300/3/6 6309/3/6
f 6300/6/6 6301/6/6 6310/6/6
f 6309/3/6 6300/3/6 6310/3/6
f 6310/6/6 6301/6/6 6311/6/6
f 6308/6/6 6309/6/6 6312/6/6
f 6306/6/6 6307/6/6 6312/6/6
f 6305/6/6 6306/6/6 6312/6/6
f 6307/6/6 6308/6/6 6312/6/6
f 6312/6/6 6309/6/6 6313/6/6
f 6305/6/6 6312/6/6 6314/6/6
f 6312/1/6 6313/1/6 6315/1/6
f 6314/6/6 6312/6/6 6315/6/6
f 6313/6/6 6309/6/6 6316/6/6
f 6315/1/6 6313/1/6 6316/1/6
f 6316/6/6 6309/6/6 6317/6/6
f 6318/6/6 6319/6/6 6322/6/6
f 6322/6/6 6319/6/6 6323/6/6
f 6323/6/6 6319/6/6 6324/6/6
f 6320/6/6 6321/6/6 6325/6/6
f 6325/6/6 6321/6/6 6326/6/6
f 6326/6/6 6321/6/6 6327/6/6
f 6318/6/6 6322/6/6 6329/6/6
f 6329/6/6 6322/6/6 6330/6/6
f 6323/6/6 6324/6/6 6331/6/6
f 6331/6/6 6324/6/6 6332/6/6
f 6332/6/6 6324/6/6 6333/6/6
f 6325/6/6 6326/6/6 6334/6/6
f 6334/6/6 6326/6/6 6335/6/6
f 6335/6/6 6326/6/6 6336/6/6
f 6327/6/6 6321/6/6 6337/6/6
f 6337/6/6 6321/6/6 6338/6/6
f 6329/6/6 6330/6/6 6340/6/6
f 6328/6/6 6329/6/6 6340/6/6
f 6330/6/6 6331/6/6 6340/6/6
f 6331/6/6 6332/6/6 6340/6/6
f 6340/6/6 6332/6/6 6341/6/6
f 6341/6/6 6332/6/6 6342/6/6
f 6338/6/6 6339/6/6 6343/6/6
f 6337/6/6 6338/6/6 6343/6/6
f 6335/6/6 6336/6/6 6343/6/6
f 6336/6/6 6337/6/6 6343/6/6
f 6343/6/6 6339/6/6 6344/6/6
f 6328/6/6 6340/6/6 6346/6/6
f 6346/6/6 6340/6/6 6347/6/6
f 6347/6/6 6340/6/6 6348/6/6
f 6344/6/6 6339/6/6 6351/6/6
f 6351/6/6 6339/6/6 6352/6/6
f 6345/6/6 6346/6/6 6354/6/6
f 6346/6/6 6347/6/6 6354/6/6
f 6348/6/6 6349/6/6 6355/6/6
f 6345/6/6 6354/6/6 6356/6/6
f 6354/6/6 6355/6/6 6356/6/6
f 6355/6/6 6349/6/6 6357/6/6
f 6356/6/6 6355/6/6 6357/6/6
f 6352/6/6 6353/6/6 6363/6/6
f 6351/6/6 6352/6/6 6363/6/6
f 6350/6/6 6351/6/6 6363/6/6
f 6363/6/6 6353/6/6 6364/6/6
f 6358/6/6 6359/6/6 6365/6/6
f 6365/6/6 6359/6/6 6366/6/6
f 6360/1/6 6361/1/6 6367/1/6
f 6361/6/6 6362/6/6 6368/6/6
f 6367/1/6 6361/1/6 6368/1/6
f 6368/6/6 6362/6/6 6369/6/6
f 6370/6/6 6371/6/6 6372/6/6
f 6372/6/6 6371/6/6 6373/6/6
f 6374/9/6 6375/9/6 6376/9/6
f 6376/9/6 6375/9/6 6377/9/6
f 6378/9/6 6379/9/6 6380/9/6
f 6380/9/6 6379/9/6 6381/9/6
f 6382/9/6 6383/9/6 6386/9/6
f 6386/9/6 6383/9/6 6387/9/6
f 6384/9/6 6385/9/6 6388/9/6
f 6388/9/6 6385/9/6 6389/9/6
f 6390/9/6 6391/9/6 6394/9/6
f 6390/9/6 6394/9/6 6396/9/6
f 6394/9/6 6395/9/6 6396/9/6
f 6396/9/6 6395/9/6 6397/9/6
f 6397/9/6 6395/9/6 6398/9/6
f 6392/9/6 6393/9/6 6400/9/6
f 6400/9/6 6393/9/6 6401/9/6
f 6398/9/6 6399/9/6 6402/9/6
f 6397/9/6 6398/9/6 6402/9/6
f 6402/9/6 6399/9/6 6403/9/6
f 6403/9/6 6399/9/6 6404/9/6
f 6402/9/6 6403/9/6 6407/9/6
f 6407/9/6 6403/9/6 6408/9/6
f 6405/9/6 6406/9/6 6409/9/6
f 6409/9/6 6406/9/6 6410/9/6
f 6407/4/6 6408/4/6 6411/4/6
f 6411/4/6 6408/4/6 6412/4/6
f 6413/9/6 6414/9/6 6415/9/6
f 6415/9/6 6414/9/6 6416/9/6
f 6417/9/6 6418/9/6 6419/9/6
f 6419/9/6 6418/9/6 6420/9/6
f 6421/9/6 6422/9/6 6425/9/6
f 6422/4/6 6423/4/6 6426/4/6
f 6425/9/6 6422/9/6 6426/9/6
f 6426/4/6 6423/4/6 6427/4/6
f 6424/4/6 6425/4/6 6428/4/6
f 6425/9/6 6426/9/6 6429/9/6
f 6428/4/6 6425/4/6 6429/4/6
f 6429/9/6 6426/9/6 6430/9/6
f 6428/4/6 6429/4/6 6431/4/6
f 6431/4/6 6429/4/6 6432/4/6
f 6433/9/6 6434/9/6 6435/9/6
f 6435/9/6 6434/9/6 6436/9/6
f 6437/9/6 6438/9/6 6440/9/6
f 6440/9/6 6438/9/6 6441/9/6
f 6439/9/6 6440/9/6 6442/9/6
f 6442/9/6 6440/9/6 6443/9/6
f 6443/9/6 6440/9/6 6444/9/6
f 6445/9/6 6446/9/6 6447/9/6
f 6447/9/6 6446/9/6 6448/9/6
f 6449/9/6 6450/9/6 6451/9/6
f 6451/9/6 6450/9/6 6452/9/6
f 6453/9/6 6454/9/6 6456/9/6
f 6454/4/6 6455/4/6 6457/4/6
f 6456/9/6 6454/9/6 6457/9/6
f 6457/4/6 6455/4/6 6458/4/6
f 6456/5/6 6457/5/6 6461/5/6
f 6457/9/6 6458/9/6 6462/9/6
f 6461/5/6 6457/5/6 6462/5/6
f 6462/9/6 6458/9/6 6463/9/6
f 6461/9/6 6462/9/6 6464/9/6
f 6459/9/6 6460/9/6 6466/9/6
f 6464/9/6 6462/9/6 6467/9/6
f 6467/9/6 6462/9/6 6468/9/6
f 6465/9/6 6466/9/6 6469/9/6
f 6466/9/6 6460/9/6 6470/9/6
f 6469/9/6 6466/9/6 6470/9/6
f 6471/9/6 6472/9/6 6473/9/6
f 6473/9/6 6472/9/6 6474/9/6
f 6474/9/6 6472/9/6 6475/9/6
f 6476/15/6 6477/15/6 6480/15/6
f 6480/15/6 6477/15/6 6481/15/6
f 6478/15/6 6479/15/6 6482/15/6
f 6482/15/6 6479/15/6 6483/15/6
f 6484/9/6 6485/9/6 6486/9/6
f 6486/9/6 6485/9/6 6487/9/6
f 6488/9/6 6489/9/6 6490/9/6
f 6488/9/6 6490/9/6 6491/9/6
f 6488/9/6 6491/9/6 6492/9/6
f 6492/9/6 6491/9/6 6493/9/6
f 6494/9/6 6495/9/6 6498/9/6
f 6498/9/6 6495/9/6 6499/9/6
f 6496/4/6 6497/4/6 6500/4/6
f 6500/4/6 6497/4/6 6501/4/6
f 6502/4/6 6503/4/6 6504/4/6
f 6504/4/6 6503/4/6 6505/4/6
f 6506/2/6 6507/2/6 6510/2/6
f 6510/2/6 6507/2/6 6511/2/6
f 6508/4/6 6509/4/6 6512/4/6
f 6512/4/6 6509/4/6 6513/4/6
f 6514/1/6 6515/1/6 6517/1/6
f 6517/1/6 6515/1/6 6518/1/6
f 6516/1/6 6517/1/6 6521/1/6
f 6517/6/6 6518/6/6 6522/6/6
f 6521/1/6 6517/1/6 6522/1/6
f 6522/6/6 6518/6/6 6523/6/6
f 6523/6/6 6518/6/6 6524/6/6
f 6518/1/6 6519/1/6 6525/1/6
f 6524/6/6 6518/6/6 6525/6/6
f 6525/1/6 6519/1/6 6526/1/6
f 6520/1/6 6521/1/6 6529/1/6
f 6521/6/6 6522/6/6 6530/6/6
f 6522/6/6 6523/6/6 6530/6/6
f 6529/1/6 6521/1/6 6530/1/6
f 6530/6/6 6523/6/6 6531/6/6
f 6531/6/6 6523/6/6 6532/6/6
f 6525/6/6 6526/6/6 6533/6/6
f 6524/6/6 6525/6/6 6533/6/6
f 6533/6/6 6526/6/6 6534/6/6
f 6526/1/6 6527/1/6 6535/1/6
f 6534/6/6 6526/6/6 6535/6/6
f 6535/1/6 6527/1/6 6536/1/6
f 6528/1/6 6529/1/6 6539/1/6
f 6530/6/6 6531/6/6 6540/6/6
f 6529/6/6 6530/6/6 6540/6/6
f 6539/1/6 6529/1/6 6540/1/6
f 6540/6/6 6531/6/6 6541/6/6
f 6541/6/6 6531/6/6 6542/6/6
f 6535/6/6 6536/6/6 6543/6/6
f 6534/6/6 6535/6/6 6543/6/6
f 6543/6/6 6536/6/6 6544/6/6
f 6536/1/6 6537/1/6 6545/1/6
f 6544/6/6 6536/6/6 6545/6/6
f 6545/1/6 6537/1/6 6546/1/6
f 6538/1/6 6539/1/6 6549/1/6
f 6540/6/6 6541/6/6 6550/6/6
f 6539/6/6 6540/6/6 6550/6/6
f 6549/1/6 6539/1/6 6550/1/6
f 6550/6/6 6541/6/6 6551/6/6
f 6551/6/6 6541/6/6 6552/6/6
f 6545/6/6 6546/6/6 6553/6/6
f 6544/6/6 6545/6/6 6553/6/6
f 6553/6/6 6546/6/6 6554/6/6
f 6546/1/6 6547/1/6 6555/1/6
f 6554/6/6 6546/6/6 6555/6/6
f 6555/1/6 6547/1/6 6556/1/6
f 6548/1/6 6549/1/6 6559/1/6
f 6550/6/6 6551/6/6 6560/6/6
f 6549/6/6 6550/6/6 6560/6/6
f 6559/1/6 6549/1/6 6560/1/6
f 6560/6/6 6551/6/6 6561/6/6
f 6555/6/6 6556/6/6 6562/6/6
f 6554/6/6 6555/6/6 6562/6/6
f 6556/1/6 6557/1/6 6563/1/6
f 6562/6/6 6556/6/6 6563/6/6
f 6563/1/6 6557/1/6 6564/1/6
f 6558/1/6 6559/1/6 6566/1/6
f 6559/6/6 6560/6/6 6567/6/6
f 6566/1/6 6559/1/6 6567/1/6
f 6567/6/6 6560/6/6 6568/6/6
f 6563/6/6 6564/6/6 6571/6/6
f 6564/1/6 6565/1/6 6572/1/6
f 6571/6/6 6564/6/6 6572/6/6
f 6572/1/6 6565/1/6 6573/1/6
f 6567/1/6 6568/1/6 6574/1/6
f 6568/6/6 6569/6/6 6575/6/6
f 6574/1/6 6568/1/6 6575/1/6
f 6575/6/6 6569/6/6 6576/6/6
f 6570/6/6 6571/6/6 6579/6/6
f 6571/1/6 6572/1/6 6580/1/6
f 6579/6/6 6571/6/6 6580/6/6
f 6580/1/6 6572/1/6 6581/1/6
f 6575/1/6 6576/1/6 6582/1/6
f 6582/1/6 6576/1/6 6583/1/6
f 6576/6/6 6577/6/6 6584/6/6
f 6578/6/6 6579/6/6 6587/6/6
f 6579/1/6 6580/1/6 6588/1/6
f 6588/1/6 6580/1/6 6589/1/6
f 6583/1/6 6576/1/6 6590/1/6
f 6584/6/6 6585/6/6 6591/6/6
f 6590/1/6 6576/1/6 6591/1/6
f 6576/6/6 6584/6/6 6591/6/6
f 6591/6/6 6585/6/6 6592/6/6
f 6592/6/6 6585/6/6 6593/6/6
f 6586/6/6 6587/6/6 6596/6/6
f 6587/6/6 6579/6/6 6597/6/6
f 6596/6/6 6587/6/6 6597/6/6
f 6579/1/6 6588/1/6 6598/1/6
f 6597/6/6 6579/6/6 6598/6/6
f 6598/1/6 6588/1/6 6599/1/6
f 6591/1/6 6592/1/6 6600/1/6
f 6593/6/6 6594/6/6 6601/6/6
f 6600/1/6 6592/1/6 6601/1/6
f 6592/6/6 6593/6/6 6601/6/6
f 6601/6/6 6594/6/6 6602/6/6
f 6596/6/6 6597/6/6 6603/6/6
f 6595/6/6 6596/6/6 6603/6/6
f 6597/1/6 6598/1/6 6604/1/6
f 6603/6/6 6597/6/6 6604/6/6
f 6604/1/6 6598/1/6 6605/1/6
f 6601/1/6 6602/1/6 6606/1/6
f 6606/1/6 6602/1/6 6607/1/6
f 6602/6/6 6603/6/6 6608/6/6
f 6607/1/6 6602/1/6 6608/1/6
f 6603/1/6 6604/1/6 6609/1/6
f 6608/6/6 6603/6/6 6609/6/6
f 6609/1/6 6604/1/6 6610/1/6
f 6610/1/6 6604/1/6 6611/1/6
f 6607/1/6 6608/1/6 6612/1/6
f 6609/1/6 6610/1/6 6612/1/6
f 6608/1/6 6609/1/6 6612/1/6
f 6612/1/6 6610/1/6 6613/1/6
f 6614/6/6 6615/6/6 6616/6/6
f 6616/6/6 6615/6/6 6617/6/6
f 6617/6/6 6615/6/6 6618/6/6
f 6618/6/6 6615/6/6 6619/6/6
f 6620/6/6 6621/6/6 6624/6/6
f 6624/6/6 6621/6/6 6625/6/6
f 6622/6/6 6623/6/6 6626/6/6
f 6626/6/6 6623/6/6 6627/6/6
f 6628/6/6 6629/6/6 6630/6/6
f 6630/6/6 6629/6/6 6631/6/6
f 6632/6/6 6633/6/6 6636/6/6
f 6636/6/6 6633/6/6 6637/6/6
f 6634/6/6 6635/6/6 6638/6/6
f 6638/6/6 6635/6/6 6639/6/6
f 6640/6/6 6641/6/6 6644/6/6
f 6644/6/6 6641/6/6 6645/6/6
f 6642/6/6 6643/6/6 6648/6/6
f 6648/6/6 6643/6/6 6649/6/6
f 6645/6/6 6646/6/6 6650/6/6
f 6650/6/6 6646/6/6 6651/6/6
f 6647/6/6 6648/6/6 6652/6/6
f 6652/6/6 6648/6/6 6653/6/6
f 6651/6/6 6652/6/6 6654/6/6
f 6654/6/6 6652/6/6 6655/6/6
f 6656/14/6 6657/14/6 6660/14/6
f 6660/14/6 6657/14/6 6661/14/6
f 6658/14/6 6659/14/6 6662/14/6
f 6662/14/6 6659/14/6 6663/14/6
f 6656/14/6 6660/14/6 6665/14/6
f 6665/14/6 6660/14/6 6666/14/6
f 6663/14/6 6659/14/6 6667/14/6
f 6667/14/6 6659/14/6 6668/14/6
f 6664/14/6 6665/14/6 6670/14/6
f 6670/14/6 6665/14/6 6671/14/6
f 6668/14/6 6669/14/6 6674/14/6
f 6674/14/6 6669/14/6 6675/14/6
f 6671/14/6 6672/14/6 6676/14/6
f 6676/14/6 6672/14/6 6677/14/6
f 6673/14/6 6674/14/6 6678/14/6
f 6678/14/6 6674/14/6 6679/14/6
f 6680/13/6 6681/13/6 6685/13/6
f 6681/20/6 6682/20/6 6686/20/6
f 6685/13/6 6681/13/6 6686/13/6
f 6682/13/6 6683/13/6 6687/13/6
f 6686/20/6 6682/20/6 6687/20/6
f 6687/13/6 6683/13/6 6688/13/6
f 6685/6/6 6686/6/6 6691/6/6
f 6688/6/6 6689/6/6 6691/6/6
f 6687/6/6 6688/6/6 6691/6/6
f 6686/6/6 6687/6/6 6691/6/6
f 6684/6/6 6685/6/6 6691/6/6
f 6691/6/6 6689/6/6 6692/6/6
f 6692/6/6 6689/6/6 6693/6/6
f 6693/6/6 6689/6/6 6694/6/6
f 6690/6/6 6691/6/6 6696/6/6
f 6691/6/6 6692/6/6 6696/6/6
f 6696/6/6 6692/6/6 6697/6/6
f 6694/6/6 6695/6/6 6698/6/6
f 6693/6/6 6694/6/6 6698/6/6
f 6698/6/6 6695/6/6 6699/6/6
f 6690/6/6 6696/6/6 6700/6/6
f 6700/6/6 6696/6/6 6701/6/6
f 6699/6/6 6695/6/6 6702/6/6
f 6702/6/6 6695/6/6 6703/6/6
f 6704/6/6 6705/6/6 6708/6/6
f 6708/6/6 6705/6/6 6709/6/6
f 6706/6/6 6707/6/6 6714/6/6
f 6714/6/6 6707/6/6 6715/6/6
f 6710/6/6 6711/6/6 6716/6/6
f 6716/6/6 6711/6/6 6717/6/6
f 6712/6/6 6713/6/6 6718/6/6
f 6718/6/6 6713/6/6 6719/6/6
f 6720/6/6 6721/6/6 6723/6/6
f 6723/6/6 6721/6/6 6724/6/6
f 6724/6/6 6721/6/6 6725/6/6
f 6725/6/6 6721/6/6 6726/6/6
f 6726/6/6 6721/6/6 6727/6/6
f 6722/6/6 6723/6/6 6730/6/6
f 6730/6/6 6723/6/6 6731/6/6
f 6731/6/6 6723/6/6 6732/6/6
f 6727/6/6 6728/6/6 6733/6/6
f 6733/6/6 6728/6/6 6734/6/6
f 6734/6/6 6728/6/6 6735/6/6
f 6729/6/6 6730/6/6 6737/6/6
f 6730/6/6 6731/6/6 6737/6/6
f 6737/6/6 6731/6/6 6738/6/6
f 6735/6/6 6736/6/6 6739/6/6
f 6734/6/6 6735/6/6 6739/6/6
f 6739/6/6 6736/6/6 6740/6/6
f 6729/6/6 6737/6/6 6741/6/6
f 6741/6/6 6737/6/6 6742/6/6
f 6740/6/6 6736/6/6 6743/6/6
f 6743/6/6 6736/6/6 6744/6/6
f 6745/6/6 6746/6/6 6749/6/6
f 6749/6/6 6746/6/6 6750/6/6
f 6747/6/6 6748/6/6 6751/6/6
f 6751/6/6 6748/6/6 6752/6/6
f 6753/3/6 6754/3/6 6759/3/6
f 6754/6/6 6755/6/6 6760/6/6
f 6759/3/6 6754/3/6 6760/3/6
f 6755/3/6 6756/3/6 6761/3/6
f 6760/6/6 6755/6/6 6761/6/6
f 6756/6/6 6757/6/6 6762/6/6
f 6761/3/6 6756/3/6 6762/3/6
f 6762/6/6 6757/6/6 6763/6/6
f 6758/6/6 6759/6/6 6765/6/6
f 6765/6/6 6759/6/6 6766/6/6
f 6764/6/6 6765/6/6 6769/6/6
f 6764/6/6 6769/6/6 6770/6/6
f 6770/6/6 6769/6/6 6771/6/6
f 6767/6/6 6768/6/6 6773/6/6
f 6773/6/6 6768/6/6 6774/6/6
f 6771/6/6 6772/6/6 6775/6/6
f 6775/6/6 6772/6/6 6776/6/6
f 6776/6/6 6777/6/6 6778/6/6
f 6778/6/6 6777/6/6 6779/6/6
f 6780/6/6 6781/6/6 6785/6/6
f 6785/6/6 6781/6/6 6786/6/6
f 6782/6/6 6783/6/6 6787/6/6
f 6787/6/6 6783/6/6 6788/6/6
f 6784/3/6 6785/3/6 6789/3/6
f 6789/3/6 6785/3/6 6790/3/6
f 6789/6/6 6790/6/6 6791/6/6
f 6791/6/6 6790/6/6 6792/6/6
f 6788/6/6 6783/6/6 6795/6/6
f 6792/6/6 6793/6/6 6796/6/6
f 6796/6/6 6793/6/6 6797/6/6
f 6794/6/6 6795/6/6 6798/6/6
f 6795/6/6 6783/6/6 6799/6/6
f 6798/6/6 6795/6/6 6799/6/6
f 6800/3/6 6801/3/6 6804/3/6
f 6801/6/6 6802/6/6 6805/6/6
f 6804/3/6 6801/3/6 6805/3/6
f 6805/6/6 6802/6/6 6806/6/6
f 6803/6/6 6804/6/6 6808/6/6
f 6808/6/6 6804/6/6 6809/6/6
f 6806/6/6 6807/6/6 6810/6/6
f 6810/6/6 6807/6/6 6811/6/6
f 6812/6/6 6813/6/6 6814/6/6
f 6814/6/6 6813/6/6 6815/6/6
f 6816/6/6 6817/6/6 6820/6/6
f 6817/3/6 6818/3/6 6821/3/6
f 6819/3/6 6820/3/6 6823/3/6
f 6820/6/6 6817/6/6 6824/6/6
f 6823/3/6 6820/3/6 6824/3/6
f 6817/3/6 6821/3/6 6825/3/6
f 6824/6/6 6817/6/6 6825/6/6
f 6821/6/6 6822/6/6 6826/6/6
f 6825/3/6 6821/3/6 6826/3/6
f 6826/6/6 6822/6/6 6827/6/6
f 6828/6/6 6829/6/6 6830/6/6
f 6830/6/6 6829/6/6 6831/6/6
