# MagicaVoxel @ Ephtracy

# group
o 

# material
mtllib barrel.mtl
usemtl palette

# normals
vn -1 0 0
vn 1 0 0
vn 0 0 1
vn 0 0 -1
vn 0 -1 0
vn 0 1 0

# texcoords
vt 0.306641 0.5
vt 0.912109 0.5
vt 0.919922 0.5
vt 0.931641 0.5
vt 0.939453 0.5
vt 0.970703 0.5
vt 0.974609 0.5

# verts
v -1.6 0.1 0.7
v -1.6 0.1 -0.7
v -1.6 0.2 0.7
v -1.6 0.2 -0.7
v -1.6 0.3 0.7
v -1.6 0.3 -0.7
v -1.6 1.1 0.7
v -1.6 1.1 -0.7
v -1.6 1.2 0.7
v -1.6 1.2 -0.7
v -1.6 1.3 0.7
v -1.6 1.3 -0.7
v -1.5 -0.8 0.6
v -1.5 -0.8 -0.6
v -1.5 -0.7 0.6
v -1.5 -0.7 -0.6
v -1.5 -0.6 0.6
v -1.5 -0.6 -0.6
v -1.5 -0.5 0.3
v -1.5 -0.5 0.2
v -1.5 -0.5 0
v -1.5 -0.5 -0.1
v -1.5 -0.5 -0.2
v -1.5 -0.5 -0.3
v -1.5 -0.4 0.4
v -1.5 -0.4 0.3
v -1.5 -0.4 -0.3
v -1.5 -0.4 -0.4
v -1.5 -0.3 0.1
v -1.5 -0.3 0
v -1.5 -0.2 0.2
v -1.5 -0.2 0.1
v -1.5 -0.1 0.6
v -1.5 -0.1 0.5
v -1.5 -0.1 0.4
v -1.5 -0.1 0.1
v -1.5 -0.1 0
v -1.5 -0.1 -0.2
v -1.5 -0.1 -0.3
v -1.5 -0.1 -0.4
v -1.5 -0.1 -0.5
v -1.5 -0.1 -0.6
v -1.5 0 0.7
v -1.5 0 0.6
v -1.5 0 0.2
v -1.5 0 0.1
v -1.5 0 -0.2
v -1.5 0 -0.3
v -1.5 0 -0.6
v -1.5 0 -0.7
v -1.5 0.1 0.8
v -1.5 0.1 0.7
v -1.5 0.1 0.6
v -1.5 0.1 0.5
v -1.5 0.1 0.3
v -1.5 0.1 0.2
v -1.5 0.1 0
v -1.5 0.1 -0.1
v -1.5 0.1 -0.2
v -1.5 0.1 -0.4
v -1.5 0.1 -0.5
v -1.5 0.1 -0.6
v -1.5 0.1 -0.7
v -1.5 0.1 -0.8
v -1.5 0.2 0.7
v -1.5 0.2 -0.7
v -1.5 0.2 -0.8
v -1.5 0.3 0.8
v -1.5 0.3 0.7
v -1.5 0.3 0.6
v -1.5 0.3 0.4
v -1.5 0.3 0.3
v -1.5 0.3 0.2
v -1.5 0.3 0
v -1.5 0.3 -0.1
v -1.5 0.3 -0.2
v -1.5 0.3 -0.4
v -1.5 0.3 -0.5
v -1.5 0.3 -0.6
v -1.5 0.3 -0.7
v -1.5 0.3 -0.8
v -1.5 0.4 0.7
v -1.5 0.4 0.6
v -1.5 0.4 -0.6
v -1.5 0.4 -0.7
v -1.5 0.5 0.6
v -1.5 0.5 0.5
v -1.5 0.5 0.2
v -1.5 0.5 0.1
v -1.5 0.6 0.6
v -1.5 0.6 0.5
v -1.5 0.6 0.2
v -1.5 0.6 0.1
v -1.5 0.6 -0.3
v -1.5 0.6 -0.4
v -1.5 0.8 0.6
v -1.5 0.8 0.4
v -1.5 0.8 0
v -1.5 0.8 -0.1
v -1.5 0.8 -0.3
v -1.5 0.8 -0.4
v -1.5 0.9 0.6
v -1.5 0.9 0.4
v -1.5 0.9 0
v -1.5 0.9 -0.1
v -1.5 0.9 -0.3
v -1.5 0.9 -0.4
v -1.5 1 0.7
v -1.5 1 0.6
v -1.5 1 -0.3
v -1.5 1 -0.4
v -1.5 1 -0.6
v -1.5 1 -0.7
v -1.5 1.1 0.8
v -1.5 1.1 0.7
v -1.5 1.1 0.6
v -1.5 1.1 0.4
v -1.5 1.1 0.3
v -1.5 1.1 0.2
v -1.5 1.1 0
v -1.5 1.1 -0.1
v -1.5 1.1 -0.2
v -1.5 1.1 -0.4
v -1.5 1.1 -0.5
v -1.5 1.1 -0.6
v -1.5 1.1 -0.7
v -1.5 1.1 -0.8
v -1.5 1.2 0.8
v -1.5 1.2 0.7
v -1.5 1.2 -0.7
v -1.5 1.2 -0.8
v -1.5 1.3 0.8
v -1.5 1.3 0.7
v -1.5 1.3 0.6
v -1.5 1.3 0.4
v -1.5 1.3 0.3
v -1.5 1.3 0.2
v -1.5 1.3 0
v -1.5 1.3 -0.1
v -1.5 1.3 -0.2
v -1.5 1.3 -0.4
v -1.5 1.3 -0.5
v -1.5 1.3 -0.6
v -1.5 1.3 -0.7
v -1.5 1.3 -0.8
v -1.5 1.4 0.7
v -1.5 1.4 0.6
v -1.5 1.4 -0.6
v -1.5 1.4 -0.7
v -1.5 1.5 0.6
v -1.5 1.5 0.4
v -1.5 1.5 0.1
v -1.5 1.5 0
v -1.5 1.5 -0.3
v -1.5 1.5 -0.4
v -1.5 1.5 -0.5
v -1.5 1.5 -0.6
v -1.5 1.6 0.1
v -1.5 1.6 0
v -1.5 1.6 -0.3
v -1.5 1.6 -0.4
v -1.5 1.7 -0.3
v -1.5 1.7 -0.4
v -1.5 1.8 0.4
v -1.5 1.8 0.3
v -1.5 1.8 -0.3
v -1.5 1.8 -0.4
v -1.5 1.9 0.3
v -1.5 1.9 0.2
v -1.5 1.9 0
v -1.5 1.9 -0.1
v -1.5 1.9 -0.2
v -1.5 1.9 -0.3
v -1.5 2.1 0.6
v -1.5 2.1 -0.6
v -1.5 2.2 0.6
v -1.5 2.2 -0.6
v -1.5 2.3 0.6
v -1.5 2.3 -0.6
v -1.4 -0.8 0.7
v -1.4 -0.8 0.6
v -1.4 -0.8 -0.6
v -1.4 -0.8 -0.7
v -1.4 -0.7 0.7
v -1.4 -0.7 0.6
v -1.4 -0.7 -0.6
v -1.4 -0.7 -0.7
v -1.4 -0.6 0.7
v -1.4 -0.6 0.6
v -1.4 -0.6 0.5
v -1.4 -0.6 0.3
v -1.4 -0.6 0.2
v -1.4 -0.6 0.1
v -1.4 -0.6 -0.1
v -1.4 -0.6 -0.2
v -1.4 -0.6 -0.4
v -1.4 -0.6 -0.5
v -1.4 -0.6 -0.6
v -1.4 -0.6 -0.7
v -1.4 -0.5 0.3
v -1.4 -0.5 0.2
v -1.4 -0.5 0.1
v -1.4 -0.5 0
v -1.4 -0.5 -0.1
v -1.4 -0.5 -0.2
v -1.4 -0.5 -0.3
v -1.4 -0.4 0.4
v -1.4 -0.4 0.3
v -1.4 -0.4 -0.3
v -1.4 -0.4 -0.4
v -1.4 -0.3 0.7
v -1.4 -0.3 0.6
v -1.4 -0.3 -0.6
v -1.4 -0.3 -0.7
v -1.4 -0.2 0.8
v -1.4 -0.2 0.7
v -1.4 -0.2 -0.7
v -1.4 -0.2 -0.8
v -1.4 -0.1 0.6
v -1.4 -0.1 0.5
v -1.4 -0.1 0.4
v -1.4 -0.1 -0.4
v -1.4 -0.1 -0.5
v -1.4 -0.1 -0.6
v -1.4 0 0.7
v -1.4 0 0.6
v -1.4 0 -0.6
v -1.4 0 -0.7
v -1.4 0.1 0.9
v -1.4 0.1 0.8
v -1.4 0.1 0.7
v -1.4 0.1 -0.7
v -1.4 0.1 -0.8
v -1.4 0.1 -0.9
v -1.4 0.2 -0.8
v -1.4 0.2 -0.9
v -1.4 0.3 0.9
v -1.4 0.3 0.8
v -1.4 0.3 0.7
v -1.4 0.3 -0.7
v -1.4 0.3 -0.8
v -1.4 0.3 -0.9
v -1.4 0.4 0.7
v -1.4 0.4 0.6
v -1.4 0.4 -0.6
v -1.4 0.4 -0.7
v -1.4 0.5 0.8
v -1.4 0.5 0.7
v -1.4 0.5 0.6
v -1.4 0.5 -0.7
v -1.4 0.5 -0.8
v -1.4 0.6 0.8
v -1.4 0.6 0.7
v -1.4 0.6 0.6
v -1.4 0.6 -0.7
v -1.4 0.6 -0.8
v -1.4 0.7 -0.7
v -1.4 0.7 -0.8
v -1.4 0.8 0.6
v -1.4 0.8 -0.7
v -1.4 0.8 -0.8
v -1.4 0.9 0.6
v -1.4 1 0.7
v -1.4 1 0.6
v -1.4 1 -0.6
v -1.4 1 -0.7
v -1.4 1.1 0.9
v -1.4 1.1 0.8
v -1.4 1.1 0.7
v -1.4 1.1 -0.7
v -1.4 1.1 -0.8
v -1.4 1.1 -0.9
v -1.4 1.2 0.9
v -1.4 1.2 0.8
v -1.4 1.2 -0.8
v -1.4 1.2 -0.9
v -1.4 1.3 0.9
v -1.4 1.3 0.8
v -1.4 1.3 0.7
v -1.4 1.3 -0.7
v -1.4 1.3 -0.8
v -1.4 1.3 -0.9
v -1.4 1.4 0.7
v -1.4 1.4 0.6
v -1.4 1.4 -0.6
v -1.4 1.4 -0.7
v -1.4 1.5 0.6
v -1.4 1.5 0.5
v -1.4 1.5 0.4
v -1.4 1.5 -0.4
v -1.4 1.5 -0.5
v -1.4 1.5 -0.6
v -1.4 1.6 0.8
v -1.4 1.6 0.7
v -1.4 1.6 0.5
v -1.4 1.6 0.4
v -1.4 1.6 -0.4
v -1.4 1.6 -0.7
v -1.4 1.6 -0.8
v -1.4 1.7 0.7
v -1.4 1.7 0.6
v -1.4 1.7 -0.4
v -1.4 1.7 -0.6
v -1.4 1.7 -0.7
v -1.4 1.8 0.5
v -1.4 1.8 0.4
v -1.4 1.8 0.3
v -1.4 1.8 -0.3
v -1.4 1.8 -0.4
v -1.4 1.9 0.5
v -1.4 1.9 0.4
v -1.4 1.9 0.3
v -1.4 1.9 0.2
v -1.4 1.9 0
v -1.4 1.9 -0.1
v -1.4 1.9 -0.2
v -1.4 1.9 -0.3
v -1.4 1.9 -0.4
v -1.4 2.1 0.7
v -1.4 2.1 0.6
v -1.4 2.1 0.4
v -1.4 2.1 0.3
v -1.4 2.1 0.2
v -1.4 2.1 0
v -1.4 2.1 -0.1
v -1.4 2.1 -0.2
v -1.4 2.1 -0.4
v -1.4 2.1 -0.5
v -1.4 2.1 -0.6
v -1.4 2.1 -0.7
v -1.4 2.2 0.7
v -1.4 2.2 0.6
v -1.4 2.2 -0.6
v -1.4 2.2 -0.7
v -1.4 2.3 0.7
v -1.4 2.3 0.6
v -1.4 2.3 -0.6
v -1.4 2.3 -0.7
v -1.3 -0.8 0.8
v -1.3 -0.8 0.7
v -1.3 -0.8 -0.7
v -1.3 -0.8 -0.8
v -1.3 -0.7 0.8
v -1.3 -0.7 0.7
v -1.3 -0.7 -0.7
v -1.3 -0.7 -0.8
v -1.3 -0.6 0.8
v -1.3 -0.6 0.7
v -1.3 -0.6 -0.7
v -1.3 -0.6 -0.8
v -1.3 -0.3 0.8
v -1.3 -0.3 0.7
v -1.3 -0.3 -0.7
v -1.3 -0.3 -0.8
v -1.3 -0.2 0.8
v -1.3 -0.2 0.7
v -1.3 -0.2 -0.7
v -1.3 -0.2 -0.8
v -1.3 0 0.9
v -1.3 0 0.8
v -1.3 0 -0.8
v -1.3 0 -0.9
v -1.3 0.1 1
v -1.3 0.1 0.9
v -1.3 0.1 0.8
v -1.3 0.1 -0.8
v -1.3 0.1 -0.9
v -1.3 0.1 -1
v -1.3 0.2 -0.9
v -1.3 0.2 -1
v -1.3 0.3 1
v -1.3 0.3 0.9
v -1.3 0.3 0.8
v -1.3 0.3 -0.8
v -1.3 0.3 -0.9
v -1.3 0.3 -1
v -1.3 0.4 0.9
v -1.3 0.4 0.8
v -1.3 0.4 -0.8
v -1.3 0.4 -0.9
v -1.3 1 0.9
v -1.3 1 0.8
v -1.3 1 -0.8
v -1.3 1 -0.9
v -1.3 1.1 1
v -1.3 1.1 0.9
v -1.3 1.1 0.8
v -1.3 1.1 -0.8
v -1.3 1.1 -0.9
v -1.3 1.1 -1
v -1.3 1.2 1
v -1.3 1.2 0.9
v -1.3 1.2 -0.9
v -1.3 1.2 -1
v -1.3 1.3 1
v -1.3 1.3 0.9
v -1.3 1.3 0.8
v -1.3 1.3 -0.8
v -1.3 1.3 -0.9
v -1.3 1.3 -1
v -1.3 1.4 0.9
v -1.3 1.4 0.8
v -1.3 1.4 -0.8
v -1.3 1.4 -0.9
v -1.3 1.6 0.8
v -1.3 1.6 0.7
v -1.3 1.6 -0.7
v -1.3 1.6 -0.8
v -1.3 1.7 0.8
v -1.3 1.7 0.7
v -1.3 1.7 -0.7
v -1.3 1.7 -0.8
v -1.3 2.1 0.8
v -1.3 2.1 0.7
v -1.3 2.1 -0.7
v -1.3 2.1 -0.8
v -1.3 2.2 0.8
v -1.3 2.2 0.7
v -1.3 2.2 -0.7
v -1.3 2.2 -0.8
v -1.3 2.3 0.8
v -1.3 2.3 0.7
v -1.3 2.3 -0.7
v -1.3 2.3 -0.8
v -1.2 -0.8 0.9
v -1.2 -0.8 0.8
v -1.2 -0.8 -0.8
v -1.2 -0.8 -0.9
v -1.2 -0.7 0.9
v -1.2 -0.7 0.8
v -1.2 -0.7 -0.8
v -1.2 -0.7 -0.9
v -1.2 -0.6 0.9
v -1.2 -0.6 0.8
v -1.2 -0.6 0.7
v -1.2 -0.6 0.6
v -1.2 -0.6 -0.6
v -1.2 -0.6 -0.8
v -1.2 -0.6 -0.9
v -1.2 -0.5 0.9
v -1.2 -0.5 0.8
v -1.2 -0.5 -0.8
v -1.2 -0.5 -0.9
v -1.2 -0.4 1
v -1.2 -0.4 0.9
v -1.2 -0.4 -0.9
v -1.2 -0.4 -1
v -1.2 -0.3 0.9
v -1.2 -0.3 0.8
v -1.2 -0.3 0.7
v -1.2 -0.3 0.6
v -1.2 -0.3 -0.6
v -1.2 -0.3 -0.8
v -1.2 -0.2 0.9
v -1.2 -0.2 0.8
v -1.2 -0.1 0.9
v -1.2 -0.1 0.8
v -1.2 0 1
v -1.2 0 0.9
v -1.2 0 0.8
v -1.2 0 -0.8
v -1.2 0 -0.9
v -1.2 0.1 1.1
v -1.2 0.1 1
v -1.2 0.1 0.9
v -1.2 0.1 -0.9
v -1.2 0.1 -1
v -1.2 0.1 -1.1
v -1.2 0.2 -1
v -1.2 0.2 -1.1
v -1.2 0.3 1.1
v -1.2 0.3 1
v -1.2 0.3 0.9
v -1.2 0.3 -0.9
v -1.2 0.3 -1
v -1.2 0.3 -1.1
v -1.2 0.4 0.9
v -1.2 0.4 0.8
v -1.2 0.4 -0.8
v -1.2 0.4 -0.9
v -1.2 1 0.9
v -1.2 1 0.8
v -1.2 1 -0.8
v -1.2 1 -0.9
v -1.2 1.1 1.1
v -1.2 1.1 1
v -1.2 1.1 0.9
v -1.2 1.1 -0.9
v -1.2 1.1 -1
v -1.2 1.1 -1.1
v -1.2 1.2 1.1
v -1.2 1.2 1
v -1.2 1.2 -1
v -1.2 1.2 -1.1
v -1.2 1.3 1.1
v -1.2 1.3 1
v -1.2 1.3 0.9
v -1.2 1.3 -0.9
v -1.2 1.3 -1
v -1.2 1.3 -1.1
v -1.2 1.4 0.9
v -1.2 1.4 0.8
v -1.2 1.4 -0.8
v -1.2 1.4 -0.9
v -1.2 1.7 0.9
v -1.2 1.7 0.8
v -1.2 1.7 0.7
v -1.2 1.7 0.6
v -1.2 1.7 -0.6
v -1.2 1.7 -0.8
v -1.2 1.8 1
v -1.2 1.8 0.9
v -1.2 1.8 0.8
v -1.2 1.8 -0.7
v -1.2 1.8 -0.8
v -1.2 1.8 -0.9
v -1.2 1.8 -1
v -1.2 1.9 0.9
v -1.2 1.9 0.8
v -1.2 1.9 -0.7
v -1.2 1.9 -0.8
v -1.2 1.9 -0.9
v -1.2 2.1 0.9
v -1.2 2.1 0.8
v -1.2 2.1 0.7
v -1.2 2.1 0.6
v -1.2 2.1 -0.6
v -1.2 2.1 -0.8
v -1.2 2.1 -0.9
v -1.2 2.2 0.9
v -1.2 2.2 0.8
v -1.2 2.2 -0.8
v -1.2 2.2 -0.9
v -1.2 2.3 0.9
v -1.2 2.3 0.8
v -1.2 2.3 -0.8
v -1.2 2.3 -0.9
v -1.1 -0.8 1
v -1.1 -0.8 0.9
v -1.1 -0.8 -0.9
v -1.1 -0.8 -1
v -1.1 -0.7 1
v -1.1 -0.7 0.9
v -1.1 -0.7 -0.9
v -1.1 -0.7 -1
v -1.1 -0.6 1
v -1.1 -0.6 0.9
v -1.1 -0.6 -0.9
v -1.1 -0.6 -1
v -1.1 -0.5 1
v -1.1 -0.5 0.9
v -1.1 -0.5 -0.9
v -1.1 -0.5 -1
v -1.1 -0.4 1
v -1.1 -0.4 0.9
v -1.1 -0.4 -0.9
v -1.1 -0.4 -1
v -1.1 0 1.1
v -1.1 0 1
v -1.1 0 -1
v -1.1 0 -1.1
v -1.1 0.1 1.2
v -1.1 0.1 1.1
v -1.1 0.1 1
v -1.1 0.1 -1
v -1.1 0.1 -1.1
v -1.1 0.1 -1.2
v -1.1 0.2 -1.1
v -1.1 0.2 -1.2
v -1.1 0.3 1.2
v -1.1 0.3 1.1
v -1.1 0.3 1
v -1.1 0.3 -1
v -1.1 0.3 -1.1
v -1.1 0.3 -1.2
v -1.1 0.4 1.1
v -1.1 0.4 1
v -1.1 0.4 -1
v -1.1 0.4 -1.1
v -1.1 1 1.1
v -1.1 1 1
v -1.1 1 -1
v -1.1 1 -1.1
v -1.1 1.1 1.2
v -1.1 1.1 1.1
v -1.1 1.1 1
v -1.1 1.1 -1
v -1.1 1.1 -1.1
v -1.1 1.1 -1.2
v -1.1 1.2 1.2
v -1.1 1.2 1.1
v -1.1 1.2 -1.1
v -1.1 1.2 -1.2
v -1.1 1.3 1.2
v -1.1 1.3 1.1
v -1.1 1.3 1
v -1.1 1.3 -1
v -1.1 1.3 -1.1
v -1.1 1.3 -1.2
v -1.1 1.4 1.1
v -1.1 1.4 1
v -1.1 1.4 -1
v -1.1 1.4 -1.1
v -1.1 1.8 1
v -1.1 1.8 0.9
v -1.1 1.8 -0.9
v -1.1 1.8 -1
v -1.1 1.9 1
v -1.1 1.9 0.9
v -1.1 1.9 -0.9
v -1.1 1.9 -1
v -1.1 2.1 1
v -1.1 2.1 0.9
v -1.1 2.1 -0.9
v -1.1 2.1 -1
v -1.1 2.2 1
v -1.1 2.2 0.9
v -1.1 2.2 -0.9
v -1.1 2.2 -1
v -1.1 2.3 1
v -1.1 2.3 0.9
v -1.1 2.3 -0.9
v -1.1 2.3 -1
v -1 -0.8 1.1
v -1 -0.8 1
v -1 -0.8 -1
v -1 -0.8 -1.1
v -1 -0.7 1.1
v -1 -0.7 1
v -1 -0.7 -1
v -1 -0.7 -1.1
v -1 -0.6 1.1
v -1 -0.6 1
v -1 -0.6 0.9
v -1 -0.6 0.8
v -1 -0.6 -0.8
v -1 -0.6 -0.9
v -1 -0.6 -1
v -1 -0.6 -1.1
v -1 -0.5 1.1
v -1 -0.5 1
v -1 -0.5 0.9
v -1 -0.5 0.8
v -1 -0.5 -0.8
v -1 -0.5 -0.9
v -1 -0.5 -1
v -1 -0.5 -1.1
v -1 -0.4 1.2
v -1 -0.4 1.1
v -1 -0.4 -1
v -1 -0.4 -1.1
v -1 -0.4 -1.2
v -1 -0.3 -1.1
v -1 -0.3 -1.2
v -1 0 1.1
v -1 0 1
v -1 0 -1
v -1 0 -1.1
v -1 0.1 1.3
v -1 0.1 1.2
v -1 0.1 1.1
v -1 0.1 -1.1
v -1 0.1 -1.2
v -1 0.1 -1.3
v -1 0.2 -1.2
v -1 0.2 -1.3
v -1 0.3 1.3
v -1 0.3 1.2
v -1 0.3 1.1
v -1 0.3 -1.1
v -1 0.3 -1.2
v -1 0.3 -1.3
v -1 0.4 1.1
v -1 0.4 1
v -1 0.4 -1
v -1 0.4 -1.1
v -1 0.6 -1.1
v -1 0.6 -1.2
v -1 0.7 -1.1
v -1 0.7 -1.2
v -1 1 1.1
v -1 1 1
v -1 1 -1
v -1 1 -1.1
v -1 1.1 1.3
v -1 1.1 1.2
v -1 1.1 1.1
v -1 1.1 -1.1
v -1 1.1 -1.2
v -1 1.1 -1.3
v -1 1.2 1.3
v -1 1.2 1.2
v -1 1.2 -1.2
v -1 1.2 -1.3
v -1 1.3 1.3
v -1 1.3 1.2
v -1 1.3 1.1
v -1 1.3 -1.1
v -1 1.3 -1.2
v -1 1.3 -1.3
v -1 1.4 1.1
v -1 1.4 1
v -1 1.4 -1
v -1 1.4 -1.1
v -1 1.5 -1.1
v -1 1.5 -1.2
v -1 1.6 -1.1
v -1 1.6 -1.2
v -1 1.7 -1
v -1 1.7 -1.1
v -1 1.7 -1.2
v -1 1.8 1.2
v -1 1.8 1.1
v -1 1.8 1
v -1 1.8 -1.1
v -1 1.8 -1.2
v -1 1.9 1.1
v -1 1.9 1
v -1 1.9 0.8
v -1 1.9 -0.8
v -1 1.9 -0.9
v -1 1.9 -1
v -1 1.9 -1.1
v -1 2.1 1.1
v -1 2.1 1
v -1 2.1 0.9
v -1 2.1 0.8
v -1 2.1 -0.8
v -1 2.1 -0.9
v -1 2.1 -1
v -1 2.1 -1.1
v -1 2.2 1.1
v -1 2.2 1
v -1 2.2 -1
v -1 2.2 -1.1
v -1 2.3 1.1
v -1 2.3 1
v -1 2.3 -1
v -1 2.3 -1.1
v -0.9 -0.8 1.2
v -0.9 -0.8 1.1
v -0.9 -0.8 -1.1
v -0.9 -0.8 -1.2
v -0.9 -0.7 1.2
v -0.9 -0.7 1.1
v -0.9 -0.7 -1.1
v -0.9 -0.7 -1.2
v -0.9 -0.6 1.2
v -0.9 -0.6 1.1
v -0.9 -0.6 -1.1
v -0.9 -0.6 -1.2
v -0.9 -0.5 1.2
v -0.9 -0.5 1.1
v -0.9 -0.5 -1.1
v -0.9 -0.5 -1.2
v -0.9 -0.4 1.2
v -0.9 -0.4 1.1
v -0.9 -0.4 -1.1
v -0.9 -0.4 -1.2
v -0.9 0 1.3
v -0.9 0 1.2
v -0.9 0 -1.2
v -0.9 0 -1.3
v -0.9 0.1 1.4
v -0.9 0.1 1.3
v -0.9 0.1 1.2
v -0.9 0.1 -1.2
v -0.9 0.1 -1.3
v -0.9 0.1 -1.4
v -0.9 0.2 -1.3
v -0.9 0.2 -1.4
v -0.9 0.3 1.4
v -0.9 0.3 1.3
v -0.9 0.3 1.2
v -0.9 0.3 -1.2
v -0.9 0.3 -1.3
v -0.9 0.3 -1.4
v -0.9 0.4 1.3
v -0.9 0.4 1.2
v -0.9 0.4 -1.2
v -0.9 0.4 -1.3
v -0.9 1 1.3
v -0.9 1 1.2
v -0.9 1 -1.2
v -0.9 1 -1.3
v -0.9 1.1 1.4
v -0.9 1.1 1.3
v -0.9 1.1 1.2
v -0.9 1.1 -1.2
v -0.9 1.1 -1.3
v -0.9 1.1 -1.4
v -0.9 1.2 1.4
v -0.9 1.2 1.3
v -0.9 1.2 -1.3
v -0.9 1.2 -1.4
v -0.9 1.3 1.4
v -0.9 1.3 1.3
v -0.9 1.3 1.2
v -0.9 1.3 -1.2
v -0.9 1.3 -1.3
v -0.9 1.3 -1.4
v -0.9 1.4 1.3
v -0.9 1.4 1.2
v -0.9 1.4 -1.2
v -0.9 1.4 -1.3
v -0.9 1.8 1.2
v -0.9 1.8 1.1
v -0.9 1.8 -1.1
v -0.9 1.8 -1.2
v -0.9 1.9 1.2
v -0.9 1.9 1.1
v -0.9 1.9 -1.1
v -0.9 1.9 -1.2
v -0.9 2.1 1.2
v -0.9 2.1 1.1
v -0.9 2.1 -1.1
v -0.9 2.1 -1.2
v -0.9 2.2 1.2
v -0.9 2.2 1.1
v -0.9 2.2 -1.1
v -0.9 2.2 -1.2
v -0.9 2.3 1.2
v -0.9 2.3 1.1
v -0.9 2.3 -1.1
v -0.9 2.3 -1.2
v -0.8 -0.8 1.3
v -0.8 -0.8 1.2
v -0.8 -0.8 -1.2
v -0.8 -0.8 -1.3
v -0.8 -0.7 1.3
v -0.8 -0.7 1.2
v -0.8 -0.7 -1.2
v -0.8 -0.7 -1.3
v -0.8 -0.6 1.3
v -0.8 -0.6 1.2
v -0.8 -0.6 1.1
v -0.8 -0.6 1
v -0.8 -0.6 -1
v -0.8 -0.6 -1.1
v -0.8 -0.6 -1.2
v -0.8 -0.6 -1.3
v -0.8 -0.5 1.2
v -0.8 -0.5 1.1
v -0.8 -0.5 1
v -0.8 -0.5 -1
v -0.8 -0.5 -1.2
v -0.8 -0.3 1.3
v -0.8 -0.3 1.2
v -0.8 -0.3 -1.2
v -0.8 -0.3 -1.3
v -0.8 -0.2 1.4
v -0.8 -0.2 1.3
v -0.8 -0.2 1.2
v -0.8 -0.2 -1.3
v -0.8 -0.2 -1.4
v -0.8 0 1.3
v -0.8 0 1.2
v -0.8 0 -1.2
v -0.8 0 -1.3
v -0.8 0.1 1.5
v -0.8 0.1 1.4
v -0.8 0.1 1.3
v -0.8 0.1 -1.3
v -0.8 0.1 -1.4
v -0.8 0.1 -1.5
v -0.8 0.2 -1.4
v -0.8 0.2 -1.5
v -0.8 0.3 1.5
v -0.8 0.3 1.4
v -0.8 0.3 1.3
v -0.8 0.3 -1.3
v -0.8 0.3 -1.4
v -0.8 0.3 -1.5
v -0.8 0.4 1.3
v -0.8 0.4 1.2
v -0.8 0.4 -1.2
v -0.8 0.4 -1.3
v -0.8 1 1.3
v -0.8 1 1.2
v -0.8 1 -1.2
v -0.8 1 -1.3
v -0.8 1.1 1.5
v -0.8 1.1 1.4
v -0.8 1.1 1.3
v -0.8 1.1 -1.3
v -0.8 1.1 -1.4
v -0.8 1.1 -1.5
v -0.8 1.2 1.5
v -0.8 1.2 1.4
v -0.8 1.2 -1.4
v -0.8 1.2 -1.5
v -0.8 1.3 1.5
v -0.8 1.3 1.4
v -0.8 1.3 1.3
v -0.8 1.3 -1.3
v -0.8 1.3 -1.4
v -0.8 1.3 -1.5
v -0.8 1.4 1.3
v -0.8 1.4 1.2
v -0.8 1.4 -1.2
v -0.8 1.4 -1.3
v -0.8 1.6 1.4
v -0.8 1.6 1.3
v -0.8 1.6 1.2
v -0.8 1.6 -1.3
v -0.8 1.6 -1.4
v -0.8 1.7 1.3
v -0.8 1.7 1.2
v -0.8 1.7 -1.2
v -0.8 1.7 -1.3
v -0.8 1.9 1.2
v -0.8 1.9 1.1
v -0.8 1.9 1
v -0.8 1.9 -1
v -0.8 1.9 -1.1
v -0.8 1.9 -1.2
v -0.8 2.1 1.3
v -0.8 2.1 1.2
v -0.8 2.1 1.1
v -0.8 2.1 1
v -0.8 2.1 -1
v -0.8 2.1 -1.1
v -0.8 2.1 -1.2
v -0.8 2.1 -1.3
v -0.8 2.2 1.3
v -0.8 2.2 1.2
v -0.8 2.2 -1.2
v -0.8 2.2 -1.3
v -0.8 2.3 1.3
v -0.8 2.3 1.2
v -0.8 2.3 -1.2
v -0.8 2.3 -1.3
v -0.7 -0.8 1.4
v -0.7 -0.8 1.3
v -0.7 -0.8 -1.3
v -0.7 -0.8 -1.4
v -0.7 -0.7 1.4
v -0.7 -0.7 1.3
v -0.7 -0.7 -1.3
v -0.7 -0.7 -1.4
v -0.7 -0.6 1.4
v -0.7 -0.6 1.3
v -0.7 -0.6 -1.3
v -0.7 -0.6 -1.4
v -0.7 -0.3 1.4
v -0.7 -0.3 1.3
v -0.7 -0.3 -1.3
v -0.7 -0.3 -1.4
v -0.7 -0.2 1.4
v -0.7 -0.2 1.3
v -0.7 -0.2 -1.3
v -0.7 -0.2 -1.4
v -0.7 0 1.5
v -0.7 0 1.4
v -0.7 0 -1.4
v -0.7 0 -1.5
v -0.7 0.1 1.6
v -0.7 0.1 1.5
v -0.7 0.1 1.4
v -0.7 0.1 -1.4
v -0.7 0.1 -1.5
v -0.7 0.1 -1.6
v -0.7 0.2 -1.5
v -0.7 0.2 -1.6
v -0.7 0.3 1.6
v -0.7 0.3 1.5
v -0.7 0.3 1.4
v -0.7 0.3 -1.4
v -0.7 0.3 -1.5
v -0.7 0.3 -1.6
v -0.7 0.4 1.5
v -0.7 0.4 1.4
v -0.7 0.4 -1.4
v -0.7 0.4 -1.5
v -0.7 1 1.5
v -0.7 1 1.4
v -0.7 1 -1.4
v -0.7 1 -1.5
v -0.7 1.1 1.6
v -0.7 1.1 1.5
v -0.7 1.1 1.4
v -0.7 1.1 -1.4
v -0.7 1.1 -1.5
v -0.7 1.1 -1.6
v -0.7 1.2 1.6
v -0.7 1.2 1.5
v -0.7 1.2 -1.5
v -0.7 1.2 -1.6
v -0.7 1.3 1.6
v -0.7 1.3 1.5
v -0.7 1.3 1.4
v -0.7 1.3 -1.4
v -0.7 1.3 -1.5
v -0.7 1.3 -1.6
v -0.7 1.4 1.5
v -0.7 1.4 1.4
v -0.7 1.4 -1.4
v -0.7 1.4 -1.5
v -0.7 1.6 1.4
v -0.7 1.6 1.3
v -0.7 1.6 -1.3
v -0.7 1.6 -1.4
v -0.7 1.7 1.4
v -0.7 1.7 1.3
v -0.7 1.7 -1.3
v -0.7 1.7 -1.4
v -0.7 2.1 1.4
v -0.7 2.1 1.3
v -0.7 2.1 -1.3
v -0.7 2.1 -1.4
v -0.7 2.2 1.4
v -0.7 2.2 1.3
v -0.7 2.2 -1.3
v -0.7 2.2 -1.4
v -0.7 2.3 1.4
v -0.7 2.3 1.3
v -0.7 2.3 -1.3
v -0.7 2.3 -1.4
v -0.6 -0.8 1.5
v -0.6 -0.8 1.4
v -0.6 -0.8 -1.4
v -0.6 -0.8 -1.5
v -0.6 -0.7 1.5
v -0.6 -0.7 1.4
v -0.6 -0.7 -1.4
v -0.6 -0.7 -1.5
v -0.6 -0.6 1.5
v -0.6 -0.6 1.4
v -0.6 -0.6 1.3
v -0.6 -0.6 1.2
v -0.6 -0.6 -1.2
v -0.6 -0.6 -1.3
v -0.6 -0.6 -1.4
v -0.6 -0.6 -1.5
v -0.6 -0.5 1.2
v -0.6 -0.3 1.4
v -0.6 -0.3 1.3
v -0.6 -0.3 1.2
v -0.6 -0.3 -1.2
v -0.6 -0.3 -1.3
v -0.6 -0.3 -1.4
v -0.6 -0.1 1.5
v -0.6 -0.1 1.4
v -0.6 -0.1 -1.4
v -0.6 -0.1 -1.5
v -0.6 0 1.5
v -0.6 0 1.4
v -0.6 0 -1.4
v -0.6 0 -1.5
v -0.6 0.4 1.5
v -0.6 0.4 1.4
v -0.6 0.4 -1.4
v -0.6 0.4 -1.5
v -0.6 0.5 -1.4
v -0.6 0.5 -1.5
v -0.6 0.6 -1.4
v -0.6 0.6 -1.5
v -0.6 1 1.5
v -0.6 1 1.4
v -0.6 1 -1.4
v -0.6 1 -1.5
v -0.6 1.4 1.5
v -0.6 1.4 1.4
v -0.6 1.4 -1.4
v -0.6 1.4 -1.5
v -0.6 1.5 1.5
v -0.6 1.5 1.4
v -0.6 1.5 -1.4
v -0.6 1.5 -1.5
v -0.6 1.7 1.4
v -0.6 1.7 1.3
v -0.6 1.7 1.2
v -0.6 1.7 -1.2
v -0.6 1.7 -1.3
v -0.6 1.7 -1.4
v -0.6 2.1 1.5
v -0.6 2.1 1.4
v -0.6 2.1 1.3
v -0.6 2.1 1.2
v -0.6 2.1 -1.2
v -0.6 2.1 -1.3
v -0.6 2.1 -1.4
v -0.6 2.1 -1.5
v -0.6 2.2 1.5
v -0.6 2.2 1.4
v -0.6 2.2 -1.4
v -0.6 2.2 -1.5
v -0.6 2.3 1.5
v -0.6 2.3 1.4
v -0.6 2.3 -1.4
v -0.6 2.3 -1.5
v -0.4 -0.4 1.5
v -0.4 -0.4 1.4
v -0.4 -0.4 -1.4
v -0.4 -0.4 -1.5
v -0.4 -0.1 1.5
v -0.4 -0.1 1.4
v -0.4 -0.1 -1.4
v -0.4 -0.1 -1.5
v -0.4 1.5 1.5
v -0.4 1.5 1.4
v -0.4 1.5 -1.4
v -0.4 1.5 -1.5
v -0.4 1.8 1.5
v -0.4 1.8 1.4
v -0.4 1.8 -1.4
v -0.4 1.8 -1.5
v -0.3 -0.5 1.5
v -0.3 -0.5 1.4
v -0.3 -0.5 -1.4
v -0.3 -0.5 -1.5
v -0.3 -0.4 1.5
v -0.3 -0.4 1.4
v -0.3 -0.4 -1.4
v -0.3 -0.4 -1.5
v -0.3 1.8 1.5
v -0.3 1.8 1.4
v -0.3 1.8 -1.4
v -0.3 1.8 -1.5
v -0.3 1.9 1.5
v -0.3 1.9 1.4
v -0.3 1.9 -1.4
v -0.3 1.9 -1.5
v -0.2 2.2 0.8
v -0.2 2.2 0.5
v -0.2 2.3 0.8
v -0.2 2.3 0.5
v -0.1 2.2 0.9
v -0.1 2.2 0.8
v -0.1 2.2 0.5
v -0.1 2.2 0.4
v -0.1 2.3 0.9
v -0.1 2.3 0.8
v -0.1 2.3 0.5
v -0.1 2.3 0.4
v 0.1 2.2 0.8
v 0.1 2.2 0.7
v 0.1 2.2 0.6
v 0.1 2.2 0.5
v 0.1 2.3 0.8
v 0.1 2.3 0.7
v 0.1 2.3 0.6
v 0.1 2.3 0.5
v 0.2 2.2 0.7
v 0.2 2.2 0.6
v 0.2 2.3 0.7
v 0.2 2.3 0.6
v 0.5 -0.8 1.4
v 0.5 -0.8 1.3
v 0.5 -0.8 -1.3
v 0.5 -0.8 -1.4
v 0.5 -0.7 1.4
v 0.5 -0.7 1.3
v 0.5 -0.7 -1.3
v 0.5 -0.7 -1.4
v 0.5 2.2 1.4
v 0.5 2.2 1.3
v 0.5 2.2 -1.3
v 0.5 2.2 -1.4
v 0.5 2.3 1.4
v 0.5 2.3 1.3
v 0.5 2.3 -1.3
v 0.5 2.3 -1.4
v 0.6 -0.8 1.3
v 0.6 -0.8 1.2
v 0.6 -0.8 -1.2
v 0.6 -0.8 -1.3
v 0.6 -0.7 1.3
v 0.6 -0.7 1.2
v 0.6 -0.7 -1.2
v 0.6 -0.7 -1.3
v 0.6 2.2 1.3
v 0.6 2.2 1.2
v 0.6 2.2 -1.2
v 0.6 2.2 -1.3
v 0.6 2.3 1.3
v 0.6 2.3 1.2
v 0.6 2.3 -1.2
v 0.6 2.3 -1.3
v 0.7 -0.8 -1.1
v 0.7 -0.8 -1.2
v 0.7 -0.7 -1.1
v 0.7 -0.7 -1.2
v 0.7 2.2 1.2
v 0.7 2.2 1.1
v 0.7 2.2 -1.1
v 0.7 2.2 -1.2
v 0.7 2.3 1.2
v 0.7 2.3 1.1
v 0.7 2.3 -1.1
v 0.7 2.3 -1.2
v 0.8 -0.8 1.2
v 0.8 -0.8 1
v 0.8 -0.8 -1
v 0.8 -0.8 -1.1
v 0.8 -0.7 1.2
v 0.8 -0.7 1
v 0.8 -0.7 -1
v 0.8 -0.7 -1.1
v 0.8 2.2 1.1
v 0.8 2.2 1
v 0.8 2.2 -1
v 0.8 2.2 -1.1
v 0.8 2.3 1.1
v 0.8 2.3 1
v 0.8 2.3 -1
v 0.8 2.3 -1.1
v 0.9 -0.8 1
v 0.9 -0.8 0.9
v 0.9 -0.8 -0.9
v 0.9 -0.8 -1
v 0.9 -0.7 1
v 0.9 -0.7 0.9
v 0.9 -0.7 -0.9
v 0.9 -0.7 -1
v 0.9 2.2 1
v 0.9 2.2 0.9
v 0.9 2.2 -0.9
v 0.9 2.2 -1
v 0.9 2.3 1
v 0.9 2.3 0.9
v 0.9 2.3 -0.9
v 0.9 2.3 -1
v 1 -0.8 0.9
v 1 -0.8 0.8
v 1 -0.8 -0.8
v 1 -0.8 -0.9
v 1 -0.7 0.9
v 1 -0.7 0.8
v 1 -0.7 -0.8
v 1 -0.7 -0.9
v 1 2.2 0.9
v 1 2.2 0.8
v 1 2.2 -0.8
v 1 2.2 -0.9
v 1 2.3 0.9
v 1 2.3 0.8
v 1 2.3 -0.8
v 1 2.3 -0.9
v 1.1 -0.8 0.8
v 1.1 -0.8 0.7
v 1.1 -0.8 -0.7
v 1.1 -0.8 -0.8
v 1.1 -0.7 0.8
v 1.1 -0.7 0.7
v 1.1 -0.7 -0.7
v 1.1 -0.7 -0.8
v 1.1 2.2 0.8
v 1.1 2.2 0.7
v 1.1 2.2 -0.7
v 1.1 2.2 -0.8
v 1.1 2.3 0.8
v 1.1 2.3 0.7
v 1.1 2.3 -0.7
v 1.1 2.3 -0.8
v 1.2 -0.8 0.7
v 1.2 -0.8 0.6
v 1.2 -0.8 -0.6
v 1.2 -0.8 -0.7
v 1.2 -0.7 0.7
v 1.2 -0.7 0.6
v 1.2 -0.7 -0.6
v 1.2 -0.7 -0.7
v 1.2 2.2 0.7
v 1.2 2.2 0.6
v 1.2 2.2 -0.6
v 1.2 2.2 -0.7
v 1.2 2.3 0.7
v 1.2 2.3 0.6
v 1.2 2.3 -0.6
v 1.2 2.3 -0.7
v 1.3 -0.8 -0.5
v 1.3 -0.8 -0.6
v 1.3 -0.7 -0.5
v 1.3 -0.7 -0.6
v 1.3 2.2 0.6
v 1.3 2.2 0.5
v 1.3 2.2 -0.5
v 1.3 2.2 -0.6
v 1.3 2.3 0.6
v 1.3 2.3 0.5
v 1.3 2.3 -0.5
v 1.3 2.3 -0.6
v 1.4 -0.8 0.6
v 1.4 -0.8 -0.5
v 1.4 -0.7 0.6
v 1.4 -0.7 -0.3
v 1.4 -0.7 -0.4
v 1.4 -0.7 -0.5
v 1.4 2.2 0.5
v 1.4 2.2 0.4
v 1.4 2.2 0.3
v 1.4 2.2 -0.5
v 1.4 2.3 0.5
v 1.4 2.3 -0.5
v -1.4 -0.8 0.6
v -1.4 -0.8 -0.5
v -1.4 -0.7 0.6
v -1.4 -0.7 0.5
v -1.4 -0.7 0.1
v -1.4 -0.7 0
v -1.4 -0.7 -0.5
v -1.4 2.2 0.5
v -1.4 2.2 0
v -1.4 2.2 -0.1
v -1.4 2.2 -0.5
v -1.4 2.3 0.5
v -1.4 2.3 -0.5
v -1.3 -0.8 -0.5
v -1.3 -0.8 -0.6
v -1.3 -0.7 -0.5
v -1.3 -0.7 -0.6
v -1.3 2.2 0.6
v -1.3 2.2 0.5
v -1.3 2.2 -0.5
v -1.3 2.2 -0.6
v -1.3 2.3 0.6
v -1.3 2.3 0.5
v -1.3 2.3 -0.5
v -1.3 2.3 -0.6
v -1.2 -0.8 0.7
v -1.2 -0.8 0.6
v -1.2 -0.8 -0.6
v -1.2 -0.8 -0.7
v -1.2 -0.7 0.7
v -1.2 -0.7 0.6
v -1.2 -0.7 -0.6
v -1.2 -0.7 -0.7
v -1.2 2.2 0.7
v -1.2 2.2 0.6
v -1.2 2.2 -0.6
v -1.2 2.2 -0.7
v -1.2 2.3 0.7
v -1.2 2.3 0.6
v -1.2 2.3 -0.6
v -1.2 2.3 -0.7
v -1.1 -0.8 0.8
v -1.1 -0.8 0.7
v -1.1 -0.8 -0.7
v -1.1 -0.8 -0.8
v -1.1 -0.7 0.8
v -1.1 -0.7 0.7
v -1.1 -0.7 -0.7
v -1.1 -0.7 -0.8
v -1.1 2.2 0.8
v -1.1 2.2 0.7
v -1.1 2.2 -0.7
v -1.1 2.2 -0.8
v -1.1 2.3 0.8
v -1.1 2.3 0.7
v -1.1 2.3 -0.7
v -1.1 2.3 -0.8
v -1 -0.8 0.9
v -1 -0.8 0.8
v -1 -0.8 -0.8
v -1 -0.8 -0.9
v -1 -0.7 0.9
v -1 -0.7 0.8
v -1 -0.7 -0.8
v -1 -0.7 -0.9
v -1 2.2 0.9
v -1 2.2 0.8
v -1 2.2 -0.8
v -1 2.2 -0.9
v -1 2.3 0.9
v -1 2.3 0.8
v -1 2.3 -0.8
v -1 2.3 -0.9
v -0.9 -0.8 1
v -0.9 -0.8 0.9
v -0.9 -0.8 -0.9
v -0.9 -0.8 -1
v -0.9 -0.7 1
v -0.9 -0.7 0.9
v -0.9 -0.7 -0.9
v -0.9 -0.7 -1
v -0.9 2.2 1
v -0.9 2.2 0.9
v -0.9 2.2 -0.9
v -0.9 2.2 -1
v -0.9 2.3 1
v -0.9 2.3 0.9
v -0.9 2.3 -0.9
v -0.9 2.3 -1
v -0.8 -0.8 1.2
v -0.8 -0.8 1
v -0.8 -0.8 -1
v -0.8 -0.8 -1.1
v -0.8 -0.7 1.2
v -0.8 -0.7 1.1
v -0.8 -0.7 1
v -0.8 -0.7 -1
v -0.8 -0.7 -1.1
v -0.8 2.2 1.1
v -0.8 2.2 1
v -0.8 2.2 -1
v -0.8 2.2 -1.1
v -0.8 2.3 1.1
v -0.8 2.3 1
v -0.8 2.3 -1
v -0.8 2.3 -1.1
v -0.7 -0.8 -1.1
v -0.7 -0.8 -1.2
v -0.7 -0.7 -1.1
v -0.7 -0.7 -1.2
v -0.7 2.2 1.2
v -0.7 2.2 1.1
v -0.7 2.2 -1.1
v -0.7 2.2 -1.2
v -0.7 2.3 1.2
v -0.7 2.3 1.1
v -0.7 2.3 -1.1
v -0.7 2.3 -1.2
v -0.6 -0.8 1.3
v -0.6 -0.8 1.2
v -0.6 -0.8 -1.2
v -0.6 -0.8 -1.3
v -0.6 -0.7 1.3
v -0.6 -0.7 1.2
v -0.6 -0.7 -1.2
v -0.6 -0.7 -1.3
v -0.6 2.2 1.3
v -0.6 2.2 1.2
v -0.6 2.2 -1.2
v -0.6 2.2 -1.3
v -0.6 2.3 1.3
v -0.6 2.3 1.2
v -0.6 2.3 -1.2
v -0.6 2.3 -1.3
v -0.5 -0.8 1.4
v -0.5 -0.8 1.3
v -0.5 -0.8 -1.3
v -0.5 -0.8 -1.4
v -0.5 -0.7 1.4
v -0.5 -0.7 1.3
v -0.5 -0.7 -1.3
v -0.5 -0.7 -1.4
v -0.5 2.2 1.4
v -0.5 2.2 1.3
v -0.5 2.2 -1.3
v -0.5 2.2 -1.4
v -0.5 2.3 1.4
v -0.5 2.3 1.3
v -0.5 2.3 -1.3
v -0.5 2.3 -1.4
v -0.1 2.2 0.7
v -0.1 2.2 0.6
v -0.1 2.3 0.7
v -0.1 2.3 0.6
v 0 2.2 0.8
v 0 2.2 0.7
v 0 2.2 0.6
v 0 2.2 0.5
v 0 2.3 0.8
v 0 2.3 0.7
v 0 2.3 0.6
v 0 2.3 0.5
v 0.2 2.2 0.9
v 0.2 2.2 0.8
v 0.2 2.2 0.5
v 0.2 2.2 0.4
v 0.2 2.3 0.9
v 0.2 2.3 0.8
v 0.2 2.3 0.5
v 0.2 2.3 0.4
v 0.3 -0.5 1.5
v 0.3 -0.5 1.4
v 0.3 -0.5 -1.4
v 0.3 -0.5 -1.5
v 0.3 -0.4 1.5
v 0.3 -0.4 1.4
v 0.3 -0.4 -1.4
v 0.3 -0.4 -1.5
v 0.3 1.8 1.5
v 0.3 1.8 1.4
v 0.3 1.8 -1.4
v 0.3 1.8 -1.5
v 0.3 1.9 1.5
v 0.3 1.9 1.4
v 0.3 1.9 -1.4
v 0.3 1.9 -1.5
v 0.3 2.2 0.8
v 0.3 2.2 0.5
v 0.3 2.3 0.8
v 0.3 2.3 0.5
v 0.4 -0.4 1.5
v 0.4 -0.4 1.4
v 0.4 -0.4 -1.4
v 0.4 -0.4 -1.5
v 0.4 -0.1 1.5
v 0.4 -0.1 1.4
v 0.4 -0.1 -1.4
v 0.4 -0.1 -1.5
v 0.4 1.5 1.5
v 0.4 1.5 1.4
v 0.4 1.5 -1.4
v 0.4 1.5 -1.5
v 0.4 1.6 -1.4
v 0.4 1.6 -1.5
v 0.4 1.8 1.5
v 0.4 1.8 1.4
v 0.4 1.8 -1.4
v 0.4 1.8 -1.5
v 0.6 -0.8 1.5
v 0.6 -0.8 1.4
v 0.6 -0.8 -1.4
v 0.6 -0.8 -1.5
v 0.6 -0.7 1.5
v 0.6 -0.7 1.4
v 0.6 -0.7 -1.4
v 0.6 -0.7 -1.5
v 0.6 -0.6 1.5
v 0.6 -0.6 1.4
v 0.6 -0.6 1.3
v 0.6 -0.6 1.2
v 0.6 -0.6 -1.2
v 0.6 -0.6 -1.3
v 0.6 -0.6 -1.4
v 0.6 -0.6 -1.5
v 0.6 -0.5 1.2
v 0.6 -0.3 1.4
v 0.6 -0.3 1.3
v 0.6 -0.3 1.2
v 0.6 -0.3 -1.2
v 0.6 -0.3 -1.3
v 0.6 -0.3 -1.4
v 0.6 -0.1 1.5
v 0.6 -0.1 1.4
v 0.6 -0.1 -1.4
v 0.6 -0.1 -1.5
v 0.6 0 1.5
v 0.6 0 1.4
v 0.6 0 -1.4
v 0.6 0 -1.5
v 0.6 0.4 1.5
v 0.6 0.4 1.4
v 0.6 0.4 -1.4
v 0.6 0.4 -1.5
v 0.6 1 1.5
v 0.6 1 1.4
v 0.6 1 -1.4
v 0.6 1 -1.5
v 0.6 1.4 1.5
v 0.6 1.4 1.4
v 0.6 1.4 -1.4
v 0.6 1.4 -1.5
v 0.6 1.5 1.5
v 0.6 1.5 1.4
v 0.6 1.5 -1.4
v 0.6 1.5 -1.5
v 0.6 1.7 1.4
v 0.6 1.7 1.3
v 0.6 1.7 1.2
v 0.6 1.7 -1.2
v 0.6 1.7 -1.3
v 0.6 1.7 -1.4
v 0.6 2.1 1.5
v 0.6 2.1 1.4
v 0.6 2.1 1.3
v 0.6 2.1 1.2
v 0.6 2.1 -1.2
v 0.6 2.1 -1.3
v 0.6 2.1 -1.4
v 0.6 2.1 -1.5
v 0.6 2.2 1.5
v 0.6 2.2 1.4
v 0.6 2.2 -1.4
v 0.6 2.2 -1.5
v 0.6 2.3 1.5
v 0.6 2.3 1.4
v 0.6 2.3 -1.4
v 0.6 2.3 -1.5
v 0.7 -0.8 1.4
v 0.7 -0.8 1.3
v 0.7 -0.8 -1.3
v 0.7 -0.8 -1.4
v 0.7 -0.7 1.4
v 0.7 -0.7 1.3
v 0.7 -0.7 -1.3
v 0.7 -0.7 -1.4
v 0.7 -0.6 1.4
v 0.7 -0.6 1.3
v 0.7 -0.6 -1.3
v 0.7 -0.6 -1.4
v 0.7 -0.3 1.4
v 0.7 -0.3 1.3
v 0.7 -0.3 -1.3
v 0.7 -0.3 -1.4
v 0.7 -0.2 1.4
v 0.7 -0.2 1.3
v 0.7 -0.2 -1.3
v 0.7 -0.2 -1.4
v 0.7 0 1.5
v 0.7 0 1.4
v 0.7 0 -1.4
v 0.7 0 -1.5
v 0.7 0.1 1.6
v 0.7 0.1 1.5
v 0.7 0.1 1.4
v 0.7 0.1 -1.4
v 0.7 0.1 -1.5
v 0.7 0.1 -1.6
v 0.7 0.2 -1.5
v 0.7 0.2 -1.6
v 0.7 0.3 1.6
v 0.7 0.3 1.5
v 0.7 0.3 1.4
v 0.7 0.3 -1.4
v 0.7 0.3 -1.5
v 0.7 0.3 -1.6
v 0.7 0.4 1.5
v 0.7 0.4 1.4
v 0.7 0.4 -1.4
v 0.7 0.4 -1.5
v 0.7 1 1.5
v 0.7 1 1.4
v 0.7 1 -1.4
v 0.7 1 -1.5
v 0.7 1.1 1.6
v 0.7 1.1 1.5
v 0.7 1.1 1.4
v 0.7 1.1 -1.4
v 0.7 1.1 -1.5
v 0.7 1.1 -1.6
v 0.7 1.2 1.6
v 0.7 1.2 1.5
v 0.7 1.2 -1.5
v 0.7 1.2 -1.6
v 0.7 1.3 1.6
v 0.7 1.3 1.5
v 0.7 1.3 1.4
v 0.7 1.3 -1.4
v 0.7 1.3 -1.5
v 0.7 1.3 -1.6
v 0.7 1.4 1.5
v 0.7 1.4 1.4
v 0.7 1.4 -1.4
v 0.7 1.4 -1.5
v 0.7 1.6 1.4
v 0.7 1.6 1.3
v 0.7 1.6 -1.3
v 0.7 1.6 -1.4
v 0.7 1.7 1.4
v 0.7 1.7 1.3
v 0.7 1.7 -1.3
v 0.7 1.7 -1.4
v 0.7 2.1 1.4
v 0.7 2.1 1.3
v 0.7 2.1 -1.3
v 0.7 2.1 -1.4
v 0.7 2.2 1.4
v 0.7 2.2 1.3
v 0.7 2.2 -1.3
v 0.7 2.2 -1.4
v 0.7 2.3 1.4
v 0.7 2.3 1.3
v 0.7 2.3 -1.3
v 0.7 2.3 -1.4
v 0.8 -0.8 1.3
v 0.8 -0.8 1.2
v 0.8 -0.8 -1.2
v 0.8 -0.8 -1.3
v 0.8 -0.7 1.3
v 0.8 -0.7 1.2
v 0.8 -0.7 -1.2
v 0.8 -0.7 -1.3
v 0.8 -0.6 1.3
v 0.8 -0.6 1.2
v 0.8 -0.6 1.1
v 0.8 -0.6 1
v 0.8 -0.6 -1
v 0.8 -0.6 -1.1
v 0.8 -0.6 -1.2
v 0.8 -0.6 -1.3
v 0.8 -0.5 1.2
v 0.8 -0.5 1.1
v 0.8 -0.5 1
v 0.8 -0.5 -1
v 0.8 -0.5 -1.2
v 0.8 -0.3 1.3
v 0.8 -0.3 1.2
v 0.8 -0.3 -1.2
v 0.8 -0.3 -1.3
v 0.8 -0.2 1.4
v 0.8 -0.2 1.3
v 0.8 -0.2 1.2
v 0.8 -0.2 -1.3
v 0.8 -0.2 -1.4
v 0.8 0 1.3
v 0.8 0 1.2
v 0.8 0 -1.2
v 0.8 0 -1.3
v 0.8 0.1 1.5
v 0.8 0.1 1.4
v 0.8 0.1 1.3
v 0.8 0.1 -1.3
v 0.8 0.1 -1.4
v 0.8 0.1 -1.5
v 0.8 0.2 -1.4
v 0.8 0.2 -1.5
v 0.8 0.3 1.5
v 0.8 0.3 1.4
v 0.8 0.3 1.3
v 0.8 0.3 -1.3
v 0.8 0.3 -1.4
v 0.8 0.3 -1.5
v 0.8 0.4 1.3
v 0.8 0.4 1.2
v 0.8 0.4 -1.2
v 0.8 0.4 -1.3
v 0.8 1 1.3
v 0.8 1 1.2
v 0.8 1 -1.2
v 0.8 1 -1.3
v 0.8 1.1 1.5
v 0.8 1.1 1.4
v 0.8 1.1 1.3
v 0.8 1.1 -1.3
v 0.8 1.1 -1.4
v 0.8 1.1 -1.5
v 0.8 1.2 1.5
v 0.8 1.2 1.4
v 0.8 1.2 -1.4
v 0.8 1.2 -1.5
v 0.8 1.3 1.5
v 0.8 1.3 1.4
v 0.8 1.3 1.3
v 0.8 1.3 -1.3
v 0.8 1.3 -1.4
v 0.8 1.3 -1.5
v 0.8 1.4 1.3
v 0.8 1.4 1.2
v 0.8 1.4 -1.2
v 0.8 1.4 -1.3
v 0.8 1.6 1.4
v 0.8 1.6 1.3
v 0.8 1.6 1.2
v 0.8 1.6 -1.3
v 0.8 1.6 -1.4
v 0.8 1.7 1.3
v 0.8 1.7 1.2
v 0.8 1.7 -1.2
v 0.8 1.7 -1.3
v 0.8 1.9 1.2
v 0.8 1.9 1.1
v 0.8 1.9 1
v 0.8 1.9 -1
v 0.8 1.9 -1.1
v 0.8 1.9 -1.2
v 0.8 2.1 1.3
v 0.8 2.1 1.2
v 0.8 2.1 1.1
v 0.8 2.1 1
v 0.8 2.1 -1
v 0.8 2.1 -1.1
v 0.8 2.1 -1.2
v 0.8 2.1 -1.3
v 0.8 2.2 1.3
v 0.8 2.2 1.2
v 0.8 2.2 -1.2
v 0.8 2.2 -1.3
v 0.8 2.3 1.3
v 0.8 2.3 1.2
v 0.8 2.3 -1.2
v 0.8 2.3 -1.3
v 0.9 -0.8 1.2
v 0.9 -0.8 1.1
v 0.9 -0.8 -1.1
v 0.9 -0.8 -1.2
v 0.9 -0.7 1.2
v 0.9 -0.7 1.1
v 0.9 -0.7 -1.1
v 0.9 -0.7 -1.2
v 0.9 -0.6 1.2
v 0.9 -0.6 1.1
v 0.9 -0.6 -1.1
v 0.9 -0.6 -1.2
v 0.9 -0.5 1.2
v 0.9 -0.5 1.1
v 0.9 -0.5 -1.1
v 0.9 -0.5 -1.2
v 0.9 -0.4 1.2
v 0.9 -0.4 1.1
v 0.9 -0.4 -1.1
v 0.9 -0.4 -1.2
v 0.9 0 1.3
v 0.9 0 1.2
v 0.9 0 -1.2
v 0.9 0 -1.3
v 0.9 0.1 1.4
v 0.9 0.1 1.3
v 0.9 0.1 1.2
v 0.9 0.1 -1.2
v 0.9 0.1 -1.3
v 0.9 0.1 -1.4
v 0.9 0.2 -1.3
v 0.9 0.2 -1.4
v 0.9 0.3 1.4
v 0.9 0.3 1.3
v 0.9 0.3 1.2
v 0.9 0.3 -1.2
v 0.9 0.3 -1.3
v 0.9 0.3 -1.4
v 0.9 0.4 1.3
v 0.9 0.4 1.2
v 0.9 0.4 -1.2
v 0.9 0.4 -1.3
v 0.9 1 1.3
v 0.9 1 1.2
v 0.9 1 -1.2
v 0.9 1 -1.3
v 0.9 1.1 1.4
v 0.9 1.1 1.3
v 0.9 1.1 1.2
v 0.9 1.1 -1.2
v 0.9 1.1 -1.3
v 0.9 1.1 -1.4
v 0.9 1.2 1.4
v 0.9 1.2 1.3
v 0.9 1.2 -1.3
v 0.9 1.2 -1.4
v 0.9 1.3 1.4
v 0.9 1.3 1.3
v 0.9 1.3 1.2
v 0.9 1.3 -1.2
v 0.9 1.3 -1.3
v 0.9 1.3 -1.4
v 0.9 1.4 1.3
v 0.9 1.4 1.2
v 0.9 1.4 -1.2
v 0.9 1.4 -1.3
v 0.9 1.8 1.2
v 0.9 1.8 1.1
v 0.9 1.8 -1.1
v 0.9 1.8 -1.2
v 0.9 1.9 1.2
v 0.9 1.9 1.1
v 0.9 1.9 -1.1
v 0.9 1.9 -1.2
v 0.9 2.1 1.2
v 0.9 2.1 1.1
v 0.9 2.1 -1.1
v 0.9 2.1 -1.2
v 0.9 2.2 1.2
v 0.9 2.2 1.1
v 0.9 2.2 -1.1
v 0.9 2.2 -1.2
v 0.9 2.3 1.2
v 0.9 2.3 1.1
v 0.9 2.3 -1.1
v 0.9 2.3 -1.2
v 1 -0.8 1.1
v 1 -0.8 1
v 1 -0.8 -1
v 1 -0.8 -1.1
v 1 -0.7 1.1
v 1 -0.7 1
v 1 -0.7 -1
v 1 -0.7 -1.1
v 1 -0.6 1.1
v 1 -0.6 1
v 1 -0.6 0.9
v 1 -0.6 0.8
v 1 -0.6 -0.8
v 1 -0.6 -0.9
v 1 -0.6 -1
v 1 -0.6 -1.1
v 1 -0.5 1.1
v 1 -0.5 1
v 1 -0.5 0.9
v 1 -0.5 0.8
v 1 -0.5 -0.8
v 1 -0.5 -0.9
v 1 -0.5 -1
v 1 -0.5 -1.1
v 1 -0.4 1.2
v 1 -0.4 1.1
v 1 -0.4 -1
v 1 -0.4 -1.1
v 1 -0.4 -1.2
v 1 -0.3 -1.1
v 1 -0.3 -1.2
v 1 0 1.1
v 1 0 1
v 1 0 -1
v 1 0 -1.1
v 1 0.1 1.3
v 1 0.1 1.2
v 1 0.1 1.1
v 1 0.1 -1.1
v 1 0.1 -1.2
v 1 0.1 -1.3
v 1 0.2 -1.2
v 1 0.2 -1.3
v 1 0.3 1.3
v 1 0.3 1.2
v 1 0.3 1.1
v 1 0.3 -1.1
v 1 0.3 -1.2
v 1 0.3 -1.3
v 1 0.4 1.1
v 1 0.4 1
v 1 0.4 -1
v 1 0.4 -1.1
v 1 0.6 -1.1
v 1 0.6 -1.2
v 1 0.7 -1.1
v 1 0.7 -1.2
v 1 1 1.1
v 1 1 1
v 1 1 -1
v 1 1 -1.1
v 1 1.1 1.3
v 1 1.1 1.2
v 1 1.1 1.1
v 1 1.1 -1.1
v 1 1.1 -1.2
v 1 1.1 -1.3
v 1 1.2 1.3
v 1 1.2 1.2
v 1 1.2 -1.2
v 1 1.2 -1.3
v 1 1.3 1.3
v 1 1.3 1.2
v 1 1.3 1.1
v 1 1.3 -1.1
v 1 1.3 -1.2
v 1 1.3 -1.3
v 1 1.4 1.1
v 1 1.4 1
v 1 1.4 -1
v 1 1.4 -1.1
v 1 1.5 -1.1
v 1 1.5 -1.2
v 1 1.6 -1.1
v 1 1.6 -1.2
v 1 1.7 -1
v 1 1.8 1.2
v 1 1.8 1.1
v 1 1.8 1
v 1 1.8 -1.1
v 1 1.8 -1.2
v 1 1.9 1.1
v 1 1.9 1
v 1 1.9 0.8
v 1 1.9 -0.8
v 1 1.9 -0.9
v 1 1.9 -1
v 1 1.9 -1.1
v 1 2.1 1.1
v 1 2.1 1
v 1 2.1 0.9
v 1 2.1 0.8
v 1 2.1 -0.8
v 1 2.1 -0.9
v 1 2.1 -1
v 1 2.1 -1.1
v 1 2.2 1.1
v 1 2.2 1
v 1 2.2 -1
v 1 2.2 -1.1
v 1 2.3 1.1
v 1 2.3 1
v 1 2.3 -1
v 1 2.3 -1.1
v 1.1 -0.8 1
v 1.1 -0.8 0.9
v 1.1 -0.8 -0.9
v 1.1 -0.8 -1
v 1.1 -0.7 1
v 1.1 -0.7 0.9
v 1.1 -0.7 -0.9
v 1.1 -0.7 -1
v 1.1 -0.6 1
v 1.1 -0.6 0.9
v 1.1 -0.6 -0.9
v 1.1 -0.6 -1
v 1.1 -0.5 1
v 1.1 -0.5 0.9
v 1.1 -0.5 -0.9
v 1.1 -0.5 -1
v 1.1 -0.4 1
v 1.1 -0.4 0.9
v 1.1 -0.4 -0.9
v 1.1 -0.4 -1
v 1.1 0 1.1
v 1.1 0 1
v 1.1 0 -1
v 1.1 0 -1.1
v 1.1 0.1 1.2
v 1.1 0.1 1.1
v 1.1 0.1 1
v 1.1 0.1 -1
v 1.1 0.1 -1.1
v 1.1 0.1 -1.2
v 1.1 0.2 -1.1
v 1.1 0.2 -1.2
v 1.1 0.3 1.2
v 1.1 0.3 1.1
v 1.1 0.3 1
v 1.1 0.3 -1
v 1.1 0.3 -1.1
v 1.1 0.3 -1.2
v 1.1 0.4 1.1
v 1.1 0.4 1
v 1.1 0.4 -1
v 1.1 0.4 -1.1
v 1.1 1 1.1
v 1.1 1 1
v 1.1 1 -1
v 1.1 1 -1.1
v 1.1 1.1 1.2
v 1.1 1.1 1.1
v 1.1 1.1 1
v 1.1 1.1 -1
v 1.1 1.1 -1.1
v 1.1 1.1 -1.2
v 1.1 1.2 1.2
v 1.1 1.2 1.1
v 1.1 1.2 -1.1
v 1.1 1.2 -1.2
v 1.1 1.3 1.2
v 1.1 1.3 1.1
v 1.1 1.3 1
v 1.1 1.3 -1
v 1.1 1.3 -1.1
v 1.1 1.3 -1.2
v 1.1 1.4 1.1
v 1.1 1.4 1
v 1.1 1.4 -1
v 1.1 1.4 -1.1
v 1.1 1.8 1
v 1.1 1.8 0.9
v 1.1 1.8 -0.9
v 1.1 1.8 -1
v 1.1 1.9 1
v 1.1 1.9 0.9
v 1.1 1.9 -0.9
v 1.1 1.9 -1
v 1.1 2.1 1
v 1.1 2.1 0.9
v 1.1 2.1 -0.9
v 1.1 2.1 -1
v 1.1 2.2 1
v 1.1 2.2 0.9
v 1.1 2.2 -0.9
v 1.1 2.2 -1
v 1.1 2.3 1
v 1.1 2.3 0.9
v 1.1 2.3 -0.9
v 1.1 2.3 -1
v 1.2 -0.8 0.9
v 1.2 -0.8 0.8
v 1.2 -0.8 -0.8
v 1.2 -0.8 -0.9
v 1.2 -0.7 0.9
v 1.2 -0.7 0.8
v 1.2 -0.7 -0.8
v 1.2 -0.7 -0.9
v 1.2 -0.6 0.9
v 1.2 -0.6 0.8
v 1.2 -0.6 0.7
v 1.2 -0.6 0.6
v 1.2 -0.6 -0.6
v 1.2 -0.6 -0.8
v 1.2 -0.6 -0.9
v 1.2 -0.5 0.9
v 1.2 -0.5 0.8
v 1.2 -0.5 -0.8
v 1.2 -0.5 -0.9
v 1.2 -0.4 1
v 1.2 -0.4 0.9
v 1.2 -0.4 -0.9
v 1.2 -0.4 -1
v 1.2 -0.3 0.9
v 1.2 -0.3 0.8
v 1.2 -0.3 0.7
v 1.2 -0.3 0.6
v 1.2 -0.3 -0.6
v 1.2 -0.3 -0.8
v 1.2 -0.2 0.9
v 1.2 -0.2 0.8
v 1.2 -0.1 0.9
v 1.2 -0.1 0.8
v 1.2 0 1
v 1.2 0 0.9
v 1.2 0 0.8
v 1.2 0 -0.8
v 1.2 0 -0.9
v 1.2 0.1 1.1
v 1.2 0.1 1
v 1.2 0.1 0.9
v 1.2 0.1 -0.9
v 1.2 0.1 -1
v 1.2 0.1 -1.1
v 1.2 0.2 -1
v 1.2 0.2 -1.1
v 1.2 0.3 1.1
v 1.2 0.3 1
v 1.2 0.3 0.9
v 1.2 0.3 -0.9
v 1.2 0.3 -1
v 1.2 0.3 -1.1
v 1.2 0.4 0.9
v 1.2 0.4 0.8
v 1.2 0.4 -0.8
v 1.2 0.4 -0.9
v 1.2 1 0.9
v 1.2 1 0.8
v 1.2 1 -0.8
v 1.2 1 -0.9
v 1.2 1.1 1.1
v 1.2 1.1 1
v 1.2 1.1 0.9
v 1.2 1.1 -0.9
v 1.2 1.1 -1
v 1.2 1.1 -1.1
v 1.2 1.2 1.1
v 1.2 1.2 1
v 1.2 1.2 -1
v 1.2 1.2 -1.1
v 1.2 1.3 1.1
v 1.2 1.3 1
v 1.2 1.3 0.9
v 1.2 1.3 -0.9
v 1.2 1.3 -1
v 1.2 1.3 -1.1
v 1.2 1.4 0.9
v 1.2 1.4 0.8
v 1.2 1.4 -0.8
v 1.2 1.4 -0.9
v 1.2 1.7 0.9
v 1.2 1.7 0.8
v 1.2 1.7 0.7
v 1.2 1.7 0.6
v 1.2 1.7 -0.6
v 1.2 1.7 -0.8
v 1.2 1.8 1
v 1.2 1.8 0.9
v 1.2 1.8 0.8
v 1.2 1.8 -0.7
v 1.2 1.8 -0.8
v 1.2 1.8 -0.9
v 1.2 1.8 -1
v 1.2 1.9 0.9
v 1.2 1.9 0.8
v 1.2 1.9 -0.7
v 1.2 1.9 -0.8
v 1.2 1.9 -0.9
v 1.2 2.1 0.9
v 1.2 2.1 0.8
v 1.2 2.1 0.7
v 1.2 2.1 0.6
v 1.2 2.1 -0.6
v 1.2 2.1 -0.8
v 1.2 2.1 -0.9
v 1.2 2.2 0.9
v 1.2 2.2 0.8
v 1.2 2.2 -0.8
v 1.2 2.2 -0.9
v 1.2 2.3 0.9
v 1.2 2.3 0.8
v 1.2 2.3 -0.8
v 1.2 2.3 -0.9
v 1.3 -0.8 0.8
v 1.3 -0.8 0.7
v 1.3 -0.8 -0.7
v 1.3 -0.8 -0.8
v 1.3 -0.7 0.8
v 1.3 -0.7 0.7
v 1.3 -0.7 -0.7
v 1.3 -0.7 -0.8
v 1.3 -0.6 0.8
v 1.3 -0.6 0.7
v 1.3 -0.6 -0.7
v 1.3 -0.6 -0.8
v 1.3 -0.3 0.8
v 1.3 -0.3 0.7
v 1.3 -0.3 -0.7
v 1.3 -0.3 -0.8
v 1.3 -0.2 0.8
v 1.3 -0.2 0.7
v 1.3 -0.2 -0.7
v 1.3 -0.2 -0.8
v 1.3 0 0.9
v 1.3 0 0.8
v 1.3 0 -0.8
v 1.3 0 -0.9
v 1.3 0.1 1
v 1.3 0.1 0.9
v 1.3 0.1 0.8
v 1.3 0.1 -0.8
v 1.3 0.1 -0.9
v 1.3 0.1 -1
v 1.3 0.2 -0.9
v 1.3 0.2 -1
v 1.3 0.3 1
v 1.3 0.3 0.9
v 1.3 0.3 0.8
v 1.3 0.3 -0.8
v 1.3 0.3 -0.9
v 1.3 0.3 -1
v 1.3 0.4 0.9
v 1.3 0.4 0.8
v 1.3 0.4 -0.8
v 1.3 0.4 -0.9
v 1.3 1 0.9
v 1.3 1 0.8
v 1.3 1 -0.8
v 1.3 1 -0.9
v 1.3 1.1 1
v 1.3 1.1 0.9
v 1.3 1.1 0.8
v 1.3 1.1 -0.8
v 1.3 1.1 -0.9
v 1.3 1.1 -1
v 1.3 1.2 1
v 1.3 1.2 0.9
v 1.3 1.2 -0.9
v 1.3 1.2 -1
v 1.3 1.3 1
v 1.3 1.3 0.9
v 1.3 1.3 0.8
v 1.3 1.3 -0.8
v 1.3 1.3 -0.9
v 1.3 1.3 -1
v 1.3 1.4 0.9
v 1.3 1.4 0.8
v 1.3 1.4 -0.8
v 1.3 1.4 -0.9
v 1.3 1.6 0.8
v 1.3 1.6 0.7
v 1.3 1.6 -0.7
v 1.3 1.6 -0.8
v 1.3 1.7 0.8
v 1.3 1.7 0.7
v 1.3 1.7 -0.7
v 1.3 1.7 -0.8
v 1.3 2.1 0.8
v 1.3 2.1 0.7
v 1.3 2.1 -0.7
v 1.3 2.1 -0.8
v 1.3 2.2 0.8
v 1.3 2.2 0.7
v 1.3 2.2 -0.7
v 1.3 2.2 -0.8
v 1.3 2.3 0.8
v 1.3 2.3 0.7
v 1.3 2.3 -0.7
v 1.3 2.3 -0.8
v 1.4 -0.8 0.7
v 1.4 -0.8 0.6
v 1.4 -0.8 -0.6
v 1.4 -0.8 -0.7
v 1.4 -0.7 0.7
v 1.4 -0.7 0.6
v 1.4 -0.7 -0.6
v 1.4 -0.7 -0.7
v 1.4 -0.6 0.7
v 1.4 -0.6 0.6
v 1.4 -0.6 0.5
v 1.4 -0.6 0.3
v 1.4 -0.6 0.2
v 1.4 -0.6 0.1
v 1.4 -0.6 -0.1
v 1.4 -0.6 -0.2
v 1.4 -0.6 -0.4
v 1.4 -0.6 -0.5
v 1.4 -0.6 -0.6
v 1.4 -0.6 -0.7
v 1.4 -0.5 0.3
v 1.4 -0.5 0.2
v 1.4 -0.5 0.1
v 1.4 -0.5 0
v 1.4 -0.5 -0.1
v 1.4 -0.5 -0.2
v 1.4 -0.5 -0.3
v 1.4 -0.4 0.4
v 1.4 -0.4 0.3
v 1.4 -0.4 -0.3
v 1.4 -0.4 -0.4
v 1.4 -0.3 0.7
v 1.4 -0.3 0.6
v 1.4 -0.3 -0.6
v 1.4 -0.3 -0.7
v 1.4 -0.2 0.8
v 1.4 -0.2 0.7
v 1.4 -0.2 -0.7
v 1.4 -0.2 -0.8
v 1.4 -0.1 0.6
v 1.4 -0.1 0.5
v 1.4 -0.1 0.4
v 1.4 -0.1 -0.4
v 1.4 -0.1 -0.5
v 1.4 -0.1 -0.6
v 1.4 0 0.7
v 1.4 0 0.6
v 1.4 0 -0.6
v 1.4 0 -0.7
v 1.4 0.1 0.9
v 1.4 0.1 0.8
v 1.4 0.1 0.7
v 1.4 0.1 -0.7
v 1.4 0.1 -0.8
v 1.4 0.1 -0.9
v 1.4 0.2 -0.8
v 1.4 0.2 -0.9
v 1.4 0.3 0.9
v 1.4 0.3 0.8
v 1.4 0.3 0.7
v 1.4 0.3 -0.7
v 1.4 0.3 -0.8
v 1.4 0.3 -0.9
v 1.4 0.4 0.7
v 1.4 0.4 0.6
v 1.4 0.4 -0.6
v 1.4 0.4 -0.7
v 1.4 0.5 0.8
v 1.4 0.5 0.7
v 1.4 0.5 0.6
v 1.4 0.6 0.8
v 1.4 0.6 0.7
v 1.4 0.6 0.6
v 1.4 0.8 0.6
v 1.4 0.9 0.6
v 1.4 1 0.7
v 1.4 1 0.6
v 1.4 1 -0.6
v 1.4 1 -0.7
v 1.4 1.1 0.9
v 1.4 1.1 0.8
v 1.4 1.1 0.7
v 1.4 1.1 -0.7
v 1.4 1.1 -0.8
v 1.4 1.1 -0.9
v 1.4 1.2 0.9
v 1.4 1.2 0.8
v 1.4 1.2 -0.8
v 1.4 1.2 -0.9
v 1.4 1.3 0.9
v 1.4 1.3 0.8
v 1.4 1.3 0.7
v 1.4 1.3 -0.7
v 1.4 1.3 -0.8
v 1.4 1.3 -0.9
v 1.4 1.4 0.7
v 1.4 1.4 0.6
v 1.4 1.4 -0.6
v 1.4 1.4 -0.7
v 1.4 1.5 0.6
v 1.4 1.5 0.5
v 1.4 1.5 0.4
v 1.4 1.5 -0.4
v 1.4 1.5 -0.5
v 1.4 1.5 -0.6
v 1.4 1.6 0.8
v 1.4 1.6 0.7
v 1.4 1.6 0.5
v 1.4 1.6 0.4
v 1.4 1.6 -0.4
v 1.4 1.6 -0.7
v 1.4 1.6 -0.8
v 1.4 1.7 0.7
v 1.4 1.7 0.6
v 1.4 1.7 -0.4
v 1.4 1.7 -0.6
v 1.4 1.7 -0.7
v 1.4 1.8 0.5
v 1.4 1.8 0.4
v 1.4 1.8 0.3
v 1.4 1.8 -0.3
v 1.4 1.8 -0.4
v 1.4 1.9 0.5
v 1.4 1.9 0.4
v 1.4 1.9 0.3
v 1.4 1.9 0.2
v 1.4 1.9 0
v 1.4 1.9 -0.1
v 1.4 1.9 -0.2
v 1.4 1.9 -0.3
v 1.4 1.9 -0.4
v 1.4 2.1 0.7
v 1.4 2.1 0.6
v 1.4 2.1 0.4
v 1.4 2.1 0.3
v 1.4 2.1 0.2
v 1.4 2.1 0
v 1.4 2.1 -0.1
v 1.4 2.1 -0.2
v 1.4 2.1 -0.4
v 1.4 2.1 -0.5
v 1.4 2.1 -0.6
v 1.4 2.1 -0.7
v 1.4 2.2 0.7
v 1.4 2.2 0.6
v 1.4 2.2 -0.6
v 1.4 2.2 -0.7
v 1.4 2.3 0.7
v 1.4 2.3 0.6
v 1.4 2.3 -0.6
v 1.4 2.3 -0.7
v 1.5 -0.8 0.6
v 1.5 -0.8 -0.6
v 1.5 -0.7 0.6
v 1.5 -0.7 -0.6
v 1.5 -0.6 0.6
v 1.5 -0.6 -0.6
v 1.5 -0.5 0.3
v 1.5 -0.5 0.2
v 1.5 -0.5 0
v 1.5 -0.5 -0.1
v 1.5 -0.5 -0.2
v 1.5 -0.5 -0.3
v 1.5 -0.4 0.4
v 1.5 -0.4 0.3
v 1.5 -0.4 -0.3
v 1.5 -0.4 -0.4
v 1.5 -0.3 0.1
v 1.5 -0.3 0
v 1.5 -0.2 0.2
v 1.5 -0.2 0.1
v 1.5 -0.1 0.6
v 1.5 -0.1 0.5
v 1.5 -0.1 0.4
v 1.5 -0.1 0.1
v 1.5 -0.1 0
v 1.5 -0.1 -0.2
v 1.5 -0.1 -0.3
v 1.5 -0.1 -0.4
v 1.5 -0.1 -0.5
v 1.5 -0.1 -0.6
v 1.5 0 0.7
v 1.5 0 0.6
v 1.5 0 0.2
v 1.5 0 0.1
v 1.5 0 -0.2
v 1.5 0 -0.3
v 1.5 0 -0.6
v 1.5 0 -0.7
v 1.5 0.1 0.8
v 1.5 0.1 0.7
v 1.5 0.1 0.6
v 1.5 0.1 0.5
v 1.5 0.1 0.3
v 1.5 0.1 0.2
v 1.5 0.1 0
v 1.5 0.1 -0.1
v 1.5 0.1 -0.2
v 1.5 0.1 -0.4
v 1.5 0.1 -0.5
v 1.5 0.1 -0.6
v 1.5 0.1 -0.7
v 1.5 0.1 -0.8
v 1.5 0.2 0.7
v 1.5 0.2 -0.7
v 1.5 0.2 -0.8
v 1.5 0.3 0.8
v 1.5 0.3 0.7
v 1.5 0.3 0.6
v 1.5 0.3 0.4
v 1.5 0.3 0.3
v 1.5 0.3 0.2
v 1.5 0.3 0
v 1.5 0.3 -0.1
v 1.5 0.3 -0.2
v 1.5 0.3 -0.4
v 1.5 0.3 -0.5
v 1.5 0.3 -0.6
v 1.5 0.3 -0.7
v 1.5 0.3 -0.8
v 1.5 0.4 0.7
v 1.5 0.4 0.6
v 1.5 0.4 -0.6
v 1.5 0.4 -0.7
v 1.5 0.5 0.6
v 1.5 0.5 0.5
v 1.5 0.5 0.2
v 1.5 0.5 0.1
v 1.5 0.6 0.6
v 1.5 0.6 0.5
v 1.5 0.6 0.2
v 1.5 0.6 0.1
v 1.5 0.6 -0.3
v 1.5 0.6 -0.4
v 1.5 0.8 0.6
v 1.5 0.8 0.4
v 1.5 0.8 0
v 1.5 0.8 -0.1
v 1.5 0.8 -0.3
v 1.5 0.8 -0.4
v 1.5 0.9 0.6
v 1.5 0.9 0.4
v 1.5 0.9 0
v 1.5 0.9 -0.1
v 1.5 0.9 -0.3
v 1.5 0.9 -0.4
v 1.5 1 0.7
v 1.5 1 0.6
v 1.5 1 -0.3
v 1.5 1 -0.4
v 1.5 1 -0.6
v 1.5 1 -0.7
v 1.5 1.1 0.8
v 1.5 1.1 0.7
v 1.5 1.1 0.6
v 1.5 1.1 0.4
v 1.5 1.1 0.3
v 1.5 1.1 0.2
v 1.5 1.1 0
v 1.5 1.1 -0.1
v 1.5 1.1 -0.2
v 1.5 1.1 -0.4
v 1.5 1.1 -0.5
v 1.5 1.1 -0.6
v 1.5 1.1 -0.7
v 1.5 1.1 -0.8
v 1.5 1.2 0.8
v 1.5 1.2 0.7
v 1.5 1.2 -0.7
v 1.5 1.2 -0.8
v 1.5 1.3 0.8
v 1.5 1.3 0.7
v 1.5 1.3 0.6
v 1.5 1.3 0.4
v 1.5 1.3 0.3
v 1.5 1.3 0.2
v 1.5 1.3 0
v 1.5 1.3 -0.1
v 1.5 1.3 -0.2
v 1.5 1.3 -0.4
v 1.5 1.3 -0.5
v 1.5 1.3 -0.6
v 1.5 1.3 -0.7
v 1.5 1.3 -0.8
v 1.5 1.4 0.7
v 1.5 1.4 0.6
v 1.5 1.4 -0.6
v 1.5 1.4 -0.7
v 1.5 1.5 0.6
v 1.5 1.5 0.4
v 1.5 1.5 0.1
v 1.5 1.5 0
v 1.5 1.5 -0.3
v 1.5 1.5 -0.4
v 1.5 1.5 -0.5
v 1.5 1.5 -0.6
v 1.5 1.6 0.1
v 1.5 1.6 0
v 1.5 1.6 -0.3
v 1.5 1.6 -0.4
v 1.5 1.7 -0.3
v 1.5 1.7 -0.4
v 1.5 1.8 0.4
v 1.5 1.8 0.3
v 1.5 1.8 -0.3
v 1.5 1.8 -0.4
v 1.5 1.9 0.3
v 1.5 1.9 0.2
v 1.5 1.9 0
v 1.5 1.9 -0.1
v 1.5 1.9 -0.2
v 1.5 1.9 -0.3
v 1.5 2.1 0.6
v 1.5 2.1 -0.6
v 1.5 2.2 0.6
v 1.5 2.2 -0.6
v 1.5 2.3 0.6
v 1.5 2.3 -0.6
v 1.6 0.1 0.7
v 1.6 0.1 -0.7
v 1.6 0.2 0.7
v 1.6 0.2 -0.7
v 1.6 0.3 0.7
v 1.6 0.3 -0.7
v 1.6 1.1 0.7
v 1.6 1.1 -0.7
v 1.6 1.2 0.7
v 1.6 1.2 -0.7
v 1.6 1.3 0.7
v 1.6 1.3 -0.7
v -0.7 0.1 1.6
v -0.7 0.3 1.6
v -0.7 1.1 1.6
v -0.7 1.2 1.6
v -0.7 1.3 1.6
v 0.7 0.1 1.6
v 0.7 0.3 1.6
v 0.7 1.1 1.6
v 0.7 1.2 1.6
v 0.7 1.3 1.6
v -0.8 0.1 1.5
v -0.8 0.3 1.5
v -0.8 1.1 1.5
v -0.8 1.2 1.5
v -0.8 1.3 1.5
v -0.7 0 1.5
v -0.7 0.1 1.5
v -0.7 0.3 1.5
v -0.7 0.4 1.5
v -0.7 1 1.5
v -0.7 1.1 1.5
v -0.7 1.2 1.5
v -0.7 1.3 1.5
v -0.7 1.4 1.5
v -0.6 -0.8 1.5
v -0.6 -0.7 1.5
v -0.6 -0.6 1.5
v -0.6 -0.1 1.5
v -0.6 0 1.5
v -0.6 0.4 1.5
v -0.6 1 1.5
v -0.6 1.4 1.5
v -0.6 1.5 1.5
v -0.6 2.1 1.5
v -0.6 2.2 1.5
v -0.6 2.3 1.5
v -0.4 -0.4 1.5
v -0.4 -0.1 1.5
v -0.4 1.5 1.5
v -0.4 1.8 1.5
v -0.3 -0.5 1.5
v -0.3 -0.4 1.5
v -0.3 0.3 1.5
v -0.3 1.1 1.5
v -0.3 1.3 1.5
v -0.3 1.8 1.5
v -0.3 1.9 1.5
v -0.2 -0.5 1.5
v -0.2 0.1 1.5
v -0.2 0.3 1.5
v -0.2 1.1 1.5
v -0.2 1.3 1.5
v -0.2 1.9 1.5
v -0.1 -0.5 1.5
v -0.1 0.1 1.5
v -0.1 0.3 1.5
v -0.1 1.1 1.5
v -0.1 1.3 1.5
v -0.1 1.9 1.5
v 0.1 -0.5 1.5
v 0.1 0.1 1.5
v 0.1 0.3 1.5
v 0.1 1.1 1.5
v 0.1 1.3 1.5
v 0.1 1.9 1.5
v 0.2 -0.5 1.5
v 0.2 0.1 1.5
v 0.2 0.3 1.5
v 0.2 1.1 1.5
v 0.2 1.3 1.5
v 0.2 1.9 1.5
v 0.3 -0.5 1.5
v 0.3 -0.4 1.5
v 0.3 0.1 1.5
v 0.3 0.3 1.5
v 0.3 1.1 1.5
v 0.3 1.3 1.5
v 0.3 1.8 1.5
v 0.3 1.9 1.5
v 0.4 -0.4 1.5
v 0.4 -0.1 1.5
v 0.4 1.5 1.5
v 0.4 1.8 1.5
v 0.6 -0.8 1.5
v 0.6 -0.7 1.5
v 0.6 -0.6 1.5
v 0.6 -0.1 1.5
v 0.6 0 1.5
v 0.6 0.4 1.5
v 0.6 1 1.5
v 0.6 1.4 1.5
v 0.6 1.5 1.5
v 0.6 2.1 1.5
v 0.6 2.2 1.5
v 0.6 2.3 1.5
v 0.7 0 1.5
v 0.7 0.1 1.5
v 0.7 0.3 1.5
v 0.7 0.4 1.5
v 0.7 1 1.5
v 0.7 1.1 1.5
v 0.7 1.2 1.5
v 0.7 1.3 1.5
v 0.7 1.4 1.5
v 0.8 0.1 1.5
v 0.8 0.3 1.5
v 0.8 1.1 1.5
v 0.8 1.2 1.5
v 0.8 1.3 1.5
v -0.9 0.1 1.4
v -0.9 0.3 1.4
v -0.9 1.1 1.4
v -0.9 1.2 1.4
v -0.9 1.3 1.4
v -0.8 -0.2 1.4
v -0.8 0.1 1.4
v -0.8 0.3 1.4
v -0.8 1.1 1.4
v -0.8 1.2 1.4
v -0.8 1.3 1.4
v -0.8 1.6 1.4
v -0.7 -0.8 1.4
v -0.7 -0.7 1.4
v -0.7 -0.6 1.4
v -0.7 -0.3 1.4
v -0.7 -0.2 1.4
v -0.7 0 1.4
v -0.7 0.1 1.4
v -0.7 0.3 1.4
v -0.7 0.4 1.4
v -0.7 1 1.4
v -0.7 1.1 1.4
v -0.7 1.3 1.4
v -0.7 1.4 1.4
v -0.7 1.6 1.4
v -0.7 1.7 1.4
v -0.7 2.1 1.4
v -0.7 2.2 1.4
v -0.7 2.3 1.4
v -0.6 -0.8 1.4
v -0.6 -0.7 1.4
v -0.6 -0.6 1.4
v -0.6 -0.3 1.4
v -0.6 -0.2 1.4
v -0.6 -0.1 1.4
v -0.6 0 1.4
v -0.6 0.4 1.4
v -0.6 1 1.4
v -0.6 1.4 1.4
v -0.6 1.5 1.4
v -0.6 1.6 1.4
v -0.6 1.7 1.4
v -0.6 2.1 1.4
v -0.6 2.2 1.4
v -0.6 2.3 1.4
v -0.5 -0.6 1.4
v -0.5 -0.3 1.4
v -0.5 1.7 1.4
v -0.5 2.1 1.4
v -0.4 -0.4 1.4
v -0.4 -0.1 1.4
v -0.4 1.5 1.4
v -0.4 1.8 1.4
v -0.3 -0.6 1.4
v -0.3 -0.5 1.4
v -0.3 -0.4 1.4
v -0.3 1.8 1.4
v -0.3 1.9 1.4
v -0.3 2.1 1.4
v -0.2 -0.6 1.4
v -0.2 -0.5 1.4
v -0.2 1.9 1.4
v -0.2 2.1 1.4
v -0.1 -0.6 1.4
v -0.1 -0.5 1.4
v -0.1 1.9 1.4
v -0.1 2.1 1.4
v 0.1 -0.6 1.4
v 0.1 -0.5 1.4
v 0.1 1.9 1.4
v 0.1 2.1 1.4
v 0.2 -0.6 1.4
v 0.2 -0.5 1.4
v 0.2 1.9 1.4
v 0.2 2.1 1.4
v 0.3 -0.6 1.4
v 0.3 -0.5 1.4
v 0.3 -0.4 1.4
v 0.3 1.8 1.4
v 0.3 1.9 1.4
v 0.3 2.1 1.4
v 0.4 -0.4 1.4
v 0.4 -0.1 1.4
v 0.4 1.5 1.4
v 0.4 1.8 1.4
v 0.5 -0.6 1.4
v 0.5 -0.3 1.4
v 0.5 1.7 1.4
v 0.5 2.1 1.4
v 0.6 -0.8 1.4
v 0.6 -0.7 1.4
v 0.6 -0.6 1.4
v 0.6 -0.3 1.4
v 0.6 -0.2 1.4
v 0.6 -0.1 1.4
v 0.6 0 1.4
v 0.6 0.4 1.4
v 0.6 1 1.4
v 0.6 1.4 1.4
v 0.6 1.5 1.4
v 0.6 1.6 1.4
v 0.6 1.7 1.4
v 0.6 2.1 1.4
v 0.6 2.2 1.4
v 0.6 2.3 1.4
v 0.7 -0.8 1.4
v 0.7 -0.7 1.4
v 0.7 -0.6 1.4
v 0.7 -0.3 1.4
v 0.7 -0.2 1.4
v 0.7 0 1.4
v 0.7 0.1 1.4
v 0.7 0.3 1.4
v 0.7 0.4 1.4
v 0.7 1 1.4
v 0.7 1.1 1.4
v 0.7 1.3 1.4
v 0.7 1.4 1.4
v 0.7 1.6 1.4
v 0.7 1.7 1.4
v 0.7 2.1 1.4
v 0.7 2.2 1.4
v 0.7 2.3 1.4
v 0.8 -0.2 1.4
v 0.8 0.1 1.4
v 0.8 0.3 1.4
v 0.8 1.1 1.4
v 0.8 1.2 1.4
v 0.8 1.3 1.4
v 0.8 1.6 1.4
v 0.9 0.1 1.4
v 0.9 0.3 1.4
v 0.9 1.1 1.4
v 0.9 1.2 1.4
v 0.9 1.3 1.4
v -1 0.1 1.3
v -1 0.3 1.3
v -1 1.1 1.3
v -1 1.2 1.3
v -1 1.3 1.3
v -0.9 0 1.3
v -0.9 0.1 1.3
v -0.9 0.3 1.3
v -0.9 0.4 1.3
v -0.9 1 1.3
v -0.9 1.1 1.3
v -0.9 1.2 1.3
v -0.9 1.3 1.3
v -0.9 1.4 1.3
v -0.8 -0.8 1.3
v -0.8 -0.7 1.3
v -0.8 -0.6 1.3
v -0.8 -0.3 1.3
v -0.8 -0.2 1.3
v -0.8 0 1.3
v -0.8 0.1 1.3
v -0.8 0.3 1.3
v -0.8 0.4 1.3
v -0.8 1 1.3
v -0.8 1.1 1.3
v -0.8 1.3 1.3
v -0.8 1.4 1.3
v -0.8 1.6 1.3
v -0.8 1.7 1.3
v -0.8 2.1 1.3
v -0.8 2.2 1.3
v -0.8 2.3 1.3
v -0.7 -0.8 1.3
v -0.7 -0.7 1.3
v -0.7 -0.6 1.3
v -0.7 -0.3 1.3
v -0.7 -0.2 1.3
v -0.7 1.6 1.3
v -0.7 1.7 1.3
v -0.7 2.1 1.3
v -0.7 2.2 1.3
v -0.7 2.3 1.3
v 0.7 -0.8 1.3
v 0.7 -0.7 1.3
v 0.7 -0.6 1.3
v 0.7 -0.3 1.3
v 0.7 -0.2 1.3
v 0.7 1.6 1.3
v 0.7 1.7 1.3
v 0.7 2.1 1.3
v 0.7 2.2 1.3
v 0.7 2.3 1.3
v 0.8 -0.8 1.3
v 0.8 -0.7 1.3
v 0.8 -0.6 1.3
v 0.8 -0.3 1.3
v 0.8 -0.2 1.3
v 0.8 0 1.3
v 0.8 0.1 1.3
v 0.8 0.3 1.3
v 0.8 0.4 1.3
v 0.8 1 1.3
v 0.8 1.1 1.3
v 0.8 1.3 1.3
v 0.8 1.4 1.3
v 0.8 1.6 1.3
v 0.8 1.7 1.3
v 0.8 2.1 1.3
v 0.8 2.2 1.3
v 0.8 2.3 1.3
v 0.9 0 1.3
v 0.9 0.1 1.3
v 0.9 0.3 1.3
v 0.9 0.4 1.3
v 0.9 1 1.3
v 0.9 1.1 1.3
v 0.9 1.2 1.3
v 0.9 1.3 1.3
v 0.9 1.4 1.3
v 1 0.1 1.3
v 1 0.3 1.3
v 1 1.1 1.3
v 1 1.2 1.3
v 1 1.3 1.3
v -1.1 0.1 1.2
v -1.1 0.3 1.2
v -1.1 1.1 1.2
v -1.1 1.2 1.2
v -1.1 1.3 1.2
v -1 -0.4 1.2
v -1 0.1 1.2
v -1 0.3 1.2
v -1 1.1 1.2
v -1 1.2 1.2
v -1 1.3 1.2
v -1 1.8 1.2
v -0.9 -0.8 1.2
v -0.9 -0.7 1.2
v -0.9 -0.6 1.2
v -0.9 -0.5 1.2
v -0.9 -0.4 1.2
v -0.9 -0.3 1.2
v -0.9 0 1.2
v -0.9 0.1 1.2
v -0.9 0.3 1.2
v -0.9 0.4 1.2
v -0.9 1 1.2
v -0.9 1.1 1.2
v -0.9 1.3 1.2
v -0.9 1.4 1.2
v -0.9 1.6 1.2
v -0.9 1.8 1.2
v -0.9 1.9 1.2
v -0.9 2.1 1.2
v -0.9 2.2 1.2
v -0.9 2.3 1.2
v -0.8 -0.8 1.2
v -0.8 -0.7 1.2
v -0.8 -0.6 1.2
v -0.8 -0.5 1.2
v -0.8 -0.4 1.2
v -0.8 -0.3 1.2
v -0.8 -0.2 1.2
v -0.8 0 1.2
v -0.8 0.4 1.2
v -0.8 1 1.2
v -0.8 1.4 1.2
v -0.8 1.6 1.2
v -0.8 1.7 1.2
v -0.8 1.8 1.2
v -0.8 1.9 1.2
v -0.8 2.1 1.2
v -0.8 2.2 1.2
v -0.8 2.3 1.2
v -0.7 -0.6 1.2
v -0.7 -0.5 1.2
v -0.7 -0.4 1.2
v -0.7 -0.3 1.2
v -0.7 1.8 1.2
v -0.7 2.1 1.2
v -0.6 -0.6 1.2
v -0.6 -0.5 1.2
v -0.6 -0.3 1.2
v -0.6 1.7 1.2
v -0.6 2.1 1.2
v 0.6 -0.6 1.2
v 0.6 -0.5 1.2
v 0.6 -0.3 1.2
v 0.6 1.7 1.2
v 0.6 2.1 1.2
v 0.7 -0.6 1.2
v 0.7 -0.5 1.2
v 0.7 -0.4 1.2
v 0.7 -0.3 1.2
v 0.7 1.8 1.2
v 0.7 2.1 1.2
v 0.8 -0.8 1.2
v 0.8 -0.7 1.2
v 0.8 -0.6 1.2
v 0.8 -0.5 1.2
v 0.8 -0.4 1.2
v 0.8 -0.3 1.2
v 0.8 -0.2 1.2
v 0.8 0 1.2
v 0.8 0.4 1.2
v 0.8 1 1.2
v 0.8 1.4 1.2
v 0.8 1.6 1.2
v 0.8 1.7 1.2
v 0.8 1.8 1.2
v 0.8 1.9 1.2
v 0.8 2.1 1.2
v 0.8 2.2 1.2
v 0.8 2.3 1.2
v 0.9 -0.8 1.2
v 0.9 -0.7 1.2
v 0.9 -0.6 1.2
v 0.9 -0.5 1.2
v 0.9 -0.4 1.2
v 0.9 -0.3 1.2
v 0.9 0 1.2
v 0.9 0.1 1.2
v 0.9 0.3 1.2
v 0.9 0.4 1.2
v 0.9 1 1.2
v 0.9 1.1 1.2
v 0.9 1.3 1.2
v 0.9 1.4 1.2
v 0.9 1.6 1.2
v 0.9 1.8 1.2
v 0.9 1.9 1.2
v 0.9 2.1 1.2
v 0.9 2.2 1.2
v 0.9 2.3 1.2
v 1 -0.4 1.2
v 1 0.1 1.2
v 1 0.3 1.2
v 1 1.1 1.2
v 1 1.2 1.2
v 1 1.3 1.2
v 1 1.8 1.2
v 1.1 0.1 1.2
v 1.1 0.3 1.2
v 1.1 1.1 1.2
v 1.1 1.2 1.2
v 1.1 1.3 1.2
v -1.2 0.1 1.1
v -1.2 0.3 1.1
v -1.2 1.1 1.1
v -1.2 1.2 1.1
v -1.2 1.3 1.1
v -1.1 0 1.1
v -1.1 0.1 1.1
v -1.1 0.3 1.1
v -1.1 0.4 1.1
v -1.1 1 1.1
v -1.1 1.1 1.1
v -1.1 1.2 1.1
v -1.1 1.3 1.1
v -1.1 1.4 1.1
v -1 -0.8 1.1
v -1 -0.7 1.1
v -1 -0.6 1.1
v -1 -0.5 1.1
v -1 -0.4 1.1
v -1 0 1.1
v -1 0.1 1.1
v -1 0.3 1.1
v -1 0.4 1.1
v -1 1 1.1
v -1 1.1 1.1
v -1 1.3 1.1
v -1 1.4 1.1
v -1 1.8 1.1
v -1 1.9 1.1
v -1 2.1 1.1
v -1 2.2 1.1
v -1 2.3 1.1
v -0.9 -0.8 1.1
v -0.9 -0.7 1.1
v -0.9 -0.6 1.1
v -0.9 -0.5 1.1
v -0.9 -0.4 1.1
v -0.9 1.8 1.1
v -0.9 1.9 1.1
v -0.9 2.1 1.1
v -0.9 2.2 1.1
v -0.9 2.3 1.1
v 0.9 -0.8 1.1
v 0.9 -0.7 1.1
v 0.9 -0.6 1.1
v 0.9 -0.5 1.1
v 0.9 -0.4 1.1
v 0.9 1.8 1.1
v 0.9 1.9 1.1
v 0.9 2.1 1.1
v 0.9 2.2 1.1
v 0.9 2.3 1.1
v 1 -0.8 1.1
v 1 -0.7 1.1
v 1 -0.6 1.1
v 1 -0.5 1.1
v 1 -0.4 1.1
v 1 0 1.1
v 1 0.1 1.1
v 1 0.3 1.1
v 1 0.4 1.1
v 1 1 1.1
v 1 1.1 1.1
v 1 1.3 1.1
v 1 1.4 1.1
v 1 1.8 1.1
v 1 1.9 1.1
v 1 2.1 1.1
v 1 2.2 1.1
v 1 2.3 1.1
v 1.1 0 1.1
v 1.1 0.1 1.1
v 1.1 0.3 1.1
v 1.1 0.4 1.1
v 1.1 1 1.1
v 1.1 1.1 1.1
v 1.1 1.2 1.1
v 1.1 1.3 1.1
v 1.1 1.4 1.1
v 1.2 0.1 1.1
v 1.2 0.3 1.1
v 1.2 1.1 1.1
v 1.2 1.2 1.1
v 1.2 1.3 1.1
v -1.3 0.1 1
v -1.3 0.3 1
v -1.3 1.1 1
v -1.3 1.2 1
v -1.3 1.3 1
v -1.2 -0.4 1
v -1.2 0 1
v -1.2 0.1 1
v -1.2 0.3 1
v -1.2 1.1 1
v -1.2 1.2 1
v -1.2 1.3 1
v -1.2 1.8 1
v -1.1 -0.8 1
v -1.1 -0.7 1
v -1.1 -0.6 1
v -1.1 -0.5 1
v -1.1 -0.4 1
v -1.1 0 1
v -1.1 0.1 1
v -1.1 0.3 1
v -1.1 0.4 1
v -1.1 1 1
v -1.1 1.1 1
v -1.1 1.3 1
v -1.1 1.4 1
v -1.1 1.8 1
v -1.1 1.9 1
v -1.1 2.1 1
v -1.1 2.2 1
v -1.1 2.3 1
v -1 -0.8 1
v -1 -0.7 1
v -1 -0.6 1
v -1 -0.5 1
v -1 0 1
v -1 0.4 1
v -1 1 1
v -1 1.4 1
v -1 1.8 1
v -1 1.9 1
v -1 2.1 1
v -1 2.2 1
v -1 2.3 1
v -0.9 -0.6 1
v -0.9 1.9 1
v -0.9 2.1 1
v -0.8 -0.6 1
v -0.8 -0.5 1
v -0.8 1.9 1
v -0.8 2.1 1
v 0.8 -0.6 1
v 0.8 -0.5 1
v 0.8 1.9 1
v 0.8 2.1 1
v 0.9 -0.6 1
v 0.9 1.9 1
v 0.9 2.1 1
v 1 -0.8 1
v 1 -0.7 1
v 1 -0.6 1
v 1 -0.5 1
v 1 0 1
v 1 0.4 1
v 1 1 1
v 1 1.4 1
v 1 1.8 1
v 1 1.9 1
v 1 2.1 1
v 1 2.2 1
v 1 2.3 1
v 1.1 -0.8 1
v 1.1 -0.7 1
v 1.1 -0.6 1
v 1.1 -0.5 1
v 1.1 -0.4 1
v 1.1 0 1
v 1.1 0.1 1
v 1.1 0.3 1
v 1.1 0.4 1
v 1.1 1 1
v 1.1 1.1 1
v 1.1 1.3 1
v 1.1 1.4 1
v 1.1 1.8 1
v 1.1 1.9 1
v 1.1 2.1 1
v 1.1 2.2 1
v 1.1 2.3 1
v 1.2 -0.4 1
v 1.2 0 1
v 1.2 0.1 1
v 1.2 0.3 1
v 1.2 1.1 1
v 1.2 1.2 1
v 1.2 1.3 1
v 1.2 1.8 1
v 1.3 0.1 1
v 1.3 0.3 1
v 1.3 1.1 1
v 1.3 1.2 1
v 1.3 1.3 1
v -1.4 0.1 0.9
v -1.4 0.3 0.9
v -1.4 1.1 0.9
v -1.4 1.2 0.9
v -1.4 1.3 0.9
v -1.3 0 0.9
v -1.3 0.1 0.9
v -1.3 0.3 0.9
v -1.3 0.4 0.9
v -1.3 1 0.9
v -1.3 1.1 0.9
v -1.3 1.2 0.9
v -1.3 1.3 0.9
v -1.3 1.4 0.9
v -1.2 -0.8 0.9
v -1.2 -0.7 0.9
v -1.2 -0.6 0.9
v -1.2 -0.5 0.9
v -1.2 -0.4 0.9
v -1.2 0 0.9
v -1.2 0.1 0.9
v -1.2 0.3 0.9
v -1.2 0.4 0.9
v -1.2 1 0.9
v -1.2 1.1 0.9
v -1.2 1.3 0.9
v -1.2 1.4 0.9
v -1.2 1.8 0.9
v -1.2 1.9 0.9
v -1.2 2.1 0.9
v -1.2 2.2 0.9
v -1.2 2.3 0.9
v -1.1 -0.8 0.9
v -1.1 -0.7 0.9
v -1.1 -0.6 0.9
v -1.1 -0.5 0.9
v -1.1 -0.4 0.9
v -1.1 1.8 0.9
v -1.1 1.9 0.9
v -1.1 2.1 0.9
v -1.1 2.2 0.9
v -1.1 2.3 0.9
v -0.1 2.2 0.9
v -0.1 2.3 0.9
v 0 2.2 0.9
v 0.1 2.2 0.9
v 0.2 2.2 0.9
v 0.2 2.3 0.9
v 1.1 -0.8 0.9
v 1.1 -0.7 0.9
v 1.1 -0.6 0.9
v 1.1 -0.5 0.9
v 1.1 -0.4 0.9
v 1.1 1.8 0.9
v 1.1 1.9 0.9
v 1.1 2.1 0.9
v 1.1 2.2 0.9
v 1.1 2.3 0.9
v 1.2 -0.8 0.9
v 1.2 -0.7 0.9
v 1.2 -0.6 0.9
v 1.2 -0.5 0.9
v 1.2 -0.4 0.9
v 1.2 0 0.9
v 1.2 0.1 0.9
v 1.2 0.3 0.9
v 1.2 0.4 0.9
v 1.2 1 0.9
v 1.2 1.1 0.9
v 1.2 1.3 0.9
v 1.2 1.4 0.9
v 1.2 1.8 0.9
v 1.2 1.9 0.9
v 1.2 2.1 0.9
v 1.2 2.2 0.9
v 1.2 2.3 0.9
v 1.3 0 0.9
v 1.3 0.1 0.9
v 1.3 0.3 0.9
v 1.3 0.4 0.9
v 1.3 1 0.9
v 1.3 1.1 0.9
v 1.3 1.2 0.9
v 1.3 1.3 0.9
v 1.3 1.4 0.9
v 1.4 0.1 0.9
v 1.4 0.3 0.9
v 1.4 1.1 0.9
v 1.4 1.2 0.9
v 1.4 1.3 0.9
v -1.5 0.1 0.8
v -1.5 0.3 0.8
v -1.5 1.1 0.8
v -1.5 1.2 0.8
v -1.5 1.3 0.8
v -1.4 -0.2 0.8
v -1.4 0.1 0.8
v -1.4 0.3 0.8
v -1.4 0.5 0.8
v -1.4 0.6 0.8
v -1.4 1.1 0.8
v -1.4 1.2 0.8
v -1.4 1.3 0.8
v -1.4 1.6 0.8
v -1.3 -0.8 0.8
v -1.3 -0.7 0.8
v -1.3 -0.6 0.8
v -1.3 -0.3 0.8
v -1.3 -0.2 0.8
v -1.3 0 0.8
v -1.3 0.1 0.8
v -1.3 0.3 0.8
v -1.3 0.4 0.8
v -1.3 0.5 0.8
v -1.3 0.6 0.8
v -1.3 1 0.8
v -1.3 1.1 0.8
v -1.3 1.3 0.8
v -1.3 1.4 0.8
v -1.3 1.6 0.8
v -1.3 1.7 0.8
v -1.3 2.1 0.8
v -1.3 2.2 0.8
v -1.3 2.3 0.8
v -1.2 -0.8 0.8
v -1.2 -0.7 0.8
v -1.2 -0.6 0.8
v -1.2 -0.5 0.8
v -1.2 -0.3 0.8
v -1.2 -0.2 0.8
v -1.2 -0.1 0.8
v -1.2 0 0.8
v -1.2 0.4 0.8
v -1.2 1 0.8
v -1.2 1.4 0.8
v -1.2 1.7 0.8
v -1.2 1.9 0.8
v -1.2 2.1 0.8
v -1.2 2.2 0.8
v -1.2 2.3 0.8
v -1.1 -0.6 0.8
v -1.1 -0.5 0.8
v -1.1 1.9 0.8
v -1.1 2.1 0.8
v -1 -0.6 0.8
v -1 -0.5 0.8
v -1 1.9 0.8
v -1 2.1 0.8
v -0.2 2.2 0.8
v -0.2 2.3 0.8
v -0.1 2.2 0.8
v -0.1 2.3 0.8
v 0.2 2.2 0.8
v 0.2 2.3 0.8
v 0.3 2.2 0.8
v 0.3 2.3 0.8
v 1 -0.6 0.8
v 1 -0.5 0.8
v 1 1.9 0.8
v 1 2.1 0.8
v 1.1 -0.6 0.8
v 1.1 -0.5 0.8
v 1.1 1.9 0.8
v 1.1 2.1 0.8
v 1.2 -0.8 0.8
v 1.2 -0.7 0.8
v 1.2 -0.6 0.8
v 1.2 -0.5 0.8
v 1.2 -0.3 0.8
v 1.2 -0.2 0.8
v 1.2 -0.1 0.8
v 1.2 0 0.8
v 1.2 0.4 0.8
v 1.2 1 0.8
v 1.2 1.4 0.8
v 1.2 1.7 0.8
v 1.2 1.9 0.8
v 1.2 2.1 0.8
v 1.2 2.2 0.8
v 1.2 2.3 0.8
v 1.3 -0.8 0.8
v 1.3 -0.7 0.8
v 1.3 -0.6 0.8
v 1.3 -0.3 0.8
v 1.3 -0.2 0.8
v 1.3 0 0.8
v 1.3 0.1 0.8
v 1.3 0.3 0.8
v 1.3 0.4 0.8
v 1.3 0.5 0.8
v 1.3 0.6 0.8
v 1.3 1 0.8
v 1.3 1.1 0.8
v 1.3 1.3 0.8
v 1.3 1.4 0.8
v 1.3 1.6 0.8
v 1.3 1.7 0.8
v 1.3 2.1 0.8
v 1.3 2.2 0.8
v 1.3 2.3 0.8
v 1.4 -0.2 0.8
v 1.4 0.1 0.8
v 1.4 0.3 0.8
v 1.4 0.5 0.8
v 1.4 0.6 0.8
v 1.4 1.1 0.8
v 1.4 1.2 0.8
v 1.4 1.3 0.8
v 1.4 1.6 0.8
v 1.5 0.1 0.8
v 1.5 0.3 0.8
v 1.5 1.1 0.8
v 1.5 1.2 0.8
v 1.5 1.3 0.8
v -1.6 0.1 0.7
v -1.6 0.2 0.7
v -1.6 0.3 0.7
v -1.6 1.1 0.7
v -1.6 1.2 0.7
v -1.6 1.3 0.7
v -1.5 0 0.7
v -1.5 0.1 0.7
v -1.5 0.2 0.7
v -1.5 0.3 0.7
v -1.5 0.4 0.7
v -1.5 1 0.7
v -1.5 1.1 0.7
v -1.5 1.2 0.7
v -1.5 1.3 0.7
v -1.5 1.4 0.7
v -1.4 -0.8 0.7
v -1.4 -0.7 0.7
v -1.4 -0.6 0.7
v -1.4 -0.3 0.7
v -1.4 -0.2 0.7
v -1.4 0 0.7
v -1.4 0.1 0.7
v -1.4 0.3 0.7
v -1.4 0.4 0.7
v -1.4 1 0.7
v -1.4 1.1 0.7
v -1.4 1.3 0.7
v -1.4 1.4 0.7
v -1.4 1.6 0.7
v -1.4 1.7 0.7
v -1.4 2.1 0.7
v -1.4 2.2 0.7
v -1.4 2.3 0.7
v -1.3 -0.8 0.7
v -1.3 -0.7 0.7
v -1.3 -0.6 0.7
v -1.3 -0.3 0.7
v -1.3 -0.2 0.7
v -1.3 1.6 0.7
v -1.3 1.7 0.7
v -1.3 2.1 0.7
v -1.3 2.2 0.7
v -1.3 2.3 0.7
v 1.3 -0.8 0.7
v 1.3 -0.7 0.7
v 1.3 -0.6 0.7
v 1.3 -0.3 0.7
v 1.3 -0.2 0.7
v 1.3 1.6 0.7
v 1.3 1.7 0.7
v 1.3 2.1 0.7
v 1.3 2.2 0.7
v 1.3 2.3 0.7
v 1.4 -0.8 0.7
v 1.4 -0.7 0.7
v 1.4 -0.6 0.7
v 1.4 -0.3 0.7
v 1.4 -0.2 0.7
v 1.4 0 0.7
v 1.4 0.1 0.7
v 1.4 0.3 0.7
v 1.4 0.4 0.7
v 1.4 1 0.7
v 1.4 1.1 0.7
v 1.4 1.3 0.7
v 1.4 1.4 0.7
v 1.4 1.6 0.7
v 1.4 1.7 0.7
v 1.4 2.1 0.7
v 1.4 2.2 0.7
v 1.4 2.3 0.7
v 1.5 0 0.7
v 1.5 0.1 0.7
v 1.5 0.2 0.7
v 1.5 0.3 0.7
v 1.5 0.4 0.7
v 1.5 1 0.7
v 1.5 1.1 0.7
v 1.5 1.2 0.7
v 1.5 1.3 0.7
v 1.5 1.4 0.7
v 1.6 0.1 0.7
v 1.6 0.2 0.7
v 1.6 0.3 0.7
v 1.6 1.1 0.7
v 1.6 1.2 0.7
v 1.6 1.3 0.7
v -1.5 -0.8 0.6
v -1.5 -0.7 0.6
v -1.5 -0.6 0.6
v -1.5 -0.1 0.6
v -1.5 0 0.6
v -1.5 0.4 0.6
v -1.5 0.5 0.6
v -1.5 0.6 0.6
v -1.5 0.8 0.6
v -1.5 0.9 0.6
v -1.5 1 0.6
v -1.5 1.4 0.6
v -1.5 1.5 0.6
v -1.5 2.1 0.6
v -1.5 2.2 0.6
v -1.5 2.3 0.6
v -1.4 -0.8 0.6
v -1.4 -0.7 0.6
v -1.4 -0.6 0.6
v -1.4 -0.3 0.6
v -1.4 -0.1 0.6
v -1.4 0 0.6
v -1.4 0.4 0.6
v -1.4 0.5 0.6
v -1.4 0.6 0.6
v -1.4 0.8 0.6
v -1.4 0.9 0.6
v -1.4 1 0.6
v -1.4 1.4 0.6
v -1.4 1.5 0.6
v -1.4 1.7 0.6
v -1.4 2.1 0.6
v -1.4 2.2 0.6
v -1.4 2.3 0.6
v -1.3 -0.6 0.6
v -1.3 -0.3 0.6
v -1.3 1.7 0.6
v -1.3 2.1 0.6
v -1.2 -0.6 0.6
v -1.2 -0.3 0.6
v -1.2 1.7 0.6
v -1.2 2.1 0.6
v -0.1 2.2 0.6
v -0.1 2.3 0.6
v 0 2.2 0.6
v 0 2.3 0.6
v 0.1 2.2 0.6
v 0.1 2.3 0.6
v 0.2 2.2 0.6
v 0.2 2.3 0.6
v 1.2 -0.6 0.6
v 1.2 -0.3 0.6
v 1.2 1.7 0.6
v 1.2 2.1 0.6
v 1.3 -0.6 0.6
v 1.3 -0.3 0.6
v 1.3 1.7 0.6
v 1.3 2.1 0.6
v 1.4 -0.8 0.6
v 1.4 -0.7 0.6
v 1.4 -0.6 0.6
v 1.4 -0.3 0.6
v 1.4 -0.1 0.6
v 1.4 0 0.6
v 1.4 0.4 0.6
v 1.4 0.5 0.6
v 1.4 0.6 0.6
v 1.4 0.8 0.6
v 1.4 0.9 0.6
v 1.4 1 0.6
v 1.4 1.4 0.6
v 1.4 1.5 0.6
v 1.4 1.7 0.6
v 1.4 2.1 0.6
v 1.4 2.2 0.6
v 1.4 2.3 0.6
v 1.5 -0.8 0.6
v 1.5 -0.7 0.6
v 1.5 -0.6 0.6
v 1.5 -0.1 0.6
v 1.5 0 0.6
v 1.5 0.4 0.6
v 1.5 0.5 0.6
v 1.5 0.6 0.6
v 1.5 0.8 0.6
v 1.5 0.9 0.6
v 1.5 1 0.6
v 1.5 1.4 0.6
v 1.5 1.5 0.6
v 1.5 2.1 0.6
v 1.5 2.2 0.6
v 1.5 2.3 0.6
v 0 2.2 0.5
v 0 2.3 0.5
v 0.1 2.2 0.5
v 0.1 2.3 0.5
v -1.5 -0.4 0.4
v -1.5 -0.1 0.4
v -1.5 1.5 0.4
v -1.5 1.8 0.4
v -1.4 -0.4 0.4
v -1.4 -0.1 0.4
v -1.4 1.5 0.4
v -1.4 1.6 0.4
v -1.4 1.8 0.4
v 1.4 -0.4 0.4
v 1.4 -0.1 0.4
v 1.4 1.5 0.4
v 1.4 1.6 0.4
v 1.4 1.8 0.4
v 1.5 -0.4 0.4
v 1.5 -0.1 0.4
v 1.5 1.5 0.4
v 1.5 1.8 0.4
v -1.5 -0.5 0.3
v -1.5 -0.4 0.3
v -1.5 1.8 0.3
v -1.5 1.9 0.3
v -1.4 -0.5 0.3
v -1.4 -0.4 0.3
v -1.4 1.8 0.3
v -1.4 1.9 0.3
v 1.4 -0.5 0.3
v 1.4 -0.4 0.3
v 1.4 1.8 0.3
v 1.4 1.9 0.3
v 1.5 -0.5 0.3
v 1.5 -0.4 0.3
v 1.5 1.8 0.3
v 1.5 1.9 0.3
v -1.4 -0.8 -0.5
v -1.4 -0.7 -0.5
v -1.4 2.2 -0.5
v -1.4 2.3 -0.5
v -1.3 -0.8 -0.5
v -1.3 -0.7 -0.5
v -1.3 2.2 -0.5
v -1.3 2.3 -0.5
v 1.3 -0.8 -0.5
v 1.3 -0.7 -0.5
v 1.3 2.2 -0.5
v 1.3 2.3 -0.5
v 1.4 -0.8 -0.5
v 1.4 -0.7 -0.5
v 1.4 2.2 -0.5
v 1.4 2.3 -0.5
v -1.3 -0.8 -0.6
v -1.3 -0.7 -0.6
v -1.3 2.2 -0.6
v -1.3 2.3 -0.6
v -1.2 -0.8 -0.6
v -1.2 -0.7 -0.6
v -1.2 2.2 -0.6
v -1.2 2.3 -0.6
v 1.2 -0.8 -0.6
v 1.2 -0.7 -0.6
v 1.2 2.2 -0.6
v 1.2 2.3 -0.6
v 1.3 -0.8 -0.6
v 1.3 -0.7 -0.6
v 1.3 2.2 -0.6
v 1.3 2.3 -0.6
v -1.2 -0.8 -0.7
v -1.2 -0.7 -0.7
v -1.2 2.2 -0.7
v -1.2 2.3 -0.7
v -1.1 -0.8 -0.7
v -1.1 -0.7 -0.7
v -1.1 2.2 -0.7
v -1.1 2.3 -0.7
v 1.1 -0.8 -0.7
v 1.1 -0.7 -0.7
v 1.1 2.2 -0.7
v 1.1 2.3 -0.7
v 1.2 -0.8 -0.7
v 1.2 -0.7 -0.7
v 1.2 2.2 -0.7
v 1.2 2.3 -0.7
v -1.1 -0.8 -0.8
v -1.1 -0.7 -0.8
v -1.1 2.2 -0.8
v -1.1 2.3 -0.8
v -1 -0.8 -0.8
v -1 -0.7 -0.8
v -1 2.2 -0.8
v -1 2.3 -0.8
v 1 -0.8 -0.8
v 1 -0.7 -0.8
v 1 2.2 -0.8
v 1 2.3 -0.8
v 1.1 -0.8 -0.8
v 1.1 -0.7 -0.8
v 1.1 2.2 -0.8
v 1.1 2.3 -0.8
v -1 -0.8 -0.9
v -1 -0.7 -0.9
v -1 2.2 -0.9
v -1 2.3 -0.9
v -0.9 -0.8 -0.9
v -0.9 -0.7 -0.9
v -0.9 2.2 -0.9
v -0.9 2.3 -0.9
v 0.9 -0.8 -0.9
v 0.9 -0.7 -0.9
v 0.9 2.2 -0.9
v 0.9 2.3 -0.9
v 1 -0.8 -0.9
v 1 -0.7 -0.9
v 1 2.2 -0.9
v 1 2.3 -0.9
v -0.9 -0.8 -1
v -0.9 -0.7 -1
v -0.9 2.2 -1
v -0.9 2.3 -1
v -0.8 -0.8 -1
v -0.8 -0.7 -1
v -0.8 2.2 -1
v -0.8 2.3 -1
v 0.8 -0.8 -1
v 0.8 -0.7 -1
v 0.8 2.2 -1
v 0.8 2.3 -1
v 0.9 -0.8 -1
v 0.9 -0.7 -1
v 0.9 2.2 -1
v 0.9 2.3 -1
v -0.8 -0.8 -1.1
v -0.8 -0.7 -1.1
v -0.8 2.2 -1.1
v -0.8 2.3 -1.1
v -0.7 -0.8 -1.1
v -0.7 -0.7 -1.1
v -0.7 2.2 -1.1
v -0.7 2.3 -1.1
v 0.7 -0.8 -1.1
v 0.7 -0.7 -1.1
v 0.7 2.2 -1.1
v 0.7 2.3 -1.1
v 0.8 -0.8 -1.1
v 0.8 -0.7 -1.1
v 0.8 2.2 -1.1
v 0.8 2.3 -1.1
v -0.7 -0.8 -1.2
v -0.7 -0.7 -1.2
v -0.7 2.2 -1.2
v -0.7 2.3 -1.2
v -0.6 -0.8 -1.2
v -0.6 -0.7 -1.2
v -0.6 2.2 -1.2
v -0.6 2.3 -1.2
v 0.6 -0.8 -1.2
v 0.6 -0.7 -1.2
v 0.6 2.2 -1.2
v 0.6 2.3 -1.2
v 0.7 -0.8 -1.2
v 0.7 -0.7 -1.2
v 0.7 2.2 -1.2
v 0.7 2.3 -1.2
v -0.6 -0.8 -1.3
v -0.6 -0.7 -1.3
v -0.6 2.2 -1.3
v -0.6 2.3 -1.3
v -0.5 -0.8 -1.3
v -0.5 -0.7 -1.3
v -0.5 2.2 -1.3
v -0.5 2.3 -1.3
v 0.5 -0.8 -1.3
v 0.5 -0.7 -1.3
v 0.5 2.2 -1.3
v 0.5 2.3 -1.3
v 0.6 -0.8 -1.3
v 0.6 -0.7 -1.3
v 0.6 2.2 -1.3
v 0.6 2.3 -1.3
v -0.5 -0.8 -1.4
v -0.5 -0.7 -1.4
v -0.5 2.2 -1.4
v -0.5 2.3 -1.4
v -0.4 -0.7 -1.4
v -0.4 2.2 -1.4
v -0.1 -0.7 -1.4
v -0.1 2.2 -1.4
v 0 -0.7 -1.4
v 0 2.2 -1.4
v 0.1 -0.7 -1.4
v 0.1 2.2 -1.4
v 0.4 -0.7 -1.4
v 0.4 2.2 -1.4
v 0.5 -0.8 -1.4
v 0.5 -0.7 -1.4
v 0.5 2.2 -1.4
v 0.5 2.3 -1.4
v -0.5 -0.8 1.4
v -0.5 -0.7 1.4
v -0.5 2.2 1.4
v -0.5 2.3 1.4
v -0.4 -0.7 1.4
v -0.4 2.2 1.4
v -0.1 -0.7 1.4
v -0.1 2.2 1.4
v 0 -0.7 1.4
v 0 2.2 1.4
v 0.1 -0.7 1.4
v 0.1 2.2 1.4
v 0.4 -0.7 1.4
v 0.4 2.2 1.4
v 0.5 -0.8 1.4
v 0.5 -0.7 1.4
v 0.5 2.2 1.4
v 0.5 2.3 1.4
v -0.6 -0.8 1.3
v -0.6 -0.7 1.3
v -0.6 2.2 1.3
v -0.6 2.3 1.3
v -0.5 -0.8 1.3
v -0.5 -0.7 1.3
v -0.5 2.2 1.3
v -0.5 2.3 1.3
v 0.5 -0.8 1.3
v 0.5 -0.7 1.3
v 0.5 2.2 1.3
v 0.5 2.3 1.3
v 0.6 -0.8 1.3
v 0.6 -0.7 1.3
v 0.6 2.2 1.3
v 0.6 2.3 1.3
v -0.8 -0.8 1.2
v -0.8 -0.7 1.2
v -0.7 -0.7 1.2
v -0.7 2.2 1.2
v -0.7 2.3 1.2
v -0.6 -0.8 1.2
v -0.6 -0.7 1.2
v -0.6 2.2 1.2
v -0.6 2.3 1.2
v 0.6 -0.8 1.2
v 0.6 -0.7 1.2
v 0.6 2.2 1.2
v 0.6 2.3 1.2
v 0.7 2.2 1.2
v 0.7 2.3 1.2
v 0.8 -0.8 1.2
v 0.8 -0.7 1.2
v -0.8 2.2 1.1
v -0.8 2.3 1.1
v -0.7 2.2 1.1
v -0.7 2.3 1.1
v 0.7 2.2 1.1
v 0.7 2.3 1.1
v 0.8 2.2 1.1
v 0.8 2.3 1.1
v -0.9 -0.8 1
v -0.9 -0.7 1
v -0.9 2.2 1
v -0.9 2.3 1
v -0.8 -0.8 1
v -0.8 -0.7 1
v -0.8 2.2 1
v -0.8 2.3 1
v 0.8 -0.8 1
v 0.8 -0.7 1
v 0.8 2.2 1
v 0.8 2.3 1
v 0.9 -0.8 1
v 0.9 -0.7 1
v 0.9 2.2 1
v 0.9 2.3 1
v -1 -0.8 0.9
v -1 -0.7 0.9
v -1 2.2 0.9
v -1 2.3 0.9
v -0.9 -0.8 0.9
v -0.9 -0.7 0.9
v -0.9 2.2 0.9
v -0.9 2.3 0.9
v 0.9 -0.8 0.9
v 0.9 -0.7 0.9
v 0.9 2.2 0.9
v 0.9 2.3 0.9
v 1 -0.8 0.9
v 1 -0.7 0.9
v 1 2.2 0.9
v 1 2.3 0.9
v -1.1 -0.8 0.8
v -1.1 -0.7 0.8
v -1.1 2.2 0.8
v -1.1 2.3 0.8
v -1 -0.8 0.8
v -1 -0.7 0.8
v -1 2.2 0.8
v -1 2.3 0.8
v 0 2.2 0.8
v 0 2.3 0.8
v 0.1 2.2 0.8
v 0.1 2.3 0.8
v 1 -0.8 0.8
v 1 -0.7 0.8
v 1 2.2 0.8
v 1 2.3 0.8
v 1.1 -0.8 0.8
v 1.1 -0.7 0.8
v 1.1 2.2 0.8
v 1.1 2.3 0.8
v -1.2 -0.8 0.7
v -1.2 -0.7 0.7
v -1.2 2.2 0.7
v -1.2 2.3 0.7
v -1.1 -0.8 0.7
v -1.1 -0.7 0.7
v -1.1 2.2 0.7
v -1.1 2.3 0.7
v -0.1 2.2 0.7
v -0.1 2.3 0.7
v 0 2.2 0.7
v 0 2.3 0.7
v 0.1 2.2 0.7
v 0.1 2.3 0.7
v 0.2 2.2 0.7
v 0.2 2.3 0.7
v 1.1 -0.8 0.7
v 1.1 -0.7 0.7
v 1.1 2.2 0.7
v 1.1 2.3 0.7
v 1.2 -0.8 0.7
v 1.2 -0.7 0.7
v 1.2 2.2 0.7
v 1.2 2.3 0.7
v -1.4 -0.8 0.6
v -1.4 -0.7 0.6
v -1.3 -0.7 0.6
v -1.3 2.2 0.6
v -1.3 2.3 0.6
v -1.2 -0.8 0.6
v -1.2 -0.7 0.6
v -1.2 2.2 0.6
v -1.2 2.3 0.6
v 1.2 -0.8 0.6
v 1.2 -0.7 0.6
v 1.2 2.2 0.6
v 1.2 2.3 0.6
v 1.3 2.2 0.6
v 1.3 2.3 0.6
v 1.4 -0.8 0.6
v 1.4 -0.7 0.6
v -1.4 2.2 0.5
v -1.4 2.3 0.5
v -1.3 2.2 0.5
v -1.3 2.3 0.5
v -0.2 2.2 0.5
v -0.2 2.3 0.5
v -0.1 2.2 0.5
v -0.1 2.3 0.5
v 0.2 2.2 0.5
v 0.2 2.3 0.5
v 0.3 2.2 0.5
v 0.3 2.3 0.5
v 1.3 2.2 0.5
v 1.3 2.3 0.5
v 1.4 2.2 0.5
v 1.4 2.3 0.5
v -0.1 2.2 0.4
v -0.1 2.3 0.4
v 0 2.2 0.4
v 0.1 2.2 0.4
v 0.2 2.2 0.4
v 0.2 2.3 0.4
v -1.5 -0.5 -0.3
v -1.5 -0.4 -0.3
v -1.5 1.8 -0.3
v -1.5 1.9 -0.3
v -1.4 -0.5 -0.3
v -1.4 -0.4 -0.3
v -1.4 1.8 -0.3
v -1.4 1.9 -0.3
v 1.4 -0.5 -0.3
v 1.4 -0.4 -0.3
v 1.4 1.8 -0.3
v 1.4 1.9 -0.3
v 1.5 -0.5 -0.3
v 1.5 -0.4 -0.3
v 1.5 1.8 -0.3
v 1.5 1.9 -0.3
v -1.5 -0.4 -0.4
v -1.5 -0.1 -0.4
v -1.5 1.5 -0.4
v -1.5 1.6 -0.4
v -1.5 1.7 -0.4
v -1.5 1.8 -0.4
v -1.4 -0.4 -0.4
v -1.4 -0.1 -0.4
v -1.4 1.5 -0.4
v -1.4 1.6 -0.4
v -1.4 1.7 -0.4
v -1.4 1.8 -0.4
v 1.4 -0.4 -0.4
v 1.4 -0.1 -0.4
v 1.4 1.5 -0.4
v 1.4 1.6 -0.4
v 1.4 1.7 -0.4
v 1.4 1.8 -0.4
v 1.5 -0.4 -0.4
v 1.5 -0.1 -0.4
v 1.5 1.5 -0.4
v 1.5 1.6 -0.4
v 1.5 1.7 -0.4
v 1.5 1.8 -0.4
v -1.5 -0.8 -0.6
v -1.5 -0.7 -0.6
v -1.5 -0.6 -0.6
v -1.5 -0.1 -0.6
v -1.5 0 -0.6
v -1.5 0.4 -0.6
v -1.5 1 -0.6
v -1.5 1.4 -0.6
v -1.5 1.5 -0.6
v -1.5 2.1 -0.6
v -1.5 2.2 -0.6
v -1.5 2.3 -0.6
v -1.4 -0.8 -0.6
v -1.4 -0.7 -0.6
v -1.4 -0.6 -0.6
v -1.4 -0.3 -0.6
v -1.4 -0.1 -0.6
v -1.4 0 -0.6
v -1.4 0.4 -0.6
v -1.4 1 -0.6
v -1.4 1.4 -0.6
v -1.4 1.5 -0.6
v -1.4 1.7 -0.6
v -1.4 2.1 -0.6
v -1.4 2.2 -0.6
v -1.4 2.3 -0.6
v -1.3 -0.6 -0.6
v -1.3 -0.3 -0.6
v -1.3 1.7 -0.6
v -1.3 2.1 -0.6
v -1.2 -0.6 -0.6
v -1.2 -0.3 -0.6
v -1.2 1.7 -0.6
v -1.2 2.1 -0.6
v 1.2 -0.6 -0.6
v 1.2 -0.3 -0.6
v 1.2 1.7 -0.6
v 1.2 2.1 -0.6
v 1.3 -0.6 -0.6
v 1.3 -0.3 -0.6
v 1.3 1.7 -0.6
v 1.3 2.1 -0.6
v 1.4 -0.8 -0.6
v 1.4 -0.7 -0.6
v 1.4 -0.6 -0.6
v 1.4 -0.3 -0.6
v 1.4 -0.1 -0.6
v 1.4 0 -0.6
v 1.4 0.4 -0.6
v 1.4 1 -0.6
v 1.4 1.4 -0.6
v 1.4 1.5 -0.6
v 1.4 1.7 -0.6
v 1.4 2.1 -0.6
v 1.4 2.2 -0.6
v 1.4 2.3 -0.6
v 1.5 -0.8 -0.6
v 1.5 -0.7 -0.6
v 1.5 -0.6 -0.6
v 1.5 -0.1 -0.6
v 1.5 0 -0.6
v 1.5 0.4 -0.6
v 1.5 1 -0.6
v 1.5 1.4 -0.6
v 1.5 1.5 -0.6
v 1.5 2.1 -0.6
v 1.5 2.2 -0.6
v 1.5 2.3 -0.6
v -1.6 0.1 -0.7
v -1.6 0.2 -0.7
v -1.6 0.3 -0.7
v -1.6 1.1 -0.7
v -1.6 1.2 -0.7
v -1.6 1.3 -0.7
v -1.5 0 -0.7
v -1.5 0.1 -0.7
v -1.5 0.2 -0.7
v -1.5 0.3 -0.7
v -1.5 0.4 -0.7
v -1.5 1 -0.7
v -1.5 1.1 -0.7
v -1.5 1.2 -0.7
v -1.5 1.3 -0.7
v -1.5 1.4 -0.7
v -1.4 -0.8 -0.7
v -1.4 -0.7 -0.7
v -1.4 -0.6 -0.7
v -1.4 -0.3 -0.7
v -1.4 -0.2 -0.7
v -1.4 0 -0.7
v -1.4 0.1 -0.7
v -1.4 0.3 -0.7
v -1.4 0.4 -0.7
v -1.4 1 -0.7
v -1.4 1.1 -0.7
v -1.4 1.3 -0.7
v -1.4 1.4 -0.7
v -1.4 1.6 -0.7
v -1.4 1.7 -0.7
v -1.4 2.1 -0.7
v -1.4 2.2 -0.7
v -1.4 2.3 -0.7
v -1.3 -0.8 -0.7
v -1.3 -0.7 -0.7
v -1.3 -0.6 -0.7
v -1.3 -0.3 -0.7
v -1.3 -0.2 -0.7
v -1.3 1.6 -0.7
v -1.3 1.7 -0.7
v -1.3 2.1 -0.7
v -1.3 2.2 -0.7
v -1.3 2.3 -0.7
v 1.3 -0.8 -0.7
v 1.3 -0.7 -0.7
v 1.3 -0.6 -0.7
v 1.3 -0.3 -0.7
v 1.3 -0.2 -0.7
v 1.3 1.6 -0.7
v 1.3 1.7 -0.7
v 1.3 2.1 -0.7
v 1.3 2.2 -0.7
v 1.3 2.3 -0.7
v 1.4 -0.8 -0.7
v 1.4 -0.7 -0.7
v 1.4 -0.6 -0.7
v 1.4 -0.3 -0.7
v 1.4 -0.2 -0.7
v 1.4 0 -0.7
v 1.4 0.1 -0.7
v 1.4 0.3 -0.7
v 1.4 0.4 -0.7
v 1.4 1 -0.7
v 1.4 1.1 -0.7
v 1.4 1.3 -0.7
v 1.4 1.4 -0.7
v 1.4 1.6 -0.7
v 1.4 1.7 -0.7
v 1.4 2.1 -0.7
v 1.4 2.2 -0.7
v 1.4 2.3 -0.7
v 1.5 0 -0.7
v 1.5 0.1 -0.7
v 1.5 0.2 -0.7
v 1.5 0.3 -0.7
v 1.5 0.4 -0.7
v 1.5 1 -0.7
v 1.5 1.1 -0.7
v 1.5 1.2 -0.7
v 1.5 1.3 -0.7
v 1.5 1.4 -0.7
v 1.6 0.1 -0.7
v 1.6 0.2 -0.7
v 1.6 0.3 -0.7
v 1.6 1.1 -0.7
v 1.6 1.2 -0.7
v 1.6 1.3 -0.7
v -1.5 0.1 -0.8
v -1.5 0.2 -0.8
v -1.5 0.3 -0.8
v -1.5 1.1 -0.8
v -1.5 1.2 -0.8
v -1.5 1.3 -0.8
v -1.4 -0.2 -0.8
v -1.4 0.1 -0.8
v -1.4 0.2 -0.8
v -1.4 0.3 -0.8
v -1.4 0.5 -0.8
v -1.4 0.6 -0.8
v -1.4 0.7 -0.8
v -1.4 0.8 -0.8
v -1.4 1.1 -0.8
v -1.4 1.2 -0.8
v -1.4 1.3 -0.8
v -1.4 1.6 -0.8
v -1.3 -0.8 -0.8
v -1.3 -0.7 -0.8
v -1.3 -0.6 -0.8
v -1.3 -0.3 -0.8
v -1.3 -0.2 -0.8
v -1.3 0 -0.8
v -1.3 0.1 -0.8
v -1.3 0.3 -0.8
v -1.3 0.4 -0.8
v -1.3 0.5 -0.8
v -1.3 0.6 -0.8
v -1.3 0.7 -0.8
v -1.3 0.8 -0.8
v -1.3 1 -0.8
v -1.3 1.1 -0.8
v -1.3 1.3 -0.8
v -1.3 1.4 -0.8
v -1.3 1.6 -0.8
v -1.3 1.7 -0.8
v -1.3 2.1 -0.8
v -1.3 2.2 -0.8
v -1.3 2.3 -0.8
v -1.2 -0.8 -0.8
v -1.2 -0.7 -0.8
v -1.2 -0.6 -0.8
v -1.2 -0.5 -0.8
v -1.2 -0.3 -0.8
v -1.2 0 -0.8
v -1.2 0.4 -0.8
v -1.2 1 -0.8
v -1.2 1.4 -0.8
v -1.2 1.7 -0.8
v -1.2 1.9 -0.8
v -1.2 2.1 -0.8
v -1.2 2.2 -0.8
v -1.2 2.3 -0.8
v -1.1 -0.6 -0.8
v -1.1 -0.5 -0.8
v -1.1 1.9 -0.8
v -1.1 2.1 -0.8
v -1 -0.6 -0.8
v -1 -0.5 -0.8
v -1 1.9 -0.8
v -1 2.1 -0.8
v 1 -0.6 -0.8
v 1 -0.5 -0.8
v 1 1.9 -0.8
v 1 2.1 -0.8
v 1.1 -0.6 -0.8
v 1.1 -0.5 -0.8
v 1.1 1.9 -0.8
v 1.1 2.1 -0.8
v 1.2 -0.8 -0.8
v 1.2 -0.7 -0.8
v 1.2 -0.6 -0.8
v 1.2 -0.5 -0.8
v 1.2 -0.3 -0.8
v 1.2 0 -0.8
v 1.2 0.4 -0.8
v 1.2 1 -0.8
v 1.2 1.4 -0.8
v 1.2 1.7 -0.8
v 1.2 1.9 -0.8
v 1.2 2.1 -0.8
v 1.2 2.2 -0.8
v 1.2 2.3 -0.8
v 1.3 -0.8 -0.8
v 1.3 -0.7 -0.8
v 1.3 -0.6 -0.8
v 1.3 -0.3 -0.8
v 1.3 -0.2 -0.8
v 1.3 0 -0.8
v 1.3 0.1 -0.8
v 1.3 0.3 -0.8
v 1.3 0.4 -0.8
v 1.3 1 -0.8
v 1.3 1.1 -0.8
v 1.3 1.3 -0.8
v 1.3 1.4 -0.8
v 1.3 1.6 -0.8
v 1.3 1.7 -0.8
v 1.3 2.1 -0.8
v 1.3 2.2 -0.8
v 1.3 2.3 -0.8
v 1.4 -0.2 -0.8
v 1.4 0.1 -0.8
v 1.4 0.2 -0.8
v 1.4 0.3 -0.8
v 1.4 1.1 -0.8
v 1.4 1.2 -0.8
v 1.4 1.3 -0.8
v 1.4 1.6 -0.8
v 1.5 0.1 -0.8
v 1.5 0.2 -0.8
v 1.5 0.3 -0.8
v 1.5 1.1 -0.8
v 1.5 1.2 -0.8
v 1.5 1.3 -0.8
v -1.4 0.1 -0.9
v -1.4 0.2 -0.9
v -1.4 0.3 -0.9
v -1.4 1.1 -0.9
v -1.4 1.2 -0.9
v -1.4 1.3 -0.9
v -1.3 0 -0.9
v -1.3 0.1 -0.9
v -1.3 0.2 -0.9
v -1.3 0.3 -0.9
v -1.3 0.4 -0.9
v -1.3 1 -0.9
v -1.3 1.1 -0.9
v -1.3 1.2 -0.9
v -1.3 1.3 -0.9
v -1.3 1.4 -0.9
v -1.2 -0.8 -0.9
v -1.2 -0.7 -0.9
v -1.2 -0.6 -0.9
v -1.2 -0.5 -0.9
v -1.2 -0.4 -0.9
v -1.2 0 -0.9
v -1.2 0.1 -0.9
v -1.2 0.3 -0.9
v -1.2 0.4 -0.9
v -1.2 1 -0.9
v -1.2 1.1 -0.9
v -1.2 1.3 -0.9
v -1.2 1.4 -0.9
v -1.2 1.8 -0.9
v -1.2 1.9 -0.9
v -1.2 2.1 -0.9
v -1.2 2.2 -0.9
v -1.2 2.3 -0.9
v -1.1 -0.8 -0.9
v -1.1 -0.7 -0.9
v -1.1 -0.6 -0.9
v -1.1 -0.5 -0.9
v -1.1 -0.4 -0.9
v -1.1 1.8 -0.9
v -1.1 1.9 -0.9
v -1.1 2.1 -0.9
v -1.1 2.2 -0.9
v -1.1 2.3 -0.9
v 1.1 -0.8 -0.9
v 1.1 -0.7 -0.9
v 1.1 -0.6 -0.9
v 1.1 -0.5 -0.9
v 1.1 -0.4 -0.9
v 1.1 1.8 -0.9
v 1.1 1.9 -0.9
v 1.1 2.1 -0.9
v 1.1 2.2 -0.9
v 1.1 2.3 -0.9
v 1.2 -0.8 -0.9
v 1.2 -0.7 -0.9
v 1.2 -0.6 -0.9
v 1.2 -0.5 -0.9
v 1.2 -0.4 -0.9
v 1.2 0 -0.9
v 1.2 0.1 -0.9
v 1.2 0.3 -0.9
v 1.2 0.4 -0.9
v 1.2 1 -0.9
v 1.2 1.1 -0.9
v 1.2 1.3 -0.9
v 1.2 1.4 -0.9
v 1.2 1.8 -0.9
v 1.2 1.9 -0.9
v 1.2 2.1 -0.9
v 1.2 2.2 -0.9
v 1.2 2.3 -0.9
v 1.3 0 -0.9
v 1.3 0.1 -0.9
v 1.3 0.2 -0.9
v 1.3 0.3 -0.9
v 1.3 0.4 -0.9
v 1.3 1 -0.9
v 1.3 1.1 -0.9
v 1.3 1.2 -0.9
v 1.3 1.3 -0.9
v 1.3 1.4 -0.9
v 1.4 0.1 -0.9
v 1.4 0.2 -0.9
v 1.4 0.3 -0.9
v 1.4 1.1 -0.9
v 1.4 1.2 -0.9
v 1.4 1.3 -0.9
v -1.3 0.1 -1
v -1.3 0.2 -1
v -1.3 0.3 -1
v -1.3 1.1 -1
v -1.3 1.2 -1
v -1.3 1.3 -1
v -1.2 -0.4 -1
v -1.2 0.1 -1
v -1.2 0.2 -1
v -1.2 0.3 -1
v -1.2 1.1 -1
v -1.2 1.2 -1
v -1.2 1.3 -1
v -1.2 1.8 -1
v -1.1 -0.8 -1
v -1.1 -0.7 -1
v -1.1 -0.6 -1
v -1.1 -0.5 -1
v -1.1 -0.4 -1
v -1.1 0 -1
v -1.1 0.1 -1
v -1.1 0.3 -1
v -1.1 0.4 -1
v -1.1 1 -1
v -1.1 1.1 -1
v -1.1 1.3 -1
v -1.1 1.4 -1
v -1.1 1.7 -1
v -1.1 1.8 -1
v -1.1 1.9 -1
v -1.1 2.1 -1
v -1.1 2.2 -1
v -1.1 2.3 -1
v -1 -0.8 -1
v -1 -0.7 -1
v -1 -0.6 -1
v -1 -0.5 -1
v -1 -0.4 -1
v -1 0 -1
v -1 0.4 -1
v -1 1 -1
v -1 1.4 -1
v -1 1.7 -1
v -1 1.9 -1
v -1 2.1 -1
v -1 2.2 -1
v -1 2.3 -1
v -0.9 -0.6 -1
v -0.9 -0.5 -1
v -0.9 1.9 -1
v -0.9 2.1 -1
v -0.8 -0.6 -1
v -0.8 -0.5 -1
v -0.8 1.9 -1
v -0.8 2.1 -1
v 0.8 -0.6 -1
v 0.8 -0.5 -1
v 0.8 1.9 -1
v 0.8 2.1 -1
v 0.9 -0.6 -1
v 0.9 -0.5 -1
v 0.9 1.9 -1
v 0.9 2.1 -1
v 1 -0.8 -1
v 1 -0.7 -1
v 1 -0.6 -1
v 1 -0.5 -1
v 1 -0.4 -1
v 1 0 -1
v 1 0.4 -1
v 1 1 -1
v 1 1.4 -1
v 1 1.7 -1
v 1 1.9 -1
v 1 2.1 -1
v 1 2.2 -1
v 1 2.3 -1
v 1.1 -0.8 -1
v 1.1 -0.7 -1
v 1.1 -0.6 -1
v 1.1 -0.5 -1
v 1.1 -0.4 -1
v 1.1 0 -1
v 1.1 0.1 -1
v 1.1 0.3 -1
v 1.1 0.4 -1
v 1.1 1 -1
v 1.1 1.1 -1
v 1.1 1.3 -1
v 1.1 1.4 -1
v 1.1 1.7 -1
v 1.1 1.8 -1
v 1.1 1.9 -1
v 1.1 2.1 -1
v 1.1 2.2 -1
v 1.1 2.3 -1
v 1.2 -0.4 -1
v 1.2 0.1 -1
v 1.2 0.2 -1
v 1.2 0.3 -1
v 1.2 1.1 -1
v 1.2 1.2 -1
v 1.2 1.3 -1
v 1.2 1.8 -1
v 1.3 0.1 -1
v 1.3 0.2 -1
v 1.3 0.3 -1
v 1.3 1.1 -1
v 1.3 1.2 -1
v 1.3 1.3 -1
v -1.2 0.1 -1.1
v -1.2 0.2 -1.1
v -1.2 0.3 -1.1
v -1.2 1.1 -1.1
v -1.2 1.2 -1.1
v -1.2 1.3 -1.1
v -1.1 0 -1.1
v -1.1 0.1 -1.1
v -1.1 0.2 -1.1
v -1.1 0.3 -1.1
v -1.1 0.4 -1.1
v -1.1 1 -1.1
v -1.1 1.1 -1.1
v -1.1 1.2 -1.1
v -1.1 1.3 -1.1
v -1.1 1.4 -1.1
v -1 -0.8 -1.1
v -1 -0.7 -1.1
v -1 -0.6 -1.1
v -1 -0.5 -1.1
v -1 -0.4 -1.1
v -1 0 -1.1
v -1 0.1 -1.1
v -1 0.3 -1.1
v -1 0.4 -1.1
v -1 1 -1.1
v -1 1.1 -1.1
v -1 1.3 -1.1
v -1 1.4 -1.1
v -1 1.8 -1.1
v -1 1.9 -1.1
v -1 2.1 -1.1
v -1 2.2 -1.1
v -1 2.3 -1.1
v -0.9 -0.8 -1.1
v -0.9 -0.7 -1.1
v -0.9 -0.6 -1.1
v -0.9 -0.5 -1.1
v -0.9 -0.4 -1.1
v -0.9 1.8 -1.1
v -0.9 1.9 -1.1
v -0.9 2.1 -1.1
v -0.9 2.2 -1.1
v -0.9 2.3 -1.1
v 0.9 -0.8 -1.1
v 0.9 -0.7 -1.1
v 0.9 -0.6 -1.1
v 0.9 -0.5 -1.1
v 0.9 -0.4 -1.1
v 0.9 1.8 -1.1
v 0.9 1.9 -1.1
v 0.9 2.1 -1.1
v 0.9 2.2 -1.1
v 0.9 2.3 -1.1
v 1 -0.8 -1.1
v 1 -0.7 -1.1
v 1 -0.6 -1.1
v 1 -0.5 -1.1
v 1 -0.4 -1.1
v 1 0 -1.1
v 1 0.1 -1.1
v 1 0.3 -1.1
v 1 0.4 -1.1
v 1 1 -1.1
v 1 1.1 -1.1
v 1 1.3 -1.1
v 1 1.4 -1.1
v 1 1.8 -1.1
v 1 1.9 -1.1
v 1 2.1 -1.1
v 1 2.2 -1.1
v 1 2.3 -1.1
v 1.1 0 -1.1
v 1.1 0.1 -1.1
v 1.1 0.2 -1.1
v 1.1 0.3 -1.1
v 1.1 0.4 -1.1
v 1.1 1 -1.1
v 1.1 1.1 -1.1
v 1.1 1.2 -1.1
v 1.1 1.3 -1.1
v 1.1 1.4 -1.1
v 1.2 0.1 -1.1
v 1.2 0.2 -1.1
v 1.2 0.3 -1.1
v 1.2 1.1 -1.1
v 1.2 1.2 -1.1
v 1.2 1.3 -1.1
v -1.1 0.1 -1.2
v -1.1 0.2 -1.2
v -1.1 0.3 -1.2
v -1.1 1.1 -1.2
v -1.1 1.2 -1.2
v -1.1 1.3 -1.2
v -1 -0.4 -1.2
v -1 -0.3 -1.2
v -1 0.1 -1.2
v -1 0.2 -1.2
v -1 0.3 -1.2
v -1 0.6 -1.2
v -1 0.7 -1.2
v -1 1.1 -1.2
v -1 1.2 -1.2
v -1 1.3 -1.2
v -1 1.5 -1.2
v -1 1.6 -1.2
v -1 1.7 -1.2
v -1 1.8 -1.2
v -0.9 -0.8 -1.2
v -0.9 -0.7 -1.2
v -0.9 -0.6 -1.2
v -0.9 -0.5 -1.2
v -0.9 -0.4 -1.2
v -0.9 -0.3 -1.2
v -0.9 0 -1.2
v -0.9 0.1 -1.2
v -0.9 0.3 -1.2
v -0.9 0.4 -1.2
v -0.9 0.6 -1.2
v -0.9 0.7 -1.2
v -0.9 1 -1.2
v -0.9 1.1 -1.2
v -0.9 1.3 -1.2
v -0.9 1.4 -1.2
v -0.9 1.5 -1.2
v -0.9 1.6 -1.2
v -0.9 1.7 -1.2
v -0.9 1.8 -1.2
v -0.9 1.9 -1.2
v -0.9 2.1 -1.2
v -0.9 2.2 -1.2
v -0.9 2.3 -1.2
v -0.8 -0.8 -1.2
v -0.8 -0.7 -1.2
v -0.8 -0.6 -1.2
v -0.8 -0.5 -1.2
v -0.8 -0.3 -1.2
v -0.8 0 -1.2
v -0.8 0.4 -1.2
v -0.8 1 -1.2
v -0.8 1.4 -1.2
v -0.8 1.7 -1.2
v -0.8 1.8 -1.2
v -0.8 1.9 -1.2
v -0.8 2.1 -1.2
v -0.8 2.2 -1.2
v -0.8 2.3 -1.2
v -0.7 -0.6 -1.2
v -0.7 -0.5 -1.2
v -0.7 1.7 -1.2
v -0.7 2.1 -1.2
v -0.6 -0.6 -1.2
v -0.6 -0.3 -1.2
v -0.6 1.7 -1.2
v -0.6 2.1 -1.2
v 0.6 -0.6 -1.2
v 0.6 -0.3 -1.2
v 0.6 1.7 -1.2
v 0.6 2.1 -1.2
v 0.7 -0.6 -1.2
v 0.7 -0.5 -1.2
v 0.7 1.7 -1.2
v 0.7 2.1 -1.2
v 0.8 -0.8 -1.2
v 0.8 -0.7 -1.2
v 0.8 -0.6 -1.2
v 0.8 -0.5 -1.2
v 0.8 -0.3 -1.2
v 0.8 0 -1.2
v 0.8 0.4 -1.2
v 0.8 1 -1.2
v 0.8 1.4 -1.2
v 0.8 1.7 -1.2
v 0.8 1.8 -1.2
v 0.8 1.9 -1.2
v 0.8 2.1 -1.2
v 0.8 2.2 -1.2
v 0.8 2.3 -1.2
v 0.9 -0.8 -1.2
v 0.9 -0.7 -1.2
v 0.9 -0.6 -1.2
v 0.9 -0.5 -1.2
v 0.9 -0.4 -1.2
v 0.9 -0.3 -1.2
v 0.9 0 -1.2
v 0.9 0.1 -1.2
v 0.9 0.3 -1.2
v 0.9 0.4 -1.2
v 0.9 0.6 -1.2
v 0.9 0.7 -1.2
v 0.9 1 -1.2
v 0.9 1.1 -1.2
v 0.9 1.3 -1.2
v 0.9 1.4 -1.2
v 0.9 1.5 -1.2
v 0.9 1.6 -1.2
v 0.9 1.8 -1.2
v 0.9 1.9 -1.2
v 0.9 2.1 -1.2
v 0.9 2.2 -1.2
v 0.9 2.3 -1.2
v 1 -0.4 -1.2
v 1 -0.3 -1.2
v 1 0.1 -1.2
v 1 0.2 -1.2
v 1 0.3 -1.2
v 1 0.6 -1.2
v 1 0.7 -1.2
v 1 1.1 -1.2
v 1 1.2 -1.2
v 1 1.3 -1.2
v 1 1.5 -1.2
v 1 1.6 -1.2
v 1 1.8 -1.2
v 1.1 0.1 -1.2
v 1.1 0.2 -1.2
v 1.1 0.3 -1.2
v 1.1 1.1 -1.2
v 1.1 1.2 -1.2
v 1.1 1.3 -1.2
v -1 0.1 -1.3
v -1 0.2 -1.3
v -1 0.3 -1.3
v -1 1.1 -1.3
v -1 1.2 -1.3
v -1 1.3 -1.3
v -0.9 0 -1.3
v -0.9 0.1 -1.3
v -0.9 0.2 -1.3
v -0.9 0.3 -1.3
v -0.9 0.4 -1.3
v -0.9 1 -1.3
v -0.9 1.1 -1.3
v -0.9 1.2 -1.3
v -0.9 1.3 -1.3
v -0.9 1.4 -1.3
v -0.8 -0.8 -1.3
v -0.8 -0.7 -1.3
v -0.8 -0.6 -1.3
v -0.8 -0.3 -1.3
v -0.8 -0.2 -1.3
v -0.8 0 -1.3
v -0.8 0.1 -1.3
v -0.8 0.3 -1.3
v -0.8 0.4 -1.3
v -0.8 1 -1.3
v -0.8 1.1 -1.3
v -0.8 1.3 -1.3
v -0.8 1.4 -1.3
v -0.8 1.6 -1.3
v -0.8 1.7 -1.3
v -0.8 2.1 -1.3
v -0.8 2.2 -1.3
v -0.8 2.3 -1.3
v -0.7 -0.8 -1.3
v -0.7 -0.7 -1.3
v -0.7 -0.6 -1.3
v -0.7 -0.3 -1.3
v -0.7 -0.2 -1.3
v -0.7 1.6 -1.3
v -0.7 1.7 -1.3
v -0.7 2.1 -1.3
v -0.7 2.2 -1.3
v -0.7 2.3 -1.3
v 0.7 -0.8 -1.3
v 0.7 -0.7 -1.3
v 0.7 -0.6 -1.3
v 0.7 -0.3 -1.3
v 0.7 -0.2 -1.3
v 0.7 1.6 -1.3
v 0.7 1.7 -1.3
v 0.7 2.1 -1.3
v 0.7 2.2 -1.3
v 0.7 2.3 -1.3
v 0.8 -0.8 -1.3
v 0.8 -0.7 -1.3
v 0.8 -0.6 -1.3
v 0.8 -0.3 -1.3
v 0.8 -0.2 -1.3
v 0.8 0 -1.3
v 0.8 0.1 -1.3
v 0.8 0.3 -1.3
v 0.8 0.4 -1.3
v 0.8 1 -1.3
v 0.8 1.1 -1.3
v 0.8 1.3 -1.3
v 0.8 1.4 -1.3
v 0.8 1.6 -1.3
v 0.8 1.7 -1.3
v 0.8 2.1 -1.3
v 0.8 2.2 -1.3
v 0.8 2.3 -1.3
v 0.9 0 -1.3
v 0.9 0.1 -1.3
v 0.9 0.2 -1.3
v 0.9 0.3 -1.3
v 0.9 0.4 -1.3
v 0.9 1 -1.3
v 0.9 1.1 -1.3
v 0.9 1.2 -1.3
v 0.9 1.3 -1.3
v 0.9 1.4 -1.3
v 1 0.1 -1.3
v 1 0.2 -1.3
v 1 0.3 -1.3
v 1 1.1 -1.3
v 1 1.2 -1.3
v 1 1.3 -1.3
v -0.9 0.1 -1.4
v -0.9 0.2 -1.4
v -0.9 0.3 -1.4
v -0.9 1.1 -1.4
v -0.9 1.2 -1.4
v -0.9 1.3 -1.4
v -0.8 -0.2 -1.4
v -0.8 0.1 -1.4
v -0.8 0.2 -1.4
v -0.8 0.3 -1.4
v -0.8 1.1 -1.4
v -0.8 1.2 -1.4
v -0.8 1.3 -1.4
v -0.8 1.6 -1.4
v -0.7 -0.8 -1.4
v -0.7 -0.7 -1.4
v -0.7 -0.6 -1.4
v -0.7 -0.3 -1.4
v -0.7 -0.2 -1.4
v -0.7 -0.1 -1.4
v -0.7 0 -1.4
v -0.7 0.1 -1.4
v -0.7 0.3 -1.4
v -0.7 0.4 -1.4
v -0.7 1 -1.4
v -0.7 1.1 -1.4
v -0.7 1.3 -1.4
v -0.7 1.4 -1.4
v -0.7 1.5 -1.4
v -0.7 1.6 -1.4
v -0.7 1.7 -1.4
v -0.7 2.1 -1.4
v -0.7 2.2 -1.4
v -0.7 2.3 -1.4
v -0.6 -0.8 -1.4
v -0.6 -0.7 -1.4
v -0.6 -0.6 -1.4
v -0.6 -0.3 -1.4
v -0.6 -0.2 -1.4
v -0.6 -0.1 -1.4
v -0.6 0 -1.4
v -0.6 0.4 -1.4
v -0.6 0.5 -1.4
v -0.6 0.6 -1.4
v -0.6 1 -1.4
v -0.6 1.4 -1.4
v -0.6 1.5 -1.4
v -0.6 1.6 -1.4
v -0.6 1.7 -1.4
v -0.6 2.1 -1.4
v -0.6 2.2 -1.4
v -0.6 2.3 -1.4
v -0.5 -0.6 -1.4
v -0.5 -0.2 -1.4
v -0.5 -0.1 -1.4
v -0.5 1.6 -1.4
v -0.5 2.1 -1.4
v -0.4 -0.6 -1.4
v -0.4 -0.5 -1.4
v -0.4 -0.4 -1.4
v -0.4 -0.1 -1.4
v -0.4 1.5 -1.4
v -0.4 1.8 -1.4
v -0.3 -0.6 -1.4
v -0.3 -0.5 -1.4
v -0.3 -0.4 -1.4
v -0.3 1.8 -1.4
v -0.3 1.9 -1.4
v -0.3 2.1 -1.4
v -0.2 -0.6 -1.4
v -0.2 -0.5 -1.4
v -0.2 1.9 -1.4
v -0.2 2.1 -1.4
v -0.1 -0.6 -1.4
v -0.1 -0.5 -1.4
v -0.1 1.9 -1.4
v -0.1 2.1 -1.4
v 0 -0.5 -1.4
v 0 1.9 -1.4
v 0.1 -0.6 -1.4
v 0.1 -0.5 -1.4
v 0.1 1.9 -1.4
v 0.1 2.1 -1.4
v 0.2 -0.6 -1.4
v 0.2 -0.5 -1.4
v 0.2 1.9 -1.4
v 0.2 2.1 -1.4
v 0.3 -0.6 -1.4
v 0.3 -0.5 -1.4
v 0.3 -0.4 -1.4
v 0.3 1.8 -1.4
v 0.3 1.9 -1.4
v 0.3 2.1 -1.4
v 0.4 -0.4 -1.4
v 0.4 -0.1 -1.4
v 0.4 1.5 -1.4
v 0.4 1.6 -1.4
v 0.4 1.8 -1.4
v 0.4 1.9 -1.4
v 0.5 -0.6 -1.4
v 0.5 -0.2 -1.4
v 0.5 -0.1 -1.4
v 0.5 1.6 -1.4
v 0.5 1.8 -1.4
v 0.5 1.9 -1.4
v 0.5 2.1 -1.4
v 0.6 -0.8 -1.4
v 0.6 -0.7 -1.4
v 0.6 -0.6 -1.4
v 0.6 -0.3 -1.4
v 0.6 -0.2 -1.4
v 0.6 -0.1 -1.4
v 0.6 0 -1.4
v 0.6 0.4 -1.4
v 0.6 1 -1.4
v 0.6 1.4 -1.4
v 0.6 1.5 -1.4
v 0.6 1.6 -1.4
v 0.6 1.7 -1.4
v 0.6 2.1 -1.4
v 0.6 2.2 -1.4
v 0.6 2.3 -1.4
v 0.7 -0.8 -1.4
v 0.7 -0.7 -1.4
v 0.7 -0.6 -1.4
v 0.7 -0.3 -1.4
v 0.7 -0.2 -1.4
v 0.7 -0.1 -1.4
v 0.7 0 -1.4
v 0.7 0.1 -1.4
v 0.7 0.3 -1.4
v 0.7 0.4 -1.4
v 0.7 1 -1.4
v 0.7 1.1 -1.4
v 0.7 1.3 -1.4
v 0.7 1.4 -1.4
v 0.7 1.5 -1.4
v 0.7 1.6 -1.4
v 0.7 1.7 -1.4
v 0.7 2.1 -1.4
v 0.7 2.2 -1.4
v 0.7 2.3 -1.4
v 0.8 -0.2 -1.4
v 0.8 0.1 -1.4
v 0.8 0.2 -1.4
v 0.8 0.3 -1.4
v 0.8 1.1 -1.4
v 0.8 1.2 -1.4
v 0.8 1.3 -1.4
v 0.8 1.6 -1.4
v 0.9 0.1 -1.4
v 0.9 0.2 -1.4
v 0.9 0.3 -1.4
v 0.9 1.1 -1.4
v 0.9 1.2 -1.4
v 0.9 1.3 -1.4
v -0.8 0.1 -1.5
v -0.8 0.2 -1.5
v -0.8 0.3 -1.5
v -0.8 1.1 -1.5
v -0.8 1.2 -1.5
v -0.8 1.3 -1.5
v -0.7 0 -1.5
v -0.7 0.1 -1.5
v -0.7 0.2 -1.5
v -0.7 0.3 -1.5
v -0.7 0.4 -1.5
v -0.7 1 -1.5
v -0.7 1.1 -1.5
v -0.7 1.2 -1.5
v -0.7 1.3 -1.5
v -0.7 1.4 -1.5
v -0.6 -0.8 -1.5
v -0.6 -0.7 -1.5
v -0.6 -0.6 -1.5
v -0.6 -0.1 -1.5
v -0.6 0 -1.5
v -0.6 0.1 -1.5
v -0.6 0.4 -1.5
v -0.6 0.5 -1.5
v -0.6 0.6 -1.5
v -0.6 1 -1.5
v -0.6 1.4 -1.5
v -0.6 1.5 -1.5
v -0.6 2.1 -1.5
v -0.6 2.2 -1.5
v -0.6 2.3 -1.5
v -0.5 0.3 -1.5
v -0.5 0.5 -1.5
v -0.5 0.6 -1.5
v -0.5 1.1 -1.5
v -0.4 -0.4 -1.5
v -0.4 -0.1 -1.5
v -0.4 1.5 -1.5
v -0.4 1.8 -1.5
v -0.3 -0.5 -1.5
v -0.3 -0.4 -1.5
v -0.3 0.1 -1.5
v -0.3 0.3 -1.5
v -0.3 1.1 -1.5
v -0.3 1.3 -1.5
v -0.3 1.8 -1.5
v -0.3 1.9 -1.5
v -0.2 -0.5 -1.5
v -0.2 0.1 -1.5
v -0.2 0.3 -1.5
v -0.2 1.1 -1.5
v -0.2 1.3 -1.5
v -0.2 1.9 -1.5
v -0.1 -0.4 -1.5
v -0.1 -0.3 -1.5
v -0.1 -0.2 -1.5
v -0.1 0.1 -1.5
v -0.1 0.3 -1.5
v -0.1 0.5 -1.5
v -0.1 0.6 -1.5
v -0.1 1.1 -1.5
v -0.1 1.3 -1.5
v -0.1 1.8 -1.5
v 0 -0.5 -1.5
v 0 -0.4 -1.5
v 0 -0.3 -1.5
v 0 -0.2 -1.5
v 0 0.5 -1.5
v 0 0.6 -1.5
v 0 1.4 -1.5
v 0 1.5 -1.5
v 0 1.8 -1.5
v 0 1.9 -1.5
v 0.1 -0.5 -1.5
v 0.1 0.1 -1.5
v 0.1 0.3 -1.5
v 0.1 1.1 -1.5
v 0.1 1.3 -1.5
v 0.1 1.4 -1.5
v 0.1 1.5 -1.5
v 0.1 1.9 -1.5
v 0.2 -0.5 -1.5
v 0.2 0.1 -1.5
v 0.2 0.3 -1.5
v 0.2 1.1 -1.5
v 0.2 1.3 -1.5
v 0.2 1.9 -1.5
v 0.3 -0.5 -1.5
v 0.3 -0.4 -1.5
v 0.3 0.1 -1.5
v 0.3 0.3 -1.5
v 0.3 0.5 -1.5
v 0.3 0.6 -1.5
v 0.3 0.7 -1.5
v 0.3 0.8 -1.5
v 0.3 1.1 -1.5
v 0.3 1.3 -1.5
v 0.3 1.5 -1.5
v 0.3 1.6 -1.5
v 0.3 1.8 -1.5
v 0.3 1.9 -1.5
v 0.4 -0.4 -1.5
v 0.4 -0.1 -1.5
v 0.4 0.5 -1.5
v 0.4 0.6 -1.5
v 0.4 0.9 -1.5
v 0.4 1 -1.5
v 0.4 1.5 -1.5
v 0.4 1.6 -1.5
v 0.4 1.8 -1.5
v 0.5 0.7 -1.5
v 0.5 0.8 -1.5
v 0.5 0.9 -1.5
v 0.5 1 -1.5
v 0.5 1.3 -1.5
v 0.5 1.4 -1.5
v 0.6 -0.8 -1.5
v 0.6 -0.7 -1.5
v 0.6 -0.6 -1.5
v 0.6 -0.1 -1.5
v 0.6 0 -1.5
v 0.6 0.1 -1.5
v 0.6 0.4 -1.5
v 0.6 1 -1.5
v 0.6 1.3 -1.5
v 0.6 1.4 -1.5
v 0.6 1.5 -1.5
v 0.6 2.1 -1.5
v 0.6 2.2 -1.5
v 0.6 2.3 -1.5
v 0.7 0 -1.5
v 0.7 0.1 -1.5
v 0.7 0.2 -1.5
v 0.7 0.3 -1.5
v 0.7 0.4 -1.5
v 0.7 1 -1.5
v 0.7 1.1 -1.5
v 0.7 1.2 -1.5
v 0.7 1.3 -1.5
v 0.7 1.4 -1.5
v 0.8 0.1 -1.5
v 0.8 0.2 -1.5
v 0.8 0.3 -1.5
v 0.8 1.1 -1.5
v 0.8 1.2 -1.5
v 0.8 1.3 -1.5
v -0.7 0.1 -1.6
v -0.7 0.2 -1.6
v -0.7 0.3 -1.6
v -0.7 1.1 -1.6
v -0.7 1.2 -1.6
v -0.7 1.3 -1.6
v 0.7 0.1 -1.6
v 0.7 0.2 -1.6
v 0.7 0.3 -1.6
v 0.7 1.1 -1.6
v 0.7 1.2 -1.6
v 0.7 1.3 -1.6
v -0.6 -0.8 1.5
v 0.6 -0.8 1.5
v -0.7 -0.8 1.4
v -0.6 -0.8 1.4
v -0.5 -0.8 1.4
v 0.5 -0.8 1.4
v 0.6 -0.8 1.4
v 0.7 -0.8 1.4
v -0.8 -0.8 1.3
v -0.7 -0.8 1.3
v -0.6 -0.8 1.3
v -0.5 -0.8 1.3
v 0.5 -0.8 1.3
v 0.6 -0.8 1.3
v 0.7 -0.8 1.3
v 0.8 -0.8 1.3
v -0.9 -0.8 1.2
v -0.8 -0.8 1.2
v -0.6 -0.8 1.2
v 0.6 -0.8 1.2
v 0.8 -0.8 1.2
v 0.9 -0.8 1.2
v -1 -0.8 1.1
v -0.9 -0.8 1.1
v 0.9 -0.8 1.1
v 1 -0.8 1.1
v -1.1 -0.8 1
v -1 -0.8 1
v -0.9 -0.8 1
v -0.8 -0.8 1
v 0.8 -0.8 1
v 0.9 -0.8 1
v 1 -0.8 1
v 1.1 -0.8 1
v -1.2 -0.8 0.9
v -1.1 -0.8 0.9
v -1 -0.8 0.9
v -0.9 -0.8 0.9
v 0.9 -0.8 0.9
v 1 -0.8 0.9
v 1.1 -0.8 0.9
v 1.2 -0.8 0.9
v -1.3 -0.8 0.8
v -1.2 -0.8 0.8
v -1.1 -0.8 0.8
v -1 -0.8 0.8
v 1 -0.8 0.8
v 1.1 -0.8 0.8
v 1.2 -0.8 0.8
v 1.3 -0.8 0.8
v -1.4 -0.8 0.7
v -1.3 -0.8 0.7
v -1.2 -0.8 0.7
v -1.1 -0.8 0.7
v 1.1 -0.8 0.7
v 1.2 -0.8 0.7
v 1.3 -0.8 0.7
v 1.4 -0.8 0.7
v -1.5 -0.8 0.6
v -1.4 -0.8 0.6
v -1.2 -0.8 0.6
v 1.2 -0.8 0.6
v 1.4 -0.8 0.6
v 1.5 -0.8 0.6
v -1.4 -0.8 -0.5
v -1.3 -0.8 -0.5
v 1.3 -0.8 -0.5
v 1.4 -0.8 -0.5
v -1.5 -0.8 -0.6
v -1.4 -0.8 -0.6
v -1.3 -0.8 -0.6
v -1.2 -0.8 -0.6
v 1.2 -0.8 -0.6
v 1.3 -0.8 -0.6
v 1.4 -0.8 -0.6
v 1.5 -0.8 -0.6
v -1.4 -0.8 -0.7
v -1.3 -0.8 -0.7
v -1.2 -0.8 -0.7
v -1.1 -0.8 -0.7
v 1.1 -0.8 -0.7
v 1.2 -0.8 -0.7
v 1.3 -0.8 -0.7
v 1.4 -0.8 -0.7
v -1.3 -0.8 -0.8
v -1.2 -0.8 -0.8
v -1.1 -0.8 -0.8
v -1 -0.8 -0.8
v 1 -0.8 -0.8
v 1.1 -0.8 -0.8
v 1.2 -0.8 -0.8
v 1.3 -0.8 -0.8
v -1.2 -0.8 -0.9
v -1.1 -0.8 -0.9
v -1 -0.8 -0.9
v -0.9 -0.8 -0.9
v 0.9 -0.8 -0.9
v 1 -0.8 -0.9
v 1.1 -0.8 -0.9
v 1.2 -0.8 -0.9
v -1.1 -0.8 -1
v -1 -0.8 -1
v -0.9 -0.8 -1
v -0.8 -0.8 -1
v 0.8 -0.8 -1
v 0.9 -0.8 -1
v 1 -0.8 -1
v 1.1 -0.8 -1
v -1 -0.8 -1.1
v -0.9 -0.8 -1.1
v -0.8 -0.8 -1.1
v -0.7 -0.8 -1.1
v 0.7 -0.8 -1.1
v 0.8 -0.8 -1.1
v 0.9 -0.8 -1.1
v 1 -0.8 -1.1
v -0.9 -0.8 -1.2
v -0.8 -0.8 -1.2
v -0.7 -0.8 -1.2
v -0.6 -0.8 -1.2
v 0.6 -0.8 -1.2
v 0.7 -0.8 -1.2
v 0.8 -0.8 -1.2
v 0.9 -0.8 -1.2
v -0.8 -0.8 -1.3
v -0.7 -0.8 -1.3
v -0.6 -0.8 -1.3
v -0.5 -0.8 -1.3
v 0.5 -0.8 -1.3
v 0.6 -0.8 -1.3
v 0.7 -0.8 -1.3
v 0.8 -0.8 -1.3
v -0.7 -0.8 -1.4
v -0.6 -0.8 -1.4
v -0.5 -0.8 -1.4
v 0.5 -0.8 -1.4
v 0.6 -0.8 -1.4
v 0.7 -0.8 -1.4
v -0.6 -0.8 -1.5
v 0.6 -0.8 -1.5
v -0.5 -0.7 1.4
v -0.4 -0.7 1.4
v -0.1 -0.7 1.4
v 0 -0.7 1.4
v 0.1 -0.7 1.4
v 0.4 -0.7 1.4
v 0.5 -0.7 1.4
v -0.6 -0.7 1.3
v -0.5 -0.7 1.3
v 0.5 -0.7 1.3
v 0.6 -0.7 1.3
v -0.8 -0.7 1.2
v -0.7 -0.7 1.2
v -0.6 -0.7 1.2
v 0.2 -0.7 1.2
v 0.4 -0.7 1.2
v 0.6 -0.7 1.2
v 0.8 -0.7 1.2
v -0.8 -0.7 1.1
v -0.7 -0.7 1.1
v -0.9 -0.7 1
v -0.8 -0.7 1
v 0.2 -0.7 1
v 0.4 -0.7 1
v 0.8 -0.7 1
v 0.9 -0.7 1
v -1 -0.7 0.9
v -0.9 -0.7 0.9
v 0.1 -0.7 0.9
v 0.3 -0.7 0.9
v 0.7 -0.7 0.9
v 0.8 -0.7 0.9
v 0.9 -0.7 0.9
v 1 -0.7 0.9
v -1.1 -0.7 0.8
v -1 -0.7 0.8
v 0.7 -0.7 0.8
v 0.8 -0.7 0.8
v 1 -0.7 0.8
v 1.1 -0.7 0.8
v -1.2 -0.7 0.7
v -1.1 -0.7 0.7
v 0.1 -0.7 0.7
v 0.3 -0.7 0.7
v 0.7 -0.7 0.7
v 0.9 -0.7 0.7
v 1.1 -0.7 0.7
v 1.2 -0.7 0.7
v -1.4 -0.7 0.6
v -1.3 -0.7 0.6
v -1.2 -0.7 0.6
v -0.8 -0.7 0.6
v -0.7 -0.7 0.6
v -0.3 -0.7 0.6
v -0.2 -0.7 0.6
v 1.2 -0.7 0.6
v 1.4 -0.7 0.6
v -1.4 -0.7 0.5
v -1.3 -0.7 0.5
v -0.3 -0.7 0.5
v -0.2 -0.7 0.5
v 0.7 -0.7 0.5
v 0.9 -0.7 0.5
v -0.8 -0.7 0.4
v -0.7 -0.7 0.4
v 0.7 -0.7 0.4
v 0.8 -0.7 0.4
v -0.7 -0.7 0.3
v -0.6 -0.7 0.3
v 0.2 -0.7 0.3
v 0.3 -0.7 0.3
v 0.7 -0.7 0.3
v 0.8 -0.7 0.3
v 0.2 -0.7 0.2
v 0.3 -0.7 0.2
v 1.2 -0.7 0.2
v 1.3 -0.7 0.2
v -1.4 -0.7 0.1
v -1.3 -0.7 0.1
v -0.2 -0.7 0.1
v -0.1 -0.7 0.1
v 0.3 -0.7 0.1
v 0.4 -0.7 0.1
v 1.2 -0.7 0.1
v 1.3 -0.7 0.1
v -1.4 -0.7 0
v -1.3 -0.7 0
v -0.2 -0.7 0
v -0.1 -0.7 0
v 0.8 -0.7 0
v 0.9 -0.7 0
v -1.2 -0.7 -0.1
v -1.1 -0.7 -0.1
v -0.4 -0.7 -0.1
v -0.2 -0.7 -0.1
v -1.2 -0.7 -0.2
v -1.1 -0.7 -0.2
v -0.7 -0.7 -0.2
v -0.6 -0.7 -0.2
v 0.8 -0.7 -0.2
v 0.9 -0.7 -0.2
v -0.7 -0.7 -0.3
v -0.6 -0.7 -0.3
v -0.4 -0.7 -0.3
v -0.2 -0.7 -0.3
v 1.2 -0.7 -0.3
v 1.4 -0.7 -0.3
v -0.7 -0.7 -0.4
v -0.6 -0.7 -0.4
v 0.3 -0.7 -0.4
v 0.4 -0.7 -0.4
v 1.3 -0.7 -0.4
v 1.4 -0.7 -0.4
v -1.4 -0.7 -0.5
v -1.3 -0.7 -0.5
v 0.8 -0.7 -0.5
v 0.9 -0.7 -0.5
v 1.2 -0.7 -0.5
v 1.3 -0.7 -0.5
v 1.4 -0.7 -0.5
v -1.3 -0.7 -0.6
v -1.2 -0.7 -0.6
v -0.1 -0.7 -0.6
v 0 -0.7 -0.6
v 1.2 -0.7 -0.6
v 1.3 -0.7 -0.6
v -1.2 -0.7 -0.7
v -1.1 -0.7 -0.7
v -0.7 -0.7 -0.7
v -0.6 -0.7 -0.7
v -0.1 -0.7 -0.7
v 0 -0.7 -0.7
v 0.8 -0.7 -0.7
v 0.9 -0.7 -0.7
v 1.1 -0.7 -0.7
v 1.2 -0.7 -0.7
v -1.1 -0.7 -0.8
v -1 -0.7 -0.8
v 0.7 -0.7 -0.8
v 0.9 -0.7 -0.8
v 1 -0.7 -0.8
v 1.1 -0.7 -0.8
v -1 -0.7 -0.9
v -0.9 -0.7 -0.9
v -0.7 -0.7 -0.9
v -0.6 -0.7 -0.9
v -0.3 -0.7 -0.9
v -0.1 -0.7 -0.9
v 0.7 -0.7 -0.9
v 0.9 -0.7 -0.9
v 1 -0.7 -0.9
v -0.9 -0.7 -1
v -0.8 -0.7 -1
v 0.8 -0.7 -1
v 0.9 -0.7 -1
v -0.8 -0.7 -1.1
v -0.7 -0.7 -1.1
v -0.3 -0.7 -1.1
v -0.2 -0.7 -1.1
v 0.7 -0.7 -1.1
v 0.8 -0.7 -1.1
v -0.7 -0.7 -1.2
v -0.6 -0.7 -1.2
v 0.6 -0.7 -1.2
v 0.7 -0.7 -1.2
v -0.6 -0.7 -1.3
v -0.5 -0.7 -1.3
v -0.2 -0.7 -1.3
v -0.1 -0.7 -1.3
v 0.5 -0.7 -1.3
v 0.6 -0.7 -1.3
v -0.5 -0.7 -1.4
v -0.4 -0.7 -1.4
v -0.1 -0.7 -1.4
v 0 -0.7 -1.4
v 0.1 -0.7 -1.4
v 0.4 -0.7 -1.4
v 0.5 -0.7 -1.4
v -0.3 -0.5 1.5
v -0.2 -0.5 1.5
v -0.1 -0.5 1.5
v 0.1 -0.5 1.5
v 0.2 -0.5 1.5
v 0.3 -0.5 1.5
v -0.3 -0.5 1.4
v -0.2 -0.5 1.4
v -0.1 -0.5 1.4
v 0.1 -0.5 1.4
v 0.2 -0.5 1.4
v 0.3 -0.5 1.4
v -0.9 -0.5 1.2
v -0.8 -0.5 1.2
v 0.8 -0.5 1.2
v 0.9 -0.5 1.2
v -1 -0.5 1.1
v -0.9 -0.5 1.1
v -0.8 -0.5 1.1
v 0.8 -0.5 1.1
v 0.9 -0.5 1.1
v 1 -0.5 1.1
v -1.1 -0.5 1
v -1 -0.5 1
v -0.8 -0.5 1
v 0.8 -0.5 1
v 1 -0.5 1
v 1.1 -0.5 1
v -1.2 -0.5 0.9
v -1.1 -0.5 0.9
v -1 -0.5 0.9
v 1 -0.5 0.9
v 1.1 -0.5 0.9
v 1.2 -0.5 0.9
v -1.2 -0.5 0.8
v -1.1 -0.5 0.8
v -1 -0.5 0.8
v 1 -0.5 0.8
v 1.1 -0.5 0.8
v 1.2 -0.5 0.8
v -1.5 -0.5 0.3
v -1.4 -0.5 0.3
v 1.4 -0.5 0.3
v 1.5 -0.5 0.3
v -1.5 -0.5 0.2
v -1.4 -0.5 0.2
v 1.4 -0.5 0.2
v 1.5 -0.5 0.2
v -1.4 -0.5 0.1
v 1.4 -0.5 0.1
v -1.5 -0.5 0
v -1.4 -0.5 0
v 1.4 -0.5 0
v 1.5 -0.5 0
v -1.5 -0.5 -0.1
v -1.4 -0.5 -0.1
v 1.4 -0.5 -0.1
v 1.5 -0.5 -0.1
v -1.5 -0.5 -0.2
v -1.4 -0.5 -0.2
v 1.4 -0.5 -0.2
v 1.5 -0.5 -0.2
v -1.5 -0.5 -0.3
v -1.4 -0.5 -0.3
v 1.4 -0.5 -0.3
v 1.5 -0.5 -0.3
v -1.2 -0.5 -0.8
v -1.1 -0.5 -0.8
v -1 -0.5 -0.8
v 1 -0.5 -0.8
v 1.1 -0.5 -0.8
v 1.2 -0.5 -0.8
v -1.2 -0.5 -0.9
v -1.1 -0.5 -0.9
v -1 -0.5 -0.9
v 1 -0.5 -0.9
v 1.1 -0.5 -0.9
v 1.2 -0.5 -0.9
v -1.1 -0.5 -1
v -1 -0.5 -1
v -0.9 -0.5 -1
v -0.8 -0.5 -1
v 0.8 -0.5 -1
v 0.9 -0.5 -1
v 1 -0.5 -1
v 1.1 -0.5 -1
v -1 -0.5 -1.1
v -0.9 -0.5 -1.1
v 0.9 -0.5 -1.1
v 1 -0.5 -1.1
v -0.9 -0.5 -1.2
v -0.8 -0.5 -1.2
v 0.8 -0.5 -1.2
v 0.9 -0.5 -1.2
v -0.3 -0.5 -1.4
v -0.2 -0.5 -1.4
v -0.1 -0.5 -1.4
v 0 -0.5 -1.4
v 0.1 -0.5 -1.4
v 0.2 -0.5 -1.4
v 0.3 -0.5 -1.4
v -0.3 -0.5 -1.5
v -0.2 -0.5 -1.5
v 0 -0.5 -1.5
v 0.1 -0.5 -1.5
v 0.2 -0.5 -1.5
v 0.3 -0.5 -1.5
v -0.4 -0.4 1.5
v -0.3 -0.4 1.5
v 0.3 -0.4 1.5
v 0.4 -0.4 1.5
v -0.4 -0.4 1.4
v -0.3 -0.4 1.4
v 0.3 -0.4 1.4
v 0.4 -0.4 1.4
v -1 -0.4 1.2
v -0.9 -0.4 1.2
v 0.9 -0.4 1.2
v 1 -0.4 1.2
v -1 -0.4 1.1
v -0.9 -0.4 1.1
v 0.9 -0.4 1.1
v 1 -0.4 1.1
v -1.2 -0.4 1
v -1.1 -0.4 1
v 1.1 -0.4 1
v 1.2 -0.4 1
v -1.2 -0.4 0.9
v -1.1 -0.4 0.9
v 1.1 -0.4 0.9
v 1.2 -0.4 0.9
v -1.5 -0.4 0.4
v -1.4 -0.4 0.4
v 1.4 -0.4 0.4
v 1.5 -0.4 0.4
v -1.5 -0.4 0.3
v -1.4 -0.4 0.3
v 1.4 -0.4 0.3
v 1.5 -0.4 0.3
v -1.5 -0.4 -0.3
v -1.4 -0.4 -0.3
v 1.4 -0.4 -0.3
v 1.5 -0.4 -0.3
v -1.5 -0.4 -0.4
v -1.4 -0.4 -0.4
v 1.4 -0.4 -0.4
v 1.5 -0.4 -0.4
v -1.2 -0.4 -0.9
v -1.1 -0.4 -0.9
v 1.1 -0.4 -0.9
v 1.2 -0.4 -0.9
v -1.2 -0.4 -1
v -1.1 -0.4 -1
v 1.1 -0.4 -1
v 1.2 -0.4 -1
v -1 -0.4 -1.1
v -0.9 -0.4 -1.1
v 0.9 -0.4 -1.1
v 1 -0.4 -1.1
v -1 -0.4 -1.2
v -0.9 -0.4 -1.2
v 0.9 -0.4 -1.2
v 1 -0.4 -1.2
v -0.4 -0.4 -1.4
v -0.3 -0.4 -1.4
v 0.3 -0.4 -1.4
v 0.4 -0.4 -1.4
v -0.4 -0.4 -1.5
v -0.3 -0.4 -1.5
v 0.3 -0.4 -1.5
v 0.4 -0.4 -1.5
v -0.7 -0.3 1.4
v -0.6 -0.3 1.4
v 0.6 -0.3 1.4
v 0.7 -0.3 1.4
v -0.8 -0.3 1.3
v -0.7 -0.3 1.3
v -0.6 -0.3 1.3
v 0.6 -0.3 1.3
v 0.7 -0.3 1.3
v 0.8 -0.3 1.3
v -0.8 -0.3 1.2
v -0.7 -0.3 1.2
v -0.6 -0.3 1.2
v 0.6 -0.3 1.2
v 0.7 -0.3 1.2
v 0.8 -0.3 1.2
v -1.3 -0.3 0.8
v -1.2 -0.3 0.8
v 1.2 -0.3 0.8
v 1.3 -0.3 0.8
v -1.4 -0.3 0.7
v -1.3 -0.3 0.7
v -1.2 -0.3 0.7
v 1.2 -0.3 0.7
v 1.3 -0.3 0.7
v 1.4 -0.3 0.7
v -1.4 -0.3 0.6
v -1.3 -0.3 0.6
v -1.2 -0.3 0.6
v 1.2 -0.3 0.6
v 1.3 -0.3 0.6
v 1.4 -0.3 0.6
v -1.4 -0.3 -0.6
v -1.3 -0.3 -0.6
v -1.2 -0.3 -0.6
v 1.2 -0.3 -0.6
v 1.3 -0.3 -0.6
v 1.4 -0.3 -0.6
v -1.4 -0.3 -0.7
v -1.3 -0.3 -0.7
v 1.3 -0.3 -0.7
v 1.4 -0.3 -0.7
v -1.3 -0.3 -0.8
v -1.2 -0.3 -0.8
v 1.2 -0.3 -0.8
v 1.3 -0.3 -0.8
v -0.8 -0.3 -1.2
v -0.6 -0.3 -1.2
v 0.6 -0.3 -1.2
v 0.8 -0.3 -1.2
v -0.8 -0.3 -1.3
v -0.7 -0.3 -1.3
v -0.6 -0.3 -1.3
v 0.6 -0.3 -1.3
v 0.7 -0.3 -1.3
v 0.8 -0.3 -1.3
v -0.7 -0.3 -1.4
v -0.6 -0.3 -1.4
v 0.6 -0.3 -1.4
v 0.7 -0.3 -1.4
v -0.8 -0.2 1.4
v -0.7 -0.2 1.4
v 0.7 -0.2 1.4
v 0.8 -0.2 1.4
v -0.8 -0.2 1.3
v -0.7 -0.2 1.3
v 0.7 -0.2 1.3
v 0.8 -0.2 1.3
v -1.4 -0.2 0.8
v -1.3 -0.2 0.8
v 1.3 -0.2 0.8
v 1.4 -0.2 0.8
v -1.4 -0.2 0.7
v -1.3 -0.2 0.7
v 1.3 -0.2 0.7
v 1.4 -0.2 0.7
v -1.4 -0.2 -0.7
v -1.3 -0.2 -0.7
v 1.3 -0.2 -0.7
v 1.4 -0.2 -0.7
v -1.4 -0.2 -0.8
v -1.3 -0.2 -0.8
v 1.3 -0.2 -0.8
v 1.4 -0.2 -0.8
v -0.8 -0.2 -1.3
v -0.7 -0.2 -1.3
v 0.7 -0.2 -1.3
v 0.8 -0.2 -1.3
v -0.8 -0.2 -1.4
v -0.7 -0.2 -1.4
v 0.7 -0.2 -1.4
v 0.8 -0.2 -1.4
v -0.6 -0.1 1.5
v -0.4 -0.1 1.5
v 0.4 -0.1 1.5
v 0.6 -0.1 1.5
v -0.6 -0.1 1.4
v -0.4 -0.1 1.4
v 0.4 -0.1 1.4
v 0.6 -0.1 1.4
v -1.5 -0.1 0.6
v -1.4 -0.1 0.6
v 1.4 -0.1 0.6
v 1.5 -0.1 0.6
v -1.5 -0.1 0.5
v -1.4 -0.1 0.5
v 1.4 -0.1 0.5
v 1.5 -0.1 0.5
v -1.5 -0.1 0.4
v -1.4 -0.1 0.4
v 1.4 -0.1 0.4
v 1.5 -0.1 0.4
v -1.5 -0.1 -0.4
v -1.4 -0.1 -0.4
v 1.4 -0.1 -0.4
v 1.5 -0.1 -0.4
v -1.5 -0.1 -0.5
v -1.4 -0.1 -0.5
v 1.4 -0.1 -0.5
v 1.5 -0.1 -0.5
v -1.5 -0.1 -0.6
v -1.4 -0.1 -0.6
v 1.4 -0.1 -0.6
v 1.5 -0.1 -0.6
v -0.6 -0.1 -1.4
v -0.5 -0.1 -1.4
v -0.4 -0.1 -1.4
v 0.4 -0.1 -1.4
v 0.5 -0.1 -1.4
v 0.6 -0.1 -1.4
v -0.6 -0.1 -1.5
v -0.4 -0.1 -1.5
v 0.4 -0.1 -1.5
v 0.6 -0.1 -1.5
v -0.7 0 1.5
v -0.6 0 1.5
v 0.6 0 1.5
v 0.7 0 1.5
v -0.7 0 1.4
v -0.6 0 1.4
v 0.6 0 1.4
v 0.7 0 1.4
v -0.9 0 1.3
v -0.8 0 1.3
v 0.8 0 1.3
v 0.9 0 1.3
v -0.9 0 1.2
v -0.8 0 1.2
v 0.8 0 1.2
v 0.9 0 1.2
v -1.1 0 1.1
v -1 0 1.1
v 1 0 1.1
v 1.1 0 1.1
v -1.1 0 1
v -1 0 1
v 1 0 1
v 1.1 0 1
v -1.3 0 0.9
v -1.2 0 0.9
v 1.2 0 0.9
v 1.3 0 0.9
v -1.3 0 0.8
v -1.2 0 0.8
v 1.2 0 0.8
v 1.3 0 0.8
v -1.5 0 0.7
v -1.4 0 0.7
v 1.4 0 0.7
v 1.5 0 0.7
v -1.5 0 0.6
v -1.4 0 0.6
v 1.4 0 0.6
v 1.5 0 0.6
v -1.5 0 -0.6
v -1.4 0 -0.6
v 1.4 0 -0.6
v 1.5 0 -0.6
v -1.5 0 -0.7
v -1.4 0 -0.7
v 1.4 0 -0.7
v 1.5 0 -0.7
v -1.3 0 -0.8
v -1.2 0 -0.8
v 1.2 0 -0.8
v 1.3 0 -0.8
v -1.3 0 -0.9
v -1.2 0 -0.9
v 1.2 0 -0.9
v 1.3 0 -0.9
v -1.1 0 -1
v -1 0 -1
v 1 0 -1
v 1.1 0 -1
v -1.1 0 -1.1
v -1 0 -1.1
v 1 0 -1.1
v 1.1 0 -1.1
v -0.9 0 -1.2
v -0.8 0 -1.2
v 0.8 0 -1.2
v 0.9 0 -1.2
v -0.9 0 -1.3
v -0.8 0 -1.3
v 0.8 0 -1.3
v 0.9 0 -1.3
v -0.7 0 -1.4
v -0.6 0 -1.4
v 0.6 0 -1.4
v 0.7 0 -1.4
v -0.7 0 -1.5
v -0.6 0 -1.5
v 0.6 0 -1.5
v 0.7 0 -1.5
v -0.7 0.1 1.6
v 0.7 0.1 1.6
v -0.8 0.1 1.5
v -0.7 0.1 1.5
v -0.2 0.1 1.5
v -0.1 0.1 1.5
v 0.1 0.1 1.5
v 0.2 0.1 1.5
v 0.3 0.1 1.5
v 0.7 0.1 1.5
v 0.8 0.1 1.5
v -0.9 0.1 1.4
v -0.8 0.1 1.4
v -0.7 0.1 1.4
v 0.7 0.1 1.4
v 0.8 0.1 1.4
v 0.9 0.1 1.4
v -1 0.1 1.3
v -0.9 0.1 1.3
v -0.8 0.1 1.3
v 0.8 0.1 1.3
v 0.9 0.1 1.3
v 1 0.1 1.3
v -1.1 0.1 1.2
v -1 0.1 1.2
v -0.9 0.1 1.2
v 0.9 0.1 1.2
v 1 0.1 1.2
v 1.1 0.1 1.2
v -1.2 0.1 1.1
v -1.1 0.1 1.1
v -1 0.1 1.1
v 1 0.1 1.1
v 1.1 0.1 1.1
v 1.2 0.1 1.1
v -1.3 0.1 1
v -1.2 0.1 1
v -1.1 0.1 1
v 1.1 0.1 1
v 1.2 0.1 1
v 1.3 0.1 1
v -1.4 0.1 0.9
v -1.3 0.1 0.9
v -1.2 0.1 0.9
v 1.2 0.1 0.9
v 1.3 0.1 0.9
v 1.4 0.1 0.9
v -1.5 0.1 0.8
v -1.4 0.1 0.8
v -1.3 0.1 0.8
v 1.3 0.1 0.8
v 1.4 0.1 0.8
v 1.5 0.1 0.8
v -1.6 0.1 0.7
v -1.5 0.1 0.7
v -1.4 0.1 0.7
v 1.4 0.1 0.7
v 1.5 0.1 0.7
v 1.6 0.1 0.7
v -1.5 0.1 0.6
v 1.5 0.1 0.6
v -1.5 0.1 0.5
v 1.5 0.1 0.5
v -1.5 0.1 0.3
v 1.5 0.1 0.3
v -1.5 0.1 0.2
v 1.5 0.1 0.2
v -1.5 0.1 0
v 1.5 0.1 0
v -1.5 0.1 -0.1
v 1.5 0.1 -0.1
v -1.5 0.1 -0.2
v 1.5 0.1 -0.2
v -1.5 0.1 -0.4
v 1.5 0.1 -0.4
v -1.5 0.1 -0.5
v 1.5 0.1 -0.5
v -1.5 0.1 -0.6
v 1.5 0.1 -0.6
v -1.6 0.1 -0.7
v -1.5 0.1 -0.7
v -1.4 0.1 -0.7
v 1.4 0.1 -0.7
v 1.5 0.1 -0.7
v 1.6 0.1 -0.7
v -1.5 0.1 -0.8
v -1.4 0.1 -0.8
v -1.3 0.1 -0.8
v 1.3 0.1 -0.8
v 1.4 0.1 -0.8
v 1.5 0.1 -0.8
v -1.4 0.1 -0.9
v -1.3 0.1 -0.9
v -1.2 0.1 -0.9
v 1.2 0.1 -0.9
v 1.3 0.1 -0.9
v 1.4 0.1 -0.9
v -1.3 0.1 -1
v -1.2 0.1 -1
v -1.1 0.1 -1
v 1.1 0.1 -1
v 1.2 0.1 -1
v 1.3 0.1 -1
v -1.2 0.1 -1.1
v -1.1 0.1 -1.1
v -1 0.1 -1.1
v 1 0.1 -1.1
v 1.1 0.1 -1.1
v 1.2 0.1 -1.1
v -1.1 0.1 -1.2
v -1 0.1 -1.2
v -0.9 0.1 -1.2
v 0.9 0.1 -1.2
v 1 0.1 -1.2
v 1.1 0.1 -1.2
v -1 0.1 -1.3
v -0.9 0.1 -1.3
v -0.8 0.1 -1.3
v 0.8 0.1 -1.3
v 0.9 0.1 -1.3
v 1 0.1 -1.3
v -0.9 0.1 -1.4
v -0.8 0.1 -1.4
v -0.7 0.1 -1.4
v 0.7 0.1 -1.4
v 0.8 0.1 -1.4
v 0.9 0.1 -1.4
v -0.8 0.1 -1.5
v -0.7 0.1 -1.5
v -0.6 0.1 -1.5
v -0.3 0.1 -1.5
v -0.2 0.1 -1.5
v -0.1 0.1 -1.5
v 0.1 0.1 -1.5
v 0.2 0.1 -1.5
v 0.3 0.1 -1.5
v 0.6 0.1 -1.5
v 0.7 0.1 -1.5
v 0.8 0.1 -1.5
v -0.7 0.1 -1.6
v 0.7 0.1 -1.6
v -0.7 1 1.5
v -0.6 1 1.5
v 0.6 1 1.5
v 0.7 1 1.5
v -0.7 1 1.4
v -0.6 1 1.4
v 0.6 1 1.4
v 0.7 1 1.4
v -0.9 1 1.3
v -0.8 1 1.3
v 0.8 1 1.3
v 0.9 1 1.3
v -0.9 1 1.2
v -0.8 1 1.2
v 0.8 1 1.2
v 0.9 1 1.2
v -1.1 1 1.1
v -1 1 1.1
v 1 1 1.1
v 1.1 1 1.1
v -1.1 1 1
v -1 1 1
v 1 1 1
v 1.1 1 1
v -1.3 1 0.9
v -1.2 1 0.9
v 1.2 1 0.9
v 1.3 1 0.9
v -1.3 1 0.8
v -1.2 1 0.8
v 1.2 1 0.8
v 1.3 1 0.8
v -1.5 1 0.7
v -1.4 1 0.7
v 1.4 1 0.7
v 1.5 1 0.7
v -1.5 1 0.6
v -1.4 1 0.6
v 1.4 1 0.6
v 1.5 1 0.6
v -1.5 1 -0.6
v -1.4 1 -0.6
v 1.4 1 -0.6
v 1.5 1 -0.6
v -1.5 1 -0.7
v -1.4 1 -0.7
v 1.4 1 -0.7
v 1.5 1 -0.7
v -1.3 1 -0.8
v -1.2 1 -0.8
v 1.2 1 -0.8
v 1.3 1 -0.8
v -1.3 1 -0.9
v -1.2 1 -0.9
v 1.2 1 -0.9
v 1.3 1 -0.9
v -1.1 1 -1
v -1 1 -1
v 1 1 -1
v 1.1 1 -1
v -1.1 1 -1.1
v -1 1 -1.1
v 1 1 -1.1
v 1.1 1 -1.1
v -0.9 1 -1.2
v -0.8 1 -1.2
v 0.8 1 -1.2
v 0.9 1 -1.2
v -0.9 1 -1.3
v -0.8 1 -1.3
v 0.8 1 -1.3
v 0.9 1 -1.3
v -0.7 1 -1.4
v -0.6 1 -1.4
v 0.6 1 -1.4
v 0.7 1 -1.4
v -0.7 1 -1.5
v -0.6 1 -1.5
v 0.6 1 -1.5
v 0.7 1 -1.5
v -0.7 1.1 1.6
v 0.7 1.1 1.6
v -0.8 1.1 1.5
v -0.7 1.1 1.5
v -0.3 1.1 1.5
v -0.2 1.1 1.5
v -0.1 1.1 1.5
v 0.1 1.1 1.5
v 0.2 1.1 1.5
v 0.3 1.1 1.5
v 0.7 1.1 1.5
v 0.8 1.1 1.5
v -0.9 1.1 1.4
v -0.8 1.1 1.4
v -0.7 1.1 1.4
v 0.7 1.1 1.4
v 0.8 1.1 1.4
v 0.9 1.1 1.4
v -1 1.1 1.3
v -0.9 1.1 1.3
v -0.8 1.1 1.3
v 0.8 1.1 1.3
v 0.9 1.1 1.3
v 1 1.1 1.3
v -1.1 1.1 1.2
v -1 1.1 1.2
v -0.9 1.1 1.2
v 0.9 1.1 1.2
v 1 1.1 1.2
v 1.1 1.1 1.2
v -1.2 1.1 1.1
v -1.1 1.1 1.1
v -1 1.1 1.1
v 1 1.1 1.1
v 1.1 1.1 1.1
v 1.2 1.1 1.1
v -1.3 1.1 1
v -1.2 1.1 1
v -1.1 1.1 1
v 1.1 1.1 1
v 1.2 1.1 1
v 1.3 1.1 1
v -1.4 1.1 0.9
v -1.3 1.1 0.9
v -1.2 1.1 0.9
v 1.2 1.1 0.9
v 1.3 1.1 0.9
v 1.4 1.1 0.9
v -1.5 1.1 0.8
v -1.4 1.1 0.8
v -1.3 1.1 0.8
v 1.3 1.1 0.8
v 1.4 1.1 0.8
v 1.5 1.1 0.8
v -1.6 1.1 0.7
v -1.5 1.1 0.7
v -1.4 1.1 0.7
v 1.4 1.1 0.7
v 1.5 1.1 0.7
v 1.6 1.1 0.7
v -1.5 1.1 0.6
v 1.5 1.1 0.6
v -1.5 1.1 0.4
v 1.5 1.1 0.4
v -1.5 1.1 0.3
v 1.5 1.1 0.3
v -1.5 1.1 0.2
v 1.5 1.1 0.2
v -1.5 1.1 0
v 1.5 1.1 0
v -1.5 1.1 -0.1
v 1.5 1.1 -0.1
v -1.5 1.1 -0.2
v 1.5 1.1 -0.2
v -1.5 1.1 -0.4
v 1.5 1.1 -0.4
v -1.5 1.1 -0.5
v 1.5 1.1 -0.5
v -1.5 1.1 -0.6
v 1.5 1.1 -0.6
v -1.6 1.1 -0.7
v -1.5 1.1 -0.7
v -1.4 1.1 -0.7
v 1.4 1.1 -0.7
v 1.5 1.1 -0.7
v 1.6 1.1 -0.7
v -1.5 1.1 -0.8
v -1.4 1.1 -0.8
v -1.3 1.1 -0.8
v 1.3 1.1 -0.8
v 1.4 1.1 -0.8
v 1.5 1.1 -0.8
v -1.4 1.1 -0.9
v -1.3 1.1 -0.9
v -1.2 1.1 -0.9
v 1.2 1.1 -0.9
v 1.3 1.1 -0.9
v 1.4 1.1 -0.9
v -1.3 1.1 -1
v -1.2 1.1 -1
v -1.1 1.1 -1
v 1.1 1.1 -1
v 1.2 1.1 -1
v 1.3 1.1 -1
v -1.2 1.1 -1.1
v -1.1 1.1 -1.1
v -1 1.1 -1.1
v 1 1.1 -1.1
v 1.1 1.1 -1.1
v 1.2 1.1 -1.1
v -1.1 1.1 -1.2
v -1 1.1 -1.2
v -0.9 1.1 -1.2
v 0.9 1.1 -1.2
v 1 1.1 -1.2
v 1.1 1.1 -1.2
v -1 1.1 -1.3
v -0.9 1.1 -1.3
v -0.8 1.1 -1.3
v 0.8 1.1 -1.3
v 0.9 1.1 -1.3
v 1 1.1 -1.3
v -0.9 1.1 -1.4
v -0.8 1.1 -1.4
v -0.7 1.1 -1.4
v 0.7 1.1 -1.4
v 0.8 1.1 -1.4
v 0.9 1.1 -1.4
v -0.8 1.1 -1.5
v -0.7 1.1 -1.5
v -0.5 1.1 -1.5
v -0.3 1.1 -1.5
v -0.2 1.1 -1.5
v -0.1 1.1 -1.5
v 0.1 1.1 -1.5
v 0.2 1.1 -1.5
v 0.3 1.1 -1.5
v 0.7 1.1 -1.5
v 0.8 1.1 -1.5
v -0.7 1.1 -1.6
v 0.7 1.1 -1.6
v -0.6 2.1 1.5
v 0.6 2.1 1.5
v -0.7 2.1 1.4
v -0.6 2.1 1.4
v -0.5 2.1 1.4
v -0.3 2.1 1.4
v -0.2 2.1 1.4
v -0.1 2.1 1.4
v 0.1 2.1 1.4
v 0.2 2.1 1.4
v 0.3 2.1 1.4
v 0.5 2.1 1.4
v 0.6 2.1 1.4
v 0.7 2.1 1.4
v -0.8 2.1 1.3
v -0.7 2.1 1.3
v -0.6 2.1 1.3
v 0.6 2.1 1.3
v 0.7 2.1 1.3
v 0.8 2.1 1.3
v -0.9 2.1 1.2
v -0.8 2.1 1.2
v -0.7 2.1 1.2
v -0.6 2.1 1.2
v 0.6 2.1 1.2
v 0.7 2.1 1.2
v 0.8 2.1 1.2
v 0.9 2.1 1.2
v -1 2.1 1.1
v -0.9 2.1 1.1
v -0.8 2.1 1.1
v 0.8 2.1 1.1
v 0.9 2.1 1.1
v 1 2.1 1.1
v -1.1 2.1 1
v -1 2.1 1
v -0.9 2.1 1
v -0.8 2.1 1
v 0.8 2.1 1
v 0.9 2.1 1
v 1 2.1 1
v 1.1 2.1 1
v -1.2 2.1 0.9
v -1.1 2.1 0.9
v -1 2.1 0.9
v 1 2.1 0.9
v 1.1 2.1 0.9
v 1.2 2.1 0.9
v -1.3 2.1 0.8
v -1.2 2.1 0.8
v -1.1 2.1 0.8
v -1 2.1 0.8
v 1 2.1 0.8
v 1.1 2.1 0.8
v 1.2 2.1 0.8
v 1.3 2.1 0.8
v -1.4 2.1 0.7
v -1.3 2.1 0.7
v -1.2 2.1 0.7
v 1.2 2.1 0.7
v 1.3 2.1 0.7
v 1.4 2.1 0.7
v -1.5 2.1 0.6
v -1.4 2.1 0.6
v -1.3 2.1 0.6
v -1.2 2.1 0.6
v 1.2 2.1 0.6
v 1.3 2.1 0.6
v 1.4 2.1 0.6
v 1.5 2.1 0.6
v -1.4 2.1 0.4
v 1.4 2.1 0.4
v -1.4 2.1 0.3
v 1.4 2.1 0.3
v -1.4 2.1 0.2
v 1.4 2.1 0.2
v -1.4 2.1 0
v 1.4 2.1 0
v -1.4 2.1 -0.1
v 1.4 2.1 -0.1
v -1.4 2.1 -0.2
v 1.4 2.1 -0.2
v -1.4 2.1 -0.4
v 1.4 2.1 -0.4
v -1.4 2.1 -0.5
v 1.4 2.1 -0.5
v -1.5 2.1 -0.6
v -1.4 2.1 -0.6
v -1.3 2.1 -0.6
v -1.2 2.1 -0.6
v 1.2 2.1 -0.6
v 1.3 2.1 -0.6
v 1.4 2.1 -0.6
v 1.5 2.1 -0.6
v -1.4 2.1 -0.7
v -1.3 2.1 -0.7
v 1.3 2.1 -0.7
v 1.4 2.1 -0.7
v -1.3 2.1 -0.8
v -1.2 2.1 -0.8
v -1.1 2.1 -0.8
v -1 2.1 -0.8
v 1 2.1 -0.8
v 1.1 2.1 -0.8
v 1.2 2.1 -0.8
v 1.3 2.1 -0.8
v -1.2 2.1 -0.9
v -1.1 2.1 -0.9
v -1 2.1 -0.9
v 1 2.1 -0.9
v 1.1 2.1 -0.9
v 1.2 2.1 -0.9
v -1.1 2.1 -1
v -1 2.1 -1
v -0.9 2.1 -1
v -0.8 2.1 -1
v 0.8 2.1 -1
v 0.9 2.1 -1
v 1 2.1 -1
v 1.1 2.1 -1
v -1 2.1 -1.1
v -0.9 2.1 -1.1
v -0.8 2.1 -1.1
v 0.8 2.1 -1.1
v 0.9 2.1 -1.1
v 1 2.1 -1.1
v -0.9 2.1 -1.2
v -0.8 2.1 -1.2
v -0.7 2.1 -1.2
v -0.6 2.1 -1.2
v 0.6 2.1 -1.2
v 0.7 2.1 -1.2
v 0.8 2.1 -1.2
v 0.9 2.1 -1.2
v -0.8 2.1 -1.3
v -0.7 2.1 -1.3
v -0.6 2.1 -1.3
v 0.6 2.1 -1.3
v 0.7 2.1 -1.3
v 0.8 2.1 -1.3
v -0.7 2.1 -1.4
v -0.6 2.1 -1.4
v -0.5 2.1 -1.4
v -0.3 2.1 -1.4
v -0.2 2.1 -1.4
v -0.1 2.1 -1.4
v 0.1 2.1 -1.4
v 0.2 2.1 -1.4
v 0.3 2.1 -1.4
v 0.5 2.1 -1.4
v 0.6 2.1 -1.4
v 0.7 2.1 -1.4
v -0.6 2.1 -1.5
v 0.6 2.1 -1.5
v -0.6 -0.6 1.5
v 0.6 -0.6 1.5
v -0.7 -0.6 1.4
v -0.6 -0.6 1.4
v -0.5 -0.6 1.4
v -0.3 -0.6 1.4
v -0.2 -0.6 1.4
v -0.1 -0.6 1.4
v 0.1 -0.6 1.4
v 0.2 -0.6 1.4
v 0.3 -0.6 1.4
v 0.5 -0.6 1.4
v 0.6 -0.6 1.4
v 0.7 -0.6 1.4
v -0.8 -0.6 1.3
v -0.7 -0.6 1.3
v -0.6 -0.6 1.3
v 0.6 -0.6 1.3
v 0.7 -0.6 1.3
v 0.8 -0.6 1.3
v -0.9 -0.6 1.2
v -0.8 -0.6 1.2
v -0.7 -0.6 1.2
v -0.6 -0.6 1.2
v 0.6 -0.6 1.2
v 0.7 -0.6 1.2
v 0.8 -0.6 1.2
v 0.9 -0.6 1.2
v -1 -0.6 1.1
v -0.9 -0.6 1.1
v -0.8 -0.6 1.1
v 0.8 -0.6 1.1
v 0.9 -0.6 1.1
v 1 -0.6 1.1
v -1.1 -0.6 1
v -1 -0.6 1
v -0.9 -0.6 1
v -0.8 -0.6 1
v 0.8 -0.6 1
v 0.9 -0.6 1
v 1 -0.6 1
v 1.1 -0.6 1
v -1.2 -0.6 0.9
v -1.1 -0.6 0.9
v -1 -0.6 0.9
v 1 -0.6 0.9
v 1.1 -0.6 0.9
v 1.2 -0.6 0.9
v -1.3 -0.6 0.8
v -1.2 -0.6 0.8
v -1.1 -0.6 0.8
v -1 -0.6 0.8
v 1 -0.6 0.8
v 1.1 -0.6 0.8
v 1.2 -0.6 0.8
v 1.3 -0.6 0.8
v -1.4 -0.6 0.7
v -1.3 -0.6 0.7
v -1.2 -0.6 0.7
v 1.2 -0.6 0.7
v 1.3 -0.6 0.7
v 1.4 -0.6 0.7
v -1.5 -0.6 0.6
v -1.4 -0.6 0.6
v -1.3 -0.6 0.6
v -1.2 -0.6 0.6
v 1.2 -0.6 0.6
v 1.3 -0.6 0.6
v 1.4 -0.6 0.6
v 1.5 -0.6 0.6
v -1.4 -0.6 0.5
v 1.4 -0.6 0.5
v -1.4 -0.6 0.3
v 1.4 -0.6 0.3
v -1.4 -0.6 0.2
v 1.4 -0.6 0.2
v -1.4 -0.6 0.1
v 1.4 -0.6 0.1
v -1.4 -0.6 -0.1
v 1.4 -0.6 -0.1
v -1.4 -0.6 -0.2
v 1.4 -0.6 -0.2
v -1.4 -0.6 -0.4
v 1.4 -0.6 -0.4
v -1.4 -0.6 -0.5
v 1.4 -0.6 -0.5
v -1.5 -0.6 -0.6
v -1.4 -0.6 -0.6
v -1.3 -0.6 -0.6
v -1.2 -0.6 -0.6
v 1.2 -0.6 -0.6
v 1.3 -0.6 -0.6
v 1.4 -0.6 -0.6
v 1.5 -0.6 -0.6
v -1.4 -0.6 -0.7
v -1.3 -0.6 -0.7
v 1.3 -0.6 -0.7
v 1.4 -0.6 -0.7
v -1.3 -0.6 -0.8
v -1.2 -0.6 -0.8
v -1.1 -0.6 -0.8
v -1 -0.6 -0.8
v 1 -0.6 -0.8
v 1.1 -0.6 -0.8
v 1.2 -0.6 -0.8
v 1.3 -0.6 -0.8
v -1.2 -0.6 -0.9
v -1.1 -0.6 -0.9
v -1 -0.6 -0.9
v 1 -0.6 -0.9
v 1.1 -0.6 -0.9
v 1.2 -0.6 -0.9
v -1.1 -0.6 -1
v -1 -0.6 -1
v -0.9 -0.6 -1
v -0.8 -0.6 -1
v 0.8 -0.6 -1
v 0.9 -0.6 -1
v 1 -0.6 -1
v 1.1 -0.6 -1
v -1 -0.6 -1.1
v -0.9 -0.6 -1.1
v -0.8 -0.6 -1.1
v 0.8 -0.6 -1.1
v 0.9 -0.6 -1.1
v 1 -0.6 -1.1
v -0.9 -0.6 -1.2
v -0.8 -0.6 -1.2
v -0.7 -0.6 -1.2
v -0.6 -0.6 -1.2
v 0.6 -0.6 -1.2
v 0.7 -0.6 -1.2
v 0.8 -0.6 -1.2
v 0.9 -0.6 -1.2
v -0.8 -0.6 -1.3
v -0.7 -0.6 -1.3
v -0.6 -0.6 -1.3
v 0.6 -0.6 -1.3
v 0.7 -0.6 -1.3
v 0.8 -0.6 -1.3
v -0.7 -0.6 -1.4
v -0.6 -0.6 -1.4
v -0.5 -0.6 -1.4
v -0.4 -0.6 -1.4
v -0.3 -0.6 -1.4
v -0.2 -0.6 -1.4
v -0.1 -0.6 -1.4
v 0.1 -0.6 -1.4
v 0.2 -0.6 -1.4
v 0.3 -0.6 -1.4
v 0.5 -0.6 -1.4
v 0.6 -0.6 -1.4
v 0.7 -0.6 -1.4
v -0.6 -0.6 -1.5
v 0.6 -0.6 -1.5
v -0.7 0.3 1.6
v 0.7 0.3 1.6
v -0.8 0.3 1.5
v -0.7 0.3 1.5
v -0.3 0.3 1.5
v -0.2 0.3 1.5
v -0.1 0.3 1.5
v 0.1 0.3 1.5
v 0.2 0.3 1.5
v 0.3 0.3 1.5
v 0.7 0.3 1.5
v 0.8 0.3 1.5
v -0.9 0.3 1.4
v -0.8 0.3 1.4
v -0.7 0.3 1.4
v 0.7 0.3 1.4
v 0.8 0.3 1.4
v 0.9 0.3 1.4
v -1 0.3 1.3
v -0.9 0.3 1.3
v -0.8 0.3 1.3
v 0.8 0.3 1.3
v 0.9 0.3 1.3
v 1 0.3 1.3
v -1.1 0.3 1.2
v -1 0.3 1.2
v -0.9 0.3 1.2
v 0.9 0.3 1.2
v 1 0.3 1.2
v 1.1 0.3 1.2
v -1.2 0.3 1.1
v -1.1 0.3 1.1
v -1 0.3 1.1
v 1 0.3 1.1
v 1.1 0.3 1.1
v 1.2 0.3 1.1
v -1.3 0.3 1
v -1.2 0.3 1
v -1.1 0.3 1
v 1.1 0.3 1
v 1.2 0.3 1
v 1.3 0.3 1
v -1.4 0.3 0.9
v -1.3 0.3 0.9
v -1.2 0.3 0.9
v 1.2 0.3 0.9
v 1.3 0.3 0.9
v 1.4 0.3 0.9
v -1.5 0.3 0.8
v -1.4 0.3 0.8
v -1.3 0.3 0.8
v 1.3 0.3 0.8
v 1.4 0.3 0.8
v 1.5 0.3 0.8
v -1.6 0.3 0.7
v -1.5 0.3 0.7
v -1.4 0.3 0.7
v 1.4 0.3 0.7
v 1.5 0.3 0.7
v 1.6 0.3 0.7
v -1.5 0.3 0.6
v 1.5 0.3 0.6
v -1.5 0.3 0.4
v 1.5 0.3 0.4
v -1.5 0.3 0.3
v 1.5 0.3 0.3
v -1.5 0.3 0.2
v 1.5 0.3 0.2
v -1.5 0.3 0
v 1.5 0.3 0
v -1.5 0.3 -0.1
v 1.5 0.3 -0.1
v -1.5 0.3 -0.2
v 1.5 0.3 -0.2
v -1.5 0.3 -0.4
v 1.5 0.3 -0.4
v -1.5 0.3 -0.5
v 1.5 0.3 -0.5
v -1.5 0.3 -0.6
v 1.5 0.3 -0.6
v -1.6 0.3 -0.7
v -1.5 0.3 -0.7
v -1.4 0.3 -0.7
v 1.4 0.3 -0.7
v 1.5 0.3 -0.7
v 1.6 0.3 -0.7
v -1.5 0.3 -0.8
v -1.4 0.3 -0.8
v -1.3 0.3 -0.8
v 1.3 0.3 -0.8
v 1.4 0.3 -0.8
v 1.5 0.3 -0.8
v -1.4 0.3 -0.9
v -1.3 0.3 -0.9
v -1.2 0.3 -0.9
v 1.2 0.3 -0.9
v 1.3 0.3 -0.9
v 1.4 0.3 -0.9
v -1.3 0.3 -1
v -1.2 0.3 -1
v -1.1 0.3 -1
v 1.1 0.3 -1
v 1.2 0.3 -1
v 1.3 0.3 -1
v -1.2 0.3 -1.1
v -1.1 0.3 -1.1
v -1 0.3 -1.1
v 1 0.3 -1.1
v 1.1 0.3 -1.1
v 1.2 0.3 -1.1
v -1.1 0.3 -1.2
v -1 0.3 -1.2
v -0.9 0.3 -1.2
v 0.9 0.3 -1.2
v 1 0.3 -1.2
v 1.1 0.3 -1.2
v -1 0.3 -1.3
v -0.9 0.3 -1.3
v -0.8 0.3 -1.3
v 0.8 0.3 -1.3
v 0.9 0.3 -1.3
v 1 0.3 -1.3
v -0.9 0.3 -1.4
v -0.8 0.3 -1.4
v -0.7 0.3 -1.4
v 0.7 0.3 -1.4
v 0.8 0.3 -1.4
v 0.9 0.3 -1.4
v -0.8 0.3 -1.5
v -0.7 0.3 -1.5
v -0.5 0.3 -1.5
v -0.3 0.3 -1.5
v -0.2 0.3 -1.5
v -0.1 0.3 -1.5
v 0.1 0.3 -1.5
v 0.2 0.3 -1.5
v 0.3 0.3 -1.5
v 0.7 0.3 -1.5
v 0.8 0.3 -1.5
v -0.7 0.3 -1.6
v 0.7 0.3 -1.6
v -0.7 0.4 1.5
v -0.6 0.4 1.5
v 0.6 0.4 1.5
v 0.7 0.4 1.5
v -0.7 0.4 1.4
v -0.6 0.4 1.4
v 0.6 0.4 1.4
v 0.7 0.4 1.4
v -0.9 0.4 1.3
v -0.8 0.4 1.3
v 0.8 0.4 1.3
v 0.9 0.4 1.3
v -0.9 0.4 1.2
v -0.8 0.4 1.2
v 0.8 0.4 1.2
v 0.9 0.4 1.2
v -1.1 0.4 1.1
v -1 0.4 1.1
v 1 0.4 1.1
v 1.1 0.4 1.1
v -1.1 0.4 1
v -1 0.4 1
v 1 0.4 1
v 1.1 0.4 1
v -1.3 0.4 0.9
v -1.2 0.4 0.9
v 1.2 0.4 0.9
v 1.3 0.4 0.9
v -1.3 0.4 0.8
v -1.2 0.4 0.8
v 1.2 0.4 0.8
v 1.3 0.4 0.8
v -1.5 0.4 0.7
v -1.4 0.4 0.7
v 1.4 0.4 0.7
v 1.5 0.4 0.7
v -1.5 0.4 0.6
v -1.4 0.4 0.6
v 1.4 0.4 0.6
v 1.5 0.4 0.6
v -1.5 0.4 -0.6
v -1.4 0.4 -0.6
v 1.4 0.4 -0.6
v 1.5 0.4 -0.6
v -1.5 0.4 -0.7
v -1.4 0.4 -0.7
v 1.4 0.4 -0.7
v 1.5 0.4 -0.7
v -1.3 0.4 -0.8
v -1.2 0.4 -0.8
v 1.2 0.4 -0.8
v 1.3 0.4 -0.8
v -1.3 0.4 -0.9
v -1.2 0.4 -0.9
v 1.2 0.4 -0.9
v 1.3 0.4 -0.9
v -1.1 0.4 -1
v -1 0.4 -1
v 1 0.4 -1
v 1.1 0.4 -1
v -1.1 0.4 -1.1
v -1 0.4 -1.1
v 1 0.4 -1.1
v 1.1 0.4 -1.1
v -0.9 0.4 -1.2
v -0.8 0.4 -1.2
v 0.8 0.4 -1.2
v 0.9 0.4 -1.2
v -0.9 0.4 -1.3
v -0.8 0.4 -1.3
v 0.8 0.4 -1.3
v 0.9 0.4 -1.3
v -0.7 0.4 -1.4
v -0.6 0.4 -1.4
v 0.6 0.4 -1.4
v 0.7 0.4 -1.4
v -0.7 0.4 -1.5
v -0.6 0.4 -1.5
v 0.6 0.4 -1.5
v 0.7 0.4 -1.5
v -0.7 1.3 1.6
v 0.7 1.3 1.6
v -0.8 1.3 1.5
v -0.7 1.3 1.5
v -0.3 1.3 1.5
v -0.2 1.3 1.5
v -0.1 1.3 1.5
v 0.1 1.3 1.5
v 0.2 1.3 1.5
v 0.3 1.3 1.5
v 0.7 1.3 1.5
v 0.8 1.3 1.5
v -0.9 1.3 1.4
v -0.8 1.3 1.4
v -0.7 1.3 1.4
v 0.7 1.3 1.4
v 0.8 1.3 1.4
v 0.9 1.3 1.4
v -1 1.3 1.3
v -0.9 1.3 1.3
v -0.8 1.3 1.3
v 0.8 1.3 1.3
v 0.9 1.3 1.3
v 1 1.3 1.3
v -1.1 1.3 1.2
v -1 1.3 1.2
v -0.9 1.3 1.2
v 0.9 1.3 1.2
v 1 1.3 1.2
v 1.1 1.3 1.2
v -1.2 1.3 1.1
v -1.1 1.3 1.1
v -1 1.3 1.1
v 1 1.3 1.1
v 1.1 1.3 1.1
v 1.2 1.3 1.1
v -1.3 1.3 1
v -1.2 1.3 1
v -1.1 1.3 1
v 1.1 1.3 1
v 1.2 1.3 1
v 1.3 1.3 1
v -1.4 1.3 0.9
v -1.3 1.3 0.9
v -1.2 1.3 0.9
v 1.2 1.3 0.9
v 1.3 1.3 0.9
v 1.4 1.3 0.9
v -1.5 1.3 0.8
v -1.4 1.3 0.8
v -1.3 1.3 0.8
v 1.3 1.3 0.8
v 1.4 1.3 0.8
v 1.5 1.3 0.8
v -1.6 1.3 0.7
v -1.5 1.3 0.7
v -1.4 1.3 0.7
v 1.4 1.3 0.7
v 1.5 1.3 0.7
v 1.6 1.3 0.7
v -1.5 1.3 0.6
v 1.5 1.3 0.6
v -1.5 1.3 0.4
v 1.5 1.3 0.4
v -1.5 1.3 0.3
v 1.5 1.3 0.3
v -1.5 1.3 0.2
v 1.5 1.3 0.2
v -1.5 1.3 0
v 1.5 1.3 0
v -1.5 1.3 -0.1
v 1.5 1.3 -0.1
v -1.5 1.3 -0.2
v 1.5 1.3 -0.2
v -1.5 1.3 -0.4
v 1.5 1.3 -0.4
v -1.5 1.3 -0.5
v 1.5 1.3 -0.5
v -1.5 1.3 -0.6
v 1.5 1.3 -0.6
v -1.6 1.3 -0.7
v -1.5 1.3 -0.7
v -1.4 1.3 -0.7
v 1.4 1.3 -0.7
v 1.5 1.3 -0.7
v 1.6 1.3 -0.7
v -1.5 1.3 -0.8
v -1.4 1.3 -0.8
v -1.3 1.3 -0.8
v 1.3 1.3 -0.8
v 1.4 1.3 -0.8
v 1.5 1.3 -0.8
v -1.4 1.3 -0.9
v -1.3 1.3 -0.9
v -1.2 1.3 -0.9
v 1.2 1.3 -0.9
v 1.3 1.3 -0.9
v 1.4 1.3 -0.9
v -1.3 1.3 -1
v -1.2 1.3 -1
v -1.1 1.3 -1
v 1.1 1.3 -1
v 1.2 1.3 -1
v 1.3 1.3 -1
v -1.2 1.3 -1.1
v -1.1 1.3 -1.1
v -1 1.3 -1.1
v 1 1.3 -1.1
v 1.1 1.3 -1.1
v 1.2 1.3 -1.1
v -1.1 1.3 -1.2
v -1 1.3 -1.2
v -0.9 1.3 -1.2
v 0.9 1.3 -1.2
v 1 1.3 -1.2
v 1.1 1.3 -1.2
v -1 1.3 -1.3
v -0.9 1.3 -1.3
v -0.8 1.3 -1.3
v 0.8 1.3 -1.3
v 0.9 1.3 -1.3
v 1 1.3 -1.3
v -0.9 1.3 -1.4
v -0.8 1.3 -1.4
v -0.7 1.3 -1.4
v 0.7 1.3 -1.4
v 0.8 1.3 -1.4
v 0.9 1.3 -1.4
v -0.8 1.3 -1.5
v -0.7 1.3 -1.5
v -0.3 1.3 -1.5
v -0.2 1.3 -1.5
v -0.1 1.3 -1.5
v 0.1 1.3 -1.5
v 0.2 1.3 -1.5
v 0.3 1.3 -1.5
v 0.5 1.3 -1.5
v 0.6 1.3 -1.5
v 0.7 1.3 -1.5
v 0.8 1.3 -1.5
v -0.7 1.3 -1.6
v 0.7 1.3 -1.6
v -0.7 1.4 1.5
v -0.6 1.4 1.5
v 0.6 1.4 1.5
v 0.7 1.4 1.5
v -0.7 1.4 1.4
v -0.6 1.4 1.4
v 0.6 1.4 1.4
v 0.7 1.4 1.4
v -0.9 1.4 1.3
v -0.8 1.4 1.3
v 0.8 1.4 1.3
v 0.9 1.4 1.3
v -0.9 1.4 1.2
v -0.8 1.4 1.2
v 0.8 1.4 1.2
v 0.9 1.4 1.2
v -1.1 1.4 1.1
v -1 1.4 1.1
v 1 1.4 1.1
v 1.1 1.4 1.1
v -1.1 1.4 1
v -1 1.4 1
v 1 1.4 1
v 1.1 1.4 1
v -1.3 1.4 0.9
v -1.2 1.4 0.9
v 1.2 1.4 0.9
v 1.3 1.4 0.9
v -1.3 1.4 0.8
v -1.2 1.4 0.8
v 1.2 1.4 0.8
v 1.3 1.4 0.8
v -1.5 1.4 0.7
v -1.4 1.4 0.7
v 1.4 1.4 0.7
v 1.5 1.4 0.7
v -1.5 1.4 0.6
v -1.4 1.4 0.6
v 1.4 1.4 0.6
v 1.5 1.4 0.6
v -1.5 1.4 -0.6
v -1.4 1.4 -0.6
v 1.4 1.4 -0.6
v 1.5 1.4 -0.6
v -1.5 1.4 -0.7
v -1.4 1.4 -0.7
v 1.4 1.4 -0.7
v 1.5 1.4 -0.7
v -1.3 1.4 -0.8
v -1.2 1.4 -0.8
v 1.2 1.4 -0.8
v 1.3 1.4 -0.8
v -1.3 1.4 -0.9
v -1.2 1.4 -0.9
v 1.2 1.4 -0.9
v 1.3 1.4 -0.9
v -1.1 1.4 -1
v -1 1.4 -1
v 1 1.4 -1
v 1.1 1.4 -1
v -1.1 1.4 -1.1
v -1 1.4 -1.1
v 1 1.4 -1.1
v 1.1 1.4 -1.1
v -0.9 1.4 -1.2
v -0.8 1.4 -1.2
v 0.8 1.4 -1.2
v 0.9 1.4 -1.2
v -0.9 1.4 -1.3
v -0.8 1.4 -1.3
v 0.8 1.4 -1.3
v 0.9 1.4 -1.3
v -0.7 1.4 -1.4
v -0.6 1.4 -1.4
v 0.6 1.4 -1.4
v 0.7 1.4 -1.4
v -0.7 1.4 -1.5
v -0.6 1.4 -1.5
v 0.6 1.4 -1.5
v 0.7 1.4 -1.5
v -0.6 1.5 1.5
v -0.4 1.5 1.5
v 0.4 1.5 1.5
v 0.6 1.5 1.5
v -0.6 1.5 1.4
v -0.4 1.5 1.4
v 0.4 1.5 1.4
v 0.6 1.5 1.4
v -1.5 1.5 0.6
v -1.4 1.5 0.6
v 1.4 1.5 0.6
v 1.5 1.5 0.6
v -1.4 1.5 0.5
v 1.4 1.5 0.5
v -1.5 1.5 0.4
v -1.4 1.5 0.4
v 1.4 1.5 0.4
v 1.5 1.5 0.4
v -1.5 1.5 -0.4
v -1.4 1.5 -0.4
v 1.4 1.5 -0.4
v 1.5 1.5 -0.4
v -1.5 1.5 -0.5
v -1.4 1.5 -0.5
v 1.4 1.5 -0.5
v 1.5 1.5 -0.5
v -1.5 1.5 -0.6
v -1.4 1.5 -0.6
v 1.4 1.5 -0.6
v 1.5 1.5 -0.6
v -0.6 1.5 -1.4
v -0.4 1.5 -1.4
v 0.4 1.5 -1.4
v 0.6 1.5 -1.4
v -0.6 1.5 -1.5
v -0.4 1.5 -1.5
v 0.4 1.5 -1.5
v 0.6 1.5 -1.5
v -0.8 1.6 1.4
v -0.7 1.6 1.4
v 0.7 1.6 1.4
v 0.8 1.6 1.4
v -0.8 1.6 1.3
v -0.7 1.6 1.3
v 0.7 1.6 1.3
v 0.8 1.6 1.3
v -1.4 1.6 0.8
v -1.3 1.6 0.8
v 1.3 1.6 0.8
v 1.4 1.6 0.8
v -1.4 1.6 0.7
v -1.3 1.6 0.7
v 1.3 1.6 0.7
v 1.4 1.6 0.7
v -1.4 1.6 -0.7
v -1.3 1.6 -0.7
v 1.3 1.6 -0.7
v 1.4 1.6 -0.7
v -1.4 1.6 -0.8
v -1.3 1.6 -0.8
v 1.3 1.6 -0.8
v 1.4 1.6 -0.8
v -0.8 1.6 -1.3
v -0.7 1.6 -1.3
v 0.7 1.6 -1.3
v 0.8 1.6 -1.3
v -0.8 1.6 -1.4
v -0.7 1.6 -1.4
v 0.7 1.6 -1.4
v 0.8 1.6 -1.4
v -0.7 1.7 1.4
v -0.6 1.7 1.4
v 0.6 1.7 1.4
v 0.7 1.7 1.4
v -0.8 1.7 1.3
v -0.7 1.7 1.3
v -0.6 1.7 1.3
v 0.6 1.7 1.3
v 0.7 1.7 1.3
v 0.8 1.7 1.3
v -0.8 1.7 1.2
v -0.6 1.7 1.2
v 0.6 1.7 1.2
v 0.8 1.7 1.2
v -1.3 1.7 0.8
v -1.2 1.7 0.8
v 1.2 1.7 0.8
v 1.3 1.7 0.8
v -1.4 1.7 0.7
v -1.3 1.7 0.7
v -1.2 1.7 0.7
v 1.2 1.7 0.7
v 1.3 1.7 0.7
v 1.4 1.7 0.7
v -1.4 1.7 0.6
v -1.3 1.7 0.6
v -1.2 1.7 0.6
v 1.2 1.7 0.6
v 1.3 1.7 0.6
v 1.4 1.7 0.6
v -1.4 1.7 -0.6
v -1.3 1.7 -0.6
v -1.2 1.7 -0.6
v 1.2 1.7 -0.6
v 1.3 1.7 -0.6
v 1.4 1.7 -0.6
v -1.4 1.7 -0.7
v -1.3 1.7 -0.7
v 1.3 1.7 -0.7
v 1.4 1.7 -0.7
v -1.3 1.7 -0.8
v -1.2 1.7 -0.8
v 1.2 1.7 -0.8
v 1.3 1.7 -0.8
v -0.8 1.7 -1.2
v -0.7 1.7 -1.2
v -0.6 1.7 -1.2
v 0.6 1.7 -1.2
v 0.7 1.7 -1.2
v 0.8 1.7 -1.2
v -0.8 1.7 -1.3
v -0.7 1.7 -1.3
v -0.6 1.7 -1.3
v 0.6 1.7 -1.3
v 0.7 1.7 -1.3
v 0.8 1.7 -1.3
v -0.7 1.7 -1.4
v -0.6 1.7 -1.4
v 0.6 1.7 -1.4
v 0.7 1.7 -1.4
v -0.4 1.8 1.5
v -0.3 1.8 1.5
v 0.3 1.8 1.5
v 0.4 1.8 1.5
v -0.4 1.8 1.4
v -0.3 1.8 1.4
v 0.3 1.8 1.4
v 0.4 1.8 1.4
v -1 1.8 1.2
v -0.9 1.8 1.2
v 0.9 1.8 1.2
v 1 1.8 1.2
v -1 1.8 1.1
v -0.9 1.8 1.1
v 0.9 1.8 1.1
v 1 1.8 1.1
v -1.2 1.8 1
v -1.1 1.8 1
v 1.1 1.8 1
v 1.2 1.8 1
v -1.2 1.8 0.9
v -1.1 1.8 0.9
v 1.1 1.8 0.9
v 1.2 1.8 0.9
v -1.5 1.8 0.4
v -1.4 1.8 0.4
v 1.4 1.8 0.4
v 1.5 1.8 0.4
v -1.5 1.8 0.3
v -1.4 1.8 0.3
v 1.4 1.8 0.3
v 1.5 1.8 0.3
v -1.5 1.8 -0.3
v -1.4 1.8 -0.3
v 1.4 1.8 -0.3
v 1.5 1.8 -0.3
v -1.5 1.8 -0.4
v -1.4 1.8 -0.4
v 1.4 1.8 -0.4
v 1.5 1.8 -0.4
v -1.2 1.8 -0.9
v -1.1 1.8 -0.9
v 1.1 1.8 -0.9
v 1.2 1.8 -0.9
v -1.2 1.8 -1
v -1.1 1.8 -1
v 1.1 1.8 -1
v 1.2 1.8 -1
v -1 1.8 -1.1
v -0.9 1.8 -1.1
v 0.9 1.8 -1.1
v 1 1.8 -1.1
v -1 1.8 -1.2
v -0.9 1.8 -1.2
v 0.9 1.8 -1.2
v 1 1.8 -1.2
v -0.4 1.8 -1.4
v -0.3 1.8 -1.4
v 0.3 1.8 -1.4
v 0.4 1.8 -1.4
v -0.4 1.8 -1.5
v -0.3 1.8 -1.5
v 0.3 1.8 -1.5
v 0.4 1.8 -1.5
v -0.3 1.9 1.5
v -0.2 1.9 1.5
v -0.1 1.9 1.5
v 0.1 1.9 1.5
v 0.2 1.9 1.5
v 0.3 1.9 1.5
v -0.3 1.9 1.4
v -0.2 1.9 1.4
v -0.1 1.9 1.4
v 0.1 1.9 1.4
v 0.2 1.9 1.4
v 0.3 1.9 1.4
v -0.9 1.9 1.2
v -0.8 1.9 1.2
v 0.8 1.9 1.2
v 0.9 1.9 1.2
v -1 1.9 1.1
v -0.9 1.9 1.1
v -0.8 1.9 1.1
v 0.8 1.9 1.1
v 0.9 1.9 1.1
v 1 1.9 1.1
v -1.1 1.9 1
v -1 1.9 1
v -0.9 1.9 1
v -0.8 1.9 1
v 0.8 1.9 1
v 0.9 1.9 1
v 1 1.9 1
v 1.1 1.9 1
v -1.2 1.9 0.9
v -1.1 1.9 0.9
v 1.1 1.9 0.9
v 1.2 1.9 0.9
v -1.2 1.9 0.8
v -1.1 1.9 0.8
v -1 1.9 0.8
v 1 1.9 0.8
v 1.1 1.9 0.8
v 1.2 1.9 0.8
v -1.5 1.9 0.3
v -1.4 1.9 0.3
v 1.4 1.9 0.3
v 1.5 1.9 0.3
v -1.5 1.9 0.2
v -1.4 1.9 0.2
v 1.4 1.9 0.2
v 1.5 1.9 0.2
v -1.5 1.9 0
v -1.4 1.9 0
v 1.4 1.9 0
v 1.5 1.9 0
v -1.5 1.9 -0.1
v -1.4 1.9 -0.1
v 1.4 1.9 -0.1
v 1.5 1.9 -0.1
v -1.5 1.9 -0.2
v -1.4 1.9 -0.2
v 1.4 1.9 -0.2
v 1.5 1.9 -0.2
v -1.5 1.9 -0.3
v -1.4 1.9 -0.3
v 1.4 1.9 -0.3
v 1.5 1.9 -0.3
v -1.2 1.9 -0.8
v -1.1 1.9 -0.8
v -1 1.9 -0.8
v 1 1.9 -0.8
v 1.1 1.9 -0.8
v 1.2 1.9 -0.8
v -1.2 1.9 -0.9
v -1.1 1.9 -0.9
v -1 1.9 -0.9
v 1 1.9 -0.9
v 1.1 1.9 -0.9
v 1.2 1.9 -0.9
v -1.1 1.9 -1
v -1 1.9 -1
v -0.9 1.9 -1
v -0.8 1.9 -1
v 0.8 1.9 -1
v 0.9 1.9 -1
v 1 1.9 -1
v 1.1 1.9 -1
v -1 1.9 -1.1
v -0.9 1.9 -1.1
v -0.8 1.9 -1.1
v 0.8 1.9 -1.1
v 0.9 1.9 -1.1
v 1 1.9 -1.1
v -0.9 1.9 -1.2
v -0.8 1.9 -1.2
v 0.8 1.9 -1.2
v 0.9 1.9 -1.2
v -0.3 1.9 -1.4
v -0.2 1.9 -1.4
v -0.1 1.9 -1.4
v 0 1.9 -1.4
v 0.1 1.9 -1.4
v 0.2 1.9 -1.4
v 0.3 1.9 -1.4
v -0.3 1.9 -1.5
v -0.2 1.9 -1.5
v 0 1.9 -1.5
v 0.1 1.9 -1.5
v 0.2 1.9 -1.5
v 0.3 1.9 -1.5
v -0.5 2.2 1.4
v -0.4 2.2 1.4
v -0.1 2.2 1.4
v 0 2.2 1.4
v 0.1 2.2 1.4
v 0.4 2.2 1.4
v 0.5 2.2 1.4
v -0.6 2.2 1.3
v -0.5 2.2 1.3
v -0.2 2.2 1.3
v -0.1 2.2 1.3
v 0.5 2.2 1.3
v 0.6 2.2 1.3
v -0.7 2.2 1.2
v -0.6 2.2 1.2
v 0.6 2.2 1.2
v 0.7 2.2 1.2
v -0.8 2.2 1.1
v -0.7 2.2 1.1
v -0.3 2.2 1.1
v -0.2 2.2 1.1
v 0.7 2.2 1.1
v 0.8 2.2 1.1
v -0.9 2.2 1
v -0.8 2.2 1
v 0.8 2.2 1
v 0.9 2.2 1
v -1 2.2 0.9
v -0.9 2.2 0.9
v -0.7 2.2 0.9
v -0.6 2.2 0.9
v -0.3 2.2 0.9
v -0.1 2.2 0.9
v 0 2.2 0.9
v 0.1 2.2 0.9
v 0.2 2.2 0.9
v 0.7 2.2 0.9
v 0.9 2.2 0.9
v 1 2.2 0.9
v -1.1 2.2 0.8
v -1 2.2 0.8
v -0.2 2.2 0.8
v -0.1 2.2 0.8
v 0 2.2 0.8
v 0.1 2.2 0.8
v 0.2 2.2 0.8
v 0.3 2.2 0.8
v 0.7 2.2 0.8
v 0.9 2.2 0.8
v 1 2.2 0.8
v 1.1 2.2 0.8
v -1.2 2.2 0.7
v -1.1 2.2 0.7
v -0.7 2.2 0.7
v -0.6 2.2 0.7
v -0.1 2.2 0.7
v 0 2.2 0.7
v 0.1 2.2 0.7
v 0.2 2.2 0.7
v 0.8 2.2 0.7
v 0.9 2.2 0.7
v 1.1 2.2 0.7
v 1.2 2.2 0.7
v -1.3 2.2 0.6
v -1.2 2.2 0.6
v -0.1 2.2 0.6
v 0 2.2 0.6
v 0.1 2.2 0.6
v 0.2 2.2 0.6
v 1.2 2.2 0.6
v 1.3 2.2 0.6
v -1.4 2.2 0.5
v -1.3 2.2 0.5
v -0.2 2.2 0.5
v -0.1 2.2 0.5
v 0 2.2 0.5
v 0.1 2.2 0.5
v 0.2 2.2 0.5
v 0.3 2.2 0.5
v 0.8 2.2 0.5
v 0.9 2.2 0.5
v 1.2 2.2 0.5
v 1.3 2.2 0.5
v 1.4 2.2 0.5
v -0.7 2.2 0.4
v -0.6 2.2 0.4
v -0.1 2.2 0.4
v 0 2.2 0.4
v 0.1 2.2 0.4
v 0.2 2.2 0.4
v 0.3 2.2 0.4
v 0.4 2.2 0.4
v 1.3 2.2 0.4
v 1.4 2.2 0.4
v -0.7 2.2 0.3
v -0.6 2.2 0.3
v -0.4 2.2 0.3
v -0.2 2.2 0.3
v 1.2 2.2 0.3
v 1.4 2.2 0.3
v -1.2 2.2 0.2
v -1.1 2.2 0.2
v -0.7 2.2 0.2
v -0.6 2.2 0.2
v 0.8 2.2 0.2
v 0.9 2.2 0.2
v -1.2 2.2 0.1
v -1.1 2.2 0.1
v -0.4 2.2 0.1
v -0.2 2.2 0.1
v -1.4 2.2 0
v -1.3 2.2 0
v -0.2 2.2 0
v -0.1 2.2 0
v 0.8 2.2 0
v 0.9 2.2 0
v -1.4 2.2 -0.1
v -1.3 2.2 -0.1
v -0.2 2.2 -0.1
v -0.1 2.2 -0.1
v 0.3 2.2 -0.1
v 0.4 2.2 -0.1
v 1.2 2.2 -0.1
v 1.3 2.2 -0.1
v 0.2 2.2 -0.2
v 0.3 2.2 -0.2
v 1.2 2.2 -0.2
v 1.3 2.2 -0.2
v -0.7 2.2 -0.3
v -0.6 2.2 -0.3
v 0.2 2.2 -0.3
v 0.3 2.2 -0.3
v 0.7 2.2 -0.3
v 0.8 2.2 -0.3
v -0.8 2.2 -0.4
v -0.7 2.2 -0.4
v 0.7 2.2 -0.4
v 0.8 2.2 -0.4
v -1.4 2.2 -0.5
v -1.3 2.2 -0.5
v -0.3 2.2 -0.5
v -0.2 2.2 -0.5
v 0.7 2.2 -0.5
v 0.9 2.2 -0.5
v 1.3 2.2 -0.5
v 1.4 2.2 -0.5
v -1.3 2.2 -0.6
v -1.2 2.2 -0.6
v -0.8 2.2 -0.6
v -0.7 2.2 -0.6
v -0.3 2.2 -0.6
v -0.2 2.2 -0.6
v 1.2 2.2 -0.6
v 1.3 2.2 -0.6
v -1.2 2.2 -0.7
v -1.1 2.2 -0.7
v 0.1 2.2 -0.7
v 0.3 2.2 -0.7
v 0.7 2.2 -0.7
v 0.9 2.2 -0.7
v 1.1 2.2 -0.7
v 1.2 2.2 -0.7
v -1.1 2.2 -0.8
v -1 2.2 -0.8
v 0.7 2.2 -0.8
v 0.8 2.2 -0.8
v 1 2.2 -0.8
v 1.1 2.2 -0.8
v -1 2.2 -0.9
v -0.9 2.2 -0.9
v 0.1 2.2 -0.9
v 0.3 2.2 -0.9
v 0.7 2.2 -0.9
v 0.8 2.2 -0.9
v 0.9 2.2 -0.9
v 1 2.2 -0.9
v -0.9 2.2 -1
v -0.8 2.2 -1
v 0.2 2.2 -1
v 0.4 2.2 -1
v 0.8 2.2 -1
v 0.9 2.2 -1
v -0.8 2.2 -1.1
v -0.7 2.2 -1.1
v 0.7 2.2 -1.1
v 0.8 2.2 -1.1
v -0.7 2.2 -1.2
v -0.6 2.2 -1.2
v 0.2 2.2 -1.2
v 0.4 2.2 -1.2
v 0.6 2.2 -1.2
v 0.7 2.2 -1.2
v -0.6 2.2 -1.3
v -0.5 2.2 -1.3
v 0.5 2.2 -1.3
v 0.6 2.2 -1.3
v -0.5 2.2 -1.4
v -0.4 2.2 -1.4
v -0.1 2.2 -1.4
v 0 2.2 -1.4
v 0.1 2.2 -1.4
v 0.4 2.2 -1.4
v 0.5 2.2 -1.4
v -0.6 2.3 1.5
v 0.6 2.3 1.5
v -0.7 2.3 1.4
v -0.6 2.3 1.4
v -0.5 2.3 1.4
v 0.5 2.3 1.4
v 0.6 2.3 1.4
v 0.7 2.3 1.4
v -0.8 2.3 1.3
v -0.7 2.3 1.3
v -0.6 2.3 1.3
v -0.5 2.3 1.3
v 0.5 2.3 1.3
v 0.6 2.3 1.3
v 0.7 2.3 1.3
v 0.8 2.3 1.3
v -0.9 2.3 1.2
v -0.8 2.3 1.2
v -0.7 2.3 1.2
v -0.6 2.3 1.2
v 0.6 2.3 1.2
v 0.7 2.3 1.2
v 0.8 2.3 1.2
v 0.9 2.3 1.2
v -1 2.3 1.1
v -0.9 2.3 1.1
v -0.8 2.3 1.1
v -0.7 2.3 1.1
v 0.7 2.3 1.1
v 0.8 2.3 1.1
v 0.9 2.3 1.1
v 1 2.3 1.1
v -1.1 2.3 1
v -1 2.3 1
v -0.9 2.3 1
v -0.8 2.3 1
v 0.8 2.3 1
v 0.9 2.3 1
v 1 2.3 1
v 1.1 2.3 1
v -1.2 2.3 0.9
v -1.1 2.3 0.9
v -1 2.3 0.9
v -0.9 2.3 0.9
v -0.1 2.3 0.9
v 0.2 2.3 0.9
v 0.9 2.3 0.9
v 1 2.3 0.9
v 1.1 2.3 0.9
v 1.2 2.3 0.9
v -1.3 2.3 0.8
v -1.2 2.3 0.8
v -1.1 2.3 0.8
v -1 2.3 0.8
v -0.2 2.3 0.8
v -0.1 2.3 0.8
v 0 2.3 0.8
v 0.1 2.3 0.8
v 0.2 2.3 0.8
v 0.3 2.3 0.8
v 1 2.3 0.8
v 1.1 2.3 0.8
v 1.2 2.3 0.8
v 1.3 2.3 0.8
v -1.4 2.3 0.7
v -1.3 2.3 0.7
v -1.2 2.3 0.7
v -1.1 2.3 0.7
v -0.1 2.3 0.7
v 0 2.3 0.7
v 0.1 2.3 0.7
v 0.2 2.3 0.7
v 1.1 2.3 0.7
v 1.2 2.3 0.7
v 1.3 2.3 0.7
v 1.4 2.3 0.7
v -1.5 2.3 0.6
v -1.4 2.3 0.6
v -1.3 2.3 0.6
v -1.2 2.3 0.6
v -0.1 2.3 0.6
v 0 2.3 0.6
v 0.1 2.3 0.6
v 0.2 2.3 0.6
v 1.2 2.3 0.6
v 1.3 2.3 0.6
v 1.4 2.3 0.6
v 1.5 2.3 0.6
v -1.4 2.3 0.5
v -1.3 2.3 0.5
v -0.2 2.3 0.5
v -0.1 2.3 0.5
v 0 2.3 0.5
v 0.1 2.3 0.5
v 0.2 2.3 0.5
v 0.3 2.3 0.5
v 1.3 2.3 0.5
v 1.4 2.3 0.5
v -0.1 2.3 0.4
v 0.2 2.3 0.4
v -1.4 2.3 -0.5
v -1.3 2.3 -0.5
v 1.3 2.3 -0.5
v 1.4 2.3 -0.5
v -1.5 2.3 -0.6
v -1.4 2.3 -0.6
v -1.3 2.3 -0.6
v -1.2 2.3 -0.6
v 1.2 2.3 -0.6
v 1.3 2.3 -0.6
v 1.4 2.3 -0.6
v 1.5 2.3 -0.6
v -1.4 2.3 -0.7
v -1.3 2.3 -0.7
v -1.2 2.3 -0.7
v -1.1 2.3 -0.7
v 1.1 2.3 -0.7
v 1.2 2.3 -0.7
v 1.3 2.3 -0.7
v 1.4 2.3 -0.7
v -1.3 2.3 -0.8
v -1.2 2.3 -0.8
v -1.1 2.3 -0.8
v -1 2.3 -0.8
v 1 2.3 -0.8
v 1.1 2.3 -0.8
v 1.2 2.3 -0.8
v 1.3 2.3 -0.8
v -1.2 2.3 -0.9
v -1.1 2.3 -0.9
v -1 2.3 -0.9
v -0.9 2.3 -0.9
v 0.9 2.3 -0.9
v 1 2.3 -0.9
v 1.1 2.3 -0.9
v 1.2 2.3 -0.9
v -1.1 2.3 -1
v -1 2.3 -1
v -0.9 2.3 -1
v -0.8 2.3 -1
v 0.8 2.3 -1
v 0.9 2.3 -1
v 1 2.3 -1
v 1.1 2.3 -1
v -1 2.3 -1.1
v -0.9 2.3 -1.1
v -0.8 2.3 -1.1
v -0.7 2.3 -1.1
v 0.7 2.3 -1.1
v 0.8 2.3 -1.1
v 0.9 2.3 -1.1
v 1 2.3 -1.1
v -0.9 2.3 -1.2
v -0.8 2.3 -1.2
v -0.7 2.3 -1.2
v -0.6 2.3 -1.2
v 0.6 2.3 -1.2
v 0.7 2.3 -1.2
v 0.8 2.3 -1.2
v 0.9 2.3 -1.2
v -0.8 2.3 -1.3
v -0.7 2.3 -1.3
v -0.6 2.3 -1.3
v -0.5 2.3 -1.3
v 0.5 2.3 -1.3
v 0.6 2.3 -1.3
v 0.7 2.3 -1.3
v 0.8 2.3 -1.3
v -0.7 2.3 -1.4
v -0.6 2.3 -1.4
v -0.5 2.3 -1.4
v 0.5 2.3 -1.4
v 0.6 2.3 -1.4
v 0.7 2.3 -1.4
v -0.6 2.3 -1.5
v 0.6 2.3 -1.5

# faces
f 3/2/1 2/2/1 1/2/1
f 4/2/1 2/2/1 3/2/1
f 5/7/1 4/7/1 3/7/1
f 6/7/1 4/7/1 5/7/1
f 9/2/1 8/2/1 7/2/1
f 10/2/1 8/2/1 9/2/1
f 11/7/1 10/7/1 9/7/1
f 12/7/1 10/7/1 11/7/1
f 15/2/1 14/2/1 13/2/1
f 16/2/1 14/2/1 15/2/1
f 17/7/1 16/7/1 15/7/1
f 18/7/1 16/7/1 17/7/1
f 26/4/1 20/4/1 19/4/1
f 27/5/1 24/5/1 23/5/1
f 29/5/1 21/5/1 20/5/1
f 30/6/1 22/6/1 21/6/1
f 30/5/1 21/5/1 29/5/1
f 31/5/1 29/5/1 20/5/1
f 31/4/1 20/4/1 26/4/1
f 32/6/1 30/6/1 29/6/1
f 32/5/1 29/5/1 31/5/1
f 35/6/1 26/6/1 25/6/1
f 36/6/1 32/6/1 31/6/1
f 36/6/1 30/6/1 32/6/1
f 37/6/1 22/6/1 30/6/1
f 37/6/1 30/6/1 36/6/1
f 38/5/1 28/5/1 27/5/1
f 38/4/1 23/4/1 22/4/1
f 38/5/1 27/5/1 23/5/1
f 39/5/1 28/5/1 38/5/1
f 40/5/1 28/5/1 39/5/1
f 44/5/1 34/5/1 33/5/1
f 45/6/1 36/6/1 31/6/1
f 45/4/1 31/4/1 26/4/1
f 46/5/1 37/5/1 36/5/1
f 46/6/1 36/6/1 45/6/1
f 47/4/1 38/4/1 22/4/1
f 47/6/1 39/6/1 38/6/1
f 48/5/1 40/5/1 39/5/1
f 48/6/1 39/6/1 47/6/1
f 49/4/1 42/4/1 41/4/1
f 52/4/1 44/4/1 43/4/1
f 53/5/1 34/5/1 44/5/1
f 53/4/1 44/4/1 52/4/1
f 54/6/1 35/6/1 34/6/1
f 54/5/1 34/5/1 53/5/1
f 55/4/1 45/4/1 26/4/1
f 55/6/1 35/6/1 54/6/1
f 55/6/1 26/6/1 35/6/1
f 56/5/1 46/5/1 45/5/1
f 56/4/1 45/4/1 55/4/1
f 57/6/1 22/6/1 37/6/1
f 57/5/1 46/5/1 56/5/1
f 57/5/1 37/5/1 46/5/1
f 58/4/1 47/4/1 22/4/1
f 58/6/1 22/6/1 57/6/1
f 59/5/1 48/5/1 47/5/1
f 59/4/1 47/4/1 58/4/1
f 60/5/1 40/5/1 48/5/1
f 60/5/1 48/5/1 59/5/1
f 60/6/1 41/6/1 40/6/1
f 61/4/1 49/4/1 41/4/1
f 61/6/1 41/6/1 60/6/1
f 62/5/1 50/5/1 49/5/1
f 62/4/1 49/4/1 61/4/1
f 63/5/1 50/5/1 62/5/1
f 65/7/1 52/7/1 51/7/1
f 66/2/1 64/2/1 63/2/1
f 67/2/1 64/2/1 66/2/1
f 68/7/1 65/7/1 51/7/1
f 69/7/1 65/7/1 68/7/1
f 80/7/1 67/7/1 66/7/1
f 81/7/1 67/7/1 80/7/1
f 82/4/1 70/4/1 69/4/1
f 83/5/1 71/5/1 70/5/1
f 83/4/1 70/4/1 82/4/1
f 84/4/1 79/4/1 78/4/1
f 84/5/1 80/5/1 79/5/1
f 85/5/1 80/5/1 84/5/1
f 86/5/1 71/5/1 83/5/1
f 87/5/1 71/5/1 86/5/1
f 88/4/1 73/4/1 72/4/1
f 88/5/1 74/5/1 73/5/1
f 89/5/1 74/5/1 88/5/1
f 90/6/1 87/6/1 86/6/1
f 91/5/1 71/5/1 87/5/1
f 91/6/1 87/6/1 90/6/1
f 92/4/1 88/4/1 72/4/1
f 92/6/1 89/6/1 88/6/1
f 93/5/1 74/5/1 89/5/1
f 93/6/1 89/6/1 92/6/1
f 94/5/1 77/5/1 76/5/1
f 95/6/1 78/6/1 77/6/1
f 95/5/1 77/5/1 94/5/1
f 96/5/1 91/5/1 90/5/1
f 97/6/1 72/6/1 71/6/1
f 97/5/1 91/5/1 96/5/1
f 97/5/1 71/5/1 91/5/1
f 98/6/1 75/6/1 74/6/1
f 98/5/1 74/5/1 93/5/1
f 98/5/1 93/5/1 92/5/1
f 99/4/1 76/4/1 75/4/1
f 99/6/1 75/6/1 98/6/1
f 100/5/1 94/5/1 76/5/1
f 100/6/1 95/6/1 94/6/1
f 101/6/1 78/6/1 95/6/1
f 101/6/1 95/6/1 100/6/1
f 102/6/1 97/6/1 96/6/1
f 103/6/1 72/6/1 97/6/1
f 103/6/1 97/6/1 102/6/1
f 104/5/1 98/5/1 92/5/1
f 104/5/1 99/5/1 98/5/1
f 105/4/1 76/4/1 99/4/1
f 105/5/1 99/5/1 104/5/1
f 106/5/1 100/5/1 76/5/1
f 106/5/1 101/5/1 100/5/1
f 107/6/1 78/6/1 101/6/1
f 107/5/1 101/5/1 106/5/1
f 109/5/1 103/5/1 102/5/1
f 110/5/1 106/5/1 76/5/1
f 110/6/1 107/6/1 106/6/1
f 111/6/1 78/6/1 107/6/1
f 111/6/1 107/6/1 110/6/1
f 112/4/1 84/4/1 78/4/1
f 115/4/1 109/4/1 108/4/1
f 116/5/1 103/5/1 109/5/1
f 116/4/1 109/4/1 115/4/1
f 117/6/1 72/6/1 103/6/1
f 117/5/1 103/5/1 116/5/1
f 118/4/1 92/4/1 72/4/1
f 118/6/1 72/6/1 117/6/1
f 119/5/1 104/5/1 92/5/1
f 119/4/1 92/4/1 118/4/1
f 120/6/1 105/6/1 104/6/1
f 120/5/1 104/5/1 119/5/1
f 121/4/1 76/4/1 105/4/1
f 121/6/1 105/6/1 120/6/1
f 122/5/1 110/5/1 76/5/1
f 122/4/1 76/4/1 121/4/1
f 122/5/1 111/5/1 110/5/1
f 123/6/1 78/6/1 111/6/1
f 123/5/1 111/5/1 122/5/1
f 124/4/1 112/4/1 78/4/1
f 124/6/1 78/6/1 123/6/1
f 125/5/1 113/5/1 112/5/1
f 125/4/1 112/4/1 124/4/1
f 126/5/1 113/5/1 125/5/1
f 128/2/1 115/2/1 114/2/1
f 129/2/1 115/2/1 128/2/1
f 130/2/1 127/2/1 126/2/1
f 131/2/1 127/2/1 130/2/1
f 132/7/1 129/7/1 128/7/1
f 133/7/1 129/7/1 132/7/1
f 144/7/1 131/7/1 130/7/1
f 145/7/1 131/7/1 144/7/1
f 146/4/1 134/4/1 133/4/1
f 147/5/1 135/5/1 134/5/1
f 147/4/1 134/4/1 146/4/1
f 148/4/1 143/4/1 142/4/1
f 148/5/1 144/5/1 143/5/1
f 149/5/1 144/5/1 148/5/1
f 150/5/1 135/5/1 147/5/1
f 151/6/1 136/6/1 135/6/1
f 151/5/1 135/5/1 150/5/1
f 152/5/1 138/5/1 137/5/1
f 153/6/1 139/6/1 138/6/1
f 153/5/1 138/5/1 152/5/1
f 154/5/1 141/5/1 140/5/1
f 155/6/1 142/6/1 141/6/1
f 155/5/1 141/5/1 154/5/1
f 156/4/1 148/4/1 142/4/1
f 156/6/1 142/6/1 155/6/1
f 157/4/1 148/4/1 156/4/1
f 158/5/1 152/5/1 137/5/1
f 158/6/1 153/6/1 152/6/1
f 159/6/1 139/6/1 153/6/1
f 159/6/1 153/6/1 158/6/1
f 160/6/1 155/6/1 154/6/1
f 160/5/1 154/5/1 140/5/1
f 161/6/1 155/6/1 160/6/1
f 162/5/1 160/5/1 140/5/1
f 162/5/1 161/5/1 160/5/1
f 163/5/1 161/5/1 162/5/1
f 164/6/1 136/6/1 151/6/1
f 165/4/1 137/4/1 136/4/1
f 165/6/1 136/6/1 164/6/1
f 166/5/1 162/5/1 140/5/1
f 166/6/1 163/6/1 162/6/1
f 167/6/1 163/6/1 166/6/1
f 168/4/1 137/4/1 165/4/1
f 169/5/1 158/5/1 137/5/1
f 169/4/1 137/4/1 168/4/1
f 169/5/1 159/5/1 158/5/1
f 170/6/1 139/6/1 159/6/1
f 170/5/1 159/5/1 169/5/1
f 171/4/1 140/4/1 139/4/1
f 171/6/1 139/6/1 170/6/1
f 172/5/1 166/5/1 140/5/1
f 172/4/1 140/4/1 171/4/1
f 173/5/1 166/5/1 172/5/1
f 176/2/1 175/2/1 174/2/1
f 177/2/1 175/2/1 176/2/1
f 178/7/1 177/7/1 176/7/1
f 179/7/1 177/7/1 178/7/1
f 184/2/1 181/2/1 180/2/1
f 185/2/1 181/2/1 184/2/1
f 186/2/1 183/2/1 182/2/1
f 187/2/1 183/2/1 186/2/1
f 188/7/1 185/7/1 184/7/1
f 189/7/1 185/7/1 188/7/1
f 198/7/1 187/7/1 186/7/1
f 199/7/1 187/7/1 198/7/1
f 200/6/1 191/6/1 190/6/1
f 200/4/1 192/4/1 191/4/1
f 201/5/1 193/5/1 192/5/1
f 201/4/1 192/4/1 200/4/1
f 202/6/1 194/6/1 193/6/1
f 202/5/1 193/5/1 201/5/1
f 203/6/1 194/6/1 202/6/1
f 204/4/1 195/4/1 194/4/1
f 204/6/1 194/6/1 203/6/1
f 205/5/1 196/5/1 195/5/1
f 205/4/1 195/4/1 204/4/1
f 206/5/1 196/5/1 205/5/1
f 207/6/1 200/6/1 190/6/1
f 208/6/1 200/6/1 207/6/1
f 209/5/1 196/5/1 206/5/1
f 210/6/1 197/6/1 196/6/1
f 210/5/1 196/5/1 209/5/1
f 212/5/1 190/5/1 189/5/1
f 213/4/1 198/4/1 197/4/1
f 216/4/1 212/4/1 211/4/1
f 217/5/1 214/5/1 213/5/1
f 219/4/1 212/4/1 216/4/1
f 219/5/1 190/5/1 212/5/1
f 220/6/1 207/6/1 190/6/1
f 220/5/1 190/5/1 219/5/1
f 221/6/1 207/6/1 220/6/1
f 222/6/1 197/6/1 210/6/1
f 223/4/1 213/4/1 197/4/1
f 223/6/1 197/6/1 222/6/1
f 224/5/1 217/5/1 213/5/1
f 224/4/1 213/4/1 223/4/1
f 224/5/1 218/5/1 217/5/1
f 225/4/1 219/4/1 216/4/1
f 225/5/1 216/5/1 215/5/1
f 226/4/1 219/4/1 225/4/1
f 227/5/1 218/5/1 224/5/1
f 228/5/1 218/5/1 227/5/1
f 230/5/1 225/5/1 215/5/1
f 231/5/1 225/5/1 230/5/1
f 232/5/1 218/5/1 228/5/1
f 233/5/1 218/5/1 232/5/1
f 235/2/1 234/2/1 233/2/1
f 236/2/1 234/2/1 235/2/1
f 237/7/1 230/7/1 229/7/1
f 238/7/1 230/7/1 237/7/1
f 241/7/1 236/7/1 235/7/1
f 242/7/1 236/7/1 241/7/1
f 243/5/1 239/5/1 238/5/1
f 246/5/1 241/5/1 240/5/1
f 247/5/1 243/5/1 238/5/1
f 248/4/1 244/4/1 243/4/1
f 248/5/1 243/5/1 247/5/1
f 249/4/1 244/4/1 248/4/1
f 250/5/1 246/5/1 245/5/1
f 250/5/1 241/5/1 246/5/1
f 251/5/1 241/5/1 250/5/1
f 252/6/1 248/6/1 247/6/1
f 253/4/1 249/4/1 248/4/1
f 253/6/1 248/6/1 252/6/1
f 254/4/1 249/4/1 253/4/1
f 255/5/1 250/5/1 245/5/1
f 255/6/1 251/6/1 250/6/1
f 256/6/1 251/6/1 255/6/1
f 257/5/1 255/5/1 245/5/1
f 257/5/1 256/5/1 255/5/1
f 258/5/1 256/5/1 257/5/1
f 259/4/1 254/4/1 253/4/1
f 260/5/1 257/5/1 245/5/1
f 260/6/1 258/6/1 257/6/1
f 261/6/1 258/6/1 260/6/1
f 262/4/1 259/4/1 253/4/1
f 263/5/1 253/5/1 252/5/1
f 263/4/1 262/4/1 253/4/1
f 264/4/1 262/4/1 263/4/1
f 265/5/1 260/5/1 245/5/1
f 265/5/1 261/5/1 260/5/1
f 266/5/1 261/5/1 265/5/1
f 268/5/1 263/5/1 252/5/1
f 269/5/1 263/5/1 268/5/1
f 270/5/1 261/5/1 266/5/1
f 271/5/1 261/5/1 270/5/1
f 273/2/1 268/2/1 267/2/1
f 274/2/1 268/2/1 273/2/1
f 275/2/1 272/2/1 271/2/1
f 276/2/1 272/2/1 275/2/1
f 277/7/1 274/7/1 273/7/1
f 278/7/1 274/7/1 277/7/1
f 281/7/1 276/7/1 275/7/1
f 282/7/1 276/7/1 281/7/1
f 283/5/1 279/5/1 278/5/1
f 286/5/1 281/5/1 280/5/1
f 287/4/1 284/4/1 283/4/1
f 292/5/1 286/5/1 285/5/1
f 293/5/1 283/5/1 278/5/1
f 294/4/1 287/4/1 283/4/1
f 294/5/1 283/5/1 293/5/1
f 295/5/1 288/5/1 287/5/1
f 295/6/1 289/6/1 288/6/1
f 296/6/1 289/6/1 295/6/1
f 297/6/1 291/6/1 290/6/1
f 298/5/1 281/5/1 286/5/1
f 298/5/1 286/5/1 292/5/1
f 299/5/1 281/5/1 298/5/1
f 300/4/1 287/4/1 294/4/1
f 301/5/1 296/5/1 295/5/1
f 301/4/1 287/4/1 300/4/1
f 301/5/1 295/5/1 287/5/1
f 302/6/1 291/6/1 297/6/1
f 303/4/1 292/4/1 291/4/1
f 303/5/1 298/5/1 292/5/1
f 304/5/1 298/5/1 303/5/1
f 305/5/1 296/5/1 301/5/1
f 306/5/1 296/5/1 305/5/1
f 309/6/1 291/6/1 302/6/1
f 310/6/1 307/6/1 306/6/1
f 310/5/1 305/5/1 301/5/1
f 310/6/1 306/6/1 305/6/1
f 311/6/1 307/6/1 310/6/1
f 312/6/1 307/6/1 311/6/1
f 317/6/1 309/6/1 308/6/1
f 318/6/1 291/6/1 309/6/1
f 318/6/1 309/6/1 317/6/1
f 320/5/1 310/5/1 301/5/1
f 320/5/1 311/5/1 310/5/1
f 321/6/1 312/6/1 311/6/1
f 321/5/1 311/5/1 320/5/1
f 322/4/1 313/4/1 312/4/1
f 322/6/1 312/6/1 321/6/1
f 323/5/1 314/5/1 313/5/1
f 323/4/1 313/4/1 322/4/1
f 324/6/1 315/6/1 314/6/1
f 324/5/1 314/5/1 323/5/1
f 325/4/1 316/4/1 315/4/1
f 325/6/1 315/6/1 324/6/1
f 326/5/1 317/5/1 316/5/1
f 326/4/1 316/4/1 325/4/1
f 326/5/1 318/5/1 317/5/1
f 327/6/1 291/6/1 318/6/1
f 327/5/1 318/5/1 326/5/1
f 328/4/1 303/4/1 291/4/1
f 328/6/1 291/6/1 327/6/1
f 329/4/1 303/4/1 328/4/1
f 331/2/1 320/2/1 319/2/1
f 332/2/1 320/2/1 331/2/1
f 333/2/1 330/2/1 329/2/1
f 334/2/1 330/2/1 333/2/1
f 335/7/1 332/7/1 331/7/1
f 336/7/1 332/7/1 335/7/1
f 337/7/1 334/7/1 333/7/1
f 338/7/1 334/7/1 337/7/1
f 343/2/1 340/2/1 339/2/1
f 344/2/1 340/2/1 343/2/1
f 345/2/1 342/2/1 341/2/1
f 346/2/1 342/2/1 345/2/1
f 347/7/1 344/7/1 343/7/1
f 348/7/1 344/7/1 347/7/1
f 349/7/1 346/7/1 345/7/1
f 350/7/1 346/7/1 349/7/1
f 355/5/1 352/5/1 351/5/1
f 356/5/1 352/5/1 355/5/1
f 357/5/1 354/5/1 353/5/1
f 358/5/1 354/5/1 357/5/1
f 364/5/1 360/5/1 359/5/1
f 365/5/1 360/5/1 364/5/1
f 366/6/1 362/6/1 361/6/1
f 367/6/1 362/6/1 366/6/1
f 369/2/1 368/2/1 367/2/1
f 370/2/1 368/2/1 369/2/1
f 371/7/1 364/7/1 363/7/1
f 372/7/1 364/7/1 371/7/1
f 375/7/1 370/7/1 369/7/1
f 376/7/1 370/7/1 375/7/1
f 377/5/1 373/5/1 372/5/1
f 378/5/1 373/5/1 377/5/1
f 379/6/1 375/6/1 374/6/1
f 380/6/1 375/6/1 379/6/1
f 386/5/1 382/5/1 381/5/1
f 387/5/1 382/5/1 386/5/1
f 388/6/1 384/6/1 383/6/1
f 389/6/1 384/6/1 388/6/1
f 391/2/1 386/2/1 385/2/1
f 392/2/1 386/2/1 391/2/1
f 393/2/1 390/2/1 389/2/1
f 394/2/1 390/2/1 393/2/1
f 395/7/1 392/7/1 391/7/1
f 396/7/1 392/7/1 395/7/1
f 399/7/1 394/7/1 393/7/1
f 400/7/1 394/7/1 399/7/1
f 401/5/1 397/5/1 396/5/1
f 402/5/1 397/5/1 401/5/1
f 403/6/1 399/6/1 398/6/1
f 404/6/1 399/6/1 403/6/1
f 409/5/1 406/5/1 405/5/1
f 410/5/1 406/5/1 409/5/1
f 411/5/1 408/5/1 407/5/1
f 412/5/1 408/5/1 411/5/1
f 417/2/1 414/2/1 413/2/1
f 418/2/1 414/2/1 417/2/1
f 419/2/1 416/2/1 415/2/1
f 420/2/1 416/2/1 419/2/1
f 421/7/1 418/7/1 417/7/1
f 422/7/1 418/7/1 421/7/1
f 423/7/1 420/7/1 419/7/1
f 424/7/1 420/7/1 423/7/1
f 429/2/1 426/2/1 425/2/1
f 430/2/1 426/2/1 429/2/1
f 431/2/1 428/2/1 427/2/1
f 432/2/1 428/2/1 431/2/1
f 433/7/1 430/7/1 429/7/1
f 434/7/1 430/7/1 433/7/1
f 438/7/1 432/7/1 431/7/1
f 439/7/1 432/7/1 438/7/1
f 441/5/1 435/5/1 434/5/1
f 442/5/1 438/5/1 437/5/1
f 445/6/1 441/6/1 440/6/1
f 446/6/1 443/6/1 442/6/1
f 448/6/1 441/6/1 445/6/1
f 448/5/1 445/5/1 444/5/1
f 449/5/1 435/5/1 441/5/1
f 449/6/1 441/6/1 448/6/1
f 450/4/1 436/4/1 435/4/1
f 450/5/1 435/5/1 449/5/1
f 451/4/1 436/4/1 450/4/1
f 452/5/1 442/5/1 437/5/1
f 453/6/1 446/6/1 442/6/1
f 453/5/1 442/5/1 452/5/1
f 454/5/1 449/5/1 448/5/1
f 454/5/1 448/5/1 444/5/1
f 455/5/1 449/5/1 454/5/1
f 456/5/1 454/5/1 444/5/1
f 456/6/1 455/6/1 454/6/1
f 457/6/1 455/6/1 456/6/1
f 458/5/1 456/5/1 444/5/1
f 458/5/1 457/5/1 456/5/1
f 459/5/1 457/5/1 458/5/1
f 460/5/1 457/5/1 459/5/1
f 461/6/1 446/6/1 453/6/1
f 462/4/1 447/4/1 446/4/1
f 462/6/1 446/6/1 461/6/1
f 464/6/1 459/6/1 458/6/1
f 465/6/1 459/6/1 464/6/1
f 466/4/1 447/4/1 462/4/1
f 467/4/1 447/4/1 466/4/1
f 469/2/1 468/2/1 467/2/1
f 470/2/1 468/2/1 469/2/1
f 471/7/1 464/7/1 463/7/1
f 472/7/1 464/7/1 471/7/1
f 475/7/1 470/7/1 469/7/1
f 476/7/1 470/7/1 475/7/1
f 477/6/1 473/6/1 472/6/1
f 480/4/1 475/4/1 474/4/1
f 481/5/1 478/5/1 477/5/1
f 481/6/1 477/6/1 472/6/1
f 482/5/1 478/5/1 481/5/1
f 483/6/1 480/6/1 479/6/1
f 484/4/1 475/4/1 480/4/1
f 484/6/1 480/6/1 483/6/1
f 486/6/1 481/6/1 472/6/1
f 487/6/1 481/6/1 486/6/1
f 488/4/1 475/4/1 484/4/1
f 489/4/1 475/4/1 488/4/1
f 491/2/1 486/2/1 485/2/1
f 492/2/1 486/2/1 491/2/1
f 493/2/1 490/2/1 489/2/1
f 494/2/1 490/2/1 493/2/1
f 495/7/1 492/7/1 491/7/1
f 496/7/1 492/7/1 495/7/1
f 499/7/1 494/7/1 493/7/1
f 500/7/1 494/7/1 499/7/1
f 501/6/1 497/6/1 496/6/1
f 504/4/1 499/4/1 498/4/1
f 505/5/1 502/5/1 501/5/1
f 505/6/1 501/6/1 496/6/1
f 506/5/1 502/5/1 505/5/1
f 510/6/1 504/6/1 503/6/1
f 511/6/1 505/6/1 496/6/1
f 511/6/1 506/6/1 505/6/1
f 512/6/1 506/6/1 511/6/1
f 513/5/1 507/5/1 506/5/1
f 513/6/1 506/6/1 512/6/1
f 514/5/1 510/5/1 509/5/1
f 515/6/1 504/6/1 510/6/1
f 515/5/1 510/5/1 514/5/1
f 516/4/1 499/4/1 504/4/1
f 516/6/1 504/6/1 515/6/1
f 517/4/1 499/4/1 516/4/1
f 518/5/1 513/5/1 512/5/1
f 519/5/1 507/5/1 513/5/1
f 519/5/1 513/5/1 518/5/1
f 520/6/1 515/6/1 514/6/1
f 520/5/1 514/5/1 509/5/1
f 520/6/1 516/6/1 515/6/1
f 521/6/1 516/6/1 520/6/1
f 522/6/1 516/6/1 521/6/1
f 524/5/1 507/5/1 519/5/1
f 525/4/1 508/4/1 507/4/1
f 525/5/1 507/5/1 524/5/1
f 526/4/1 508/4/1 525/4/1
f 527/5/1 521/5/1 520/5/1
f 527/5/1 520/5/1 509/5/1
f 528/5/1 521/5/1 527/5/1
f 530/2/1 524/2/1 523/2/1
f 531/2/1 524/2/1 530/2/1
f 532/2/1 529/2/1 528/2/1
f 533/2/1 529/2/1 532/2/1
f 534/7/1 531/7/1 530/7/1
f 535/7/1 531/7/1 534/7/1
f 536/7/1 533/7/1 532/7/1
f 537/7/1 533/7/1 536/7/1
f 542/2/1 539/2/1 538/2/1
f 543/2/1 539/2/1 542/2/1
f 544/2/1 541/2/1 540/2/1
f 545/2/1 541/2/1 544/2/1
f 546/7/1 543/7/1 542/7/1
f 547/7/1 543/7/1 546/7/1
f 548/7/1 545/7/1 544/7/1
f 549/7/1 545/7/1 548/7/1
f 554/6/1 551/6/1 550/6/1
f 555/6/1 551/6/1 554/6/1
f 556/4/1 553/4/1 552/4/1
f 557/4/1 553/4/1 556/4/1
f 563/4/1 559/4/1 558/4/1
f 564/4/1 559/4/1 563/4/1
f 565/6/1 561/6/1 560/6/1
f 566/6/1 561/6/1 565/6/1
f 568/2/1 567/2/1 566/2/1
f 569/2/1 567/2/1 568/2/1
f 570/7/1 563/7/1 562/7/1
f 571/7/1 563/7/1 570/7/1
f 574/7/1 569/7/1 568/7/1
f 575/7/1 569/7/1 574/7/1
f 576/4/1 572/4/1 571/4/1
f 577/4/1 572/4/1 576/4/1
f 578/5/1 574/5/1 573/5/1
f 579/5/1 574/5/1 578/5/1
f 585/4/1 581/4/1 580/4/1
f 586/4/1 581/4/1 585/4/1
f 587/5/1 583/5/1 582/5/1
f 588/5/1 583/5/1 587/5/1
f 590/2/1 585/2/1 584/2/1
f 591/2/1 585/2/1 590/2/1
f 592/2/1 589/2/1 588/2/1
f 593/2/1 589/2/1 592/2/1
f 594/7/1 591/7/1 590/7/1
f 595/7/1 591/7/1 594/7/1
f 598/7/1 593/7/1 592/7/1
f 599/7/1 593/7/1 598/7/1
f 600/4/1 596/4/1 595/4/1
f 601/4/1 596/4/1 600/4/1
f 602/5/1 598/5/1 597/5/1
f 603/5/1 598/5/1 602/5/1
f 608/6/1 605/6/1 604/6/1
f 609/6/1 605/6/1 608/6/1
f 610/4/1 607/4/1 606/4/1
f 611/4/1 607/4/1 610/4/1
f 616/2/1 613/2/1 612/2/1
f 617/2/1 613/2/1 616/2/1
f 618/2/1 615/2/1 614/2/1
f 619/2/1 615/2/1 618/2/1
f 620/7/1 617/7/1 616/7/1
f 621/7/1 617/7/1 620/7/1
f 622/7/1 619/7/1 618/7/1
f 623/7/1 619/7/1 622/7/1
f 628/2/1 625/2/1 624/2/1
f 629/2/1 625/2/1 628/2/1
f 630/2/1 627/2/1 626/2/1
f 631/2/1 627/2/1 630/2/1
f 632/7/1 629/7/1 628/7/1
f 633/7/1 629/7/1 632/7/1
f 638/7/1 631/7/1 630/7/1
f 639/7/1 631/7/1 638/7/1
f 641/6/1 634/6/1 633/6/1
f 642/5/1 635/5/1 634/5/1
f 642/6/1 634/6/1 641/6/1
f 643/5/1 635/5/1 642/5/1
f 644/6/1 637/6/1 636/6/1
f 645/4/1 638/4/1 637/4/1
f 645/6/1 637/6/1 644/6/1
f 646/4/1 638/4/1 645/4/1
f 649/4/1 641/4/1 640/4/1
f 650/5/1 647/5/1 646/5/1
f 651/5/1 647/5/1 650/5/1
f 653/5/1 651/5/1 650/5/1
f 653/6/1 652/6/1 651/6/1
f 654/6/1 652/6/1 653/6/1
f 655/4/1 641/4/1 649/4/1
f 655/5/1 649/5/1 648/5/1
f 656/4/1 641/4/1 655/4/1
f 657/5/1 654/5/1 653/5/1
f 657/5/1 653/5/1 650/5/1
f 658/5/1 654/5/1 657/5/1
f 660/5/1 655/5/1 648/5/1
f 661/5/1 655/5/1 660/5/1
f 662/5/1 654/5/1 658/5/1
f 663/5/1 654/5/1 662/5/1
f 665/2/1 664/2/1 663/2/1
f 666/2/1 664/2/1 665/2/1
f 667/7/1 660/7/1 659/7/1
f 668/7/1 660/7/1 667/7/1
f 671/7/1 666/7/1 665/7/1
f 672/7/1 666/7/1 671/7/1
f 673/5/1 669/5/1 668/5/1
f 676/5/1 671/5/1 670/5/1
f 677/5/1 671/5/1 676/5/1
f 677/5/1 676/5/1 675/5/1
f 678/5/1 671/5/1 677/5/1
f 679/5/1 677/5/1 675/5/1
f 679/6/1 678/6/1 677/6/1
f 680/6/1 678/6/1 679/6/1
f 681/4/1 674/4/1 673/4/1
f 681/5/1 673/5/1 668/5/1
f 682/4/1 674/4/1 681/4/1
f 683/5/1 680/5/1 679/5/1
f 683/5/1 679/5/1 675/5/1
f 684/5/1 680/5/1 683/5/1
f 686/5/1 681/5/1 668/5/1
f 687/5/1 681/5/1 686/5/1
f 688/5/1 680/5/1 684/5/1
f 689/5/1 680/5/1 688/5/1
f 691/2/1 686/2/1 685/2/1
f 692/2/1 686/2/1 691/2/1
f 693/2/1 690/2/1 689/2/1
f 694/2/1 690/2/1 693/2/1
f 695/7/1 692/7/1 691/7/1
f 696/7/1 692/7/1 695/7/1
f 699/7/1 694/7/1 693/7/1
f 700/7/1 694/7/1 699/7/1
f 701/5/1 697/5/1 696/5/1
f 704/5/1 699/5/1 698/5/1
f 705/5/1 699/5/1 704/5/1
f 705/5/1 704/5/1 703/5/1
f 706/5/1 699/5/1 705/5/1
f 707/5/1 705/5/1 703/5/1
f 707/6/1 706/6/1 705/6/1
f 708/6/1 706/6/1 707/6/1
f 709/5/1 707/5/1 703/5/1
f 709/5/1 708/5/1 707/5/1
f 710/5/1 708/5/1 709/5/1
f 711/5/1 708/5/1 710/5/1
f 712/5/1 701/5/1 696/5/1
f 713/4/1 702/4/1 701/4/1
f 713/5/1 701/5/1 712/5/1
f 714/4/1 702/4/1 713/4/1
f 715/5/1 710/5/1 709/5/1
f 715/6/1 711/6/1 710/6/1
f 716/6/1 711/6/1 715/6/1
f 717/4/1 714/4/1 713/4/1
f 718/4/1 714/4/1 717/4/1
f 722/5/1 715/5/1 709/5/1
f 723/5/1 715/5/1 722/5/1
f 725/6/1 719/6/1 718/6/1
f 726/6/1 719/6/1 725/6/1
f 727/6/1 719/6/1 726/6/1
f 728/6/1 721/6/1 720/6/1
f 729/4/1 722/4/1 721/4/1
f 729/6/1 721/6/1 728/6/1
f 730/4/1 722/4/1 729/4/1
f 732/2/1 725/2/1 724/2/1
f 733/2/1 725/2/1 732/2/1
f 734/2/1 731/2/1 730/2/1
f 735/2/1 731/2/1 734/2/1
f 736/7/1 733/7/1 732/7/1
f 737/7/1 733/7/1 736/7/1
f 738/7/1 735/7/1 734/7/1
f 739/7/1 735/7/1 738/7/1
f 744/2/1 741/2/1 740/2/1
f 745/2/1 741/2/1 744/2/1
f 746/2/1 743/2/1 742/2/1
f 747/2/1 743/2/1 746/2/1
f 748/7/1 745/7/1 744/7/1
f 749/7/1 745/7/1 748/7/1
f 750/7/1 747/7/1 746/7/1
f 751/7/1 747/7/1 750/7/1
f 756/5/1 753/5/1 752/5/1
f 757/5/1 753/5/1 756/5/1
f 758/5/1 755/5/1 754/5/1
f 759/5/1 755/5/1 758/5/1
f 765/6/1 761/6/1 760/6/1
f 766/6/1 761/6/1 765/6/1
f 767/6/1 763/6/1 762/6/1
f 768/6/1 763/6/1 767/6/1
f 770/2/1 769/2/1 768/2/1
f 771/2/1 769/2/1 770/2/1
f 772/7/1 765/7/1 764/7/1
f 773/7/1 765/7/1 772/7/1
f 776/7/1 771/7/1 770/7/1
f 777/7/1 771/7/1 776/7/1
f 778/6/1 774/6/1 773/6/1
f 779/6/1 774/6/1 778/6/1
f 780/6/1 776/6/1 775/6/1
f 781/6/1 776/6/1 780/6/1
f 787/6/1 783/6/1 782/6/1
f 788/6/1 783/6/1 787/6/1
f 789/6/1 785/6/1 784/6/1
f 790/6/1 785/6/1 789/6/1
f 792/2/1 787/2/1 786/2/1
f 793/2/1 787/2/1 792/2/1
f 794/2/1 791/2/1 790/2/1
f 795/2/1 791/2/1 794/2/1
f 796/7/1 793/7/1 792/7/1
f 797/7/1 793/7/1 796/7/1
f 800/7/1 795/7/1 794/7/1
f 801/7/1 795/7/1 800/7/1
f 802/6/1 798/6/1 797/6/1
f 803/6/1 798/6/1 802/6/1
f 804/5/1 800/5/1 799/5/1
f 805/5/1 800/5/1 804/5/1
f 810/5/1 807/5/1 806/5/1
f 811/5/1 807/5/1 810/5/1
f 812/6/1 809/6/1 808/6/1
f 813/6/1 809/6/1 812/6/1
f 818/2/1 815/2/1 814/2/1
f 819/2/1 815/2/1 818/2/1
f 820/2/1 817/2/1 816/2/1
f 821/2/1 817/2/1 820/2/1
f 822/7/1 819/7/1 818/7/1
f 823/7/1 819/7/1 822/7/1
f 824/7/1 821/7/1 820/7/1
f 825/7/1 821/7/1 824/7/1
f 830/2/1 827/2/1 826/2/1
f 831/2/1 827/2/1 830/2/1
f 832/2/1 829/2/1 828/2/1
f 833/2/1 829/2/1 832/2/1
f 834/7/1 831/7/1 830/7/1
f 835/7/1 831/7/1 834/7/1
f 840/7/1 833/7/1 832/7/1
f 841/7/1 833/7/1 840/7/1
f 842/5/1 836/5/1 835/5/1
f 843/4/1 837/4/1 836/4/1
f 843/5/1 836/5/1 842/5/1
f 844/4/1 837/4/1 843/4/1
f 845/5/1 839/5/1 838/5/1
f 845/5/1 840/5/1 839/5/1
f 846/5/1 840/5/1 845/5/1
f 852/4/1 848/4/1 847/4/1
f 853/4/1 848/4/1 852/4/1
f 854/6/1 850/6/1 849/6/1
f 856/6/1 853/6/1 852/6/1
f 856/4/1 852/4/1 851/4/1
f 857/6/1 853/6/1 856/6/1
f 858/6/1 854/6/1 849/6/1
f 859/4/1 855/4/1 854/4/1
f 859/6/1 854/6/1 858/6/1
f 861/4/1 856/4/1 851/4/1
f 862/4/1 856/4/1 861/4/1
f 863/4/1 855/4/1 859/4/1
f 864/4/1 855/4/1 863/4/1
f 866/2/1 865/2/1 864/2/1
f 867/2/1 865/2/1 866/2/1
f 868/7/1 861/7/1 860/7/1
f 869/7/1 861/7/1 868/7/1
f 872/7/1 867/7/1 866/7/1
f 873/7/1 867/7/1 872/7/1
f 874/4/1 870/4/1 869/4/1
f 877/4/1 872/4/1 871/4/1
f 878/6/1 875/6/1 874/6/1
f 878/4/1 874/4/1 869/4/1
f 879/6/1 875/6/1 878/6/1
f 880/6/1 877/6/1 876/6/1
f 881/4/1 872/4/1 877/4/1
f 881/6/1 877/6/1 880/6/1
f 883/4/1 878/4/1 869/4/1
f 884/4/1 878/4/1 883/4/1
f 885/4/1 872/4/1 881/4/1
f 886/4/1 872/4/1 885/4/1
f 888/2/1 883/2/1 882/2/1
f 889/2/1 883/2/1 888/2/1
f 890/2/1 887/2/1 886/2/1
f 891/2/1 887/2/1 890/2/1
f 892/7/1 889/7/1 888/7/1
f 893/7/1 889/7/1 892/7/1
f 896/7/1 891/7/1 890/7/1
f 897/7/1 891/7/1 896/7/1
f 898/4/1 894/4/1 893/4/1
f 901/4/1 896/4/1 895/4/1
f 902/4/1 898/4/1 893/4/1
f 903/6/1 899/6/1 898/6/1
f 903/4/1 898/4/1 902/4/1
f 904/6/1 899/6/1 903/6/1
f 905/6/1 901/6/1 900/6/1
f 905/4/1 896/4/1 901/4/1
f 906/4/1 896/4/1 905/4/1
f 907/6/1 904/6/1 903/6/1
f 908/6/1 904/6/1 907/6/1
f 909/6/1 905/6/1 900/6/1
f 910/6/1 905/6/1 909/6/1
f 918/5/1 912/5/1 911/5/1
f 919/4/1 913/4/1 912/4/1
f 919/5/1 912/5/1 918/5/1
f 920/4/1 913/4/1 919/4/1
f 921/5/1 915/5/1 914/5/1
f 922/6/1 916/6/1 915/6/1
f 922/5/1 915/5/1 921/5/1
f 923/6/1 916/6/1 922/6/1
f 925/2/1 918/2/1 917/2/1
f 926/2/1 918/2/1 925/2/1
f 927/2/1 924/2/1 923/2/1
f 928/2/1 924/2/1 927/2/1
f 929/7/1 926/7/1 925/7/1
f 930/7/1 926/7/1 929/7/1
f 931/7/1 928/7/1 927/7/1
f 932/7/1 928/7/1 931/7/1
f 937/2/1 934/2/1 933/2/1
f 938/2/1 934/2/1 937/2/1
f 939/2/1 936/2/1 935/2/1
f 940/2/1 936/2/1 939/2/1
f 941/7/1 938/7/1 937/7/1
f 942/7/1 938/7/1 941/7/1
f 943/7/1 940/7/1 939/7/1
f 944/7/1 940/7/1 943/7/1
f 949/4/1 946/4/1 945/4/1
f 950/4/1 946/4/1 949/4/1
f 951/4/1 948/4/1 947/4/1
f 952/4/1 948/4/1 951/4/1
f 958/6/1 954/6/1 953/6/1
f 959/6/1 954/6/1 958/6/1
f 960/6/1 956/6/1 955/6/1
f 961/6/1 956/6/1 960/6/1
f 963/2/1 962/2/1 961/2/1
f 964/2/1 962/2/1 963/2/1
f 965/7/1 958/7/1 957/7/1
f 966/7/1 958/7/1 965/7/1
f 969/7/1 964/7/1 963/7/1
f 970/7/1 964/7/1 969/7/1
f 971/5/1 967/5/1 966/5/1
f 972/5/1 967/5/1 971/5/1
f 973/5/1 969/5/1 968/5/1
f 974/5/1 969/5/1 973/5/1
f 980/5/1 976/5/1 975/5/1
f 981/5/1 976/5/1 980/5/1
f 982/5/1 978/5/1 977/5/1
f 983/5/1 978/5/1 982/5/1
f 985/2/1 980/2/1 979/2/1
f 986/2/1 980/2/1 985/2/1
f 987/2/1 984/2/1 983/2/1
f 988/2/1 984/2/1 987/2/1
f 989/7/1 986/7/1 985/7/1
f 990/7/1 986/7/1 989/7/1
f 993/7/1 988/7/1 987/7/1
f 994/7/1 988/7/1 993/7/1
f 995/5/1 991/5/1 990/5/1
f 996/5/1 991/5/1 995/5/1
f 997/5/1 993/5/1 992/5/1
f 998/5/1 993/5/1 997/5/1
f 1003/4/1 1000/4/1 999/4/1
f 1004/4/1 1000/4/1 1003/4/1
f 1005/4/1 1002/4/1 1001/4/1
f 1006/4/1 1002/4/1 1005/4/1
f 1011/2/1 1008/2/1 1007/2/1
f 1012/2/1 1008/2/1 1011/2/1
f 1013/2/1 1010/2/1 1009/2/1
f 1014/2/1 1010/2/1 1013/2/1
f 1015/7/1 1012/7/1 1011/7/1
f 1016/7/1 1012/7/1 1015/7/1
f 1017/7/1 1014/7/1 1013/7/1
f 1018/7/1 1014/7/1 1017/7/1
f 1023/2/1 1020/2/1 1019/2/1
f 1024/2/1 1020/2/1 1023/2/1
f 1025/2/1 1022/2/1 1021/2/1
f 1026/2/1 1022/2/1 1025/2/1
f 1027/7/1 1024/7/1 1023/7/1
f 1028/7/1 1024/7/1 1027/7/1
f 1033/7/1 1026/7/1 1025/7/1
f 1034/7/1 1026/7/1 1033/7/1
f 1035/6/1 1030/6/1 1029/6/1
f 1036/4/1 1029/4/1 1028/4/1
f 1037/6/1 1035/6/1 1029/6/1
f 1037/4/1 1029/4/1 1036/4/1
f 1038/6/1 1035/6/1 1037/6/1
f 1039/6/1 1032/6/1 1031/6/1
f 1040/4/1 1033/4/1 1032/4/1
f 1040/6/1 1032/6/1 1039/6/1
f 1041/4/1 1033/4/1 1040/4/1
f 1046/6/1 1043/6/1 1042/6/1
f 1047/6/1 1043/6/1 1046/6/1
f 1048/5/1 1045/5/1 1044/5/1
f 1049/5/1 1045/5/1 1048/5/1
f 1054/5/1 1053/5/1 1052/5/1
f 1055/5/1 1053/5/1 1054/5/1
f 1056/6/1 1055/6/1 1054/6/1
f 1057/6/1 1055/6/1 1056/6/1
f 1058/5/1 1051/5/1 1050/5/1
f 1059/5/1 1051/5/1 1058/5/1
f 1060/5/1 1057/5/1 1056/5/1
f 1061/5/1 1057/5/1 1060/5/1
f 1066/5/1 1063/5/1 1062/5/1
f 1067/5/1 1063/5/1 1066/5/1
f 1068/5/1 1065/5/1 1064/5/1
f 1069/5/1 1065/5/1 1068/5/1
f 1077/4/1 1071/4/1 1070/4/1
f 1078/6/1 1072/6/1 1071/6/1
f 1078/4/1 1071/4/1 1077/4/1
f 1079/6/1 1072/6/1 1078/6/1
f 1080/5/1 1074/5/1 1073/5/1
f 1081/4/1 1075/4/1 1074/4/1
f 1081/5/1 1074/5/1 1080/5/1
f 1082/4/1 1075/4/1 1081/4/1
f 1084/2/1 1077/2/1 1076/2/1
f 1085/2/1 1077/2/1 1084/2/1
f 1086/2/1 1083/2/1 1082/2/1
f 1087/2/1 1083/2/1 1086/2/1
f 1088/7/1 1085/7/1 1084/7/1
f 1089/7/1 1085/7/1 1088/7/1
f 1090/7/1 1087/7/1 1086/7/1
f 1091/7/1 1087/7/1 1090/7/1
f 1096/6/1 1093/6/1 1092/6/1
f 1097/6/1 1093/6/1 1096/6/1
f 1098/5/1 1095/5/1 1094/5/1
f 1099/5/1 1095/5/1 1098/5/1
f 1104/5/1 1101/5/1 1100/5/1
f 1105/5/1 1101/5/1 1104/5/1
f 1106/5/1 1103/5/1 1102/5/1
f 1107/5/1 1103/5/1 1106/5/1
f 1112/6/1 1109/6/1 1108/6/1
f 1113/6/1 1109/6/1 1112/6/1
f 1114/4/1 1111/4/1 1110/4/1
f 1115/4/1 1111/4/1 1114/4/1
f 1120/6/1 1117/6/1 1116/6/1
f 1121/6/1 1117/6/1 1120/6/1
f 1122/4/1 1119/4/1 1118/4/1
f 1123/4/1 1119/4/1 1122/4/1
f 1126/1/1 1125/1/1 1124/1/1
f 1127/1/1 1125/1/1 1126/1/1
f 1132/1/1 1129/1/1 1128/1/1
f 1133/1/1 1129/1/1 1132/1/1
f 1134/1/1 1131/1/1 1130/1/1
f 1135/1/1 1131/1/1 1134/1/1
f 1140/1/1 1137/1/1 1136/1/1
f 1141/1/1 1137/1/1 1140/1/1
f 1142/1/1 1139/1/1 1138/1/1
f 1143/1/1 1139/1/1 1142/1/1
f 1146/1/1 1145/1/1 1144/1/1
f 1147/1/1 1145/1/1 1146/1/1
f 1152/2/1 1149/2/1 1148/2/1
f 1153/2/1 1149/2/1 1152/2/1
f 1154/2/1 1151/2/1 1150/2/1
f 1155/2/1 1151/2/1 1154/2/1
f 1160/7/1 1157/7/1 1156/7/1
f 1161/7/1 1157/7/1 1160/7/1
f 1162/7/1 1159/7/1 1158/7/1
f 1163/7/1 1159/7/1 1162/7/1
f 1168/2/1 1165/2/1 1164/2/1
f 1169/2/1 1165/2/1 1168/2/1
f 1170/2/1 1167/2/1 1166/2/1
f 1171/2/1 1167/2/1 1170/2/1
f 1176/7/1 1173/7/1 1172/7/1
f 1177/7/1 1173/7/1 1176/7/1
f 1178/7/1 1175/7/1 1174/7/1
f 1179/7/1 1175/7/1 1178/7/1
f 1182/2/1 1181/2/1 1180/2/1
f 1183/2/1 1181/2/1 1182/2/1
f 1188/7/1 1185/7/1 1184/7/1
f 1189/7/1 1185/7/1 1188/7/1
f 1190/7/1 1187/7/1 1186/7/1
f 1191/7/1 1187/7/1 1190/7/1
f 1196/2/1 1193/2/1 1192/2/1
f 1197/2/1 1193/2/1 1196/2/1
f 1198/2/1 1195/2/1 1194/2/1
f 1199/2/1 1195/2/1 1198/2/1
f 1204/7/1 1201/7/1 1200/7/1
f 1205/7/1 1201/7/1 1204/7/1
f 1206/7/1 1203/7/1 1202/7/1
f 1207/7/1 1203/7/1 1206/7/1
f 1212/2/1 1209/2/1 1208/2/1
f 1213/2/1 1209/2/1 1212/2/1
f 1214/2/1 1211/2/1 1210/2/1
f 1215/2/1 1211/2/1 1214/2/1
f 1220/7/1 1217/7/1 1216/7/1
f 1221/7/1 1217/7/1 1220/7/1
f 1222/7/1 1219/7/1 1218/7/1
f 1223/7/1 1219/7/1 1222/7/1
f 1228/2/1 1225/2/1 1224/2/1
f 1229/2/1 1225/2/1 1228/2/1
f 1230/2/1 1227/2/1 1226/2/1
f 1231/2/1 1227/2/1 1230/2/1
f 1236/7/1 1233/7/1 1232/7/1
f 1237/7/1 1233/7/1 1236/7/1
f 1238/7/1 1235/7/1 1234/7/1
f 1239/7/1 1235/7/1 1238/7/1
f 1244/2/1 1241/2/1 1240/2/1
f 1245/2/1 1241/2/1 1244/2/1
f 1246/2/1 1243/2/1 1242/2/1
f 1247/2/1 1243/2/1 1246/2/1
f 1252/7/1 1249/7/1 1248/7/1
f 1253/7/1 1249/7/1 1252/7/1
f 1254/7/1 1251/7/1 1250/7/1
f 1255/7/1 1251/7/1 1254/7/1
f 1260/2/1 1257/2/1 1256/2/1
f 1261/2/1 1257/2/1 1260/2/1
f 1262/2/1 1259/2/1 1258/2/1
f 1263/2/1 1259/2/1 1262/2/1
f 1268/7/1 1265/7/1 1264/7/1
f 1269/7/1 1265/7/1 1268/7/1
f 1270/7/1 1267/7/1 1266/7/1
f 1271/7/1 1267/7/1 1270/7/1
f 1274/2/1 1273/2/1 1272/2/1
f 1275/2/1 1273/2/1 1274/2/1
f 1280/7/1 1277/7/1 1276/7/1
f 1281/7/1 1277/7/1 1280/7/1
f 1282/7/1 1279/7/1 1278/7/1
f 1283/7/1 1279/7/1 1282/7/1
f 1286/2/1 1285/2/1 1284/2/1
f 1287/2/1 1285/2/1 1286/2/1
f 1288/2/1 1285/2/1 1287/2/1
f 1289/2/1 1285/2/1 1288/2/1
f 1294/7/1 1291/7/1 1290/7/1
f 1294/7/1 1293/7/1 1292/7/1
f 1294/7/1 1292/7/1 1291/7/1
f 1295/7/1 1293/7/1 1294/7/1
f 1296/2/2 1297/2/2 1298/2/2
f 1298/2/2 1297/2/2 1299/2/2
f 1299/2/2 1297/2/2 1300/2/2
f 1300/2/2 1297/2/2 1301/2/2
f 1301/2/2 1297/2/2 1302/2/2
f 1303/7/2 1304/7/2 1307/7/2
f 1305/7/2 1306/7/2 1307/7/2
f 1304/7/2 1305/7/2 1307/7/2
f 1307/7/2 1306/7/2 1308/7/2
f 1309/2/2 1310/2/2 1311/2/2
f 1311/2/2 1310/2/2 1312/2/2
f 1313/7/2 1314/7/2 1317/7/2
f 1317/7/2 1314/7/2 1318/7/2
f 1315/7/2 1316/7/2 1319/7/2
f 1319/7/2 1316/7/2 1320/7/2
f 1321/2/2 1322/2/2 1325/2/2
f 1325/2/2 1322/2/2 1326/2/2
f 1323/2/2 1324/2/2 1327/2/2
f 1327/2/2 1324/2/2 1328/2/2
f 1329/7/2 1330/7/2 1333/7/2
f 1333/7/2 1330/7/2 1334/7/2
f 1331/7/2 1332/7/2 1335/7/2
f 1335/7/2 1332/7/2 1336/7/2
f 1337/2/2 1338/2/2 1341/2/2
f 1341/2/2 1338/2/2 1342/2/2
f 1339/2/2 1340/2/2 1343/2/2
f 1343/2/2 1340/2/2 1344/2/2
f 1345/7/2 1346/7/2 1349/7/2
f 1349/7/2 1346/7/2 1350/7/2
f 1347/7/2 1348/7/2 1351/7/2
f 1351/7/2 1348/7/2 1352/7/2
f 1353/2/2 1354/2/2 1357/2/2
f 1357/2/2 1354/2/2 1358/2/2
f 1355/2/2 1356/2/2 1359/2/2
f 1359/2/2 1356/2/2 1360/2/2
f 1361/7/2 1362/7/2 1365/7/2
f 1365/7/2 1362/7/2 1366/7/2
f 1363/7/2 1364/7/2 1367/7/2
f 1367/7/2 1364/7/2 1368/7/2
f 1369/2/2 1370/2/2 1373/2/2
f 1373/2/2 1370/2/2 1374/2/2
f 1371/2/2 1372/2/2 1375/2/2
f 1375/2/2 1372/2/2 1376/2/2
f 1377/7/2 1378/7/2 1381/7/2
f 1381/7/2 1378/7/2 1382/7/2
f 1379/7/2 1380/7/2 1383/7/2
f 1383/7/2 1380/7/2 1384/7/2
f 1385/2/2 1386/2/2 1389/2/2
f 1389/2/2 1386/2/2 1390/2/2
f 1390/2/2 1386/2/2 1391/2/2
f 1387/2/2 1388/2/2 1392/2/2
f 1392/2/2 1388/2/2 1393/2/2
f 1394/7/2 1395/7/2 1398/7/2
f 1398/7/2 1395/7/2 1399/7/2
f 1396/7/2 1397/7/2 1400/7/2
f 1400/7/2 1397/7/2 1401/7/2
f 1402/2/2 1403/2/2 1404/2/2
f 1404/2/2 1403/2/2 1405/2/2
f 1406/7/2 1407/7/2 1410/7/2
f 1410/7/2 1407/7/2 1411/7/2
f 1408/7/2 1409/7/2 1412/7/2
f 1412/7/2 1409/7/2 1413/7/2
f 1414/2/2 1415/2/2 1418/2/2
f 1418/2/2 1415/2/2 1419/2/2
f 1416/2/2 1417/2/2 1420/2/2
f 1420/2/2 1417/2/2 1421/2/2
f 1422/7/2 1423/7/2 1426/7/2
f 1426/7/2 1423/7/2 1427/7/2
f 1424/7/2 1425/7/2 1428/7/2
f 1428/7/2 1425/7/2 1429/7/2
f 1430/2/2 1431/2/2 1434/2/2
f 1434/2/2 1431/2/2 1435/2/2
f 1432/2/2 1433/2/2 1436/2/2
f 1436/2/2 1433/2/2 1437/2/2
f 1438/7/2 1439/7/2 1442/7/2
f 1442/7/2 1439/7/2 1443/7/2
f 1440/7/2 1441/7/2 1444/7/2
f 1444/7/2 1441/7/2 1445/7/2
f 1446/1/2 1447/1/2 1448/1/2
f 1448/1/2 1447/1/2 1449/1/2
f 1450/1/2 1451/1/2 1454/1/2
f 1454/1/2 1451/1/2 1455/1/2
f 1452/1/2 1453/1/2 1456/1/2
f 1456/1/2 1453/1/2 1457/1/2
f 1458/1/2 1459/1/2 1462/1/2
f 1462/1/2 1459/1/2 1463/1/2
f 1460/1/2 1461/1/2 1464/1/2
f 1464/1/2 1461/1/2 1465/1/2
f 1466/4/2 1467/4/2 1470/4/2
f 1470/4/2 1467/4/2 1471/4/2
f 1468/6/2 1469/6/2 1472/6/2
f 1472/6/2 1469/6/2 1473/6/2
f 1474/4/2 1475/4/2 1478/4/2
f 1478/4/2 1475/4/2 1479/4/2
f 1476/6/2 1477/6/2 1480/6/2
f 1480/6/2 1477/6/2 1481/6/2
f 1482/1/2 1483/1/2 1484/1/2
f 1484/1/2 1483/1/2 1485/1/2
f 1486/6/2 1487/6/2 1490/6/2
f 1490/6/2 1487/6/2 1491/6/2
f 1488/5/2 1489/5/2 1492/5/2
f 1492/5/2 1489/5/2 1493/5/2
f 1496/6/2 1497/6/2 1498/6/2
f 1498/6/2 1497/6/2 1499/6/2
f 1494/5/2 1495/5/2 1500/5/2
f 1500/5/2 1495/5/2 1501/5/2
f 1498/5/2 1499/5/2 1502/5/2
f 1502/5/2 1499/5/2 1503/5/2
f 1504/2/2 1505/2/2 1508/2/2
f 1508/2/2 1505/2/2 1509/2/2
f 1506/2/2 1507/2/2 1510/2/2
f 1510/2/2 1507/2/2 1511/2/2
f 1508/7/2 1509/7/2 1512/7/2
f 1512/7/2 1509/7/2 1513/7/2
f 1510/7/2 1511/7/2 1518/7/2
f 1518/7/2 1511/7/2 1519/7/2
f 1514/6/2 1515/6/2 1520/6/2
f 1513/4/2 1514/4/2 1521/4/2
f 1514/6/2 1520/6/2 1522/6/2
f 1521/4/2 1514/4/2 1522/4/2
f 1522/6/2 1520/6/2 1523/6/2
f 1516/6/2 1517/6/2 1524/6/2
f 1517/4/2 1518/4/2 1525/4/2
f 1524/6/2 1517/6/2 1525/6/2
f 1525/4/2 1518/4/2 1526/4/2
f 1527/6/2 1528/6/2 1531/6/2
f 1531/6/2 1528/6/2 1532/6/2
f 1529/5/2 1530/5/2 1533/5/2
f 1533/5/2 1530/5/2 1534/5/2
f 1535/5/2 1536/5/2 1539/5/2
f 1539/5/2 1536/5/2 1540/5/2
f 1537/5/2 1538/5/2 1541/5/2
f 1541/5/2 1538/5/2 1542/5/2
f 1543/5/2 1544/5/2 1547/5/2
f 1547/5/2 1544/5/2 1548/5/2
f 1545/5/2 1546/5/2 1549/5/2
f 1549/5/2 1546/5/2 1550/5/2
f 1551/4/2 1552/4/2 1558/4/2
f 1552/6/2 1553/6/2 1559/6/2
f 1558/4/2 1552/4/2 1559/4/2
f 1559/6/2 1553/6/2 1560/6/2
f 1554/5/2 1555/5/2 1561/5/2
f 1555/4/2 1556/4/2 1562/4/2
f 1561/5/2 1555/5/2 1562/5/2
f 1562/4/2 1556/4/2 1563/4/2
f 1557/2/2 1558/2/2 1565/2/2
f 1565/2/2 1558/2/2 1566/2/2
f 1563/2/2 1564/2/2 1567/2/2
f 1567/2/2 1564/2/2 1568/2/2
f 1565/7/2 1566/7/2 1569/7/2
f 1569/7/2 1566/7/2 1570/7/2
f 1567/7/2 1568/7/2 1571/7/2
f 1571/7/2 1568/7/2 1572/7/2
f 1573/2/2 1574/2/2 1577/2/2
f 1577/2/2 1574/2/2 1578/2/2
f 1575/2/2 1576/2/2 1579/2/2
f 1579/2/2 1576/2/2 1580/2/2
f 1577/7/2 1578/7/2 1581/7/2
f 1581/7/2 1578/7/2 1582/7/2
f 1579/7/2 1580/7/2 1583/7/2
f 1583/7/2 1580/7/2 1584/7/2
f 1585/4/2 1586/4/2 1589/4/2
f 1589/4/2 1586/4/2 1590/4/2
f 1587/4/2 1588/4/2 1591/4/2
f 1591/4/2 1588/4/2 1592/4/2
f 1593/6/2 1594/6/2 1598/6/2
f 1598/6/2 1594/6/2 1599/6/2
f 1595/6/2 1596/6/2 1600/6/2
f 1600/6/2 1596/6/2 1601/6/2
f 1601/2/2 1602/2/2 1603/2/2
f 1603/2/2 1602/2/2 1604/2/2
f 1597/7/2 1598/7/2 1605/7/2
f 1605/7/2 1598/7/2 1606/7/2
f 1603/7/2 1604/7/2 1609/7/2
f 1609/7/2 1604/7/2 1610/7/2
f 1606/5/2 1607/5/2 1611/5/2
f 1611/5/2 1607/5/2 1612/5/2
f 1608/5/2 1609/5/2 1613/5/2
f 1613/5/2 1609/5/2 1614/5/2
f 1615/5/2 1616/5/2 1620/5/2
f 1620/5/2 1616/5/2 1621/5/2
f 1617/5/2 1618/5/2 1622/5/2
f 1622/5/2 1618/5/2 1623/5/2
f 1619/2/2 1620/2/2 1625/2/2
f 1625/2/2 1620/2/2 1626/2/2
f 1623/2/2 1624/2/2 1627/2/2
f 1627/2/2 1624/2/2 1628/2/2
f 1625/7/2 1626/7/2 1629/7/2
f 1629/7/2 1626/7/2 1630/7/2
f 1627/7/2 1628/7/2 1633/7/2
f 1633/7/2 1628/7/2 1634/7/2
f 1630/5/2 1631/5/2 1635/5/2
f 1635/5/2 1631/5/2 1636/5/2
f 1632/5/2 1633/5/2 1637/5/2
f 1637/5/2 1633/5/2 1638/5/2
f 1639/4/2 1640/4/2 1643/4/2
f 1643/4/2 1640/4/2 1644/4/2
f 1641/4/2 1642/4/2 1645/4/2
f 1645/4/2 1642/4/2 1646/4/2
f 1647/2/2 1648/2/2 1651/2/2
f 1651/2/2 1648/2/2 1652/2/2
f 1649/2/2 1650/2/2 1653/2/2
f 1653/2/2 1650/2/2 1654/2/2
f 1651/7/2 1652/7/2 1655/7/2
f 1655/7/2 1652/7/2 1656/7/2
f 1653/7/2 1654/7/2 1657/7/2
f 1657/7/2 1654/7/2 1658/7/2
f 1659/2/2 1660/2/2 1663/2/2
f 1663/2/2 1660/2/2 1664/2/2
f 1661/2/2 1662/2/2 1665/2/2
f 1665/2/2 1662/2/2 1666/2/2
f 1663/7/2 1664/7/2 1667/7/2
f 1667/7/2 1664/7/2 1668/7/2
f 1665/7/2 1666/7/2 1673/7/2
f 1673/7/2 1666/7/2 1674/7/2
f 1668/5/2 1669/5/2 1675/5/2
f 1669/4/2 1670/4/2 1676/4/2
f 1675/5/2 1669/5/2 1676/5/2
f 1676/4/2 1670/4/2 1677/4/2
f 1671/5/2 1672/5/2 1678/5/2
f 1672/5/2 1673/5/2 1678/5/2
f 1678/5/2 1673/5/2 1679/5/2
f 1680/4/2 1681/4/2 1685/4/2
f 1685/4/2 1681/4/2 1686/4/2
f 1682/6/2 1683/6/2 1687/6/2
f 1685/6/2 1686/6/2 1689/6/2
f 1684/4/2 1685/4/2 1689/4/2
f 1689/6/2 1686/6/2 1690/6/2
f 1682/6/2 1687/6/2 1691/6/2
f 1687/4/2 1688/4/2 1692/4/2
f 1691/6/2 1687/6/2 1692/6/2
f 1684/4/2 1689/4/2 1694/4/2
f 1694/4/2 1689/4/2 1695/4/2
f 1692/4/2 1688/4/2 1696/4/2
f 1696/4/2 1688/4/2 1697/4/2
f 1697/2/2 1698/2/2 1699/2/2
f 1699/2/2 1698/2/2 1700/2/2
f 1693/7/2 1694/7/2 1701/7/2
f 1701/7/2 1694/7/2 1702/7/2
f 1699/7/2 1700/7/2 1705/7/2
f 1705/7/2 1700/7/2 1706/7/2
f 1702/4/2 1703/4/2 1707/4/2
f 1704/4/2 1705/4/2 1710/4/2
f 1707/6/2 1708/6/2 1711/6/2
f 1702/4/2 1707/4/2 1711/4/2
f 1711/6/2 1708/6/2 1712/6/2
f 1709/6/2 1710/6/2 1713/6/2
f 1710/4/2 1705/4/2 1714/4/2
f 1713/6/2 1710/6/2 1714/6/2
f 1702/4/2 1711/4/2 1716/4/2
f 1716/4/2 1711/4/2 1717/4/2
f 1714/4/2 1705/4/2 1718/4/2
f 1718/4/2 1705/4/2 1719/4/2
f 1715/2/2 1716/2/2 1721/2/2
f 1721/2/2 1716/2/2 1722/2/2
f 1719/2/2 1720/2/2 1723/2/2
f 1723/2/2 1720/2/2 1724/2/2
f 1721/7/2 1722/7/2 1725/7/2
f 1725/7/2 1722/7/2 1726/7/2
f 1723/7/2 1724/7/2 1729/7/2
f 1729/7/2 1724/7/2 1730/7/2
f 1726/4/2 1727/4/2 1731/4/2
f 1728/4/2 1729/4/2 1734/4/2
f 1726/4/2 1731/4/2 1735/4/2
f 1731/6/2 1732/6/2 1736/6/2
f 1735/4/2 1731/4/2 1736/4/2
f 1736/6/2 1732/6/2 1737/6/2
f 1733/6/2 1734/6/2 1738/6/2
f 1734/4/2 1729/4/2 1738/4/2
f 1738/4/2 1729/4/2 1739/4/2
f 1736/6/2 1737/6/2 1740/6/2
f 1740/6/2 1737/6/2 1741/6/2
f 1733/6/2 1738/6/2 1742/6/2
f 1742/6/2 1738/6/2 1743/6/2
f 1744/5/2 1745/5/2 1751/5/2
f 1745/4/2 1746/4/2 1752/4/2
f 1751/5/2 1745/5/2 1752/5/2
f 1752/4/2 1746/4/2 1753/4/2
f 1747/5/2 1748/5/2 1754/5/2
f 1748/6/2 1749/6/2 1755/6/2
f 1754/5/2 1748/5/2 1755/5/2
f 1755/6/2 1749/6/2 1756/6/2
f 1750/2/2 1751/2/2 1758/2/2
f 1758/2/2 1751/2/2 1759/2/2
f 1756/2/2 1757/2/2 1760/2/2
f 1760/2/2 1757/2/2 1761/2/2
f 1758/7/2 1759/7/2 1762/7/2
f 1762/7/2 1759/7/2 1763/7/2
f 1760/7/2 1761/7/2 1764/7/2
f 1764/7/2 1761/7/2 1765/7/2
f 1766/2/2 1767/2/2 1770/2/2
f 1770/2/2 1767/2/2 1771/2/2
f 1768/2/2 1769/2/2 1772/2/2
f 1772/2/2 1769/2/2 1773/2/2
f 1770/7/2 1771/7/2 1774/7/2
f 1774/7/2 1771/7/2 1775/7/2
f 1772/7/2 1773/7/2 1776/7/2
f 1776/7/2 1773/7/2 1777/7/2
f 1778/5/2 1779/5/2 1782/5/2
f 1782/5/2 1779/5/2 1783/5/2
f 1780/5/2 1781/5/2 1784/5/2
f 1784/5/2 1781/5/2 1785/5/2
f 1786/6/2 1787/6/2 1791/6/2
f 1791/6/2 1787/6/2 1792/6/2
f 1788/6/2 1789/6/2 1793/6/2
f 1793/6/2 1789/6/2 1794/6/2
f 1794/2/2 1795/2/2 1796/2/2
f 1796/2/2 1795/2/2 1797/2/2
f 1790/7/2 1791/7/2 1798/7/2
f 1798/7/2 1791/7/2 1799/7/2
f 1796/7/2 1797/7/2 1802/7/2
f 1802/7/2 1797/7/2 1803/7/2
f 1799/6/2 1800/6/2 1804/6/2
f 1804/6/2 1800/6/2 1805/6/2
f 1801/6/2 1802/6/2 1806/6/2
f 1806/6/2 1802/6/2 1807/6/2
f 1808/6/2 1809/6/2 1813/6/2
f 1813/6/2 1809/6/2 1814/6/2
f 1810/6/2 1811/6/2 1815/6/2
f 1815/6/2 1811/6/2 1816/6/2
f 1812/2/2 1813/2/2 1818/2/2
f 1818/2/2 1813/2/2 1819/2/2
f 1816/2/2 1817/2/2 1820/2/2
f 1820/2/2 1817/2/2 1821/2/2
f 1818/7/2 1819/7/2 1822/7/2
f 1822/7/2 1819/7/2 1823/7/2
f 1820/7/2 1821/7/2 1826/7/2
f 1826/7/2 1821/7/2 1827/7/2
f 1823/6/2 1824/6/2 1828/6/2
f 1828/6/2 1824/6/2 1829/6/2
f 1825/5/2 1826/5/2 1830/5/2
f 1830/5/2 1826/5/2 1831/5/2
f 1832/5/2 1833/5/2 1836/5/2
f 1836/5/2 1833/5/2 1837/5/2
f 1834/6/2 1835/6/2 1838/6/2
f 1838/6/2 1835/6/2 1839/6/2
f 1840/2/2 1841/2/2 1844/2/2
f 1844/2/2 1841/2/2 1845/2/2
f 1842/2/2 1843/2/2 1846/2/2
f 1846/2/2 1843/2/2 1847/2/2
f 1844/7/2 1845/7/2 1848/7/2
f 1848/7/2 1845/7/2 1849/7/2
f 1846/7/2 1847/7/2 1850/7/2
f 1850/7/2 1847/7/2 1851/7/2
f 1852/2/2 1853/2/2 1856/2/2
f 1856/2/2 1853/2/2 1857/2/2
f 1854/2/2 1855/2/2 1858/2/2
f 1858/2/2 1855/2/2 1859/2/2
f 1856/7/2 1857/7/2 1860/7/2
f 1860/7/2 1857/7/2 1861/7/2
f 1858/7/2 1859/7/2 1866/7/2
f 1866/7/2 1859/7/2 1867/7/2
f 1861/6/2 1862/6/2 1869/6/2
f 1862/5/2 1863/5/2 1870/5/2
f 1869/6/2 1862/6/2 1870/6/2
f 1870/5/2 1863/5/2 1871/5/2
f 1864/6/2 1865/6/2 1872/6/2
f 1865/4/2 1866/4/2 1873/4/2
f 1872/6/2 1865/6/2 1873/6/2
f 1873/4/2 1866/4/2 1874/4/2
f 1868/4/2 1869/4/2 1877/4/2
f 1874/5/2 1875/5/2 1878/5/2
f 1878/5/2 1875/5/2 1879/5/2
f 1878/5/2 1879/5/2 1881/5/2
f 1879/6/2 1880/6/2 1881/6/2
f 1881/6/2 1880/6/2 1882/6/2
f 1877/4/2 1869/4/2 1883/4/2
f 1876/5/2 1877/5/2 1883/5/2
f 1883/4/2 1869/4/2 1884/4/2
f 1881/5/2 1882/5/2 1885/5/2
f 1878/5/2 1881/5/2 1885/5/2
f 1885/5/2 1882/5/2 1886/5/2
f 1876/5/2 1883/5/2 1888/5/2
f 1888/5/2 1883/5/2 1889/5/2
f 1886/5/2 1882/5/2 1890/5/2
f 1890/5/2 1882/5/2 1891/5/2
f 1891/2/2 1892/2/2 1893/2/2
f 1893/2/2 1892/2/2 1894/2/2
f 1887/7/2 1888/7/2 1895/7/2
f 1895/7/2 1888/7/2 1896/7/2
f 1893/7/2 1894/7/2 1899/7/2
f 1899/7/2 1894/7/2 1900/7/2
f 1896/5/2 1897/5/2 1901/5/2
f 1898/5/2 1899/5/2 1904/5/2
f 1904/5/2 1899/5/2 1905/5/2
f 1903/5/2 1904/5/2 1905/5/2
f 1905/5/2 1899/5/2 1906/5/2
f 1903/5/2 1905/5/2 1907/5/2
f 1905/6/2 1906/6/2 1907/6/2
f 1907/6/2 1906/6/2 1908/6/2
f 1901/4/2 1902/4/2 1909/4/2
f 1896/5/2 1901/5/2 1909/5/2
f 1909/4/2 1902/4/2 1910/4/2
f 1907/5/2 1908/5/2 1911/5/2
f 1903/5/2 1907/5/2 1911/5/2
f 1911/5/2 1908/5/2 1912/5/2
f 1896/5/2 1909/5/2 1914/5/2
f 1914/5/2 1909/5/2 1915/5/2
f 1912/5/2 1908/5/2 1916/5/2
f 1916/5/2 1908/5/2 1917/5/2
f 1913/2/2 1914/2/2 1919/2/2
f 1919/2/2 1914/2/2 1920/2/2
f 1917/2/2 1918/2/2 1921/2/2
f 1921/2/2 1918/2/2 1922/2/2
f 1919/7/2 1920/7/2 1923/7/2
f 1923/7/2 1920/7/2 1924/7/2
f 1921/7/2 1922/7/2 1927/7/2
f 1927/7/2 1922/7/2 1928/7/2
f 1924/5/2 1925/5/2 1929/5/2
f 1926/5/2 1927/5/2 1932/5/2
f 1932/5/2 1927/5/2 1933/5/2
f 1931/5/2 1932/5/2 1933/5/2
f 1933/5/2 1927/5/2 1934/5/2
f 1931/5/2 1933/5/2 1935/5/2
f 1933/6/2 1934/6/2 1935/6/2
f 1935/6/2 1934/6/2 1936/6/2
f 1931/5/2 1935/5/2 1937/5/2
f 1935/5/2 1936/5/2 1937/5/2
f 1924/5/2 1929/5/2 1938/5/2
f 1929/4/2 1930/4/2 1939/4/2
f 1938/5/2 1929/5/2 1939/5/2
f 1939/4/2 1930/4/2 1940/4/2
f 1937/5/2 1936/5/2 1941/5/2
f 1941/5/2 1936/5/2 1942/5/2
f 1939/4/2 1940/4/2 1943/4/2
f 1943/4/2 1940/4/2 1944/4/2
f 1937/5/2 1941/5/2 1948/5/2
f 1948/5/2 1941/5/2 1949/5/2
f 1944/6/2 1945/6/2 1951/6/2
f 1951/6/2 1945/6/2 1952/6/2
f 1952/6/2 1945/6/2 1953/6/2
f 1946/6/2 1947/6/2 1954/6/2
f 1947/4/2 1948/4/2 1955/4/2
f 1954/6/2 1947/6/2 1955/6/2
f 1955/4/2 1948/4/2 1956/4/2
f 1950/2/2 1951/2/2 1958/2/2
f 1958/2/2 1951/2/2 1959/2/2
f 1956/2/2 1957/2/2 1960/2/2
f 1960/2/2 1957/2/2 1961/2/2
f 1958/7/2 1959/7/2 1962/7/2
f 1962/7/2 1959/7/2 1963/7/2
f 1960/7/2 1961/7/2 1964/7/2
f 1964/7/2 1961/7/2 1965/7/2
f 1966/2/2 1967/2/2 1970/2/2
f 1970/2/2 1967/2/2 1971/2/2
f 1968/2/2 1969/2/2 1972/2/2
f 1972/2/2 1969/2/2 1973/2/2
f 1970/7/2 1971/7/2 1974/7/2
f 1974/7/2 1971/7/2 1975/7/2
f 1972/7/2 1973/7/2 1976/7/2
f 1976/7/2 1973/7/2 1977/7/2
f 1978/6/2 1979/6/2 1982/6/2
f 1982/6/2 1979/6/2 1983/6/2
f 1980/4/2 1981/4/2 1984/4/2
f 1984/4/2 1981/4/2 1985/4/2
f 1986/4/2 1987/4/2 1991/4/2
f 1991/4/2 1987/4/2 1992/4/2
f 1988/6/2 1989/6/2 1993/6/2
f 1993/6/2 1989/6/2 1994/6/2
f 1994/2/2 1995/2/2 1996/2/2
f 1996/2/2 1995/2/2 1997/2/2
f 1990/7/2 1991/7/2 1998/7/2
f 1998/7/2 1991/7/2 1999/7/2
f 1996/7/2 1997/7/2 2002/7/2
f 2002/7/2 1997/7/2 2003/7/2
f 1999/4/2 2000/4/2 2004/4/2
f 2004/4/2 2000/4/2 2005/4/2
f 2001/5/2 2002/5/2 2006/5/2
f 2006/5/2 2002/5/2 2007/5/2
f 2008/4/2 2009/4/2 2013/4/2
f 2013/4/2 2009/4/2 2014/4/2
f 2010/5/2 2011/5/2 2015/5/2
f 2015/5/2 2011/5/2 2016/5/2
f 2012/2/2 2013/2/2 2018/2/2
f 2018/2/2 2013/2/2 2019/2/2
f 2016/2/2 2017/2/2 2020/2/2
f 2020/2/2 2017/2/2 2021/2/2
f 2018/7/2 2019/7/2 2022/7/2
f 2022/7/2 2019/7/2 2023/7/2
f 2020/7/2 2021/7/2 2026/7/2
f 2026/7/2 2021/7/2 2027/7/2
f 2023/4/2 2024/4/2 2028/4/2
f 2028/4/2 2024/4/2 2029/4/2
f 2025/5/2 2026/5/2 2030/5/2
f 2030/5/2 2026/5/2 2031/5/2
f 2032/6/2 2033/6/2 2036/6/2
f 2036/6/2 2033/6/2 2037/6/2
f 2034/4/2 2035/4/2 2038/4/2
f 2038/4/2 2035/4/2 2039/4/2
f 2040/2/2 2041/2/2 2044/2/2
f 2044/2/2 2041/2/2 2045/2/2
f 2042/2/2 2043/2/2 2046/2/2
f 2046/2/2 2043/2/2 2047/2/2
f 2044/7/2 2045/7/2 2048/7/2
f 2048/7/2 2045/7/2 2049/7/2
f 2046/7/2 2047/7/2 2050/7/2
f 2050/7/2 2047/7/2 2051/7/2
f 2052/2/2 2053/2/2 2056/2/2
f 2056/2/2 2053/2/2 2057/2/2
f 2054/2/2 2055/2/2 2058/2/2
f 2058/2/2 2055/2/2 2059/2/2
f 2056/7/2 2057/7/2 2060/7/2
f 2060/7/2 2057/7/2 2061/7/2
f 2058/7/2 2059/7/2 2065/7/2
f 2065/7/2 2059/7/2 2066/7/2
f 2061/5/2 2062/5/2 2068/5/2
f 2064/5/2 2065/5/2 2069/5/2
f 2067/6/2 2068/6/2 2072/6/2
f 2069/6/2 2070/6/2 2073/6/2
f 2072/6/2 2068/6/2 2075/6/2
f 2071/5/2 2072/5/2 2075/5/2
f 2068/5/2 2062/5/2 2076/5/2
f 2075/6/2 2068/6/2 2076/6/2
f 2062/4/2 2063/4/2 2077/4/2
f 2076/5/2 2062/5/2 2077/5/2
f 2077/4/2 2063/4/2 2078/4/2
f 2064/5/2 2069/5/2 2079/5/2
f 2069/6/2 2073/6/2 2080/6/2
f 2079/5/2 2069/5/2 2080/5/2
f 2075/5/2 2076/5/2 2081/5/2
f 2071/5/2 2075/5/2 2081/5/2
f 2081/5/2 2076/5/2 2082/5/2
f 2071/5/2 2081/5/2 2083/5/2
f 2081/6/2 2082/6/2 2083/6/2
f 2083/6/2 2082/6/2 2084/6/2
f 2071/5/2 2083/5/2 2085/5/2
f 2083/5/2 2084/5/2 2085/5/2
f 2085/5/2 2084/5/2 2086/5/2
f 2086/5/2 2084/5/2 2087/5/2
f 2080/6/2 2073/6/2 2088/6/2
f 2073/4/2 2074/4/2 2089/4/2
f 2088/6/2 2073/6/2 2089/6/2
f 2085/6/2 2086/6/2 2091/6/2
f 2091/6/2 2086/6/2 2092/6/2
f 2089/4/2 2074/4/2 2093/4/2
f 2093/4/2 2074/4/2 2094/4/2
f 2094/2/2 2095/2/2 2096/2/2
f 2096/2/2 2095/2/2 2097/2/2
f 2090/7/2 2091/7/2 2098/7/2
f 2098/7/2 2091/7/2 2099/7/2
f 2096/7/2 2097/7/2 2102/7/2
f 2102/7/2 2097/7/2 2103/7/2
f 2099/6/2 2100/6/2 2104/6/2
f 2101/4/2 2102/4/2 2107/4/2
f 2104/5/2 2105/5/2 2108/5/2
f 2099/6/2 2104/6/2 2108/6/2
f 2108/5/2 2105/5/2 2109/5/2
f 2106/6/2 2107/6/2 2110/6/2
f 2107/4/2 2102/4/2 2111/4/2
f 2110/6/2 2107/6/2 2111/6/2
f 2099/6/2 2108/6/2 2113/6/2
f 2113/6/2 2108/6/2 2114/6/2
f 2111/4/2 2102/4/2 2115/4/2
f 2115/4/2 2102/4/2 2116/4/2
f 2112/2/2 2113/2/2 2118/2/2
f 2118/2/2 2113/2/2 2119/2/2
f 2116/2/2 2117/2/2 2120/2/2
f 2120/2/2 2117/2/2 2121/2/2
f 2118/7/2 2119/7/2 2122/7/2
f 2122/7/2 2119/7/2 2123/7/2
f 2120/7/2 2121/7/2 2126/7/2
f 2126/7/2 2121/7/2 2127/7/2
f 2123/6/2 2124/6/2 2128/6/2
f 2125/4/2 2126/4/2 2131/4/2
f 2128/5/2 2129/5/2 2132/5/2
f 2123/6/2 2128/6/2 2132/6/2
f 2132/5/2 2129/5/2 2133/5/2
f 2130/6/2 2131/6/2 2137/6/2
f 2123/6/2 2132/6/2 2138/6/2
f 2132/6/2 2133/6/2 2138/6/2
f 2138/6/2 2133/6/2 2139/6/2
f 2133/5/2 2134/5/2 2140/5/2
f 2139/6/2 2133/6/2 2140/6/2
f 2136/5/2 2137/5/2 2141/5/2
f 2137/6/2 2131/6/2 2142/6/2
f 2141/5/2 2137/5/2 2142/5/2
f 2131/4/2 2126/4/2 2143/4/2
f 2142/6/2 2131/6/2 2143/6/2
f 2143/4/2 2126/4/2 2144/4/2
f 2139/5/2 2140/5/2 2145/5/2
f 2140/5/2 2134/5/2 2146/5/2
f 2145/5/2 2140/5/2 2146/5/2
f 2141/6/2 2142/6/2 2147/6/2
f 2136/5/2 2141/5/2 2147/5/2
f 2142/6/2 2143/6/2 2147/6/2
f 2147/6/2 2143/6/2 2148/6/2
f 2148/6/2 2143/6/2 2149/6/2
f 2146/5/2 2134/5/2 2151/5/2
f 2134/4/2 2135/4/2 2152/4/2
f 2151/5/2 2134/5/2 2152/5/2
f 2152/4/2 2135/4/2 2153/4/2
f 2147/5/2 2148/5/2 2154/5/2
f 2136/5/2 2147/5/2 2154/5/2
f 2154/5/2 2148/5/2 2155/5/2
f 2150/2/2 2151/2/2 2157/2/2
f 2157/2/2 2151/2/2 2158/2/2
f 2155/2/2 2156/2/2 2159/2/2
f 2159/2/2 2156/2/2 2160/2/2
f 2157/7/2 2158/7/2 2161/7/2
f 2161/7/2 2158/7/2 2162/7/2
f 2159/7/2 2160/7/2 2163/7/2
f 2163/7/2 2160/7/2 2164/7/2
f 2165/2/2 2166/2/2 2169/2/2
f 2169/2/2 2166/2/2 2170/2/2
f 2167/2/2 2168/2/2 2171/2/2
f 2171/2/2 2168/2/2 2172/2/2
f 2169/7/2 2170/7/2 2173/7/2
f 2173/7/2 2170/7/2 2174/7/2
f 2171/7/2 2172/7/2 2175/7/2
f 2175/7/2 2172/7/2 2176/7/2
f 2177/5/2 2178/5/2 2181/5/2
f 2181/5/2 2178/5/2 2182/5/2
f 2179/5/2 2180/5/2 2183/5/2
f 2183/5/2 2180/5/2 2184/5/2
f 2185/5/2 2186/5/2 2190/5/2
f 2190/5/2 2186/5/2 2191/5/2
f 2187/6/2 2188/6/2 2192/6/2
f 2192/6/2 2188/6/2 2193/6/2
f 2193/2/2 2194/2/2 2195/2/2
f 2195/2/2 2194/2/2 2196/2/2
f 2189/7/2 2190/7/2 2197/7/2
f 2197/7/2 2190/7/2 2198/7/2
f 2195/7/2 2196/7/2 2201/7/2
f 2201/7/2 2196/7/2 2202/7/2
f 2198/5/2 2199/5/2 2203/5/2
f 2203/5/2 2199/5/2 2204/5/2
f 2200/6/2 2201/6/2 2205/6/2
f 2205/6/2 2201/6/2 2206/6/2
f 2207/5/2 2208/5/2 2212/5/2
f 2212/5/2 2208/5/2 2213/5/2
f 2209/6/2 2210/6/2 2214/6/2
f 2214/6/2 2210/6/2 2215/6/2
f 2211/2/2 2212/2/2 2217/2/2
f 2217/2/2 2212/2/2 2218/2/2
f 2215/2/2 2216/2/2 2219/2/2
f 2219/2/2 2216/2/2 2220/2/2
f 2217/7/2 2218/7/2 2221/7/2
f 2221/7/2 2218/7/2 2222/7/2
f 2219/7/2 2220/7/2 2225/7/2
f 2225/7/2 2220/7/2 2226/7/2
f 2222/5/2 2223/5/2 2227/5/2
f 2227/5/2 2223/5/2 2228/5/2
f 2224/6/2 2225/6/2 2229/6/2
f 2229/6/2 2225/6/2 2230/6/2
f 2231/5/2 2232/5/2 2235/5/2
f 2235/5/2 2232/5/2 2236/5/2
f 2233/5/2 2234/5/2 2237/5/2
f 2237/5/2 2234/5/2 2238/5/2
f 2239/2/2 2240/2/2 2243/2/2
f 2243/2/2 2240/2/2 2244/2/2
f 2241/2/2 2242/2/2 2245/2/2
f 2245/2/2 2242/2/2 2246/2/2
f 2243/7/2 2244/7/2 2247/7/2
f 2247/7/2 2244/7/2 2248/7/2
f 2245/7/2 2246/7/2 2249/7/2
f 2249/7/2 2246/7/2 2250/7/2
f 2251/2/2 2252/2/2 2255/2/2
f 2255/2/2 2252/2/2 2256/2/2
f 2253/2/2 2254/2/2 2257/2/2
f 2257/2/2 2254/2/2 2258/2/2
f 2255/7/2 2256/7/2 2259/7/2
f 2259/7/2 2256/7/2 2260/7/2
f 2257/7/2 2258/7/2 2269/7/2
f 2269/7/2 2258/7/2 2270/7/2
f 2261/6/2 2262/6/2 2271/6/2
f 2262/4/2 2263/4/2 2271/4/2
f 2263/5/2 2264/5/2 2272/5/2
f 2271/4/2 2263/4/2 2272/4/2
f 2264/6/2 2265/6/2 2273/6/2
f 2272/5/2 2264/5/2 2273/5/2
f 2273/6/2 2265/6/2 2274/6/2
f 2265/4/2 2266/4/2 2275/4/2
f 2274/6/2 2265/6/2 2275/6/2
f 2266/5/2 2267/5/2 2276/5/2
f 2275/4/2 2266/4/2 2276/4/2
f 2276/5/2 2267/5/2 2277/5/2
f 2261/6/2 2271/6/2 2278/6/2
f 2278/6/2 2271/6/2 2279/6/2
f 2277/5/2 2267/5/2 2280/5/2
f 2267/6/2 2268/6/2 2281/6/2
f 2280/5/2 2267/5/2 2281/5/2
f 2260/5/2 2261/5/2 2283/5/2
f 2268/4/2 2269/4/2 2284/4/2
f 2282/4/2 2283/4/2 2287/4/2
f 2284/5/2 2285/5/2 2288/5/2
f 2287/4/2 2283/4/2 2290/4/2
f 2283/5/2 2261/5/2 2290/5/2
f 2261/6/2 2278/6/2 2291/6/2
f 2290/5/2 2261/5/2 2291/5/2
f 2291/6/2 2278/6/2 2292/6/2
f 2281/6/2 2268/6/2 2293/6/2
f 2268/4/2 2284/4/2 2294/4/2
f 2293/6/2 2268/6/2 2294/6/2
f 2284/5/2 2288/5/2 2295/5/2
f 2294/4/2 2284/4/2 2295/4/2
f 2288/5/2 2289/5/2 2295/5/2
f 2287/4/2 2290/4/2 2296/4/2
f 2286/5/2 2287/5/2 2296/5/2
f 2296/4/2 2290/4/2 2297/4/2
f 2295/5/2 2289/5/2 2298/5/2
f 2298/5/2 2289/5/2 2299/5/2
f 2286/5/2 2296/5/2 2301/5/2
f 2301/5/2 2296/5/2 2302/5/2
f 2299/5/2 2289/5/2 2303/5/2
f 2303/5/2 2289/5/2 2304/5/2
f 2304/2/2 2305/2/2 2306/2/2
f 2306/2/2 2305/2/2 2307/2/2
f 2300/7/2 2301/7/2 2308/7/2
f 2308/7/2 2301/7/2 2309/7/2
f 2306/7/2 2307/7/2 2312/7/2
f 2312/7/2 2307/7/2 2313/7/2
f 2309/5/2 2310/5/2 2314/5/2
f 2311/5/2 2312/5/2 2317/5/2
f 2309/5/2 2314/5/2 2318/5/2
f 2314/4/2 2315/4/2 2319/4/2
f 2318/5/2 2314/5/2 2319/5/2
f 2319/4/2 2315/4/2 2320/4/2
f 2318/6/2 2319/6/2 2321/6/2
f 2319/4/2 2320/4/2 2322/4/2
f 2321/6/2 2319/6/2 2322/6/2
f 2322/4/2 2320/4/2 2323/4/2
f 2322/4/2 2323/4/2 2324/4/2
f 2322/4/2 2324/4/2 2325/4/2
f 2321/5/2 2322/5/2 2326/5/2
f 2322/4/2 2325/4/2 2326/4/2
f 2326/4/2 2325/4/2 2327/4/2
f 2316/5/2 2317/5/2 2328/5/2
f 2317/5/2 2312/5/2 2329/5/2
f 2328/5/2 2317/5/2 2329/5/2
f 2321/5/2 2326/5/2 2331/5/2
f 2331/5/2 2326/5/2 2332/5/2
f 2329/5/2 2312/5/2 2333/5/2
f 2333/5/2 2312/5/2 2334/5/2
f 2330/2/2 2331/2/2 2336/2/2
f 2336/2/2 2331/2/2 2337/2/2
f 2334/2/2 2335/2/2 2338/2/2
f 2338/2/2 2335/2/2 2339/2/2
f 2336/7/2 2337/7/2 2340/7/2
f 2340/7/2 2337/7/2 2341/7/2
f 2338/7/2 2339/7/2 2344/7/2
f 2344/7/2 2339/7/2 2345/7/2
f 2341/5/2 2342/5/2 2346/5/2
f 2343/5/2 2344/5/2 2349/5/2
f 2346/4/2 2347/4/2 2350/4/2
f 2348/5/2 2349/5/2 2355/5/2
f 2341/5/2 2346/5/2 2356/5/2
f 2346/4/2 2350/4/2 2357/4/2
f 2356/5/2 2346/5/2 2357/5/2
f 2350/5/2 2351/5/2 2358/5/2
f 2351/6/2 2352/6/2 2358/6/2
f 2358/6/2 2352/6/2 2359/6/2
f 2353/6/2 2354/6/2 2360/6/2
f 2349/5/2 2344/5/2 2361/5/2
f 2355/5/2 2349/5/2 2361/5/2
f 2361/5/2 2344/5/2 2362/5/2
f 2357/4/2 2350/4/2 2363/4/2
f 2358/5/2 2359/5/2 2364/5/2
f 2363/4/2 2350/4/2 2364/4/2
f 2350/5/2 2358/5/2 2364/5/2
f 2360/6/2 2354/6/2 2365/6/2
f 2354/4/2 2355/4/2 2366/4/2
f 2355/5/2 2361/5/2 2366/5/2
f 2366/5/2 2361/5/2 2367/5/2
f 2364/5/2 2359/5/2 2368/5/2
f 2368/5/2 2359/5/2 2369/5/2
f 2365/6/2 2354/6/2 2372/6/2
f 2369/6/2 2370/6/2 2373/6/2
f 2364/5/2 2368/5/2 2373/5/2
f 2368/6/2 2369/6/2 2373/6/2
f 2373/6/2 2370/6/2 2374/6/2
f 2374/6/2 2370/6/2 2375/6/2
f 2371/6/2 2372/6/2 2380/6/2
f 2372/6/2 2354/6/2 2381/6/2
f 2380/6/2 2372/6/2 2381/6/2
f 2364/5/2 2373/5/2 2383/5/2
f 2373/5/2 2374/5/2 2383/5/2
f 2374/6/2 2375/6/2 2384/6/2
f 2383/5/2 2374/5/2 2384/5/2
f 2375/4/2 2376/4/2 2385/4/2
f 2384/6/2 2375/6/2 2385/6/2
f 2376/5/2 2377/5/2 2386/5/2
f 2385/4/2 2376/4/2 2386/4/2
f 2377/6/2 2378/6/2 2387/6/2
f 2386/5/2 2377/5/2 2387/5/2
f 2378/4/2 2379/4/2 2388/4/2
f 2387/6/2 2378/6/2 2388/6/2
f 2379/5/2 2380/5/2 2389/5/2
f 2388/4/2 2379/4/2 2389/4/2
f 2380/5/2 2381/5/2 2389/5/2
f 2381/6/2 2354/6/2 2390/6/2
f 2389/5/2 2381/5/2 2390/5/2
f 2354/4/2 2366/4/2 2391/4/2
f 2390/6/2 2354/6/2 2391/6/2
f 2391/4/2 2366/4/2 2392/4/2
f 2382/2/2 2383/2/2 2394/2/2
f 2394/2/2 2383/2/2 2395/2/2
f 2392/2/2 2393/2/2 2396/2/2
f 2396/2/2 2393/2/2 2397/2/2
f 2394/7/2 2395/7/2 2398/7/2
f 2398/7/2 2395/7/2 2399/7/2
f 2396/7/2 2397/7/2 2400/7/2
f 2400/7/2 2397/7/2 2401/7/2
f 2402/2/2 2403/2/2 2404/2/2
f 2404/2/2 2403/2/2 2405/2/2
f 2404/7/2 2405/7/2 2406/7/2
f 2406/7/2 2405/7/2 2407/7/2
f 2408/4/2 2409/4/2 2415/4/2
f 2412/5/2 2413/5/2 2416/5/2
f 2409/5/2 2410/5/2 2418/5/2
f 2410/6/2 2411/6/2 2419/6/2
f 2418/5/2 2410/5/2 2419/5/2
f 2409/5/2 2418/5/2 2420/5/2
f 2415/4/2 2409/4/2 2420/4/2
f 2418/6/2 2419/6/2 2421/6/2
f 2420/5/2 2418/5/2 2421/5/2
f 2414/6/2 2415/6/2 2424/6/2
f 2420/6/2 2421/6/2 2425/6/2
f 2421/6/2 2419/6/2 2425/6/2
f 2419/6/2 2411/6/2 2426/6/2
f 2425/6/2 2419/6/2 2426/6/2
f 2416/5/2 2417/5/2 2427/5/2
f 2411/4/2 2412/4/2 2427/4/2
f 2412/5/2 2416/5/2 2427/5/2
f 2427/5/2 2417/5/2 2428/5/2
f 2428/5/2 2417/5/2 2429/5/2
f 2422/5/2 2423/5/2 2433/5/2
f 2420/6/2 2425/6/2 2434/6/2
f 2415/4/2 2420/4/2 2434/4/2
f 2425/5/2 2426/5/2 2435/5/2
f 2434/6/2 2425/6/2 2435/6/2
f 2411/4/2 2427/4/2 2436/4/2
f 2427/6/2 2428/6/2 2436/6/2
f 2428/5/2 2429/5/2 2437/5/2
f 2436/6/2 2428/6/2 2437/6/2
f 2430/4/2 2431/4/2 2438/4/2
f 2432/4/2 2433/4/2 2441/4/2
f 2433/5/2 2423/5/2 2442/5/2
f 2441/4/2 2433/4/2 2442/4/2
f 2423/6/2 2424/6/2 2443/6/2
f 2442/5/2 2423/5/2 2443/5/2
f 2415/4/2 2434/4/2 2444/4/2
f 2443/6/2 2424/6/2 2444/6/2
f 2424/6/2 2415/6/2 2444/6/2
f 2434/5/2 2435/5/2 2445/5/2
f 2444/4/2 2434/4/2 2445/4/2
f 2426/6/2 2411/6/2 2446/6/2
f 2445/5/2 2435/5/2 2446/5/2
f 2435/5/2 2426/5/2 2446/5/2
f 2411/4/2 2436/4/2 2447/4/2
f 2446/6/2 2411/6/2 2447/6/2
f 2436/5/2 2437/5/2 2448/5/2
f 2447/4/2 2436/4/2 2448/4/2
f 2437/5/2 2429/5/2 2449/5/2
f 2448/5/2 2437/5/2 2449/5/2
f 2429/6/2 2430/6/2 2449/6/2
f 2430/4/2 2438/4/2 2450/4/2
f 2449/6/2 2430/6/2 2450/6/2
f 2438/5/2 2439/5/2 2451/5/2
f 2450/4/2 2438/4/2 2451/4/2
f 2451/5/2 2439/5/2 2452/5/2
f 2440/7/2 2441/7/2 2454/7/2
f 2452/2/2 2453/2/2 2455/2/2
f 2455/2/2 2453/2/2 2456/2/2
f 2440/7/2 2454/7/2 2457/7/2
f 2457/7/2 2454/7/2 2458/7/2
f 2455/7/2 2456/7/2 2469/7/2
f 2469/7/2 2456/7/2 2470/7/2
f 2458/4/2 2459/4/2 2471/4/2
f 2459/5/2 2460/5/2 2472/5/2
f 2471/4/2 2459/4/2 2472/4/2
f 2467/4/2 2468/4/2 2473/4/2
f 2468/5/2 2469/5/2 2473/5/2
f 2473/5/2 2469/5/2 2474/5/2
f 2472/5/2 2460/5/2 2475/5/2
f 2475/5/2 2460/5/2 2476/5/2
f 2461/4/2 2462/4/2 2477/4/2
f 2462/5/2 2463/5/2 2477/5/2
f 2477/5/2 2463/5/2 2478/5/2
f 2475/6/2 2476/6/2 2479/6/2
f 2476/5/2 2460/5/2 2480/5/2
f 2479/6/2 2476/6/2 2480/6/2
f 2461/4/2 2477/4/2 2481/4/2
f 2477/6/2 2478/6/2 2481/6/2
f 2478/5/2 2463/5/2 2482/5/2
f 2481/6/2 2478/6/2 2482/6/2
f 2465/5/2 2466/5/2 2483/5/2
f 2466/6/2 2467/6/2 2484/6/2
f 2483/5/2 2466/5/2 2484/5/2
f 2479/5/2 2480/5/2 2485/5/2
f 2460/6/2 2461/6/2 2486/6/2
f 2485/5/2 2480/5/2 2486/5/2
f 2480/5/2 2460/5/2 2486/5/2
f 2463/6/2 2464/6/2 2487/6/2
f 2482/5/2 2463/5/2 2487/5/2
f 2481/5/2 2482/5/2 2487/5/2
f 2464/4/2 2465/4/2 2488/4/2
f 2487/6/2 2464/6/2 2488/6/2
f 2465/5/2 2483/5/2 2489/5/2
f 2483/6/2 2484/6/2 2489/6/2
f 2484/6/2 2467/6/2 2490/6/2
f 2489/6/2 2484/6/2 2490/6/2
f 2485/6/2 2486/6/2 2491/6/2
f 2486/6/2 2461/6/2 2492/6/2
f 2491/6/2 2486/6/2 2492/6/2
f 2481/5/2 2487/5/2 2493/5/2
f 2487/5/2 2488/5/2 2493/5/2
f 2488/4/2 2465/4/2 2494/4/2
f 2493/5/2 2488/5/2 2494/5/2
f 2465/5/2 2489/5/2 2495/5/2
f 2489/5/2 2490/5/2 2495/5/2
f 2490/6/2 2467/6/2 2496/6/2
f 2495/5/2 2490/5/2 2496/5/2
f 2491/5/2 2492/5/2 2498/5/2
f 2465/5/2 2495/5/2 2499/5/2
f 2495/6/2 2496/6/2 2499/6/2
f 2496/6/2 2467/6/2 2500/6/2
f 2499/6/2 2496/6/2 2500/6/2
f 2467/4/2 2473/4/2 2501/4/2
f 2497/4/2 2498/4/2 2504/4/2
f 2498/5/2 2492/5/2 2505/5/2
f 2504/4/2 2498/4/2 2505/4/2
f 2492/6/2 2461/6/2 2506/6/2
f 2505/5/2 2492/5/2 2506/5/2
f 2461/4/2 2481/4/2 2507/4/2
f 2506/6/2 2461/6/2 2507/6/2
f 2481/5/2 2493/5/2 2508/5/2
f 2507/4/2 2481/4/2 2508/4/2
f 2493/6/2 2494/6/2 2509/6/2
f 2508/5/2 2493/5/2 2509/5/2
f 2494/4/2 2465/4/2 2510/4/2
f 2509/6/2 2494/6/2 2510/6/2
f 2465/5/2 2499/5/2 2511/5/2
f 2510/4/2 2465/4/2 2511/4/2
f 2499/5/2 2500/5/2 2511/5/2
f 2500/6/2 2467/6/2 2512/6/2
f 2511/5/2 2500/5/2 2512/5/2
f 2467/4/2 2501/4/2 2513/4/2
f 2512/6/2 2467/6/2 2513/6/2
f 2501/5/2 2502/5/2 2514/5/2
f 2513/4/2 2501/4/2 2514/4/2
f 2514/5/2 2502/5/2 2515/5/2
f 2503/2/2 2504/2/2 2517/2/2
f 2517/2/2 2504/2/2 2518/2/2
f 2515/2/2 2516/2/2 2519/2/2
f 2519/2/2 2516/2/2 2520/2/2
f 2517/7/2 2518/7/2 2521/7/2
f 2521/7/2 2518/7/2 2522/7/2
f 2519/7/2 2520/7/2 2533/7/2
f 2533/7/2 2520/7/2 2534/7/2
f 2522/4/2 2523/4/2 2535/4/2
f 2523/5/2 2524/5/2 2536/5/2
f 2535/4/2 2523/4/2 2536/4/2
f 2531/4/2 2532/4/2 2537/4/2
f 2532/5/2 2533/5/2 2537/5/2
f 2537/5/2 2533/5/2 2538/5/2
f 2536/5/2 2524/5/2 2539/5/2
f 2524/6/2 2525/6/2 2540/6/2
f 2539/5/2 2524/5/2 2540/5/2
f 2526/5/2 2527/5/2 2541/5/2
f 2527/6/2 2528/6/2 2542/6/2
f 2541/5/2 2527/5/2 2542/5/2
f 2529/5/2 2530/5/2 2543/5/2
f 2530/6/2 2531/6/2 2544/6/2
f 2543/5/2 2530/5/2 2544/5/2
f 2531/4/2 2537/4/2 2545/4/2
f 2544/6/2 2531/6/2 2545/6/2
f 2545/4/2 2537/4/2 2546/4/2
f 2526/5/2 2541/5/2 2547/5/2
f 2541/6/2 2542/6/2 2547/6/2
f 2542/6/2 2528/6/2 2548/6/2
f 2547/6/2 2542/6/2 2548/6/2
f 2543/6/2 2544/6/2 2549/6/2
f 2529/5/2 2543/5/2 2549/5/2
f 2549/6/2 2544/6/2 2550/6/2
f 2529/5/2 2549/5/2 2551/5/2
f 2549/5/2 2550/5/2 2551/5/2
f 2551/5/2 2550/5/2 2552/5/2
f 2540/6/2 2525/6/2 2553/6/2
f 2525/4/2 2526/4/2 2554/4/2
f 2553/6/2 2525/6/2 2554/6/2
f 2529/5/2 2551/5/2 2555/5/2
f 2551/6/2 2552/6/2 2555/6/2
f 2555/6/2 2552/6/2 2556/6/2
f 2554/4/2 2526/4/2 2557/4/2
f 2526/5/2 2547/5/2 2558/5/2
f 2557/4/2 2526/4/2 2558/4/2
f 2547/5/2 2548/5/2 2558/5/2
f 2548/6/2 2528/6/2 2559/6/2
f 2558/5/2 2548/5/2 2559/5/2
f 2528/4/2 2529/4/2 2560/4/2
f 2559/6/2 2528/6/2 2560/6/2
f 2529/5/2 2555/5/2 2561/5/2
f 2560/4/2 2529/4/2 2561/4/2
f 2561/5/2 2555/5/2 2562/5/2
f 2563/2/2 2564/2/2 2565/2/2
f 2565/2/2 2564/2/2 2566/2/2
f 2565/7/2 2566/7/2 2567/7/2
f 2567/7/2 2566/7/2 2568/7/2
f 2569/2/2 2570/2/2 2571/2/2
f 2571/2/2 2570/2/2 2572/2/2
f 2571/7/2 2572/7/2 2573/7/2
f 2573/7/2 2572/7/2 2574/7/2
f 2575/2/2 2576/2/2 2577/2/2
f 2577/2/2 2576/2/2 2578/2/2
f 2577/7/2 2578/7/2 2579/7/2
f 2579/7/2 2578/7/2 2580/7/2
f 2586/7/3 2582/7/3 2581/7/3
f 2587/7/3 2582/7/3 2586/7/3
f 2588/2/3 2584/2/3 2583/2/3
f 2589/7/3 2585/7/3 2584/7/3
f 2589/2/3 2584/2/3 2588/2/3
f 2590/7/3 2585/7/3 2589/7/3
f 2597/7/3 2592/7/3 2591/7/3
f 2598/7/3 2592/7/3 2597/7/3
f 2601/2/3 2594/2/3 2593/2/3
f 2602/7/3 2595/7/3 2594/7/3
f 2602/2/3 2594/2/3 2601/2/3
f 2603/7/3 2595/7/3 2602/7/3
f 2609/6/3 2597/6/3 2596/6/3
f 2610/5/3 2599/5/3 2598/5/3
f 2611/5/3 2601/5/3 2600/5/3
f 2612/5/3 2604/5/3 2603/5/3
f 2618/6/3 2609/6/3 2608/6/3
f 2619/5/3 2613/5/3 2612/5/3
f 2622/6/3 2618/6/3 2617/6/3
f 2623/5/3 2610/5/3 2598/5/3
f 2623/5/3 2611/5/3 2610/5/3
f 2624/5/3 2601/5/3 2611/5/3
f 2624/5/3 2611/5/3 2623/5/3
f 2625/5/3 2612/5/3 2603/5/3
f 2625/5/3 2620/5/3 2619/5/3
f 2625/5/3 2619/5/3 2612/5/3
f 2626/5/3 2620/5/3 2625/5/3
f 2628/6/3 2622/6/3 2621/6/3
f 2629/6/3 2618/6/3 2622/6/3
f 2629/6/3 2622/6/3 2628/6/3
f 2629/6/3 2597/6/3 2609/6/3
f 2629/6/3 2609/6/3 2618/6/3
f 2630/6/3 2624/6/3 2623/6/3
f 2631/6/3 2624/6/3 2630/6/3
f 2632/6/3 2627/6/3 2626/6/3
f 2632/6/3 2626/6/3 2625/6/3
f 2633/6/3 2627/6/3 2632/6/3
f 2634/4/3 2629/4/3 2628/4/3
f 2635/4/3 2629/4/3 2634/4/3
f 2636/4/3 2631/4/3 2630/4/3
f 2637/4/3 2631/4/3 2636/4/3
f 2638/4/3 2633/4/3 2632/4/3
f 2639/4/3 2633/4/3 2638/4/3
f 2640/5/3 2635/5/3 2634/5/3
f 2641/5/3 2635/5/3 2640/5/3
f 2642/5/3 2637/5/3 2636/5/3
f 2643/5/3 2637/5/3 2642/5/3
f 2644/5/3 2639/5/3 2638/5/3
f 2645/5/3 2639/5/3 2644/5/3
f 2646/6/3 2641/6/3 2640/6/3
f 2647/6/3 2641/6/3 2646/6/3
f 2648/6/3 2643/6/3 2642/6/3
f 2649/6/3 2643/6/3 2648/6/3
f 2650/6/3 2645/6/3 2644/6/3
f 2651/6/3 2645/6/3 2650/6/3
f 2652/4/3 2647/4/3 2646/4/3
f 2653/4/3 2647/4/3 2652/4/3
f 2654/4/3 2647/4/3 2653/4/3
f 2655/4/3 2649/4/3 2648/4/3
f 2656/4/3 2649/4/3 2655/4/3
f 2657/4/3 2651/4/3 2650/4/3
f 2658/4/3 2651/4/3 2657/4/3
f 2659/4/3 2651/4/3 2658/4/3
f 2660/6/3 2654/6/3 2653/6/3
f 2661/6/3 2654/6/3 2660/6/3
f 2662/5/3 2658/5/3 2657/5/3
f 2663/5/3 2658/5/3 2662/5/3
f 2664/2/3 2606/2/3 2605/2/3
f 2665/7/3 2607/7/3 2606/7/3
f 2665/2/3 2606/2/3 2664/2/3
f 2666/7/3 2607/7/3 2665/7/3
f 2667/6/3 2654/6/3 2661/6/3
f 2668/6/3 2654/6/3 2667/6/3
f 2669/5/3 2656/5/3 2655/5/3
f 2670/5/3 2656/5/3 2669/5/3
f 2671/5/3 2662/5/3 2657/5/3
f 2672/5/3 2662/5/3 2671/5/3
f 2673/2/3 2615/2/3 2614/2/3
f 2674/7/3 2616/7/3 2615/7/3
f 2674/2/3 2615/2/3 2673/2/3
f 2675/7/3 2616/7/3 2674/7/3
f 2676/6/3 2654/6/3 2668/6/3
f 2677/6/3 2654/6/3 2676/6/3
f 2678/5/3 2669/5/3 2655/5/3
f 2679/5/3 2669/5/3 2678/5/3
f 2680/5/3 2656/5/3 2670/5/3
f 2681/5/3 2656/5/3 2680/5/3
f 2683/5/3 2671/5/3 2657/5/3
f 2684/5/3 2671/5/3 2683/5/3
f 2685/7/3 2678/7/3 2677/7/3
f 2686/7/3 2678/7/3 2685/7/3
f 2687/2/3 2682/2/3 2681/2/3
f 2688/7/3 2683/7/3 2682/7/3
f 2688/2/3 2682/2/3 2687/2/3
f 2689/7/3 2683/7/3 2688/7/3
f 2696/7/3 2691/7/3 2690/7/3
f 2697/7/3 2691/7/3 2696/7/3
f 2698/2/3 2693/2/3 2692/2/3
f 2699/7/3 2694/7/3 2693/7/3
f 2699/2/3 2693/2/3 2698/2/3
f 2700/7/3 2694/7/3 2699/7/3
f 2706/4/3 2696/4/3 2695/4/3
f 2707/4/3 2696/4/3 2706/4/3
f 2708/4/3 2696/4/3 2707/4/3
f 2709/4/3 2698/4/3 2697/4/3
f 2710/4/3 2698/4/3 2709/4/3
f 2711/4/3 2698/4/3 2710/4/3
f 2712/4/3 2698/4/3 2711/4/3
f 2713/4/3 2701/4/3 2700/4/3
f 2714/4/3 2701/4/3 2713/4/3
f 2715/4/3 2701/4/3 2714/4/3
f 2720/2/3 2703/2/3 2702/2/3
f 2721/7/3 2704/7/3 2703/7/3
f 2721/2/3 2703/2/3 2720/2/3
f 2722/7/3 2704/7/3 2721/7/3
f 2723/4/3 2706/4/3 2705/4/3
f 2724/5/3 2707/5/3 2706/5/3
f 2724/4/3 2706/4/3 2723/4/3
f 2725/5/3 2707/5/3 2724/5/3
f 2726/5/3 2707/5/3 2725/5/3
f 2727/5/3 2711/5/3 2710/5/3
f 2728/5/3 2711/5/3 2727/5/3
f 2729/5/3 2715/5/3 2714/5/3
f 2730/5/3 2715/5/3 2729/5/3
f 2731/4/3 2716/4/3 2715/4/3
f 2731/5/3 2715/5/3 2730/5/3
f 2732/4/3 2716/4/3 2731/4/3
f 2733/2/3 2718/2/3 2717/2/3
f 2734/7/3 2719/7/3 2718/7/3
f 2734/2/3 2718/2/3 2733/2/3
f 2735/7/3 2719/7/3 2734/7/3
f 2736/4/3 2723/4/3 2722/4/3
f 2737/5/3 2725/5/3 2724/5/3
f 2737/4/3 2723/4/3 2736/4/3
f 2737/5/3 2724/5/3 2723/5/3
f 2738/4/3 2733/4/3 2732/4/3
f 2738/5/3 2732/5/3 2731/5/3
f 2738/5/3 2731/5/3 2730/5/3
f 2739/4/3 2733/4/3 2738/4/3
f 2740/5/3 2737/5/3 2736/5/3
f 2741/5/3 2725/5/3 2737/5/3
f 2741/5/3 2737/5/3 2740/5/3
f 2742/5/3 2738/5/3 2730/5/3
f 2742/5/3 2739/5/3 2738/5/3
f 2743/5/3 2739/5/3 2742/5/3
f 2744/5/3 2740/5/3 2736/5/3
f 2745/5/3 2740/5/3 2744/5/3
f 2746/5/3 2740/5/3 2745/5/3
f 2747/5/3 2739/5/3 2743/5/3
f 2748/5/3 2739/5/3 2747/5/3
f 2749/5/3 2739/5/3 2748/5/3
f 2750/6/3 2745/6/3 2744/6/3
f 2751/6/3 2745/6/3 2750/6/3
f 2752/6/3 2749/6/3 2748/6/3
f 2753/6/3 2749/6/3 2752/6/3
f 2754/4/3 2751/4/3 2750/4/3
f 2755/4/3 2751/4/3 2754/4/3
f 2756/4/3 2753/4/3 2752/4/3
f 2757/4/3 2753/4/3 2756/4/3
f 2758/5/3 2755/5/3 2754/5/3
f 2759/5/3 2755/5/3 2758/5/3
f 2760/5/3 2757/5/3 2756/5/3
f 2761/5/3 2757/5/3 2760/5/3
f 2762/6/3 2759/6/3 2758/6/3
f 2763/6/3 2759/6/3 2762/6/3
f 2764/6/3 2761/6/3 2760/6/3
f 2765/6/3 2761/6/3 2764/6/3
f 2766/4/3 2763/4/3 2762/4/3
f 2767/4/3 2763/4/3 2766/4/3
f 2770/4/3 2765/4/3 2764/4/3
f 2771/4/3 2765/4/3 2770/4/3
f 2772/5/3 2768/5/3 2767/5/3
f 2772/5/3 2767/5/3 2766/5/3
f 2775/5/3 2771/5/3 2770/5/3
f 2775/5/3 2770/5/3 2769/5/3
f 2776/5/3 2773/5/3 2772/5/3
f 2776/5/3 2772/5/3 2766/5/3
f 2777/5/3 2773/5/3 2776/5/3
f 2778/5/3 2775/5/3 2774/5/3
f 2779/5/3 2771/5/3 2775/5/3
f 2779/5/3 2775/5/3 2778/5/3
f 2782/4/3 2777/4/3 2776/4/3
f 2783/5/3 2773/5/3 2777/5/3
f 2783/4/3 2777/4/3 2782/4/3
f 2784/5/3 2773/5/3 2783/5/3
f 2785/5/3 2773/5/3 2784/5/3
f 2790/5/3 2778/5/3 2774/5/3
f 2791/5/3 2778/5/3 2790/5/3
f 2792/4/3 2779/4/3 2778/4/3
f 2792/5/3 2778/5/3 2791/5/3
f 2793/4/3 2779/4/3 2792/4/3
f 2796/2/3 2781/2/3 2780/2/3
f 2797/7/3 2782/7/3 2781/7/3
f 2797/2/3 2781/2/3 2796/2/3
f 2798/7/3 2782/7/3 2797/7/3
f 2799/4/3 2784/4/3 2783/4/3
f 2800/5/3 2786/5/3 2785/5/3
f 2800/4/3 2784/4/3 2799/4/3
f 2800/5/3 2785/5/3 2784/5/3
f 2801/5/3 2786/5/3 2800/5/3
f 2804/5/3 2788/5/3 2787/5/3
f 2805/5/3 2788/5/3 2804/5/3
f 2808/5/3 2790/5/3 2789/5/3
f 2808/5/3 2791/5/3 2790/5/3
f 2809/4/3 2792/4/3 2791/4/3
f 2809/5/3 2791/5/3 2808/5/3
f 2810/4/3 2792/4/3 2809/4/3
f 2811/2/3 2794/2/3 2793/2/3
f 2812/7/3 2795/7/3 2794/7/3
f 2812/2/3 2794/2/3 2811/2/3
f 2813/7/3 2795/7/3 2812/7/3
f 2814/4/3 2802/4/3 2801/4/3
f 2814/4/3 2801/4/3 2800/4/3
f 2815/4/3 2802/4/3 2814/4/3
f 2816/4/3 2806/4/3 2805/4/3
f 2816/4/3 2804/4/3 2803/4/3
f 2816/4/3 2805/4/3 2804/4/3
f 2817/4/3 2806/4/3 2816/4/3
f 2819/4/3 2808/4/3 2807/4/3
f 2819/4/3 2809/4/3 2808/4/3
f 2820/4/3 2809/4/3 2819/4/3
f 2821/7/3 2816/7/3 2815/7/3
f 2822/7/3 2816/7/3 2821/7/3
f 2823/2/3 2818/2/3 2817/2/3
f 2824/7/3 2819/7/3 2818/7/3
f 2824/2/3 2818/2/3 2823/2/3
f 2825/7/3 2819/7/3 2824/7/3
f 2832/7/3 2827/7/3 2826/7/3
f 2833/7/3 2827/7/3 2832/7/3
f 2836/2/3 2829/2/3 2828/2/3
f 2837/7/3 2830/7/3 2829/7/3
f 2837/2/3 2829/2/3 2836/2/3
f 2838/7/3 2830/7/3 2837/7/3
f 2845/6/3 2832/6/3 2831/6/3
f 2846/6/3 2832/6/3 2845/6/3
f 2847/6/3 2834/6/3 2833/6/3
f 2848/6/3 2834/6/3 2847/6/3
f 2849/6/3 2836/6/3 2835/6/3
f 2850/6/3 2836/6/3 2849/6/3
f 2851/6/3 2839/6/3 2838/6/3
f 2852/6/3 2839/6/3 2851/6/3
f 2858/2/3 2841/2/3 2840/2/3
f 2859/7/3 2842/7/3 2841/7/3
f 2859/2/3 2841/2/3 2858/2/3
f 2860/7/3 2842/7/3 2859/7/3
f 2861/4/3 2844/4/3 2843/4/3
f 2862/4/3 2844/4/3 2861/4/3
f 2863/6/3 2854/6/3 2853/6/3
f 2864/6/3 2854/6/3 2863/6/3
f 2865/2/3 2856/2/3 2855/2/3
f 2866/7/3 2857/7/3 2856/7/3
f 2866/2/3 2856/2/3 2865/2/3
f 2867/7/3 2857/7/3 2866/7/3
f 2878/2/3 2869/2/3 2868/2/3
f 2879/7/3 2870/7/3 2869/7/3
f 2879/2/3 2869/2/3 2878/2/3
f 2880/7/3 2870/7/3 2879/7/3
f 2881/4/3 2872/4/3 2871/4/3
f 2882/4/3 2872/4/3 2881/4/3
f 2891/6/3 2874/6/3 2873/6/3
f 2892/6/3 2874/6/3 2891/6/3
f 2893/2/3 2876/2/3 2875/2/3
f 2894/7/3 2877/7/3 2876/7/3
f 2894/2/3 2876/2/3 2893/2/3
f 2895/7/3 2877/7/3 2894/7/3
f 2896/6/3 2884/6/3 2883/6/3
f 2897/6/3 2884/6/3 2896/6/3
f 2898/6/3 2886/6/3 2885/6/3
f 2899/6/3 2886/6/3 2898/6/3
f 2900/6/3 2888/6/3 2887/6/3
f 2901/6/3 2888/6/3 2900/6/3
f 2903/6/3 2890/6/3 2889/6/3
f 2904/6/3 2890/6/3 2903/6/3
f 2905/7/3 2898/7/3 2897/7/3
f 2906/7/3 2898/7/3 2905/7/3
f 2907/2/3 2902/2/3 2901/2/3
f 2908/7/3 2903/7/3 2902/7/3
f 2908/2/3 2902/2/3 2907/2/3
f 2909/7/3 2903/7/3 2908/7/3
f 2916/7/3 2911/7/3 2910/7/3
f 2917/7/3 2911/7/3 2916/7/3
f 2918/2/3 2913/2/3 2912/2/3
f 2919/7/3 2914/7/3 2913/7/3
f 2919/2/3 2913/2/3 2918/2/3
f 2920/7/3 2914/7/3 2919/7/3
f 2926/5/3 2916/5/3 2915/5/3
f 2927/5/3 2916/5/3 2926/5/3
f 2928/5/3 2916/5/3 2927/5/3
f 2929/5/3 2916/5/3 2928/5/3
f 2930/5/3 2918/5/3 2917/5/3
f 2931/5/3 2918/5/3 2930/5/3
f 2932/5/3 2918/5/3 2931/5/3
f 2933/5/3 2918/5/3 2932/5/3
f 2934/5/3 2921/5/3 2920/5/3
f 2935/5/3 2921/5/3 2934/5/3
f 2936/5/3 2921/5/3 2935/5/3
f 2937/5/3 2921/5/3 2936/5/3
f 2942/2/3 2923/2/3 2922/2/3
f 2943/7/3 2924/7/3 2923/7/3
f 2943/2/3 2923/2/3 2942/2/3
f 2944/7/3 2924/7/3 2943/7/3
f 2945/5/3 2926/5/3 2925/5/3
f 2945/5/3 2927/5/3 2926/5/3
f 2946/5/3 2927/5/3 2945/5/3
f 2947/6/3 2928/6/3 2927/6/3
f 2947/5/3 2927/5/3 2946/5/3
f 2948/6/3 2928/6/3 2947/6/3
f 2949/6/3 2928/6/3 2948/6/3
f 2950/6/3 2932/6/3 2931/6/3
f 2951/6/3 2932/6/3 2950/6/3
f 2952/6/3 2936/6/3 2935/6/3
f 2953/5/3 2938/5/3 2937/5/3
f 2953/6/3 2936/6/3 2952/6/3
f 2953/5/3 2937/5/3 2936/5/3
f 2954/5/3 2938/5/3 2953/5/3
f 2955/5/3 2938/5/3 2954/5/3
f 2956/5/3 2938/5/3 2955/5/3
f 2957/2/3 2940/2/3 2939/2/3
f 2958/7/3 2941/7/3 2940/7/3
f 2958/2/3 2940/2/3 2957/2/3
f 2959/7/3 2941/7/3 2958/7/3
f 2960/5/3 2946/5/3 2945/5/3
f 2960/5/3 2945/5/3 2944/5/3
f 2961/5/3 2946/5/3 2960/5/3
f 2962/6/3 2947/6/3 2946/6/3
f 2962/5/3 2946/5/3 2961/5/3
f 2963/6/3 2947/6/3 2962/6/3
f 2964/5/3 2957/5/3 2956/5/3
f 2964/5/3 2956/5/3 2955/5/3
f 2964/6/3 2955/6/3 2954/6/3
f 2965/5/3 2957/5/3 2964/5/3
f 2966/5/3 2961/5/3 2960/5/3
f 2967/6/3 2963/6/3 2962/6/3
f 2967/5/3 2961/5/3 2966/5/3
f 2967/6/3 2962/6/3 2961/6/3
f 2968/6/3 2963/6/3 2967/6/3
f 2969/6/3 2965/6/3 2964/6/3
f 2969/6/3 2964/6/3 2954/6/3
f 2970/6/3 2965/6/3 2969/6/3
f 2976/5/3 2972/5/3 2971/5/3
f 2977/6/3 2973/6/3 2972/6/3
f 2977/5/3 2972/5/3 2976/5/3
f 2978/6/3 2973/6/3 2977/6/3
f 2979/6/3 2973/6/3 2978/6/3
f 2980/6/3 2975/6/3 2974/6/3
f 2981/6/3 2975/6/3 2980/6/3
f 2984/5/3 2977/5/3 2976/5/3
f 2984/5/3 2978/5/3 2977/5/3
f 2985/5/3 2978/5/3 2984/5/3
f 2986/6/3 2979/6/3 2978/6/3
f 2986/5/3 2978/5/3 2985/5/3
f 2987/6/3 2979/6/3 2986/6/3
f 2994/6/3 2980/6/3 2974/6/3
f 2995/5/3 2981/5/3 2980/5/3
f 2995/6/3 2980/6/3 2994/6/3
f 2996/5/3 2981/5/3 2995/5/3
f 2997/5/3 2981/5/3 2996/5/3
f 3000/2/3 2983/2/3 2982/2/3
f 3001/7/3 2984/7/3 2983/7/3
f 3001/2/3 2983/2/3 3000/2/3
f 3002/7/3 2984/7/3 3001/7/3
f 3003/5/3 2986/5/3 2985/5/3
f 3003/5/3 2987/5/3 2986/5/3
f 3004/5/3 2987/5/3 3003/5/3
f 3005/6/3 2988/6/3 2987/6/3
f 3005/5/3 2987/5/3 3004/5/3
f 3005/6/3 2989/6/3 2988/6/3
f 3006/6/3 2989/6/3 3005/6/3
f 3009/6/3 2991/6/3 2990/6/3
f 3010/6/3 2991/6/3 3009/6/3
f 3013/6/3 2993/6/3 2992/6/3
f 3014/5/3 2996/5/3 2995/5/3
f 3014/5/3 2995/5/3 2994/5/3
f 3014/6/3 2993/6/3 3013/6/3
f 3014/5/3 2994/5/3 2993/5/3
f 3015/5/3 2996/5/3 3014/5/3
f 3016/5/3 2996/5/3 3015/5/3
f 3017/2/3 2998/2/3 2997/2/3
f 3018/7/3 2999/7/3 2998/7/3
f 3018/2/3 2998/2/3 3017/2/3
f 3019/7/3 2999/7/3 3018/7/3
f 3020/5/3 3007/5/3 3006/5/3
f 3020/5/3 3005/5/3 3004/5/3
f 3020/5/3 3006/5/3 3005/5/3
f 3021/5/3 3007/5/3 3020/5/3
f 3022/5/3 3011/5/3 3010/5/3
f 3022/5/3 3010/5/3 3009/5/3
f 3022/5/3 3009/5/3 3008/5/3
f 3023/5/3 3011/5/3 3022/5/3
f 3025/5/3 3013/5/3 3012/5/3
f 3025/5/3 3015/5/3 3014/5/3
f 3025/5/3 3014/5/3 3013/5/3
f 3026/5/3 3015/5/3 3025/5/3
f 3027/7/3 3022/7/3 3021/7/3
f 3028/7/3 3022/7/3 3027/7/3
f 3029/2/3 3024/2/3 3023/2/3
f 3030/7/3 3025/7/3 3024/7/3
f 3030/2/3 3024/2/3 3029/2/3
f 3031/7/3 3025/7/3 3030/7/3
f 3038/7/3 3033/7/3 3032/7/3
f 3039/7/3 3033/7/3 3038/7/3
f 3042/2/3 3035/2/3 3034/2/3
f 3043/7/3 3036/7/3 3035/7/3
f 3043/2/3 3035/2/3 3042/2/3
f 3044/7/3 3036/7/3 3043/7/3
f 3051/4/3 3038/4/3 3037/4/3
f 3052/4/3 3038/4/3 3051/4/3
f 3053/4/3 3040/4/3 3039/4/3
f 3054/4/3 3040/4/3 3053/4/3
f 3055/4/3 3042/4/3 3041/4/3
f 3056/4/3 3042/4/3 3055/4/3
f 3057/4/3 3045/4/3 3044/4/3
f 3058/4/3 3045/4/3 3057/4/3
f 3064/2/3 3047/2/3 3046/2/3
f 3065/7/3 3048/7/3 3047/7/3
f 3065/2/3 3047/2/3 3064/2/3
f 3066/7/3 3048/7/3 3065/7/3
f 3067/4/3 3050/4/3 3049/4/3
f 3068/4/3 3050/4/3 3067/4/3
f 3069/4/3 3060/4/3 3059/4/3
f 3070/4/3 3060/4/3 3069/4/3
f 3071/2/3 3062/2/3 3061/2/3
f 3072/7/3 3063/7/3 3062/7/3
f 3072/2/3 3062/2/3 3071/2/3
f 3073/7/3 3063/7/3 3072/7/3
f 3084/2/3 3075/2/3 3074/2/3
f 3085/7/3 3076/7/3 3075/7/3
f 3085/2/3 3075/2/3 3084/2/3
f 3086/7/3 3076/7/3 3085/7/3
f 3087/4/3 3078/4/3 3077/4/3
f 3088/4/3 3078/4/3 3087/4/3
f 3097/4/3 3080/4/3 3079/4/3
f 3098/4/3 3080/4/3 3097/4/3
f 3099/2/3 3082/2/3 3081/2/3
f 3100/7/3 3083/7/3 3082/7/3
f 3100/2/3 3082/2/3 3099/2/3
f 3101/7/3 3083/7/3 3100/7/3
f 3102/4/3 3090/4/3 3089/4/3
f 3103/4/3 3090/4/3 3102/4/3
f 3104/4/3 3092/4/3 3091/4/3
f 3105/4/3 3092/4/3 3104/4/3
f 3106/4/3 3094/4/3 3093/4/3
f 3107/4/3 3094/4/3 3106/4/3
f 3109/4/3 3096/4/3 3095/4/3
f 3110/4/3 3096/4/3 3109/4/3
f 3111/7/3 3104/7/3 3103/7/3
f 3112/7/3 3104/7/3 3111/7/3
f 3113/2/3 3108/2/3 3107/2/3
f 3114/7/3 3109/7/3 3108/7/3
f 3114/2/3 3108/2/3 3113/2/3
f 3115/7/3 3109/7/3 3114/7/3
f 3123/7/3 3117/7/3 3116/7/3
f 3124/7/3 3117/7/3 3123/7/3
f 3125/2/3 3119/2/3 3118/2/3
f 3126/7/3 3120/7/3 3119/7/3
f 3126/2/3 3119/2/3 3125/2/3
f 3127/7/3 3120/7/3 3126/7/3
f 3133/5/3 3122/5/3 3121/5/3
f 3134/6/3 3123/6/3 3122/6/3
f 3134/5/3 3122/5/3 3133/5/3
f 3135/6/3 3123/6/3 3134/6/3
f 3136/6/3 3125/6/3 3124/6/3
f 3137/6/3 3125/6/3 3136/6/3
f 3138/6/3 3125/6/3 3137/6/3
f 3139/6/3 3125/6/3 3138/6/3
f 3140/6/3 3128/6/3 3127/6/3
f 3141/6/3 3128/6/3 3140/6/3
f 3142/6/3 3128/6/3 3141/6/3
f 3147/2/3 3130/2/3 3129/2/3
f 3148/7/3 3131/7/3 3130/7/3
f 3148/2/3 3130/2/3 3147/2/3
f 3149/7/3 3131/7/3 3148/7/3
f 3150/6/3 3133/6/3 3132/6/3
f 3150/6/3 3134/6/3 3133/6/3
f 3151/6/3 3134/6/3 3150/6/3
f 3152/4/3 3138/4/3 3137/4/3
f 3153/4/3 3138/4/3 3152/4/3
f 3154/4/3 3142/4/3 3141/4/3
f 3155/6/3 3143/6/3 3142/6/3
f 3155/4/3 3142/4/3 3154/4/3
f 3156/6/3 3143/6/3 3155/6/3
f 3157/2/3 3145/2/3 3144/2/3
f 3158/7/3 3146/7/3 3145/7/3
f 3158/2/3 3145/2/3 3157/2/3
f 3159/7/3 3146/7/3 3158/7/3
f 3160/6/3 3150/6/3 3149/6/3
f 3161/6/3 3157/6/3 3156/6/3
f 3162/6/3 3157/6/3 3161/6/3
f 3163/6/3 3150/6/3 3160/6/3
f 3164/6/3 3150/6/3 3163/6/3
f 3165/4/3 3162/4/3 3161/4/3
f 3166/4/3 3162/4/3 3165/4/3
f 3171/6/3 3168/6/3 3167/6/3
f 3172/4/3 3170/4/3 3169/4/3
f 3173/4/3 3170/4/3 3172/4/3
f 3176/6/3 3168/6/3 3171/6/3
f 3177/6/3 3168/6/3 3176/6/3
f 3183/6/3 3173/6/3 3172/6/3
f 3184/6/3 3173/6/3 3183/6/3
f 3187/2/3 3175/2/3 3174/2/3
f 3188/7/3 3176/7/3 3175/7/3
f 3188/2/3 3175/2/3 3187/2/3
f 3189/7/3 3176/7/3 3188/7/3
f 3190/6/3 3178/6/3 3177/6/3
f 3191/6/3 3178/6/3 3190/6/3
f 3192/6/3 3178/6/3 3191/6/3
f 3195/4/3 3180/4/3 3179/4/3
f 3196/4/3 3180/4/3 3195/4/3
f 3199/4/3 3182/4/3 3181/4/3
f 3200/6/3 3183/6/3 3182/6/3
f 3200/4/3 3182/4/3 3199/4/3
f 3201/6/3 3183/6/3 3200/6/3
f 3202/2/3 3185/2/3 3184/2/3
f 3203/7/3 3186/7/3 3185/7/3
f 3203/2/3 3185/2/3 3202/2/3
f 3204/7/3 3186/7/3 3203/7/3
f 3205/5/3 3192/5/3 3191/5/3
f 3206/6/3 3193/6/3 3192/6/3
f 3206/5/3 3192/5/3 3205/5/3
f 3207/6/3 3193/6/3 3206/6/3
f 3208/6/3 3197/6/3 3196/6/3
f 3208/6/3 3196/6/3 3195/6/3
f 3208/6/3 3195/6/3 3194/6/3
f 3209/6/3 3197/6/3 3208/6/3
f 3211/6/3 3199/6/3 3198/6/3
f 3211/6/3 3200/6/3 3199/6/3
f 3212/6/3 3200/6/3 3211/6/3
f 3213/7/3 3208/7/3 3207/7/3
f 3214/7/3 3208/7/3 3213/7/3
f 3215/2/3 3210/2/3 3209/2/3
f 3216/7/3 3211/7/3 3210/7/3
f 3216/2/3 3210/2/3 3215/2/3
f 3217/7/3 3211/7/3 3216/7/3
f 3224/7/3 3219/7/3 3218/7/3
f 3225/7/3 3219/7/3 3224/7/3
f 3228/2/3 3221/2/3 3220/2/3
f 3229/7/3 3222/7/3 3221/7/3
f 3229/2/3 3221/2/3 3228/2/3
f 3230/7/3 3222/7/3 3229/7/3
f 3237/5/3 3224/5/3 3223/5/3
f 3238/5/3 3224/5/3 3237/5/3
f 3239/5/3 3226/5/3 3225/5/3
f 3240/5/3 3226/5/3 3239/5/3
f 3241/5/3 3228/5/3 3227/5/3
f 3242/5/3 3228/5/3 3241/5/3
f 3243/5/3 3231/5/3 3230/5/3
f 3244/5/3 3231/5/3 3243/5/3
f 3250/2/3 3233/2/3 3232/2/3
f 3251/7/3 3234/7/3 3233/7/3
f 3251/2/3 3233/2/3 3250/2/3
f 3252/7/3 3234/7/3 3251/7/3
f 3253/6/3 3236/6/3 3235/6/3
f 3254/6/3 3236/6/3 3253/6/3
f 3255/5/3 3246/5/3 3245/5/3
f 3256/5/3 3246/5/3 3255/5/3
f 3257/2/3 3248/2/3 3247/2/3
f 3258/7/3 3249/7/3 3248/7/3
f 3258/2/3 3248/2/3 3257/2/3
f 3259/7/3 3249/7/3 3258/7/3
f 3262/1/3 3261/1/3 3260/1/3
f 3263/1/3 3261/1/3 3262/1/3
f 3264/1/3 3261/1/3 3263/1/3
f 3265/1/3 3261/1/3 3264/1/3
f 3276/2/3 3267/2/3 3266/2/3
f 3277/7/3 3268/7/3 3267/7/3
f 3277/2/3 3267/2/3 3276/2/3
f 3278/7/3 3268/7/3 3277/7/3
f 3279/6/3 3270/6/3 3269/6/3
f 3280/6/3 3270/6/3 3279/6/3
f 3289/5/3 3272/5/3 3271/5/3
f 3290/5/3 3272/5/3 3289/5/3
f 3291/2/3 3274/2/3 3273/2/3
f 3292/7/3 3275/7/3 3274/7/3
f 3292/2/3 3274/2/3 3291/2/3
f 3293/7/3 3275/7/3 3292/7/3
f 3294/5/3 3282/5/3 3281/5/3
f 3295/5/3 3282/5/3 3294/5/3
f 3296/5/3 3284/5/3 3283/5/3
f 3297/5/3 3284/5/3 3296/5/3
f 3298/5/3 3286/5/3 3285/5/3
f 3299/5/3 3286/5/3 3298/5/3
f 3301/5/3 3288/5/3 3287/5/3
f 3302/5/3 3288/5/3 3301/5/3
f 3303/7/3 3296/7/3 3295/7/3
f 3304/7/3 3296/7/3 3303/7/3
f 3305/2/3 3300/2/3 3299/2/3
f 3306/7/3 3301/7/3 3300/7/3
f 3306/2/3 3300/2/3 3305/2/3
f 3307/7/3 3301/7/3 3306/7/3
f 3314/7/3 3309/7/3 3308/7/3
f 3315/7/3 3309/7/3 3314/7/3
f 3318/2/3 3311/2/3 3310/2/3
f 3319/7/3 3312/7/3 3311/7/3
f 3319/2/3 3311/2/3 3318/2/3
f 3320/7/3 3312/7/3 3319/7/3
f 3326/5/3 3314/5/3 3313/5/3
f 3327/5/3 3314/5/3 3326/5/3
f 3328/5/3 3314/5/3 3327/5/3
f 3329/5/3 3316/5/3 3315/5/3
f 3330/5/3 3316/5/3 3329/5/3
f 3331/6/3 3317/6/3 3316/6/3
f 3331/5/3 3316/5/3 3330/5/3
f 3332/5/3 3318/5/3 3317/5/3
f 3332/6/3 3317/6/3 3331/6/3
f 3333/5/3 3318/5/3 3332/5/3
f 3334/5/3 3318/5/3 3333/5/3
f 3335/5/3 3321/5/3 3320/5/3
f 3336/5/3 3321/5/3 3335/5/3
f 3337/5/3 3321/5/3 3336/5/3
f 3342/2/3 3323/2/3 3322/2/3
f 3343/7/3 3324/7/3 3323/7/3
f 3343/2/3 3323/2/3 3342/2/3
f 3344/7/3 3324/7/3 3343/7/3
f 3346/5/3 3326/5/3 3325/5/3
f 3346/5/3 3327/5/3 3326/5/3
f 3347/5/3 3327/5/3 3346/5/3
f 3348/5/3 3327/5/3 3347/5/3
f 3349/5/3 3327/5/3 3348/5/3
f 3350/5/3 3331/5/3 3330/5/3
f 3350/5/3 3332/5/3 3331/5/3
f 3350/5/3 3333/5/3 3332/5/3
f 3351/5/3 3333/5/3 3350/5/3
f 3352/5/3 3338/5/3 3337/5/3
f 3352/5/3 3337/5/3 3336/5/3
f 3353/5/3 3338/5/3 3352/5/3
f 3355/2/3 3340/2/3 3339/2/3
f 3356/7/3 3341/7/3 3340/7/3
f 3356/2/3 3340/2/3 3355/2/3
f 3357/7/3 3341/7/3 3356/7/3
f 3358/5/3 3345/5/3 3344/5/3
f 3359/5/3 3345/5/3 3358/5/3
f 3360/5/3 3355/5/3 3354/5/3
f 3361/5/3 3355/5/3 3360/5/3
f 3362/5/3 3359/5/3 3358/5/3
f 3363/5/3 3359/5/3 3362/5/3
f 3364/5/3 3361/5/3 3360/5/3
f 3365/5/3 3361/5/3 3364/5/3
f 3368/1/3 3367/1/3 3366/1/3
f 3369/1/3 3367/1/3 3368/1/3
f 3372/1/3 3371/1/3 3370/1/3
f 3373/1/3 3371/1/3 3372/1/3
f 3378/5/3 3375/5/3 3374/5/3
f 3379/5/3 3375/5/3 3378/5/3
f 3380/5/3 3377/5/3 3376/5/3
f 3381/5/3 3377/5/3 3380/5/3
f 3384/5/3 3379/5/3 3378/5/3
f 3385/5/3 3379/5/3 3384/5/3
f 3394/5/3 3381/5/3 3380/5/3
f 3395/5/3 3381/5/3 3394/5/3
f 3398/2/3 3383/2/3 3382/2/3
f 3399/7/3 3384/7/3 3383/7/3
f 3399/2/3 3383/2/3 3398/2/3
f 3400/7/3 3384/7/3 3399/7/3
f 3401/5/3 3387/5/3 3386/5/3
f 3401/5/3 3388/5/3 3387/5/3
f 3401/5/3 3389/5/3 3388/5/3
f 3402/5/3 3389/5/3 3401/5/3
f 3403/5/3 3389/5/3 3402/5/3
f 3406/5/3 3391/5/3 3390/5/3
f 3407/5/3 3391/5/3 3406/5/3
f 3408/5/3 3391/5/3 3407/5/3
f 3409/5/3 3391/5/3 3408/5/3
f 3412/5/3 3393/5/3 3392/5/3
f 3413/5/3 3393/5/3 3412/5/3
f 3414/5/3 3393/5/3 3413/5/3
f 3415/2/3 3396/2/3 3395/2/3
f 3416/7/3 3397/7/3 3396/7/3
f 3416/2/3 3396/2/3 3415/2/3
f 3417/7/3 3397/7/3 3416/7/3
f 3418/5/3 3404/5/3 3403/5/3
f 3418/5/3 3403/5/3 3402/5/3
f 3419/5/3 3404/5/3 3418/5/3
f 3420/5/3 3406/5/3 3405/5/3
f 3420/5/3 3407/5/3 3406/5/3
f 3421/6/3 3408/6/3 3407/6/3
f 3421/5/3 3407/5/3 3420/5/3
f 3422/5/3 3410/5/3 3409/5/3
f 3422/6/3 3408/6/3 3421/6/3
f 3422/5/3 3409/5/3 3408/5/3
f 3423/5/3 3410/5/3 3422/5/3
f 3425/5/3 3413/5/3 3412/5/3
f 3425/5/3 3412/5/3 3411/5/3
f 3426/5/3 3413/5/3 3425/5/3
f 3427/7/3 3420/7/3 3419/7/3
f 3428/7/3 3420/7/3 3427/7/3
f 3429/2/3 3424/2/3 3423/2/3
f 3430/7/3 3425/7/3 3424/7/3
f 3430/2/3 3424/2/3 3429/2/3
f 3431/7/3 3425/7/3 3430/7/3
f 3439/2/3 3433/2/3 3432/2/3
f 3440/7/3 3434/7/3 3433/7/3
f 3440/2/3 3433/2/3 3439/2/3
f 3441/7/3 3434/7/3 3440/7/3
f 3444/2/3 3436/2/3 3435/2/3
f 3445/7/3 3437/7/3 3436/7/3
f 3445/2/3 3436/2/3 3444/2/3
f 3446/7/3 3437/7/3 3445/7/3
f 3453/4/3 3439/4/3 3438/4/3
f 3454/4/3 3439/4/3 3453/4/3
f 3455/4/3 3442/4/3 3441/4/3
f 3456/4/3 3442/4/3 3455/4/3
f 3457/4/3 3444/4/3 3443/4/3
f 3458/4/3 3444/4/3 3457/4/3
f 3459/4/3 3447/4/3 3446/4/3
f 3460/4/3 3447/4/3 3459/4/3
f 3466/2/3 3449/2/3 3448/2/3
f 3467/7/3 3450/7/3 3449/7/3
f 3467/2/3 3449/2/3 3466/2/3
f 3468/7/3 3450/7/3 3467/7/3
f 3469/4/3 3452/4/3 3451/4/3
f 3470/4/3 3452/4/3 3469/4/3
f 3471/4/3 3462/4/3 3461/4/3
f 3472/4/3 3462/4/3 3471/4/3
f 3473/2/3 3464/2/3 3463/2/3
f 3474/7/3 3465/7/3 3464/7/3
f 3474/2/3 3464/2/3 3473/2/3
f 3475/7/3 3465/7/3 3474/7/3
f 3486/2/3 3477/2/3 3476/2/3
f 3487/7/3 3478/7/3 3477/7/3
f 3487/2/3 3477/2/3 3486/2/3
f 3488/7/3 3478/7/3 3487/7/3
f 3489/4/3 3480/4/3 3479/4/3
f 3490/4/3 3480/4/3 3489/4/3
f 3499/4/3 3482/4/3 3481/4/3
f 3500/4/3 3482/4/3 3499/4/3
f 3501/2/3 3484/2/3 3483/2/3
f 3502/7/3 3485/7/3 3484/7/3
f 3502/2/3 3484/2/3 3501/2/3
f 3503/7/3 3485/7/3 3502/7/3
f 3504/4/3 3492/4/3 3491/4/3
f 3505/4/3 3492/4/3 3504/4/3
f 3507/4/3 3494/4/3 3493/4/3
f 3508/4/3 3494/4/3 3507/4/3
f 3509/4/3 3496/4/3 3495/4/3
f 3510/4/3 3496/4/3 3509/4/3
f 3512/4/3 3498/4/3 3497/4/3
f 3513/4/3 3498/4/3 3512/4/3
f 3514/2/3 3506/2/3 3505/2/3
f 3515/7/3 3507/7/3 3506/7/3
f 3515/2/3 3506/2/3 3514/2/3
f 3516/7/3 3507/7/3 3515/7/3
f 3517/2/3 3511/2/3 3510/2/3
f 3518/7/3 3512/7/3 3511/7/3
f 3518/2/3 3511/2/3 3517/2/3
f 3519/7/3 3512/7/3 3518/7/3
f 3536/2/3 3521/2/3 3520/2/3
f 3537/7/3 3522/7/3 3521/7/3
f 3537/2/3 3521/2/3 3536/2/3
f 3538/7/3 3522/7/3 3537/7/3
f 3540/5/3 3524/5/3 3523/5/3
f 3541/5/3 3524/5/3 3540/5/3
f 3542/5/3 3526/5/3 3525/5/3
f 3543/6/3 3527/6/3 3526/6/3
f 3543/5/3 3526/5/3 3542/5/3
f 3544/5/3 3528/5/3 3527/5/3
f 3544/6/3 3527/6/3 3543/6/3
f 3545/6/3 3529/6/3 3528/6/3
f 3545/5/3 3528/5/3 3544/5/3
f 3546/5/3 3530/5/3 3529/5/3
f 3546/6/3 3529/6/3 3545/6/3
f 3547/5/3 3530/5/3 3546/5/3
f 3548/5/3 3532/5/3 3531/5/3
f 3549/5/3 3532/5/3 3548/5/3
f 3551/2/3 3534/2/3 3533/2/3
f 3552/7/3 3535/7/3 3534/7/3
f 3552/2/3 3534/2/3 3551/2/3
f 3553/7/3 3535/7/3 3552/7/3
f 3554/5/3 3539/5/3 3538/5/3
f 3555/5/3 3539/5/3 3554/5/3
f 3556/5/3 3551/5/3 3550/5/3
f 3557/5/3 3551/5/3 3556/5/3
f 3558/4/3 3555/4/3 3554/4/3
f 3559/4/3 3555/4/3 3558/4/3
f 3560/4/3 3557/4/3 3556/4/3
f 3561/4/3 3557/4/3 3560/4/3
f 3564/1/3 3563/1/3 3562/1/3
f 3565/1/3 3563/1/3 3564/1/3
f 3568/1/3 3567/1/3 3566/1/3
f 3569/1/3 3567/1/3 3568/1/3
f 3574/4/3 3571/4/3 3570/4/3
f 3575/4/3 3571/4/3 3574/4/3
f 3576/4/3 3573/4/3 3572/4/3
f 3577/4/3 3573/4/3 3576/4/3
f 3580/5/3 3575/5/3 3574/5/3
f 3581/5/3 3575/5/3 3580/5/3
f 3592/5/3 3577/5/3 3576/5/3
f 3593/5/3 3577/5/3 3592/5/3
f 3596/2/3 3579/2/3 3578/2/3
f 3597/7/3 3580/7/3 3579/7/3
f 3597/2/3 3579/2/3 3596/2/3
f 3598/7/3 3580/7/3 3597/7/3
f 3599/5/3 3583/5/3 3582/5/3
f 3600/5/3 3583/5/3 3599/5/3
f 3601/5/3 3585/5/3 3584/5/3
f 3602/6/3 3586/6/3 3585/6/3
f 3602/5/3 3585/5/3 3601/5/3
f 3603/5/3 3587/5/3 3586/5/3
f 3603/6/3 3586/6/3 3602/6/3
f 3604/6/3 3588/6/3 3587/6/3
f 3604/5/3 3587/5/3 3603/5/3
f 3605/5/3 3589/5/3 3588/5/3
f 3605/6/3 3588/6/3 3604/6/3
f 3606/5/3 3589/5/3 3605/5/3
f 3607/5/3 3591/5/3 3590/5/3
f 3608/5/3 3591/5/3 3607/5/3
f 3609/2/3 3594/2/3 3593/2/3
f 3610/7/3 3595/7/3 3594/7/3
f 3610/2/3 3594/2/3 3609/2/3
f 3611/7/3 3595/7/3 3610/7/3
f 3614/1/3 3613/1/3 3612/1/3
f 3615/1/3 3613/1/3 3614/1/3
f 3620/6/3 3617/6/3 3616/6/3
f 3621/6/3 3617/6/3 3620/6/3
f 3622/6/3 3619/6/3 3618/6/3
f 3623/6/3 3619/6/3 3622/6/3
f 3624/6/3 3619/6/3 3623/6/3
f 3630/6/3 3626/6/3 3625/6/3
f 3631/6/3 3626/6/3 3630/6/3
f 3632/6/3 3629/6/3 3628/6/3
f 3632/6/3 3628/6/3 3627/6/3
f 3633/6/3 3629/6/3 3632/6/3
f 3638/4/3 3635/4/3 3634/4/3
f 3639/4/3 3635/4/3 3638/4/3
f 3640/4/3 3637/4/3 3636/4/3
f 3641/4/3 3637/4/3 3640/4/3
f 3646/4/3 3643/4/3 3642/4/3
f 3647/4/3 3643/4/3 3646/4/3
f 3648/4/3 3645/4/3 3644/4/3
f 3649/4/3 3645/4/3 3648/4/3
f 3654/2/3 3651/2/3 3650/2/3
f 3655/2/3 3651/2/3 3654/2/3
f 3656/7/3 3653/7/3 3652/7/3
f 3657/7/3 3653/7/3 3656/7/3
f 3662/2/3 3659/2/3 3658/2/3
f 3663/2/3 3659/2/3 3662/2/3
f 3664/7/3 3661/7/3 3660/7/3
f 3665/7/3 3661/7/3 3664/7/3
f 3670/2/3 3667/2/3 3666/2/3
f 3671/2/3 3667/2/3 3670/2/3
f 3672/7/3 3669/7/3 3668/7/3
f 3673/7/3 3669/7/3 3672/7/3
f 3678/2/3 3675/2/3 3674/2/3
f 3679/2/3 3675/2/3 3678/2/3
f 3680/7/3 3677/7/3 3676/7/3
f 3681/7/3 3677/7/3 3680/7/3
f 3686/2/3 3683/2/3 3682/2/3
f 3687/2/3 3683/2/3 3686/2/3
f 3688/7/3 3685/7/3 3684/7/3
f 3689/7/3 3685/7/3 3688/7/3
f 3694/2/3 3691/2/3 3690/2/3
f 3695/2/3 3691/2/3 3694/2/3
f 3696/7/3 3693/7/3 3692/7/3
f 3697/7/3 3693/7/3 3696/7/3
f 3702/2/3 3699/2/3 3698/2/3
f 3703/2/3 3699/2/3 3702/2/3
f 3704/7/3 3701/7/3 3700/7/3
f 3705/7/3 3701/7/3 3704/7/3
f 3710/2/3 3707/2/3 3706/2/3
f 3711/2/3 3707/2/3 3710/2/3
f 3712/7/3 3709/7/3 3708/7/3
f 3713/7/3 3709/7/3 3712/7/3
f 3718/2/3 3715/2/3 3714/2/3
f 3719/2/3 3715/2/3 3718/2/3
f 3720/7/3 3717/7/3 3716/7/3
f 3721/7/3 3717/7/3 3720/7/3
f 3726/2/3 3723/2/3 3722/2/3
f 3727/2/3 3723/2/3 3726/2/3
f 3728/7/3 3725/7/3 3724/7/3
f 3729/7/3 3725/7/3 3728/7/3
f 3734/2/3 3731/2/3 3730/2/3
f 3735/2/3 3731/2/3 3734/2/3
f 3736/7/3 3733/7/3 3732/7/3
f 3737/7/3 3733/7/3 3736/7/3
f 3742/2/3 3739/2/3 3738/2/3
f 3743/2/3 3739/2/3 3742/2/3
f 3744/7/3 3741/7/3 3740/7/3
f 3745/7/3 3741/7/3 3744/7/3
f 3750/2/3 3747/2/3 3746/2/3
f 3751/2/3 3747/2/3 3750/2/3
f 3752/7/3 3749/7/3 3748/7/3
f 3753/7/3 3749/7/3 3752/7/3
f 3758/2/3 3755/2/3 3754/2/3
f 3759/2/3 3755/2/3 3758/2/3
f 3760/7/3 3757/7/3 3756/7/3
f 3761/7/3 3757/7/3 3760/7/3
f 3766/2/3 3763/2/3 3762/2/3
f 3767/2/3 3763/2/3 3766/2/3
f 3768/7/3 3765/7/3 3764/7/3
f 3769/7/3 3765/7/3 3768/7/3
f 3774/2/3 3771/2/3 3770/2/3
f 3775/2/3 3771/2/3 3774/2/3
f 3776/7/3 3773/7/3 3772/7/3
f 3777/7/3 3773/7/3 3776/7/3
f 3782/2/3 3779/2/3 3778/2/3
f 3783/2/3 3779/2/3 3782/2/3
f 3784/7/3 3781/7/3 3780/7/3
f 3785/7/3 3781/7/3 3784/7/3
f 3790/2/3 3787/2/3 3786/2/3
f 3791/2/3 3787/2/3 3790/2/3
f 3792/7/3 3789/7/3 3788/7/3
f 3793/7/3 3789/7/3 3792/7/3
f 3798/2/3 3795/2/3 3794/2/3
f 3799/7/3 3797/7/3 3796/7/3
f 3800/2/3 3798/2/3 3794/2/3
f 3801/7/3 3797/7/3 3799/7/3
f 3802/2/3 3800/2/3 3794/2/3
f 3803/7/3 3797/7/3 3801/7/3
f 3804/2/3 3802/2/3 3794/2/3
f 3805/7/3 3797/7/3 3803/7/3
f 3806/2/3 3804/2/3 3794/2/3
f 3807/7/3 3797/7/3 3805/7/3
f 3808/2/3 3806/2/3 3794/2/3
f 3809/2/3 3806/2/3 3808/2/3
f 3810/7/3 3797/7/3 3807/7/3
f 3811/7/3 3797/7/3 3810/7/3
f 3812/2/4 3813/2/4 3816/2/4
f 3814/7/4 3815/7/4 3817/7/4
f 3812/2/4 3816/2/4 3818/2/4
f 3817/7/4 3815/7/4 3819/7/4
f 3812/2/4 3818/2/4 3820/2/4
f 3819/7/4 3815/7/4 3821/7/4
f 3812/2/4 3820/2/4 3822/2/4
f 3821/7/4 3815/7/4 3823/7/4
f 3812/2/4 3822/2/4 3824/2/4
f 3823/7/4 3815/7/4 3825/7/4
f 3812/2/4 3824/2/4 3826/2/4
f 3826/2/4 3824/2/4 3827/2/4
f 3825/7/4 3815/7/4 3828/7/4
f 3828/7/4 3815/7/4 3829/7/4
f 3830/2/4 3831/2/4 3834/2/4
f 3834/2/4 3831/2/4 3835/2/4
f 3832/7/4 3833/7/4 3836/7/4
f 3836/7/4 3833/7/4 3837/7/4
f 3838/2/4 3839/2/4 3842/2/4
f 3842/2/4 3839/2/4 3843/2/4
f 3840/7/4 3841/7/4 3844/7/4
f 3844/7/4 3841/7/4 3845/7/4
f 3846/2/4 3847/2/4 3848/2/4
f 3846/2/4 3848/2/4 3851/2/4
f 3851/2/4 3848/2/4 3852/2/4
f 3849/7/4 3850/7/4 3853/7/4
f 3853/7/4 3850/7/4 3854/7/4
f 3857/7/4 3858/7/4 3859/7/4
f 3859/7/4 3858/7/4 3860/7/4
f 3855/2/4 3856/2/4 3861/2/4
f 3861/2/4 3856/2/4 3862/2/4
f 3863/7/4 3864/7/4 3865/7/4
f 3865/7/4 3864/7/4 3866/7/4
f 3867/7/4 3868/7/4 3869/7/4
f 3869/7/4 3868/7/4 3870/7/4
f 3871/2/4 3872/2/4 3875/2/4
f 3875/2/4 3872/2/4 3876/2/4
f 3873/7/4 3874/7/4 3877/7/4
f 3877/7/4 3874/7/4 3878/7/4
f 3879/2/4 3880/2/4 3883/2/4
f 3883/2/4 3880/2/4 3884/2/4
f 3881/7/4 3882/7/4 3885/7/4
f 3885/7/4 3882/7/4 3886/7/4
f 3887/2/4 3888/2/4 3891/2/4
f 3891/2/4 3888/2/4 3892/2/4
f 3889/7/4 3890/7/4 3893/7/4
f 3893/7/4 3890/7/4 3894/7/4
f 3895/2/4 3896/2/4 3899/2/4
f 3899/2/4 3896/2/4 3900/2/4
f 3897/7/4 3898/7/4 3901/7/4
f 3901/7/4 3898/7/4 3902/7/4
f 3903/2/4 3904/2/4 3907/2/4
f 3907/2/4 3904/2/4 3908/2/4
f 3905/7/4 3906/7/4 3909/7/4
f 3909/7/4 3906/7/4 3910/7/4
f 3911/1/4 3912/1/4 3913/1/4
f 3913/1/4 3912/1/4 3914/1/4
f 3915/2/4 3916/2/4 3919/2/4
f 3919/2/4 3916/2/4 3920/2/4
f 3917/7/4 3918/7/4 3921/7/4
f 3921/7/4 3918/7/4 3922/7/4
f 3923/2/4 3924/2/4 3927/2/4
f 3927/2/4 3924/2/4 3928/2/4
f 3925/7/4 3926/7/4 3929/7/4
f 3929/7/4 3926/7/4 3930/7/4
f 3931/1/4 3932/1/4 3933/1/4
f 3933/1/4 3932/1/4 3934/1/4
f 3935/1/4 3936/1/4 3937/1/4
f 3937/1/4 3936/1/4 3938/1/4
f 3939/2/4 3940/2/4 3943/2/4
f 3943/2/4 3940/2/4 3944/2/4
f 3941/7/4 3942/7/4 3945/7/4
f 3945/7/4 3942/7/4 3946/7/4
f 3947/2/4 3948/2/4 3949/2/4
f 3947/2/4 3949/2/4 3952/2/4
f 3952/2/4 3949/2/4 3953/2/4
f 3950/7/4 3951/7/4 3954/7/4
f 3954/7/4 3951/7/4 3955/7/4
f 3958/7/4 3959/7/4 3960/7/4
f 3960/7/4 3959/7/4 3961/7/4
f 3956/2/4 3957/2/4 3962/2/4
f 3962/2/4 3957/2/4 3963/2/4
f 3964/7/4 3965/7/4 3966/7/4
f 3966/7/4 3965/7/4 3967/7/4
f 3968/1/4 3969/1/4 3970/1/4
f 3970/1/4 3969/1/4 3971/1/4
f 3972/1/4 3973/1/4 3974/1/4
f 3974/1/4 3973/1/4 3975/1/4
f 3976/7/4 3977/7/4 3978/7/4
f 3978/7/4 3977/7/4 3979/7/4
f 3980/1/4 3981/1/4 3982/1/4
f 3982/1/4 3981/1/4 3983/1/4
f 3983/1/4 3981/1/4 3984/1/4
f 3984/1/4 3981/1/4 3985/1/4
f 3986/5/4 3987/5/4 3990/5/4
f 3990/5/4 3987/5/4 3991/5/4
f 3988/5/4 3989/5/4 3992/5/4
f 3992/5/4 3989/5/4 3993/5/4
f 3994/5/4 3995/5/4 3998/5/4
f 3998/5/4 3995/5/4 3999/5/4
f 3996/5/4 3997/5/4 4000/5/4
f 4000/5/4 3997/5/4 4001/5/4
f 4002/5/4 4003/5/4 4008/5/4
f 4008/5/4 4003/5/4 4009/5/4
f 4004/6/4 4005/6/4 4010/6/4
f 4005/5/4 4006/5/4 4011/5/4
f 4010/6/4 4005/6/4 4011/6/4
f 4006/6/4 4007/6/4 4012/6/4
f 4011/5/4 4006/5/4 4012/5/4
f 4012/6/4 4007/6/4 4013/6/4
f 4014/5/4 4015/5/4 4020/5/4
f 4020/5/4 4015/5/4 4021/5/4
f 4016/6/4 4017/6/4 4022/6/4
f 4017/5/4 4018/5/4 4023/5/4
f 4022/6/4 4017/6/4 4023/6/4
f 4018/6/4 4019/6/4 4024/6/4
f 4023/5/4 4018/5/4 4024/5/4
f 4024/6/4 4019/6/4 4025/6/4
f 4026/2/4 4027/2/4 4038/2/4
f 4027/7/4 4028/7/4 4039/7/4
f 4038/2/4 4027/2/4 4039/2/4
f 4039/7/4 4028/7/4 4040/7/4
f 4029/4/4 4030/4/4 4042/4/4
f 4042/4/4 4030/4/4 4043/4/4
f 4031/4/4 4032/4/4 4044/4/4
f 4044/4/4 4032/4/4 4045/4/4
f 4033/4/4 4034/4/4 4046/4/4
f 4046/4/4 4034/4/4 4047/4/4
f 4035/2/4 4036/2/4 4049/2/4
f 4036/7/4 4037/7/4 4050/7/4
f 4049/2/4 4036/2/4 4050/2/4
f 4050/7/4 4037/7/4 4051/7/4
f 4040/4/4 4041/4/4 4052/4/4
f 4052/4/4 4041/4/4 4053/4/4
f 4048/4/4 4049/4/4 4054/4/4
f 4054/4/4 4049/4/4 4055/4/4
f 4052/5/4 4053/5/4 4056/5/4
f 4056/5/4 4053/5/4 4057/5/4
f 4054/5/4 4055/5/4 4058/5/4
f 4058/5/4 4055/5/4 4059/5/4
f 4060/5/4 4061/5/4 4064/5/4
f 4064/5/4 4061/5/4 4065/5/4
f 4062/5/4 4063/5/4 4066/5/4
f 4066/5/4 4063/5/4 4067/5/4
f 4064/4/4 4065/4/4 4070/4/4
f 4070/4/4 4065/4/4 4071/4/4
f 4066/4/4 4067/4/4 4078/4/4
f 4078/4/4 4067/4/4 4079/4/4
f 4068/2/4 4069/2/4 4082/2/4
f 4069/7/4 4070/7/4 4083/7/4
f 4082/2/4 4069/2/4 4083/2/4
f 4083/7/4 4070/7/4 4084/7/4
f 4072/4/4 4073/4/4 4085/4/4
f 4085/4/4 4073/4/4 4086/4/4
f 4074/4/4 4075/4/4 4087/4/4
f 4087/4/4 4075/4/4 4088/4/4
f 4076/4/4 4077/4/4 4089/4/4
f 4089/4/4 4077/4/4 4090/4/4
f 4079/2/4 4080/2/4 4091/2/4
f 4080/7/4 4081/7/4 4092/7/4
f 4091/2/4 4080/2/4 4092/2/4
f 4092/7/4 4081/7/4 4093/7/4
f 4094/2/4 4095/2/4 4101/2/4
f 4095/7/4 4096/7/4 4102/7/4
f 4101/2/4 4095/2/4 4102/2/4
f 4102/7/4 4096/7/4 4103/7/4
f 4097/2/4 4098/2/4 4106/2/4
f 4098/7/4 4099/7/4 4107/7/4
f 4106/2/4 4098/2/4 4107/2/4
f 4107/7/4 4099/7/4 4108/7/4
f 4100/5/4 4101/5/4 4115/5/4
f 4115/5/4 4101/5/4 4116/5/4
f 4103/5/4 4104/5/4 4117/5/4
f 4117/5/4 4104/5/4 4118/5/4
f 4105/5/4 4106/5/4 4119/5/4
f 4119/5/4 4106/5/4 4120/5/4
f 4108/5/4 4109/5/4 4121/5/4
f 4121/5/4 4109/5/4 4122/5/4
f 4110/2/4 4111/2/4 4128/2/4
f 4111/7/4 4112/7/4 4129/7/4
f 4128/2/4 4111/2/4 4129/2/4
f 4129/7/4 4112/7/4 4130/7/4
f 4113/5/4 4114/5/4 4131/5/4
f 4131/5/4 4114/5/4 4132/5/4
f 4123/5/4 4124/5/4 4133/5/4
f 4133/5/4 4124/5/4 4134/5/4
f 4125/2/4 4126/2/4 4135/2/4
f 4126/7/4 4127/7/4 4136/7/4
f 4135/2/4 4126/2/4 4136/2/4
f 4136/7/4 4127/7/4 4137/7/4
f 4138/2/4 4139/2/4 4148/2/4
f 4139/7/4 4140/7/4 4149/7/4
f 4148/2/4 4139/2/4 4149/2/4
f 4149/7/4 4140/7/4 4150/7/4
f 4141/5/4 4142/5/4 4151/5/4
f 4151/5/4 4142/5/4 4152/5/4
f 4143/5/4 4144/5/4 4161/5/4
f 4161/5/4 4144/5/4 4162/5/4
f 4145/2/4 4146/2/4 4163/2/4
f 4146/7/4 4147/7/4 4164/7/4
f 4163/2/4 4146/2/4 4164/2/4
f 4164/7/4 4147/7/4 4165/7/4
f 4153/5/4 4154/5/4 4166/5/4
f 4166/5/4 4154/5/4 4167/5/4
f 4155/5/4 4156/5/4 4169/5/4
f 4169/5/4 4156/5/4 4170/5/4
f 4157/5/4 4158/5/4 4171/5/4
f 4171/5/4 4158/5/4 4172/5/4
f 4159/5/4 4160/5/4 4174/5/4
f 4174/5/4 4160/5/4 4175/5/4
f 4167/2/4 4168/2/4 4176/2/4
f 4168/7/4 4169/7/4 4177/7/4
f 4176/2/4 4168/2/4 4177/2/4
f 4177/7/4 4169/7/4 4178/7/4
f 4172/2/4 4173/2/4 4179/2/4
f 4173/7/4 4174/7/4 4180/7/4
f 4179/2/4 4173/2/4 4180/2/4
f 4180/7/4 4174/7/4 4181/7/4
f 4182/2/4 4183/2/4 4189/2/4
f 4183/7/4 4184/7/4 4190/7/4
f 4189/2/4 4183/2/4 4190/2/4
f 4190/7/4 4184/7/4 4191/7/4
f 4185/2/4 4186/2/4 4196/2/4
f 4186/7/4 4187/7/4 4197/7/4
f 4196/2/4 4186/2/4 4197/2/4
f 4197/7/4 4187/7/4 4198/7/4
f 4188/5/4 4189/5/4 4204/5/4
f 4204/5/4 4189/5/4 4205/5/4
f 4205/5/4 4189/5/4 4206/5/4
f 4191/5/4 4192/5/4 4207/5/4
f 4207/5/4 4192/5/4 4208/5/4
f 4192/6/4 4193/6/4 4209/6/4
f 4208/5/4 4192/5/4 4209/5/4
f 4193/5/4 4194/5/4 4210/5/4
f 4209/6/4 4193/6/4 4210/6/4
f 4194/6/4 4195/6/4 4211/6/4
f 4210/5/4 4194/5/4 4211/5/4
f 4195/5/4 4196/5/4 4212/5/4
f 4211/6/4 4195/6/4 4212/6/4
f 4212/5/4 4196/5/4 4213/5/4
f 4213/5/4 4196/5/4 4214/5/4
f 4198/5/4 4199/5/4 4215/5/4
f 4215/5/4 4199/5/4 4216/5/4
f 4216/5/4 4199/5/4 4217/5/4
f 4200/2/4 4201/2/4 4222/2/4
f 4201/7/4 4202/7/4 4223/7/4
f 4222/2/4 4201/2/4 4223/2/4
f 4223/7/4 4202/7/4 4224/7/4
f 4203/5/4 4204/5/4 4226/5/4
f 4204/5/4 4205/5/4 4226/5/4
f 4226/5/4 4205/5/4 4227/5/4
f 4210/6/4 4211/6/4 4228/6/4
f 4209/6/4 4210/6/4 4228/6/4
f 4208/6/4 4209/6/4 4228/6/4
f 4211/6/4 4212/6/4 4228/6/4
f 4212/6/4 4213/6/4 4228/6/4
f 4228/6/4 4213/6/4 4229/6/4
f 4217/5/4 4218/5/4 4230/5/4
f 4216/5/4 4217/5/4 4230/5/4
f 4230/5/4 4218/5/4 4231/5/4
f 4219/2/4 4220/2/4 4233/2/4
f 4220/7/4 4221/7/4 4234/7/4
f 4233/2/4 4220/2/4 4234/2/4
f 4234/7/4 4221/7/4 4235/7/4
f 4224/5/4 4225/5/4 4236/5/4
f 4236/5/4 4225/5/4 4237/5/4
f 4232/5/4 4233/5/4 4238/5/4
f 4238/5/4 4233/5/4 4239/5/4
f 4236/6/4 4237/6/4 4240/6/4
f 4240/6/4 4237/6/4 4241/6/4
f 4238/6/4 4239/6/4 4242/6/4
f 4242/6/4 4239/6/4 4243/6/4
f 4244/6/4 4245/6/4 4248/6/4
f 4248/6/4 4245/6/4 4249/6/4
f 4246/6/4 4247/6/4 4250/6/4
f 4250/6/4 4247/6/4 4251/6/4
f 4248/5/4 4249/5/4 4254/5/4
f 4254/5/4 4249/5/4 4255/5/4
f 4250/5/4 4251/5/4 4262/5/4
f 4262/5/4 4251/5/4 4263/5/4
f 4252/2/4 4253/2/4 4266/2/4
f 4253/7/4 4254/7/4 4267/7/4
f 4266/2/4 4253/2/4 4267/2/4
f 4267/7/4 4254/7/4 4268/7/4
f 4256/5/4 4257/5/4 4269/5/4
f 4269/5/4 4257/5/4 4270/5/4
f 4270/5/4 4257/5/4 4271/5/4
f 4258/6/4 4259/6/4 4274/6/4
f 4274/6/4 4259/6/4 4275/6/4
f 4260/5/4 4261/5/4 4278/5/4
f 4278/5/4 4261/5/4 4279/5/4
f 4279/5/4 4261/5/4 4280/5/4
f 4263/2/4 4264/2/4 4281/2/4
f 4264/7/4 4265/7/4 4282/7/4
f 4281/2/4 4264/2/4 4282/2/4
f 4282/7/4 4265/7/4 4283/7/4
f 4271/5/4 4272/5/4 4284/5/4
f 4270/5/4 4271/5/4 4284/5/4
f 4284/5/4 4272/5/4 4285/5/4
f 4275/5/4 4276/5/4 4287/5/4
f 4274/5/4 4275/5/4 4287/5/4
f 4273/5/4 4274/5/4 4287/5/4
f 4287/5/4 4276/5/4 4288/5/4
f 4278/5/4 4279/5/4 4290/5/4
f 4277/5/4 4278/5/4 4290/5/4
f 4290/5/4 4279/5/4 4291/5/4
f 4285/2/4 4286/2/4 4292/2/4
f 4286/7/4 4287/7/4 4293/7/4
f 4292/2/4 4286/2/4 4293/2/4
f 4293/7/4 4287/7/4 4294/7/4
f 4288/2/4 4289/2/4 4295/2/4
f 4289/7/4 4290/7/4 4296/7/4
f 4295/2/4 4289/2/4 4296/2/4
f 4296/7/4 4290/7/4 4297/7/4
f 4298/2/4 4299/2/4 4305/2/4
f 4299/7/4 4300/7/4 4306/7/4
f 4305/2/4 4299/2/4 4306/2/4
f 4306/7/4 4300/7/4 4307/7/4
f 4301/2/4 4302/2/4 4310/2/4
f 4302/7/4 4303/7/4 4311/7/4
f 4310/2/4 4302/2/4 4311/2/4
f 4311/7/4 4303/7/4 4312/7/4
f 4304/6/4 4305/6/4 4319/6/4
f 4319/6/4 4305/6/4 4320/6/4
f 4307/6/4 4308/6/4 4321/6/4
f 4321/6/4 4308/6/4 4322/6/4
f 4309/6/4 4310/6/4 4323/6/4
f 4323/6/4 4310/6/4 4324/6/4
f 4312/6/4 4313/6/4 4325/6/4
f 4325/6/4 4313/6/4 4326/6/4
f 4314/2/4 4315/2/4 4332/2/4
f 4315/7/4 4316/7/4 4333/7/4
f 4332/2/4 4315/2/4 4333/2/4
f 4333/7/4 4316/7/4 4334/7/4
f 4317/6/4 4318/6/4 4335/6/4
f 4335/6/4 4318/6/4 4336/6/4
f 4327/6/4 4328/6/4 4337/6/4
f 4337/6/4 4328/6/4 4338/6/4
f 4329/2/4 4330/2/4 4339/2/4
f 4330/7/4 4331/7/4 4340/7/4
f 4339/2/4 4330/2/4 4340/2/4
f 4340/7/4 4331/7/4 4341/7/4
f 4342/2/4 4343/2/4 4352/2/4
f 4343/7/4 4344/7/4 4353/7/4
f 4352/2/4 4343/2/4 4353/2/4
f 4353/7/4 4344/7/4 4354/7/4
f 4345/6/4 4346/6/4 4355/6/4
f 4355/6/4 4346/6/4 4356/6/4
f 4347/6/4 4348/6/4 4365/6/4
f 4365/6/4 4348/6/4 4366/6/4
f 4349/2/4 4350/2/4 4367/2/4
f 4350/7/4 4351/7/4 4368/7/4
f 4367/2/4 4350/2/4 4368/2/4
f 4368/7/4 4351/7/4 4369/7/4
f 4357/6/4 4358/6/4 4370/6/4
f 4370/6/4 4358/6/4 4371/6/4
f 4359/6/4 4360/6/4 4373/6/4
f 4373/6/4 4360/6/4 4374/6/4
f 4361/6/4 4362/6/4 4375/6/4
f 4375/6/4 4362/6/4 4376/6/4
f 4363/6/4 4364/6/4 4378/6/4
f 4378/6/4 4364/6/4 4379/6/4
f 4371/2/4 4372/2/4 4380/2/4
f 4372/7/4 4373/7/4 4381/7/4
f 4380/2/4 4372/2/4 4381/2/4
f 4381/7/4 4373/7/4 4382/7/4
f 4376/2/4 4377/2/4 4383/2/4
f 4377/7/4 4378/7/4 4384/7/4
f 4383/2/4 4377/2/4 4384/2/4
f 4384/7/4 4378/7/4 4385/7/4
f 4386/2/4 4387/2/4 4393/2/4
f 4387/7/4 4388/7/4 4394/7/4
f 4393/2/4 4387/2/4 4394/2/4
f 4394/7/4 4388/7/4 4395/7/4
f 4389/2/4 4390/2/4 4396/2/4
f 4390/7/4 4391/7/4 4397/7/4
f 4396/2/4 4390/2/4 4397/2/4
f 4397/7/4 4391/7/4 4398/7/4
f 4392/4/4 4393/4/4 4404/4/4
f 4404/4/4 4393/4/4 4405/4/4
f 4405/4/4 4393/4/4 4406/4/4
f 4395/4/4 4396/4/4 4407/4/4
f 4407/4/4 4396/4/4 4408/4/4
f 4408/4/4 4396/4/4 4409/4/4
f 4409/4/4 4396/4/4 4410/4/4
f 4398/4/4 4399/4/4 4411/4/4
f 4411/4/4 4399/4/4 4412/4/4
f 4412/4/4 4399/4/4 4413/4/4
f 4413/4/4 4399/4/4 4414/4/4
f 4400/2/4 4401/2/4 4419/2/4
f 4401/7/4 4402/7/4 4420/7/4
f 4419/2/4 4401/2/4 4420/2/4
f 4420/7/4 4402/7/4 4421/7/4
f 4403/4/4 4404/4/4 4422/4/4
f 4404/6/4 4405/6/4 4423/6/4
f 4422/4/4 4404/4/4 4423/4/4
f 4423/6/4 4405/6/4 4424/6/4
f 4408/6/4 4409/6/4 4425/6/4
f 4425/6/4 4409/6/4 4426/6/4
f 4412/5/4 4413/5/4 4427/5/4
f 4414/4/4 4415/4/4 4428/4/4
f 4427/5/4 4413/5/4 4428/5/4
f 4413/4/4 4414/4/4 4428/4/4
f 4428/4/4 4415/4/4 4429/4/4
f 4416/2/4 4417/2/4 4430/2/4
f 4417/7/4 4418/7/4 4431/7/4
f 4430/2/4 4417/2/4 4431/2/4
f 4431/7/4 4418/7/4 4432/7/4
f 4421/4/4 4422/4/4 4433/4/4
f 4433/4/4 4422/4/4 4434/4/4
f 4429/4/4 4430/4/4 4435/4/4
f 4435/4/4 4430/4/4 4436/4/4
f 4433/5/4 4434/5/4 4437/5/4
f 4437/5/4 4434/5/4 4438/5/4
f 4435/5/4 4436/5/4 4439/5/4
f 4439/5/4 4436/5/4 4440/5/4
f 4441/5/4 4442/5/4 4445/5/4
f 4445/5/4 4442/5/4 4446/5/4
f 4443/5/4 4444/5/4 4447/5/4
f 4447/5/4 4444/5/4 4448/5/4
f 4445/4/4 4446/4/4 4451/4/4
f 4451/4/4 4446/4/4 4452/4/4
f 4447/4/4 4448/4/4 4459/4/4
f 4459/4/4 4448/4/4 4460/4/4
f 4449/2/4 4450/2/4 4463/2/4
f 4450/7/4 4451/7/4 4464/7/4
f 4463/2/4 4450/2/4 4464/2/4
f 4464/7/4 4451/7/4 4465/7/4
f 4452/4/4 4453/4/4 4466/4/4
f 4453/6/4 4454/6/4 4467/6/4
f 4466/4/4 4453/4/4 4467/4/4
f 4467/6/4 4454/6/4 4468/6/4
f 4455/6/4 4456/6/4 4471/6/4
f 4471/6/4 4456/6/4 4472/6/4
f 4457/5/4 4458/5/4 4475/5/4
f 4458/4/4 4459/4/4 4476/4/4
f 4475/5/4 4458/5/4 4476/5/4
f 4476/4/4 4459/4/4 4477/4/4
f 4477/4/4 4459/4/4 4478/4/4
f 4460/2/4 4461/2/4 4479/2/4
f 4461/7/4 4462/7/4 4480/7/4
f 4479/2/4 4461/2/4 4480/2/4
f 4480/7/4 4462/7/4 4481/7/4
f 4468/4/4 4469/4/4 4482/4/4
f 4467/4/4 4468/4/4 4482/4/4
f 4482/4/4 4469/4/4 4483/4/4
f 4472/4/4 4473/4/4 4485/4/4
f 4471/4/4 4472/4/4 4485/4/4
f 4470/4/4 4471/4/4 4485/4/4
f 4485/4/4 4473/4/4 4486/4/4
f 4474/4/4 4475/4/4 4488/4/4
f 4476/4/4 4477/4/4 4488/4/4
f 4475/4/4 4476/4/4 4488/4/4
f 4488/4/4 4477/4/4 4489/4/4
f 4483/2/4 4484/2/4 4490/2/4
f 4484/7/4 4485/7/4 4491/7/4
f 4490/2/4 4484/2/4 4491/2/4
f 4491/7/4 4485/7/4 4492/7/4
f 4486/2/4 4487/2/4 4493/2/4
f 4487/7/4 4488/7/4 4494/7/4
f 4493/2/4 4487/2/4 4494/2/4
f 4494/7/4 4488/7/4 4495/7/4
f 4496/2/4 4497/2/4 4503/2/4
f 4497/7/4 4498/7/4 4504/7/4
f 4503/2/4 4497/2/4 4504/2/4
f 4504/7/4 4498/7/4 4505/7/4
f 4499/2/4 4500/2/4 4508/2/4
f 4500/7/4 4501/7/4 4509/7/4
f 4508/2/4 4500/2/4 4509/2/4
f 4509/7/4 4501/7/4 4510/7/4
f 4502/6/4 4503/6/4 4517/6/4
f 4517/6/4 4503/6/4 4518/6/4
f 4505/5/4 4506/5/4 4519/5/4
f 4519/5/4 4506/5/4 4520/5/4
f 4507/5/4 4508/5/4 4521/5/4
f 4521/5/4 4508/5/4 4522/5/4
f 4510/5/4 4511/5/4 4523/5/4
f 4523/5/4 4511/5/4 4524/5/4
f 4512/2/4 4513/2/4 4530/2/4
f 4513/7/4 4514/7/4 4531/7/4
f 4530/2/4 4513/2/4 4531/2/4
f 4531/7/4 4514/7/4 4532/7/4
f 4515/5/4 4516/5/4 4533/5/4
f 4533/5/4 4516/5/4 4534/5/4
f 4525/5/4 4526/5/4 4535/5/4
f 4535/5/4 4526/5/4 4536/5/4
f 4527/2/4 4528/2/4 4537/2/4
f 4528/7/4 4529/7/4 4538/7/4
f 4537/2/4 4528/2/4 4538/2/4
f 4538/7/4 4529/7/4 4539/7/4
f 4540/2/4 4541/2/4 4550/2/4
f 4541/7/4 4542/7/4 4551/7/4
f 4550/2/4 4541/2/4 4551/2/4
f 4551/7/4 4542/7/4 4552/7/4
f 4543/5/4 4544/5/4 4553/5/4
f 4553/5/4 4544/5/4 4554/5/4
f 4545/5/4 4546/5/4 4563/5/4
f 4563/5/4 4546/5/4 4564/5/4
f 4547/2/4 4548/2/4 4565/2/4
f 4548/7/4 4549/7/4 4566/7/4
f 4565/2/4 4548/2/4 4566/2/4
f 4566/7/4 4549/7/4 4567/7/4
f 4555/6/4 4556/6/4 4568/6/4
f 4568/6/4 4556/6/4 4569/6/4
f 4557/5/4 4558/5/4 4571/5/4
f 4571/5/4 4558/5/4 4572/5/4
f 4559/5/4 4560/5/4 4573/5/4
f 4573/5/4 4560/5/4 4574/5/4
f 4561/5/4 4562/5/4 4576/5/4
f 4576/5/4 4562/5/4 4577/5/4
f 4569/2/4 4570/2/4 4578/2/4
f 4570/7/4 4571/7/4 4579/7/4
f 4578/2/4 4570/2/4 4579/2/4
f 4579/7/4 4571/7/4 4580/7/4
f 4574/2/4 4575/2/4 4581/2/4
f 4575/7/4 4576/7/4 4582/7/4
f 4581/2/4 4575/2/4 4582/2/4
f 4582/7/4 4576/7/4 4583/7/4
f 4584/2/4 4585/2/4 4592/2/4
f 4585/7/4 4586/7/4 4593/7/4
f 4592/2/4 4585/2/4 4593/2/4
f 4593/7/4 4586/7/4 4594/7/4
f 4587/2/4 4588/2/4 4597/2/4
f 4588/7/4 4589/7/4 4598/7/4
f 4597/2/4 4588/2/4 4598/2/4
f 4598/7/4 4589/7/4 4599/7/4
f 4590/6/4 4591/6/4 4608/6/4
f 4591/5/4 4592/5/4 4609/5/4
f 4608/6/4 4591/6/4 4609/6/4
f 4609/5/4 4592/5/4 4610/5/4
f 4610/5/4 4592/5/4 4611/5/4
f 4594/5/4 4595/5/4 4612/5/4
f 4612/5/4 4595/5/4 4613/5/4
f 4595/6/4 4596/6/4 4614/6/4
f 4613/5/4 4595/5/4 4614/5/4
f 4596/5/4 4597/5/4 4615/5/4
f 4614/6/4 4596/6/4 4615/6/4
f 4615/5/4 4597/5/4 4616/5/4
f 4616/5/4 4597/5/4 4617/5/4
f 4599/5/4 4600/5/4 4618/5/4
f 4618/5/4 4600/5/4 4619/5/4
f 4600/6/4 4601/6/4 4620/6/4
f 4619/5/4 4600/5/4 4620/5/4
f 4601/5/4 4602/5/4 4621/5/4
f 4620/6/4 4601/6/4 4621/6/4
f 4602/6/4 4603/6/4 4622/6/4
f 4621/5/4 4602/5/4 4622/5/4
f 4622/6/4 4603/6/4 4623/6/4
f 4604/2/4 4605/2/4 4628/2/4
f 4605/7/4 4606/7/4 4629/7/4
f 4628/2/4 4605/2/4 4629/2/4
f 4629/7/4 4606/7/4 4630/7/4
f 4607/5/4 4608/5/4 4631/5/4
f 4608/5/4 4609/5/4 4631/5/4
f 4609/5/4 4610/5/4 4631/5/4
f 4631/5/4 4610/5/4 4632/5/4
f 4632/5/4 4610/5/4 4633/5/4
f 4613/6/4 4614/6/4 4634/6/4
f 4614/6/4 4615/6/4 4634/6/4
f 4615/6/4 4616/6/4 4634/6/4
f 4634/6/4 4616/6/4 4635/6/4
f 4620/5/4 4621/5/4 4636/5/4
f 4619/5/4 4620/5/4 4636/5/4
f 4622/5/4 4623/5/4 4636/5/4
f 4621/5/4 4622/5/4 4636/5/4
f 4636/5/4 4623/5/4 4637/5/4
f 4623/6/4 4624/6/4 4638/6/4
f 4637/5/4 4623/5/4 4638/5/4
f 4638/6/4 4624/6/4 4639/6/4
f 4625/2/4 4626/2/4 4640/2/4
f 4626/7/4 4627/7/4 4641/7/4
f 4640/2/4 4626/2/4 4641/2/4
f 4641/7/4 4627/7/4 4642/7/4
f 4630/5/4 4631/5/4 4643/5/4
f 4631/6/4 4632/6/4 4644/6/4
f 4643/5/4 4631/5/4 4644/5/4
f 4639/6/4 4640/6/4 4645/6/4
f 4637/6/4 4638/6/4 4645/6/4
f 4638/6/4 4639/6/4 4645/6/4
f 4645/6/4 4640/6/4 4646/6/4
f 4643/6/4 4644/6/4 4647/6/4
f 4644/6/4 4632/6/4 4648/6/4
f 4647/6/4 4644/6/4 4648/6/4
f 4645/5/4 4646/5/4 4649/5/4
f 4649/5/4 4646/5/4 4650/5/4
f 4651/6/4 4652/6/4 4655/6/4
f 4655/6/4 4652/6/4 4656/6/4
f 4653/5/4 4654/5/4 4657/5/4
f 4657/5/4 4654/5/4 4658/5/4
f 4655/5/4 4656/5/4 4661/5/4
f 4656/6/4 4652/6/4 4662/6/4
f 4661/5/4 4656/5/4 4662/5/4
f 4662/6/4 4652/6/4 4663/6/4
f 4657/6/4 4658/6/4 4668/6/4
f 4668/6/4 4658/6/4 4669/6/4
f 4669/6/4 4658/6/4 4670/6/4
f 4670/6/4 4658/6/4 4671/6/4
f 4659/2/4 4660/2/4 4674/2/4
f 4660/7/4 4661/7/4 4675/7/4
f 4674/2/4 4660/2/4 4675/2/4
f 4675/7/4 4661/7/4 4676/7/4
f 4662/5/4 4663/5/4 4677/5/4
f 4663/5/4 4664/5/4 4677/5/4
f 4677/5/4 4664/5/4 4678/5/4
f 4678/5/4 4664/5/4 4679/5/4
f 4679/5/4 4664/5/4 4680/5/4
f 4665/6/4 4666/6/4 4683/6/4
f 4683/6/4 4666/6/4 4684/6/4
f 4684/6/4 4666/6/4 4685/6/4
f 4685/6/4 4666/6/4 4686/6/4
f 4668/5/4 4669/5/4 4689/5/4
f 4667/5/4 4668/5/4 4689/5/4
f 4689/5/4 4669/5/4 4690/5/4
f 4690/5/4 4669/5/4 4691/5/4
f 4669/6/4 4670/6/4 4692/6/4
f 4691/5/4 4669/5/4 4692/5/4
f 4692/6/4 4670/6/4 4693/6/4
f 4671/2/4 4672/2/4 4694/2/4
f 4672/7/4 4673/7/4 4695/7/4
f 4694/2/4 4672/2/4 4695/2/4
f 4695/7/4 4673/7/4 4696/7/4
f 4678/6/4 4679/6/4 4697/6/4
f 4680/5/4 4681/5/4 4698/5/4
f 4697/6/4 4679/6/4 4698/6/4
f 4679/5/4 4680/5/4 4698/5/4
f 4698/5/4 4681/5/4 4699/5/4
f 4682/5/4 4683/5/4 4701/5/4
f 4683/5/4 4684/5/4 4701/5/4
f 4684/6/4 4685/6/4 4702/6/4
f 4701/5/4 4684/5/4 4702/5/4
f 4686/5/4 4687/5/4 4703/5/4
f 4702/6/4 4685/6/4 4703/6/4
f 4685/5/4 4686/5/4 4703/5/4
f 4703/5/4 4687/5/4 4704/5/4
f 4689/5/4 4690/5/4 4706/5/4
f 4688/5/4 4689/5/4 4706/5/4
f 4690/6/4 4691/6/4 4707/6/4
f 4706/5/4 4690/5/4 4707/5/4
f 4691/5/4 4692/5/4 4708/5/4
f 4707/6/4 4691/6/4 4708/6/4
f 4708/5/4 4692/5/4 4709/5/4
f 4699/2/4 4700/2/4 4710/2/4
f 4700/7/4 4701/7/4 4711/7/4
f 4710/2/4 4700/2/4 4711/2/4
f 4711/7/4 4701/7/4 4712/7/4
f 4704/2/4 4705/2/4 4713/2/4
f 4705/7/4 4706/7/4 4714/7/4
f 4713/2/4 4705/2/4 4714/2/4
f 4714/7/4 4706/7/4 4715/7/4
f 4716/2/4 4717/2/4 4723/2/4
f 4717/7/4 4718/7/4 4724/7/4
f 4723/2/4 4717/2/4 4724/2/4
f 4724/7/4 4718/7/4 4725/7/4
f 4719/2/4 4720/2/4 4728/2/4
f 4720/7/4 4721/7/4 4729/7/4
f 4728/2/4 4720/2/4 4729/2/4
f 4729/7/4 4721/7/4 4730/7/4
f 4722/6/4 4723/6/4 4737/6/4
f 4737/6/4 4723/6/4 4738/6/4
f 4725/6/4 4726/6/4 4739/6/4
f 4739/6/4 4726/6/4 4740/6/4
f 4727/6/4 4728/6/4 4741/6/4
f 4741/6/4 4728/6/4 4742/6/4
f 4730/5/4 4731/5/4 4743/5/4
f 4743/5/4 4731/5/4 4744/5/4
f 4732/2/4 4733/2/4 4750/2/4
f 4733/7/4 4734/7/4 4751/7/4
f 4750/2/4 4733/2/4 4751/2/4
f 4751/7/4 4734/7/4 4752/7/4
f 4735/6/4 4736/6/4 4753/6/4
f 4753/6/4 4736/6/4 4754/6/4
f 4745/6/4 4746/6/4 4755/6/4
f 4755/6/4 4746/6/4 4756/6/4
f 4747/2/4 4748/2/4 4757/2/4
f 4748/7/4 4749/7/4 4758/7/4
f 4757/2/4 4748/2/4 4758/2/4
f 4758/7/4 4749/7/4 4759/7/4
f 4760/2/4 4761/2/4 4770/2/4
f 4761/7/4 4762/7/4 4771/7/4
f 4770/2/4 4761/2/4 4771/2/4
f 4771/7/4 4762/7/4 4772/7/4
f 4763/6/4 4764/6/4 4773/6/4
f 4773/6/4 4764/6/4 4774/6/4
f 4765/6/4 4766/6/4 4783/6/4
f 4783/6/4 4766/6/4 4784/6/4
f 4767/2/4 4768/2/4 4785/2/4
f 4768/7/4 4769/7/4 4786/7/4
f 4785/2/4 4768/2/4 4786/2/4
f 4786/7/4 4769/7/4 4787/7/4
f 4775/6/4 4776/6/4 4788/6/4
f 4788/6/4 4776/6/4 4789/6/4
f 4777/6/4 4778/6/4 4791/6/4
f 4791/6/4 4778/6/4 4792/6/4
f 4779/6/4 4780/6/4 4793/6/4
f 4793/6/4 4780/6/4 4794/6/4
f 4781/5/4 4782/5/4 4796/5/4
f 4796/5/4 4782/5/4 4797/5/4
f 4789/2/4 4790/2/4 4798/2/4
f 4790/7/4 4791/7/4 4799/7/4
f 4798/2/4 4790/2/4 4799/2/4
f 4799/7/4 4791/7/4 4800/7/4
f 4794/2/4 4795/2/4 4801/2/4
f 4795/7/4 4796/7/4 4802/7/4
f 4801/2/4 4795/2/4 4802/2/4
f 4802/7/4 4796/7/4 4803/7/4
f 4804/2/4 4805/2/4 4811/2/4
f 4805/7/4 4806/7/4 4812/7/4
f 4811/2/4 4805/2/4 4812/2/4
f 4812/7/4 4806/7/4 4813/7/4
f 4807/2/4 4808/2/4 4814/2/4
f 4808/7/4 4809/7/4 4815/7/4
f 4814/2/4 4808/2/4 4815/2/4
f 4815/7/4 4809/7/4 4816/7/4
f 4810/4/4 4811/4/4 4822/4/4
f 4822/4/4 4811/4/4 4823/4/4
f 4823/4/4 4811/4/4 4824/4/4
f 4824/4/4 4811/4/4 4825/4/4
f 4813/4/4 4814/4/4 4826/4/4
f 4826/4/4 4814/4/4 4827/4/4
f 4827/4/4 4814/4/4 4828/4/4
f 4828/4/4 4814/4/4 4829/4/4
f 4816/4/4 4817/4/4 4830/4/4
f 4830/4/4 4817/4/4 4831/4/4
f 4831/4/4 4817/4/4 4832/4/4
f 4832/4/4 4817/4/4 4833/4/4
f 4818/2/4 4819/2/4 4838/2/4
f 4819/7/4 4820/7/4 4839/7/4
f 4838/2/4 4819/2/4 4839/2/4
f 4839/7/4 4820/7/4 4840/7/4
f 4821/4/4 4822/4/4 4841/4/4
f 4822/4/4 4823/4/4 4841/4/4
f 4841/4/4 4823/4/4 4842/4/4
f 4823/6/4 4824/6/4 4843/6/4
f 4842/4/4 4823/4/4 4843/4/4
f 4843/6/4 4824/6/4 4844/6/4
f 4827/6/4 4828/6/4 4845/6/4
f 4845/6/4 4828/6/4 4846/6/4
f 4846/6/4 4828/6/4 4847/6/4
f 4847/6/4 4828/6/4 4848/6/4
f 4831/5/4 4832/5/4 4849/5/4
f 4833/4/4 4834/4/4 4850/4/4
f 4849/5/4 4832/5/4 4850/5/4
f 4832/4/4 4833/4/4 4850/4/4
f 4850/4/4 4834/4/4 4851/4/4
f 4851/4/4 4834/4/4 4852/4/4
f 4835/2/4 4836/2/4 4853/2/4
f 4836/7/4 4837/7/4 4854/7/4
f 4853/2/4 4836/2/4 4854/2/4
f 4854/7/4 4837/7/4 4855/7/4
f 4841/4/4 4842/4/4 4856/4/4
f 4840/4/4 4841/4/4 4856/4/4
f 4842/6/4 4843/6/4 4857/6/4
f 4856/4/4 4842/4/4 4857/4/4
f 4857/6/4 4843/6/4 4858/6/4
f 4852/4/4 4853/4/4 4859/4/4
f 4851/4/4 4852/4/4 4859/4/4
f 4850/5/4 4851/5/4 4859/5/4
f 4859/4/4 4853/4/4 4860/4/4
f 4857/5/4 4858/5/4 4861/5/4
f 4856/5/4 4857/5/4 4861/5/4
f 4861/5/4 4858/5/4 4862/5/4
f 4862/5/4 4858/5/4 4863/5/4
f 4863/5/4 4858/5/4 4864/5/4
f 4859/5/4 4860/5/4 4865/5/4
f 4850/5/4 4859/5/4 4865/5/4
f 4865/5/4 4860/5/4 4866/5/4
f 4861/6/4 4862/6/4 4867/6/4
f 4862/5/4 4863/5/4 4868/5/4
f 4867/6/4 4862/6/4 4868/6/4
f 4868/5/4 4863/5/4 4869/5/4
f 4866/5/4 4860/5/4 4870/5/4
f 4870/5/4 4860/5/4 4871/5/4
f 4871/5/4 4860/5/4 4872/5/4
f 4867/4/4 4868/4/4 4873/4/4
f 4873/4/4 4868/4/4 4874/4/4
f 4871/4/4 4872/4/4 4875/4/4
f 4875/4/4 4872/4/4 4876/4/4
f 4873/6/4 4874/6/4 4877/6/4
f 4877/6/4 4874/6/4 4878/6/4
f 4875/6/4 4876/6/4 4879/6/4
f 4879/6/4 4876/6/4 4880/6/4
f 4877/5/4 4878/5/4 4881/5/4
f 4879/5/4 4880/5/4 4882/5/4
f 4877/5/4 4881/5/4 4883/5/4
f 4883/5/4 4881/5/4 4884/5/4
f 4882/5/4 4880/5/4 4885/5/4
f 4885/5/4 4880/5/4 4886/5/4
f 4883/4/4 4884/4/4 4887/4/4
f 4887/4/4 4884/4/4 4888/4/4
f 4885/4/4 4886/4/4 4889/4/4
f 4889/4/4 4886/4/4 4890/4/4
f 4887/6/4 4888/6/4 4891/6/4
f 4891/6/4 4888/6/4 4892/6/4
f 4889/6/4 4890/6/4 4895/6/4
f 4895/6/4 4890/6/4 4896/6/4
f 4892/5/4 4893/5/4 4897/5/4
f 4891/5/4 4892/5/4 4897/5/4
f 4895/5/4 4896/5/4 4901/5/4
f 4894/5/4 4895/5/4 4901/5/4
f 4901/5/4 4896/5/4 4902/5/4
f 4897/5/4 4898/5/4 4903/5/4
f 4891/5/4 4897/5/4 4903/5/4
f 4903/5/4 4898/5/4 4904/5/4
f 4904/5/4 4898/5/4 4905/5/4
f 4899/5/4 4900/5/4 4906/5/4
f 4900/5/4 4901/5/4 4906/5/4
f 4901/6/4 4902/6/4 4907/6/4
f 4906/5/4 4901/5/4 4907/5/4
f 4902/5/4 4896/5/4 4908/5/4
f 4907/6/4 4902/6/4 4908/6/4
f 4908/5/4 4896/5/4 4909/5/4
f 4903/4/4 4904/4/4 4912/4/4
f 4912/4/4 4904/4/4 4913/4/4
f 4904/6/4 4905/6/4 4914/6/4
f 4913/4/4 4904/4/4 4914/4/4
f 4914/6/4 4905/6/4 4915/6/4
f 4899/5/4 4906/5/4 4920/5/4
f 4906/4/4 4907/4/4 4921/4/4
f 4907/4/4 4908/4/4 4921/4/4
f 4920/5/4 4906/5/4 4921/5/4
f 4908/4/4 4909/4/4 4921/4/4
f 4921/4/4 4909/4/4 4922/4/4
f 4922/4/4 4909/4/4 4923/4/4
f 4910/2/4 4911/2/4 4926/2/4
f 4911/7/4 4912/7/4 4927/7/4
f 4926/2/4 4911/2/4 4927/2/4
f 4927/7/4 4912/7/4 4928/7/4
f 4914/4/4 4915/4/4 4929/4/4
f 4913/4/4 4914/4/4 4929/4/4
f 4929/4/4 4915/4/4 4930/4/4
f 4915/6/4 4916/6/4 4931/6/4
f 4930/4/4 4915/4/4 4931/4/4
f 4931/6/4 4916/6/4 4932/6/4
f 4917/6/4 4918/6/4 4935/6/4
f 4935/6/4 4918/6/4 4936/6/4
f 4919/5/4 4920/5/4 4939/5/4
f 4921/4/4 4922/4/4 4940/4/4
f 4920/4/4 4921/4/4 4940/4/4
f 4939/5/4 4920/5/4 4940/5/4
f 4940/4/4 4922/4/4 4941/4/4
f 4941/4/4 4922/4/4 4942/4/4
f 4923/2/4 4924/2/4 4943/2/4
f 4924/7/4 4925/7/4 4944/7/4
f 4943/2/4 4924/2/4 4944/2/4
f 4944/7/4 4925/7/4 4945/7/4
f 4932/4/4 4933/4/4 4946/4/4
f 4930/4/4 4931/4/4 4946/4/4
f 4931/4/4 4932/4/4 4946/4/4
f 4946/4/4 4933/4/4 4947/4/4
f 4936/4/4 4937/4/4 4949/4/4
f 4935/4/4 4936/4/4 4949/4/4
f 4934/4/4 4935/4/4 4949/4/4
f 4949/4/4 4937/4/4 4950/4/4
f 4938/4/4 4939/4/4 4952/4/4
f 4940/4/4 4941/4/4 4952/4/4
f 4939/4/4 4940/4/4 4952/4/4
f 4952/4/4 4941/4/4 4953/4/4
f 4947/2/4 4948/2/4 4954/2/4
f 4948/7/4 4949/7/4 4955/7/4
f 4954/2/4 4948/2/4 4955/2/4
f 4955/7/4 4949/7/4 4956/7/4
f 4950/2/4 4951/2/4 4957/2/4
f 4951/7/4 4952/7/4 4958/7/4
f 4957/2/4 4951/2/4 4958/2/4
f 4958/7/4 4952/7/4 4959/7/4
f 4960/2/4 4961/2/4 4967/2/4
f 4961/7/4 4962/7/4 4968/7/4
f 4967/2/4 4961/2/4 4968/2/4
f 4968/7/4 4962/7/4 4969/7/4
f 4963/2/4 4964/2/4 4972/2/4
f 4964/7/4 4965/7/4 4973/7/4
f 4972/2/4 4964/2/4 4973/2/4
f 4973/7/4 4965/7/4 4974/7/4
f 4966/6/4 4967/6/4 4980/6/4
f 4980/6/4 4967/6/4 4981/6/4
f 4969/5/4 4970/5/4 4982/5/4
f 4971/5/4 4972/5/4 4985/5/4
f 4974/5/4 4975/5/4 4986/5/4
f 4969/5/4 4982/5/4 4991/5/4
f 4982/5/4 4983/5/4 4991/5/4
f 4983/6/4 4984/6/4 4992/6/4
f 4991/5/4 4983/5/4 4992/5/4
f 4984/5/4 4985/5/4 4993/5/4
f 4992/6/4 4984/6/4 4993/6/4
f 4985/5/4 4972/5/4 4994/5/4
f 4993/5/4 4985/5/4 4994/5/4
f 4980/5/4 4981/5/4 4996/5/4
f 4979/5/4 4980/5/4 4996/5/4
f 4986/5/4 4987/5/4 4997/5/4
f 4995/5/4 4996/5/4 5000/5/4
f 4996/5/4 4981/5/4 5001/5/4
f 5000/5/4 4996/5/4 5001/5/4
f 4991/6/4 4992/6/4 5002/6/4
f 4993/6/4 4994/6/4 5002/6/4
f 4992/6/4 4993/6/4 5002/6/4
f 5002/6/4 4994/6/4 5003/6/4
f 4997/5/4 4998/5/4 5004/5/4
f 4986/5/4 4997/5/4 5004/5/4
f 4974/5/4 4986/5/4 5004/5/4
f 5004/5/4 4998/5/4 5005/5/4
f 5000/4/4 5001/4/4 5007/4/4
f 4999/4/4 5000/4/4 5007/4/4
f 5007/4/4 5001/4/4 5008/4/4
f 5002/4/4 5003/4/4 5009/4/4
f 5009/4/4 5003/4/4 5010/4/4
f 5005/4/4 5006/4/4 5011/4/4
f 5004/4/4 5005/4/4 5011/4/4
f 5011/4/4 5006/4/4 5012/4/4
f 5007/6/4 5008/6/4 5013/6/4
f 5013/6/4 5008/6/4 5014/6/4
f 5014/6/4 5008/6/4 5015/6/4
f 5015/6/4 5008/6/4 5016/6/4
f 5009/6/4 5010/6/4 5017/6/4
f 5017/6/4 5010/6/4 5018/6/4
f 5018/6/4 5010/6/4 5019/6/4
f 5019/6/4 5010/6/4 5020/6/4
f 5011/6/4 5012/6/4 5021/6/4
f 5021/6/4 5012/6/4 5022/6/4
f 5007/6/4 5013/6/4 5023/6/4
f 5013/5/4 5014/5/4 5024/5/4
f 5023/6/4 5013/6/4 5024/6/4
f 5014/6/4 5015/6/4 5025/6/4
f 5024/5/4 5014/5/4 5025/5/4
f 5015/5/4 5016/5/4 5026/5/4
f 5025/6/4 5015/6/4 5026/6/4
f 5017/5/4 5018/5/4 5027/5/4
f 5018/6/4 5019/6/4 5027/6/4
f 5019/5/4 5020/5/4 5028/5/4
f 5027/6/4 5019/6/4 5028/6/4
f 5021/5/4 5022/5/4 5029/5/4
f 5029/5/4 5022/5/4 5030/5/4
f 5022/6/4 5012/6/4 5031/6/4
f 5030/5/4 5022/5/4 5031/5/4
f 5031/6/4 5012/6/4 5032/6/4
f 5024/5/4 5025/5/4 5033/5/4
f 5023/5/4 5024/5/4 5033/5/4
f 5025/5/4 5026/5/4 5033/5/4
f 5026/5/4 5016/5/4 5034/5/4
f 5033/5/4 5026/5/4 5034/5/4
f 5017/5/4 5027/5/4 5035/5/4
f 5027/5/4 5028/5/4 5035/5/4
f 5028/5/4 5020/5/4 5036/5/4
f 5035/5/4 5028/5/4 5036/5/4
f 5021/5/4 5029/5/4 5037/5/4
f 5029/6/4 5030/6/4 5038/6/4
f 5037/5/4 5029/5/4 5038/5/4
f 5031/5/4 5032/5/4 5039/5/4
f 5038/6/4 5030/6/4 5039/6/4
f 5030/5/4 5031/5/4 5039/5/4
f 5039/5/4 5032/5/4 5040/5/4
f 5033/4/4 5034/4/4 5041/4/4
f 5041/4/4 5034/4/4 5042/4/4
f 5035/4/4 5036/4/4 5043/4/4
f 5043/4/4 5036/4/4 5044/4/4
f 5037/4/4 5038/4/4 5045/4/4
f 5038/4/4 5039/4/4 5045/4/4
f 5039/4/4 5040/4/4 5045/4/4
f 5045/4/4 5040/4/4 5046/4/4
f 5041/6/4 5042/6/4 5047/6/4
f 5047/6/4 5042/6/4 5048/6/4
f 5048/6/4 5042/6/4 5049/6/4
f 5043/6/4 5044/6/4 5050/6/4
f 5050/6/4 5044/6/4 5051/6/4
f 5051/6/4 5044/6/4 5052/6/4
f 5052/6/4 5044/6/4 5053/6/4
f 5053/6/4 5044/6/4 5054/6/4
f 5054/6/4 5044/6/4 5055/6/4
f 5045/6/4 5046/6/4 5056/6/4
f 5056/6/4 5046/6/4 5057/6/4
f 5057/6/4 5046/6/4 5058/6/4
f 5058/6/4 5046/6/4 5059/6/4
f 5059/6/4 5046/6/4 5060/6/4
f 5048/5/4 5049/5/4 5061/5/4
f 5061/5/4 5049/5/4 5062/5/4
f 5050/5/4 5051/5/4 5063/5/4
f 5051/6/4 5052/6/4 5063/6/4
f 5052/5/4 5053/5/4 5064/5/4
f 5063/6/4 5052/6/4 5064/6/4
f 5054/5/4 5055/5/4 5065/5/4
f 5065/5/4 5055/5/4 5066/5/4
f 5056/5/4 5057/5/4 5067/5/4
f 5057/6/4 5058/6/4 5067/6/4
f 5058/5/4 5059/5/4 5068/5/4
f 5067/6/4 5058/6/4 5068/6/4
f 5068/5/4 5059/5/4 5069/5/4
f 5064/5/4 5053/5/4 5070/5/4
f 5053/6/4 5054/6/4 5070/6/4
f 5063/5/4 5064/5/4 5070/5/4
f 5054/5/4 5065/5/4 5071/5/4
f 5070/6/4 5054/6/4 5071/6/4
f 5065/6/4 5066/6/4 5072/6/4
f 5071/5/4 5065/5/4 5072/5/4
f 5066/5/4 5055/5/4 5073/5/4
f 5072/6/4 5066/6/4 5073/6/4
f 5056/5/4 5067/5/4 5074/5/4
f 5074/5/4 5067/5/4 5075/5/4
f 4976/2/4 4977/2/4 5076/2/4
f 4977/7/4 4978/7/4 5077/7/4
f 5076/2/4 4977/2/4 5077/2/4
f 5077/7/4 4978/7/4 5078/7/4
f 5062/5/4 5049/5/4 5079/5/4
f 5079/5/4 5049/5/4 5080/5/4
f 5080/5/4 5049/5/4 5081/5/4
f 5063/5/4 5070/5/4 5082/5/4
f 5050/5/4 5063/5/4 5082/5/4
f 5071/5/4 5072/5/4 5082/5/4
f 5070/5/4 5071/5/4 5082/5/4
f 5072/5/4 5073/5/4 5082/5/4
f 5073/5/4 5055/5/4 5083/5/4
f 5082/5/4 5073/5/4 5083/5/4
f 5074/6/4 5075/6/4 5084/6/4
f 5075/5/4 5067/5/4 5085/5/4
f 5084/6/4 5075/6/4 5085/6/4
f 5085/5/4 5067/5/4 5086/5/4
f 4988/2/4 4989/2/4 5087/2/4
f 4989/7/4 4990/7/4 5088/7/4
f 5087/2/4 4989/2/4 5088/2/4
f 5088/7/4 4990/7/4 5089/7/4
f 5080/6/4 5081/6/4 5090/6/4
f 5090/6/4 5081/6/4 5091/6/4
f 5050/5/4 5082/5/4 5093/5/4
f 5093/5/4 5082/5/4 5094/5/4
f 5083/5/4 5055/5/4 5095/5/4
f 5095/5/4 5055/5/4 5096/5/4
f 5084/5/4 5085/5/4 5098/5/4
f 5098/5/4 5085/5/4 5099/5/4
f 5091/2/4 5092/2/4 5100/2/4
f 5092/7/4 5093/7/4 5101/7/4
f 5100/2/4 5092/2/4 5101/2/4
f 5101/7/4 5093/7/4 5102/7/4
f 5096/2/4 5097/2/4 5103/2/4
f 5097/7/4 5098/7/4 5104/7/4
f 5103/2/4 5097/2/4 5104/2/4
f 5104/7/4 5098/7/4 5105/7/4
f 5106/2/4 5107/2/4 5112/2/4
f 5107/7/4 5108/7/4 5113/7/4
f 5112/2/4 5107/2/4 5113/2/4
f 5113/7/4 5108/7/4 5114/7/4
f 5109/2/4 5110/2/4 5115/2/4
f 5110/7/4 5111/7/4 5116/7/4
f 5115/2/4 5110/2/4 5116/2/4
f 5116/7/4 5111/7/4 5117/7/4
f 5121/2/5 5119/2/5 5118/2/5
f 5122/2/5 5119/2/5 5121/2/5
f 5123/2/5 5119/2/5 5122/2/5
f 5124/2/5 5119/2/5 5123/2/5
f 5127/2/5 5121/2/5 5120/2/5
f 5127/2/5 5122/2/5 5121/2/5
f 5128/2/5 5122/2/5 5127/2/5
f 5129/2/5 5122/2/5 5128/2/5
f 5130/2/5 5124/2/5 5123/2/5
f 5130/2/5 5125/2/5 5124/2/5
f 5131/2/5 5125/2/5 5130/2/5
f 5132/2/5 5125/2/5 5131/2/5
f 5135/2/5 5128/2/5 5127/2/5
f 5135/2/5 5127/2/5 5126/2/5
f 5136/2/5 5128/2/5 5135/2/5
f 5137/2/5 5133/2/5 5132/2/5
f 5137/2/5 5132/2/5 5131/2/5
f 5138/2/5 5133/2/5 5137/2/5
f 5141/2/5 5135/2/5 5134/2/5
f 5142/2/5 5139/2/5 5138/2/5
f 5145/2/5 5141/2/5 5140/2/5
f 5146/2/5 5135/2/5 5141/2/5
f 5146/2/5 5141/2/5 5145/2/5
f 5147/2/5 5135/2/5 5146/2/5
f 5148/2/5 5143/2/5 5142/2/5
f 5148/2/5 5142/2/5 5138/2/5
f 5149/2/5 5143/2/5 5148/2/5
f 5150/2/5 5143/2/5 5149/2/5
f 5153/2/5 5145/2/5 5144/2/5
f 5153/2/5 5146/2/5 5145/2/5
f 5154/2/5 5146/2/5 5153/2/5
f 5155/2/5 5146/2/5 5154/2/5
f 5156/2/5 5151/2/5 5150/2/5
f 5156/2/5 5150/2/5 5149/2/5
f 5157/2/5 5151/2/5 5156/2/5
f 5158/2/5 5151/2/5 5157/2/5
f 5161/2/5 5154/2/5 5153/2/5
f 5161/2/5 5153/2/5 5152/2/5
f 5162/2/5 5154/2/5 5161/2/5
f 5163/2/5 5154/2/5 5162/2/5
f 5164/2/5 5159/2/5 5158/2/5
f 5164/2/5 5158/2/5 5157/2/5
f 5165/2/5 5159/2/5 5164/2/5
f 5166/2/5 5159/2/5 5165/2/5
f 5169/2/5 5162/2/5 5161/2/5
f 5169/2/5 5161/2/5 5160/2/5
f 5170/2/5 5162/2/5 5169/2/5
f 5171/2/5 5162/2/5 5170/2/5
f 5172/2/5 5167/2/5 5166/2/5
f 5172/2/5 5166/2/5 5165/2/5
f 5173/2/5 5167/2/5 5172/2/5
f 5174/2/5 5167/2/5 5173/2/5
f 5177/2/5 5170/2/5 5169/2/5
f 5177/2/5 5169/2/5 5168/2/5
f 5178/2/5 5170/2/5 5177/2/5
f 5179/2/5 5175/2/5 5174/2/5
f 5179/2/5 5174/2/5 5173/2/5
f 5180/2/5 5175/2/5 5179/2/5
f 5182/2/5 5177/2/5 5176/2/5
f 5185/2/5 5181/2/5 5180/2/5
f 5186/2/5 5183/2/5 5182/2/5
f 5186/2/5 5182/2/5 5176/2/5
f 5187/2/5 5183/2/5 5186/2/5
f 5188/2/5 5183/2/5 5187/2/5
f 5191/2/5 5185/2/5 5184/2/5
f 5192/2/5 5181/2/5 5185/2/5
f 5192/2/5 5185/2/5 5191/2/5
f 5193/2/5 5181/2/5 5192/2/5
f 5194/2/5 5189/2/5 5188/2/5
f 5194/2/5 5188/2/5 5187/2/5
f 5195/2/5 5189/2/5 5194/2/5
f 5196/2/5 5189/2/5 5195/2/5
f 5199/2/5 5191/2/5 5190/2/5
f 5199/2/5 5192/2/5 5191/2/5
f 5200/2/5 5192/2/5 5199/2/5
f 5201/2/5 5192/2/5 5200/2/5
f 5202/2/5 5197/2/5 5196/2/5
f 5202/2/5 5196/2/5 5195/2/5
f 5203/2/5 5197/2/5 5202/2/5
f 5204/2/5 5197/2/5 5203/2/5
f 5207/2/5 5200/2/5 5199/2/5
f 5207/2/5 5199/2/5 5198/2/5
f 5208/2/5 5200/2/5 5207/2/5
f 5209/2/5 5200/2/5 5208/2/5
f 5210/2/5 5205/2/5 5204/2/5
f 5210/2/5 5204/2/5 5203/2/5
f 5211/2/5 5205/2/5 5210/2/5
f 5212/2/5 5205/2/5 5211/2/5
f 5215/2/5 5208/2/5 5207/2/5
f 5215/2/5 5207/2/5 5206/2/5
f 5216/2/5 5208/2/5 5215/2/5
f 5217/2/5 5208/2/5 5216/2/5
f 5218/2/5 5213/2/5 5212/2/5
f 5218/2/5 5212/2/5 5211/2/5
f 5219/2/5 5213/2/5 5218/2/5
f 5220/2/5 5213/2/5 5219/2/5
f 5223/2/5 5216/2/5 5215/2/5
f 5223/2/5 5215/2/5 5214/2/5
f 5224/2/5 5216/2/5 5223/2/5
f 5225/2/5 5216/2/5 5224/2/5
f 5226/2/5 5221/2/5 5220/2/5
f 5226/2/5 5220/2/5 5219/2/5
f 5227/2/5 5221/2/5 5226/2/5
f 5228/2/5 5221/2/5 5227/2/5
f 5231/2/5 5224/2/5 5223/2/5
f 5231/2/5 5223/2/5 5222/2/5
f 5232/2/5 5224/2/5 5231/2/5
f 5233/2/5 5224/2/5 5232/2/5
f 5234/2/5 5229/2/5 5228/2/5
f 5234/2/5 5228/2/5 5227/2/5
f 5235/2/5 5229/2/5 5234/2/5
f 5236/2/5 5229/2/5 5235/2/5
f 5239/2/5 5232/2/5 5231/2/5
f 5239/2/5 5231/2/5 5230/2/5
f 5240/2/5 5232/2/5 5239/2/5
f 5241/2/5 5232/2/5 5240/2/5
f 5242/2/5 5237/2/5 5236/2/5
f 5242/2/5 5236/2/5 5235/2/5
f 5243/2/5 5237/2/5 5242/2/5
f 5244/2/5 5237/2/5 5243/2/5
f 5247/2/5 5240/2/5 5239/2/5
f 5247/2/5 5239/2/5 5238/2/5
f 5248/2/5 5240/2/5 5247/2/5
f 5249/2/5 5240/2/5 5248/2/5
f 5250/2/5 5245/2/5 5244/2/5
f 5250/2/5 5244/2/5 5243/2/5
f 5251/2/5 5245/2/5 5250/2/5
f 5252/2/5 5245/2/5 5251/2/5
f 5253/2/5 5248/2/5 5247/2/5
f 5253/2/5 5247/2/5 5246/2/5
f 5254/2/5 5248/2/5 5253/2/5
f 5255/2/5 5248/2/5 5254/2/5
f 5256/2/5 5252/2/5 5251/2/5
f 5256/2/5 5254/2/5 5253/2/5
f 5256/2/5 5253/2/5 5252/2/5
f 5257/2/5 5254/2/5 5256/2/5
f 5266/4/5 5259/4/5 5258/4/5
f 5267/6/5 5264/6/5 5263/6/5
f 5271/6/5 5266/6/5 5265/6/5
f 5272/5/5 5263/5/5 5262/5/5
f 5273/6/5 5267/6/5 5263/6/5
f 5273/5/5 5263/5/5 5272/5/5
f 5274/4/5 5268/4/5 5267/4/5
f 5276/7/5 5270/7/5 5269/7/5
f 5277/5/5 5271/5/5 5270/5/5
f 5277/7/5 5270/7/5 5276/7/5
f 5279/5/5 5277/5/5 5276/5/5
f 5280/5/5 5272/5/5 5262/5/5
f 5280/6/5 5273/6/5 5272/6/5
f 5281/6/5 5267/6/5 5273/6/5
f 5281/6/5 5273/6/5 5280/6/5
f 5282/5/5 5275/5/5 5274/5/5
f 5285/5/5 5279/5/5 5278/5/5
f 5286/4/5 5262/4/5 5261/4/5
f 5286/5/5 5280/5/5 5262/5/5
f 5286/5/5 5281/5/5 5280/5/5
f 5287/5/5 5281/5/5 5286/5/5
f 5288/5/5 5283/5/5 5282/5/5
f 5288/5/5 5282/5/5 5274/5/5
f 5289/5/5 5283/5/5 5288/5/5
f 5290/5/5 5283/5/5 5289/5/5
f 5293/4/5 5285/4/5 5284/4/5
f 5294/5/5 5288/5/5 5274/5/5
f 5294/6/5 5289/6/5 5288/6/5
f 5295/5/5 5290/5/5 5289/5/5
f 5295/6/5 5289/6/5 5294/6/5
f 5296/6/5 5291/6/5 5290/6/5
f 5299/6/5 5293/6/5 5292/6/5
f 5300/6/5 5287/6/5 5286/6/5
f 5300/4/5 5286/4/5 5261/4/5
f 5301/5/5 5281/5/5 5287/5/5
f 5301/6/5 5287/6/5 5300/6/5
f 5302/5/5 5294/5/5 5274/5/5
f 5302/5/5 5295/5/5 5294/5/5
f 5303/5/5 5290/5/5 5295/5/5
f 5303/5/5 5295/5/5 5302/5/5
f 5303/6/5 5296/6/5 5290/6/5
f 5304/4/5 5297/4/5 5296/4/5
f 5308/5/5 5299/5/5 5298/5/5
f 5309/5/5 5279/5/5 5285/5/5
f 5309/5/5 5277/5/5 5279/5/5
f 5310/5/5 5271/5/5 5277/5/5
f 5310/5/5 5277/5/5 5309/5/5
f 5311/5/5 5260/5/5 5259/5/5
f 5312/5/5 5260/5/5 5311/5/5
f 5313/5/5 5305/5/5 5304/5/5
f 5315/7/5 5307/7/5 5306/7/5
f 5316/5/5 5308/5/5 5307/5/5
f 5316/7/5 5307/7/5 5315/7/5
f 5317/5/5 5311/5/5 5259/5/5
f 5317/6/5 5312/6/5 5311/6/5
f 5318/5/5 5260/5/5 5312/5/5
f 5318/6/5 5312/6/5 5317/6/5
f 5319/5/5 5302/5/5 5274/5/5
f 5319/6/5 5303/6/5 5302/6/5
f 5320/6/5 5296/6/5 5303/6/5
f 5320/6/5 5303/6/5 5319/6/5
f 5321/5/5 5309/5/5 5285/5/5
f 5321/6/5 5310/6/5 5309/6/5
f 5322/5/5 5271/5/5 5310/5/5
f 5322/6/5 5310/6/5 5321/6/5
f 5323/5/5 5319/5/5 5274/5/5
f 5323/5/5 5320/5/5 5319/5/5
f 5324/5/5 5320/5/5 5323/5/5
f 5325/5/5 5271/5/5 5322/5/5
f 5325/5/5 5322/5/5 5321/5/5
f 5326/6/5 5266/6/5 5271/6/5
f 5326/5/5 5271/5/5 5325/5/5
f 5327/5/5 5301/5/5 5300/5/5
f 5328/5/5 5281/5/5 5301/5/5
f 5328/5/5 5301/5/5 5327/5/5
f 5329/6/5 5324/6/5 5323/6/5
f 5329/5/5 5323/5/5 5274/5/5
f 5330/5/5 5320/5/5 5324/5/5
f 5330/6/5 5324/6/5 5329/6/5
f 5331/5/5 5327/5/5 5300/5/5
f 5331/6/5 5328/6/5 5327/6/5
f 5332/5/5 5281/5/5 5328/5/5
f 5332/6/5 5328/6/5 5331/6/5
f 5333/5/5 5314/5/5 5313/5/5
f 5333/5/5 5313/5/5 5304/5/5
f 5334/5/5 5314/5/5 5333/5/5
f 5335/5/5 5316/5/5 5315/5/5
f 5336/5/5 5308/5/5 5316/5/5
f 5336/5/5 5316/5/5 5335/5/5
f 5337/5/5 5260/5/5 5318/5/5
f 5337/5/5 5318/5/5 5317/5/5
f 5338/6/5 5261/6/5 5260/6/5
f 5338/5/5 5260/5/5 5337/5/5
f 5339/5/5 5281/5/5 5332/5/5
f 5339/5/5 5332/5/5 5331/5/5
f 5340/6/5 5267/6/5 5281/6/5
f 5340/5/5 5281/5/5 5339/5/5
f 5341/5/5 5333/5/5 5304/5/5
f 5341/6/5 5334/6/5 5333/6/5
f 5342/5/5 5314/5/5 5334/5/5
f 5342/6/5 5334/6/5 5341/6/5
f 5343/6/5 5336/6/5 5335/6/5
f 5344/5/5 5308/5/5 5336/5/5
f 5344/6/5 5336/6/5 5343/6/5
f 5345/5/5 5337/5/5 5317/5/5
f 5345/6/5 5338/6/5 5337/6/5
f 5346/6/5 5261/6/5 5338/6/5
f 5346/6/5 5338/6/5 5345/6/5
f 5347/5/5 5320/5/5 5330/5/5
f 5347/5/5 5330/5/5 5329/5/5
f 5348/6/5 5296/6/5 5320/6/5
f 5348/5/5 5320/5/5 5347/5/5
f 5349/5/5 5308/5/5 5344/5/5
f 5349/5/5 5299/5/5 5308/5/5
f 5349/5/5 5344/5/5 5343/5/5
f 5350/6/5 5293/6/5 5299/6/5
f 5350/5/5 5299/5/5 5349/5/5
f 5351/4/5 5259/4/5 5266/4/5
f 5351/5/5 5345/5/5 5317/5/5
f 5351/5/5 5317/5/5 5259/5/5
f 5351/5/5 5346/5/5 5345/5/5
f 5352/5/5 5346/5/5 5351/5/5
f 5353/6/5 5350/6/5 5349/6/5
f 5353/5/5 5349/5/5 5343/5/5
f 5354/6/5 5293/6/5 5350/6/5
f 5354/6/5 5350/6/5 5353/6/5
f 5355/5/5 5325/5/5 5321/5/5
f 5355/6/5 5326/6/5 5325/6/5
f 5356/6/5 5266/6/5 5326/6/5
f 5356/6/5 5326/6/5 5355/6/5
f 5357/6/5 5348/6/5 5347/6/5
f 5357/5/5 5347/5/5 5329/5/5
f 5358/6/5 5296/6/5 5348/6/5
f 5358/6/5 5348/6/5 5357/6/5
f 5359/5/5 5356/5/5 5355/5/5
f 5359/5/5 5355/5/5 5321/5/5
f 5360/6/5 5266/6/5 5356/6/5
f 5360/5/5 5356/5/5 5359/5/5
f 5361/6/5 5352/6/5 5351/6/5
f 5361/4/5 5351/4/5 5266/4/5
f 5362/5/5 5346/5/5 5352/5/5
f 5362/6/5 5352/6/5 5361/6/5
f 5363/5/5 5341/5/5 5304/5/5
f 5363/5/5 5342/5/5 5341/5/5
f 5364/5/5 5314/5/5 5342/5/5
f 5364/5/5 5342/5/5 5363/5/5
f 5365/5/5 5359/5/5 5321/5/5
f 5365/6/5 5360/6/5 5359/6/5
f 5366/6/5 5266/6/5 5360/6/5
f 5366/6/5 5360/6/5 5365/6/5
f 5367/5/5 5339/5/5 5331/5/5
f 5367/6/5 5340/6/5 5339/6/5
f 5368/6/5 5267/6/5 5340/6/5
f 5368/6/5 5340/6/5 5367/6/5
f 5369/6/5 5364/6/5 5363/6/5
f 5370/6/5 5364/6/5 5369/6/5
f 5371/5/5 5353/5/5 5343/5/5
f 5371/5/5 5354/5/5 5353/5/5
f 5372/5/5 5354/5/5 5371/5/5
f 5373/5/5 5357/5/5 5329/5/5
f 5373/5/5 5358/5/5 5357/5/5
f 5374/6/5 5296/6/5 5358/6/5
f 5374/5/5 5358/5/5 5373/5/5
f 5375/5/5 5363/5/5 5304/5/5
f 5375/6/5 5369/6/5 5363/6/5
f 5376/5/5 5370/5/5 5369/5/5
f 5376/6/5 5369/6/5 5375/6/5
f 5377/5/5 5370/5/5 5376/5/5
f 5378/5/5 5354/5/5 5372/5/5
f 5379/5/5 5354/5/5 5378/5/5
f 5380/6/5 5261/6/5 5346/6/5
f 5380/5/5 5346/5/5 5362/5/5
f 5380/5/5 5362/5/5 5361/5/5
f 5381/4/5 5300/4/5 5261/4/5
f 5381/6/5 5261/6/5 5380/6/5
f 5382/5/5 5376/5/5 5375/5/5
f 5382/5/5 5375/5/5 5304/5/5
f 5383/5/5 5376/5/5 5382/5/5
f 5384/5/5 5354/5/5 5379/5/5
f 5385/6/5 5293/6/5 5354/6/5
f 5385/5/5 5354/5/5 5384/5/5
f 5386/5/5 5365/5/5 5321/5/5
f 5386/5/5 5366/5/5 5365/5/5
f 5387/6/5 5266/6/5 5366/6/5
f 5387/5/5 5366/5/5 5386/5/5
f 5388/5/5 5380/5/5 5361/5/5
f 5388/5/5 5381/5/5 5380/5/5
f 5389/4/5 5300/4/5 5381/4/5
f 5389/5/5 5381/5/5 5388/5/5
f 5390/5/5 5373/5/5 5329/5/5
f 5390/6/5 5374/6/5 5373/6/5
f 5391/6/5 5296/6/5 5374/6/5
f 5391/6/5 5374/6/5 5390/6/5
f 5392/4/5 5304/4/5 5296/4/5
f 5392/5/5 5382/5/5 5304/5/5
f 5393/5/5 5382/5/5 5392/5/5
f 5394/6/5 5293/6/5 5385/6/5
f 5395/4/5 5285/4/5 5293/4/5
f 5395/6/5 5293/6/5 5394/6/5
f 5396/5/5 5329/5/5 5274/5/5
f 5396/5/5 5390/5/5 5329/5/5
f 5396/5/5 5391/5/5 5390/5/5
f 5397/6/5 5296/6/5 5391/6/5
f 5397/5/5 5391/5/5 5396/5/5
f 5398/4/5 5392/4/5 5296/4/5
f 5398/6/5 5296/6/5 5397/6/5
f 5399/4/5 5392/4/5 5398/4/5
f 5400/4/5 5285/4/5 5395/4/5
f 5401/5/5 5386/5/5 5321/5/5
f 5401/4/5 5285/4/5 5400/4/5
f 5401/5/5 5321/5/5 5285/5/5
f 5402/6/5 5387/6/5 5386/6/5
f 5402/5/5 5386/5/5 5401/5/5
f 5403/6/5 5266/6/5 5387/6/5
f 5403/6/5 5387/6/5 5402/6/5
f 5404/5/5 5388/5/5 5361/5/5
f 5405/6/5 5389/6/5 5388/6/5
f 5405/5/5 5388/5/5 5404/5/5
f 5406/6/5 5398/6/5 5397/6/5
f 5406/5/5 5396/5/5 5274/5/5
f 5406/6/5 5397/6/5 5396/6/5
f 5407/6/5 5398/6/5 5406/6/5
f 5408/6/5 5398/6/5 5407/6/5
f 5409/5/5 5402/5/5 5401/5/5
f 5409/5/5 5403/5/5 5402/5/5
f 5410/5/5 5403/5/5 5409/5/5
f 5411/5/5 5407/5/5 5406/5/5
f 5412/5/5 5407/5/5 5411/5/5
f 5413/5/5 5403/5/5 5410/5/5
f 5414/5/5 5403/5/5 5413/5/5
f 5415/5/5 5404/5/5 5361/5/5
f 5415/6/5 5405/6/5 5404/6/5
f 5416/6/5 5405/6/5 5415/6/5
f 5417/5/5 5406/5/5 5274/5/5
f 5417/5/5 5411/5/5 5406/5/5
f 5418/5/5 5411/5/5 5417/5/5
f 5419/5/5 5403/5/5 5414/5/5
f 5420/6/5 5266/6/5 5403/6/5
f 5420/5/5 5403/5/5 5419/5/5
f 5421/4/5 5274/4/5 5267/4/5
f 5421/5/5 5417/5/5 5274/5/5
f 5422/5/5 5417/5/5 5421/5/5
f 5423/6/5 5266/6/5 5420/6/5
f 5424/4/5 5361/4/5 5266/4/5
f 5424/6/5 5266/6/5 5423/6/5
f 5425/6/5 5405/6/5 5416/6/5
f 5425/5/5 5416/5/5 5415/5/5
f 5426/6/5 5389/6/5 5405/6/5
f 5426/6/5 5405/6/5 5425/6/5
f 5427/4/5 5421/4/5 5267/4/5
f 5427/6/5 5267/6/5 5368/6/5
f 5428/4/5 5421/4/5 5427/4/5
f 5429/4/5 5361/4/5 5424/4/5
f 5430/5/5 5425/5/5 5415/5/5
f 5430/4/5 5361/4/5 5429/4/5
f 5430/5/5 5426/5/5 5425/5/5
f 5430/5/5 5415/5/5 5361/5/5
f 5431/6/5 5389/6/5 5426/6/5
f 5431/5/5 5426/5/5 5430/5/5
f 5432/4/5 5300/4/5 5389/4/5
f 5432/6/5 5389/6/5 5431/6/5
f 5433/5/5 5331/5/5 5300/5/5
f 5433/4/5 5300/4/5 5432/4/5
f 5433/5/5 5367/5/5 5331/5/5
f 5433/5/5 5368/5/5 5367/5/5
f 5434/6/5 5427/6/5 5368/6/5
f 5434/5/5 5368/5/5 5433/5/5
f 5435/6/5 5427/6/5 5434/6/5
f 5442/6/5 5437/6/5 5436/6/5
f 5443/4/5 5438/4/5 5437/4/5
f 5443/6/5 5437/6/5 5442/6/5
f 5444/5/5 5439/5/5 5438/5/5
f 5444/4/5 5438/4/5 5443/4/5
f 5445/6/5 5440/6/5 5439/6/5
f 5445/5/5 5439/5/5 5444/5/5
f 5446/4/5 5441/4/5 5440/4/5
f 5446/6/5 5440/6/5 5445/6/5
f 5447/4/5 5441/4/5 5446/4/5
f 5453/5/5 5449/5/5 5448/5/5
f 5454/5/5 5449/5/5 5453/5/5
f 5455/5/5 5451/5/5 5450/5/5
f 5456/5/5 5451/5/5 5455/5/5
f 5459/4/5 5454/4/5 5453/4/5
f 5459/4/5 5453/4/5 5452/4/5
f 5460/4/5 5454/4/5 5459/4/5
f 5461/4/5 5457/4/5 5456/4/5
f 5461/4/5 5456/4/5 5455/4/5
f 5462/4/5 5457/4/5 5461/4/5
f 5465/6/5 5459/6/5 5458/6/5
f 5466/6/5 5459/6/5 5465/6/5
f 5467/6/5 5463/6/5 5462/6/5
f 5468/6/5 5463/6/5 5467/6/5
f 5470/6/5 5465/6/5 5464/6/5
f 5471/5/5 5466/5/5 5465/5/5
f 5471/6/5 5465/6/5 5470/6/5
f 5472/5/5 5466/5/5 5471/5/5
f 5473/5/5 5468/5/5 5467/5/5
f 5474/6/5 5469/6/5 5468/6/5
f 5474/5/5 5468/5/5 5473/5/5
f 5475/6/5 5469/6/5 5474/6/5
f 5480/4/5 5477/4/5 5476/4/5
f 5481/4/5 5477/4/5 5480/4/5
f 5482/4/5 5479/4/5 5478/4/5
f 5483/4/5 5479/4/5 5482/4/5
f 5484/5/5 5481/5/5 5480/5/5
f 5485/5/5 5483/5/5 5482/5/5
f 5486/5/5 5484/5/5 5480/5/5
f 5487/5/5 5484/5/5 5486/5/5
f 5488/5/5 5483/5/5 5485/5/5
f 5489/5/5 5483/5/5 5488/5/5
f 5490/6/5 5487/6/5 5486/6/5
f 5491/6/5 5487/6/5 5490/6/5
f 5492/6/5 5489/6/5 5488/6/5
f 5493/6/5 5489/6/5 5492/6/5
f 5494/4/5 5491/4/5 5490/4/5
f 5495/4/5 5491/4/5 5494/4/5
f 5496/4/5 5493/4/5 5492/4/5
f 5497/4/5 5493/4/5 5496/4/5
f 5498/5/5 5495/5/5 5494/5/5
f 5499/5/5 5495/5/5 5498/5/5
f 5500/5/5 5497/5/5 5496/5/5
f 5501/5/5 5497/5/5 5500/5/5
f 5508/6/5 5503/6/5 5502/6/5
f 5508/6/5 5504/6/5 5503/6/5
f 5509/6/5 5504/6/5 5508/6/5
f 5510/6/5 5504/6/5 5509/6/5
f 5511/6/5 5507/6/5 5506/6/5
f 5511/6/5 5506/6/5 5505/6/5
f 5512/6/5 5507/6/5 5511/6/5
f 5513/6/5 5507/6/5 5512/6/5
f 5514/4/5 5510/4/5 5509/4/5
f 5515/4/5 5510/4/5 5514/4/5
f 5520/4/5 5512/4/5 5511/4/5
f 5521/4/5 5512/4/5 5520/4/5
f 5522/5/5 5516/5/5 5515/5/5
f 5522/5/5 5517/5/5 5516/5/5
f 5523/5/5 5517/5/5 5522/5/5
f 5524/5/5 5519/5/5 5518/5/5
f 5524/5/5 5520/5/5 5519/5/5
f 5525/5/5 5520/5/5 5524/5/5
f 5526/5/5 5517/5/5 5523/5/5
f 5527/5/5 5517/5/5 5526/5/5
f 5528/5/5 5524/5/5 5518/5/5
f 5529/5/5 5524/5/5 5528/5/5
f 5537/4/5 5531/4/5 5530/4/5
f 5538/6/5 5532/6/5 5531/6/5
f 5538/4/5 5531/4/5 5537/4/5
f 5538/6/5 5533/6/5 5532/6/5
f 5539/5/5 5534/5/5 5533/5/5
f 5539/6/5 5533/6/5 5538/6/5
f 5540/4/5 5535/4/5 5534/4/5
f 5540/5/5 5534/5/5 5539/5/5
f 5541/6/5 5536/6/5 5535/6/5
f 5541/4/5 5535/4/5 5540/4/5
f 5542/6/5 5536/6/5 5541/6/5
f 5547/6/5 5544/6/5 5543/6/5
f 5548/6/5 5544/6/5 5547/6/5
f 5549/6/5 5546/6/5 5545/6/5
f 5550/6/5 5546/6/5 5549/6/5
f 5555/5/5 5552/5/5 5551/5/5
f 5556/5/5 5552/5/5 5555/5/5
f 5557/5/5 5554/5/5 5553/5/5
f 5558/5/5 5554/5/5 5557/5/5
f 5563/5/5 5560/5/5 5559/5/5
f 5564/5/5 5560/5/5 5563/5/5
f 5565/5/5 5562/5/5 5561/5/5
f 5566/5/5 5562/5/5 5565/5/5
f 5571/6/5 5568/6/5 5567/6/5
f 5572/6/5 5568/6/5 5571/6/5
f 5573/6/5 5570/6/5 5569/6/5
f 5574/6/5 5570/6/5 5573/6/5
f 5579/5/5 5576/5/5 5575/5/5
f 5580/5/5 5576/5/5 5579/5/5
f 5581/5/5 5578/5/5 5577/5/5
f 5582/5/5 5578/5/5 5581/5/5
f 5587/4/5 5584/4/5 5583/4/5
f 5588/4/5 5584/4/5 5587/4/5
f 5589/4/5 5586/4/5 5585/4/5
f 5590/4/5 5586/4/5 5589/4/5
f 5595/6/5 5592/6/5 5591/6/5
f 5596/6/5 5592/6/5 5595/6/5
f 5597/6/5 5594/6/5 5593/6/5
f 5598/6/5 5594/6/5 5597/6/5
f 5603/5/5 5600/5/5 5599/5/5
f 5604/5/5 5600/5/5 5603/5/5
f 5605/5/5 5602/5/5 5601/5/5
f 5606/5/5 5602/5/5 5605/5/5
f 5612/4/5 5608/4/5 5607/4/5
f 5613/4/5 5608/4/5 5612/4/5
f 5614/4/5 5610/4/5 5609/4/5
f 5615/4/5 5610/4/5 5614/4/5
f 5617/4/5 5612/4/5 5611/4/5
f 5618/6/5 5613/6/5 5612/6/5
f 5618/4/5 5612/4/5 5617/4/5
f 5619/6/5 5613/6/5 5618/6/5
f 5620/6/5 5615/6/5 5614/6/5
f 5621/4/5 5616/4/5 5615/4/5
f 5621/6/5 5615/6/5 5620/6/5
f 5622/4/5 5616/4/5 5621/4/5
f 5628/5/5 5624/5/5 5623/5/5
f 5629/5/5 5624/5/5 5628/5/5
f 5630/5/5 5626/5/5 5625/5/5
f 5631/5/5 5626/5/5 5630/5/5
f 5633/4/5 5629/4/5 5628/4/5
f 5633/4/5 5628/4/5 5627/4/5
f 5634/4/5 5629/4/5 5633/4/5
f 5635/4/5 5629/4/5 5634/4/5
f 5636/4/5 5632/4/5 5631/4/5
f 5636/4/5 5631/4/5 5630/4/5
f 5637/4/5 5632/4/5 5636/4/5
f 5638/4/5 5632/4/5 5637/4/5
f 5645/5/5 5640/5/5 5639/5/5
f 5645/5/5 5641/5/5 5640/5/5
f 5646/5/5 5641/5/5 5645/5/5
f 5647/5/5 5644/5/5 5643/5/5
f 5647/5/5 5643/5/5 5642/5/5
f 5648/5/5 5644/5/5 5647/5/5
f 5649/5/5 5641/5/5 5646/5/5
f 5650/5/5 5641/5/5 5649/5/5
f 5651/5/5 5647/5/5 5642/5/5
f 5652/5/5 5647/5/5 5651/5/5
f 5657/6/5 5654/6/5 5653/6/5
f 5658/6/5 5654/6/5 5657/6/5
f 5659/6/5 5654/6/5 5658/6/5
f 5660/6/5 5656/6/5 5655/6/5
f 5661/6/5 5656/6/5 5660/6/5
f 5662/6/5 5656/6/5 5661/6/5
f 5663/4/5 5659/4/5 5658/4/5
f 5664/4/5 5659/4/5 5663/4/5
f 5665/4/5 5661/4/5 5660/4/5
f 5666/4/5 5661/4/5 5665/4/5
f 5671/4/5 5668/4/5 5667/4/5
f 5672/4/5 5668/4/5 5671/4/5
f 5673/4/5 5670/4/5 5669/4/5
f 5674/4/5 5670/4/5 5673/4/5
f 5679/5/5 5676/5/5 5675/5/5
f 5680/5/5 5676/5/5 5679/5/5
f 5681/5/5 5678/5/5 5677/5/5
f 5682/5/5 5678/5/5 5681/5/5
f 5687/5/5 5684/5/5 5683/5/5
f 5688/5/5 5684/5/5 5687/5/5
f 5689/5/5 5686/5/5 5685/5/5
f 5690/5/5 5686/5/5 5689/5/5
f 5695/4/5 5692/4/5 5691/4/5
f 5696/4/5 5692/4/5 5695/4/5
f 5697/4/5 5694/4/5 5693/4/5
f 5698/4/5 5694/4/5 5697/4/5
f 5703/6/5 5700/6/5 5699/6/5
f 5704/6/5 5700/6/5 5703/6/5
f 5705/6/5 5702/6/5 5701/6/5
f 5706/6/5 5702/6/5 5705/6/5
f 5711/5/5 5708/5/5 5707/5/5
f 5712/5/5 5708/5/5 5711/5/5
f 5713/5/5 5710/5/5 5709/5/5
f 5714/5/5 5710/5/5 5713/5/5
f 5715/6/5 5712/6/5 5711/6/5
f 5716/6/5 5712/6/5 5715/6/5
f 5717/6/5 5714/6/5 5713/6/5
f 5718/6/5 5714/6/5 5717/6/5
f 5723/6/5 5720/6/5 5719/6/5
f 5724/6/5 5720/6/5 5723/6/5
f 5725/6/5 5722/6/5 5721/6/5
f 5726/6/5 5722/6/5 5725/6/5
f 5727/4/5 5724/4/5 5723/4/5
f 5728/4/5 5724/4/5 5727/4/5
f 5729/4/5 5726/4/5 5725/4/5
f 5730/4/5 5726/4/5 5729/4/5
f 5737/5/5 5732/5/5 5731/5/5
f 5737/5/5 5733/5/5 5732/5/5
f 5738/5/5 5733/5/5 5737/5/5
f 5739/5/5 5736/5/5 5735/5/5
f 5739/5/5 5735/5/5 5734/5/5
f 5740/5/5 5736/5/5 5739/5/5
f 5745/6/5 5742/6/5 5741/6/5
f 5746/6/5 5742/6/5 5745/6/5
f 5747/6/5 5744/6/5 5743/6/5
f 5748/6/5 5744/6/5 5747/6/5
f 5753/6/5 5750/6/5 5749/6/5
f 5754/6/5 5750/6/5 5753/6/5
f 5755/6/5 5752/6/5 5751/6/5
f 5756/6/5 5752/6/5 5755/6/5
f 5761/4/5 5758/4/5 5757/4/5
f 5762/4/5 5758/4/5 5761/4/5
f 5763/4/5 5760/4/5 5759/4/5
f 5764/4/5 5760/4/5 5763/4/5
f 5769/5/5 5766/5/5 5765/5/5
f 5770/5/5 5766/5/5 5769/5/5
f 5771/5/5 5768/5/5 5767/5/5
f 5772/5/5 5768/5/5 5771/5/5
f 5777/4/5 5774/4/5 5773/4/5
f 5778/4/5 5774/4/5 5777/4/5
f 5779/4/5 5776/4/5 5775/4/5
f 5780/4/5 5776/4/5 5779/4/5
f 5785/5/5 5782/5/5 5781/5/5
f 5786/5/5 5782/5/5 5785/5/5
f 5787/5/5 5784/5/5 5783/5/5
f 5788/5/5 5784/5/5 5787/5/5
f 5793/6/5 5790/6/5 5789/6/5
f 5794/6/5 5790/6/5 5793/6/5
f 5795/6/5 5792/6/5 5791/6/5
f 5796/6/5 5792/6/5 5795/6/5
f 5801/6/5 5798/6/5 5797/6/5
f 5802/6/5 5798/6/5 5801/6/5
f 5803/6/5 5800/6/5 5799/6/5
f 5804/6/5 5800/6/5 5803/6/5
f 5809/6/5 5806/6/5 5805/6/5
f 5810/6/5 5806/6/5 5809/6/5
f 5811/6/5 5808/6/5 5807/6/5
f 5812/6/5 5808/6/5 5811/6/5
f 5817/6/5 5814/6/5 5813/6/5
f 5818/6/5 5814/6/5 5817/6/5
f 5819/6/5 5816/6/5 5815/6/5
f 5820/6/5 5816/6/5 5819/6/5
f 5824/7/5 5822/7/5 5821/7/5
f 5825/7/5 5822/7/5 5824/7/5
f 5826/7/5 5822/7/5 5825/7/5
f 5827/7/5 5822/7/5 5826/7/5
f 5828/7/5 5822/7/5 5827/7/5
f 5829/7/5 5822/7/5 5828/7/5
f 5830/7/5 5822/7/5 5829/7/5
f 5833/7/5 5824/7/5 5823/7/5
f 5834/7/5 5824/7/5 5833/7/5
f 5835/7/5 5831/7/5 5830/7/5
f 5836/7/5 5831/7/5 5835/7/5
f 5839/7/5 5833/7/5 5832/7/5
f 5840/7/5 5833/7/5 5839/7/5
f 5841/7/5 5837/7/5 5836/7/5
f 5842/7/5 5837/7/5 5841/7/5
f 5845/7/5 5839/7/5 5838/7/5
f 5846/7/5 5839/7/5 5845/7/5
f 5847/7/5 5843/7/5 5842/7/5
f 5848/7/5 5843/7/5 5847/7/5
f 5851/7/5 5845/7/5 5844/7/5
f 5852/7/5 5845/7/5 5851/7/5
f 5853/7/5 5849/7/5 5848/7/5
f 5854/7/5 5849/7/5 5853/7/5
f 5857/7/5 5851/7/5 5850/7/5
f 5858/7/5 5851/7/5 5857/7/5
f 5859/7/5 5855/7/5 5854/7/5
f 5860/7/5 5855/7/5 5859/7/5
f 5863/7/5 5857/7/5 5856/7/5
f 5864/7/5 5857/7/5 5863/7/5
f 5865/7/5 5861/7/5 5860/7/5
f 5866/7/5 5861/7/5 5865/7/5
f 5869/7/5 5863/7/5 5862/7/5
f 5870/7/5 5863/7/5 5869/7/5
f 5871/7/5 5867/7/5 5866/7/5
f 5872/7/5 5867/7/5 5871/7/5
f 5875/7/5 5869/7/5 5868/7/5
f 5876/7/5 5869/7/5 5875/7/5
f 5877/7/5 5873/7/5 5872/7/5
f 5878/7/5 5873/7/5 5877/7/5
f 5880/2/5 5875/2/5 5874/2/5
f 5881/2/5 5879/2/5 5878/2/5
f 5882/2/5 5880/2/5 5874/2/5
f 5883/2/5 5879/2/5 5881/2/5
f 5884/2/5 5882/2/5 5874/2/5
f 5885/2/5 5879/2/5 5883/2/5
f 5886/2/5 5884/2/5 5874/2/5
f 5887/2/5 5879/2/5 5885/2/5
f 5888/2/5 5886/2/5 5874/2/5
f 5889/2/5 5879/2/5 5887/2/5
f 5890/2/5 5888/2/5 5874/2/5
f 5891/2/5 5879/2/5 5889/2/5
f 5892/2/5 5890/2/5 5874/2/5
f 5893/2/5 5879/2/5 5891/2/5
f 5894/2/5 5892/2/5 5874/2/5
f 5895/2/5 5879/2/5 5893/2/5
f 5896/2/5 5894/2/5 5874/2/5
f 5897/2/5 5879/2/5 5895/2/5
f 5898/2/5 5896/2/5 5874/2/5
f 5899/2/5 5879/2/5 5897/2/5
f 5900/2/5 5898/2/5 5874/2/5
f 5901/2/5 5898/2/5 5900/2/5
f 5904/2/5 5879/2/5 5899/2/5
f 5905/2/5 5879/2/5 5904/2/5
f 5906/2/5 5902/2/5 5901/2/5
f 5907/2/5 5902/2/5 5906/2/5
f 5910/2/5 5904/2/5 5903/2/5
f 5911/2/5 5904/2/5 5910/2/5
f 5912/2/5 5908/2/5 5907/2/5
f 5913/2/5 5908/2/5 5912/2/5
f 5916/2/5 5910/2/5 5909/2/5
f 5917/2/5 5910/2/5 5916/2/5
f 5918/2/5 5914/2/5 5913/2/5
f 5919/2/5 5914/2/5 5918/2/5
f 5922/2/5 5916/2/5 5915/2/5
f 5923/2/5 5916/2/5 5922/2/5
f 5924/2/5 5920/2/5 5919/2/5
f 5925/2/5 5920/2/5 5924/2/5
f 5928/2/5 5922/2/5 5921/2/5
f 5929/2/5 5922/2/5 5928/2/5
f 5930/2/5 5926/2/5 5925/2/5
f 5931/2/5 5926/2/5 5930/2/5
f 5934/2/5 5928/2/5 5927/2/5
f 5935/2/5 5928/2/5 5934/2/5
f 5936/2/5 5932/2/5 5931/2/5
f 5937/2/5 5932/2/5 5936/2/5
f 5940/2/5 5934/2/5 5933/2/5
f 5941/2/5 5934/2/5 5940/2/5
f 5942/2/5 5938/2/5 5937/2/5
f 5943/2/5 5938/2/5 5942/2/5
f 5946/2/5 5940/2/5 5939/2/5
f 5947/2/5 5940/2/5 5946/2/5
f 5948/2/5 5944/2/5 5943/2/5
f 5949/2/5 5944/2/5 5948/2/5
f 5958/2/5 5946/2/5 5945/2/5
f 5959/2/5 5946/2/5 5958/2/5
f 5960/2/5 5957/2/5 5956/2/5
f 5960/2/5 5958/2/5 5957/2/5
f 5960/2/5 5950/2/5 5949/2/5
f 5960/2/5 5956/2/5 5955/2/5
f 5960/2/5 5955/2/5 5954/2/5
f 5960/2/5 5954/2/5 5953/2/5
f 5960/2/5 5953/2/5 5952/2/5
f 5960/2/5 5952/2/5 5951/2/5
f 5960/2/5 5951/2/5 5950/2/5
f 5961/2/5 5958/2/5 5960/2/5
f 5966/5/5 5963/5/5 5962/5/5
f 5967/5/5 5963/5/5 5966/5/5
f 5968/5/5 5965/5/5 5964/5/5
f 5969/5/5 5965/5/5 5968/5/5
f 5974/6/5 5971/6/5 5970/6/5
f 5975/6/5 5971/6/5 5974/6/5
f 5976/6/5 5973/6/5 5972/6/5
f 5977/6/5 5973/6/5 5976/6/5
f 5982/4/5 5979/4/5 5978/4/5
f 5983/4/5 5979/4/5 5982/4/5
f 5984/4/5 5981/4/5 5980/4/5
f 5985/4/5 5981/4/5 5984/4/5
f 5990/5/5 5987/5/5 5986/5/5
f 5991/5/5 5987/5/5 5990/5/5
f 5992/5/5 5989/5/5 5988/5/5
f 5993/5/5 5989/5/5 5992/5/5
f 5998/4/5 5995/4/5 5994/4/5
f 5999/4/5 5995/4/5 5998/4/5
f 6000/4/5 5997/4/5 5996/4/5
f 6001/4/5 5997/4/5 6000/4/5
f 6006/5/5 6003/5/5 6002/5/5
f 6007/5/5 6003/5/5 6006/5/5
f 6008/5/5 6005/5/5 6004/5/5
f 6009/5/5 6005/5/5 6008/5/5
f 6014/6/5 6011/6/5 6010/6/5
f 6015/6/5 6011/6/5 6014/6/5
f 6016/6/5 6013/6/5 6012/6/5
f 6017/6/5 6013/6/5 6016/6/5
f 6022/5/5 6019/5/5 6018/5/5
f 6023/5/5 6019/5/5 6022/5/5
f 6024/5/5 6021/5/5 6020/5/5
f 6025/5/5 6021/5/5 6024/5/5
f 6030/6/5 6027/6/5 6026/6/5
f 6031/6/5 6027/6/5 6030/6/5
f 6032/6/5 6029/6/5 6028/6/5
f 6033/6/5 6029/6/5 6032/6/5
f 6038/5/5 6035/5/5 6034/5/5
f 6039/5/5 6035/5/5 6038/5/5
f 6040/5/5 6037/5/5 6036/5/5
f 6041/5/5 6037/5/5 6040/5/5
f 6045/2/5 6043/2/5 6042/2/5
f 6046/2/5 6043/2/5 6045/2/5
f 6047/2/5 6043/2/5 6046/2/5
f 6048/2/5 6043/2/5 6047/2/5
f 6049/2/5 6043/2/5 6048/2/5
f 6050/2/5 6043/2/5 6049/2/5
f 6051/2/5 6043/2/5 6050/2/5
f 6052/2/5 6043/2/5 6051/2/5
f 6055/2/5 6045/2/5 6044/2/5
f 6056/2/5 6045/2/5 6055/2/5
f 6057/2/5 6053/2/5 6052/2/5
f 6058/2/5 6053/2/5 6057/2/5
f 6061/2/5 6055/2/5 6054/2/5
f 6062/2/5 6055/2/5 6061/2/5
f 6063/2/5 6059/2/5 6058/2/5
f 6064/2/5 6059/2/5 6063/2/5
f 6067/2/5 6061/2/5 6060/2/5
f 6068/2/5 6061/2/5 6067/2/5
f 6069/2/5 6065/2/5 6064/2/5
f 6070/2/5 6065/2/5 6069/2/5
f 6073/2/5 6067/2/5 6066/2/5
f 6074/2/5 6067/2/5 6073/2/5
f 6075/2/5 6071/2/5 6070/2/5
f 6076/2/5 6071/2/5 6075/2/5
f 6079/2/5 6073/2/5 6072/2/5
f 6080/2/5 6073/2/5 6079/2/5
f 6081/2/5 6077/2/5 6076/2/5
f 6082/2/5 6077/2/5 6081/2/5
f 6085/2/5 6079/2/5 6078/2/5
f 6086/2/5 6079/2/5 6085/2/5
f 6087/2/5 6083/2/5 6082/2/5
f 6088/2/5 6083/2/5 6087/2/5
f 6091/2/5 6085/2/5 6084/2/5
f 6092/2/5 6085/2/5 6091/2/5
f 6093/2/5 6089/2/5 6088/2/5
f 6094/2/5 6089/2/5 6093/2/5
f 6097/2/5 6091/2/5 6090/2/5
f 6098/2/5 6091/2/5 6097/2/5
f 6099/2/5 6095/2/5 6094/2/5
f 6100/2/5 6095/2/5 6099/2/5
f 6102/2/5 6097/2/5 6096/2/5
f 6103/2/5 6101/2/5 6100/2/5
f 6104/2/5 6102/2/5 6096/2/5
f 6105/2/5 6101/2/5 6103/2/5
f 6106/2/5 6104/2/5 6096/2/5
f 6107/2/5 6101/2/5 6105/2/5
f 6108/2/5 6106/2/5 6096/2/5
f 6109/2/5 6101/2/5 6107/2/5
f 6110/2/5 6108/2/5 6096/2/5
f 6111/2/5 6101/2/5 6109/2/5
f 6112/2/5 6110/2/5 6096/2/5
f 6113/2/5 6101/2/5 6111/2/5
f 6114/2/5 6112/2/5 6096/2/5
f 6115/2/5 6101/2/5 6113/2/5
f 6116/2/5 6114/2/5 6096/2/5
f 6117/2/5 6101/2/5 6115/2/5
f 6118/2/5 6116/2/5 6096/2/5
f 6119/2/5 6101/2/5 6117/2/5
f 6120/2/5 6118/2/5 6096/2/5
f 6121/2/5 6101/2/5 6119/2/5
f 6122/2/5 6120/2/5 6096/2/5
f 6123/2/5 6120/2/5 6122/2/5
f 6126/2/5 6101/2/5 6121/2/5
f 6127/2/5 6101/2/5 6126/2/5
f 6128/2/5 6124/2/5 6123/2/5
f 6129/2/5 6124/2/5 6128/2/5
f 6132/2/5 6126/2/5 6125/2/5
f 6133/2/5 6126/2/5 6132/2/5
f 6134/2/5 6130/2/5 6129/2/5
f 6135/2/5 6130/2/5 6134/2/5
f 6138/2/5 6132/2/5 6131/2/5
f 6139/2/5 6132/2/5 6138/2/5
f 6140/2/5 6136/2/5 6135/2/5
f 6141/2/5 6136/2/5 6140/2/5
f 6144/2/5 6138/2/5 6137/2/5
f 6145/2/5 6138/2/5 6144/2/5
f 6146/2/5 6142/2/5 6141/2/5
f 6147/2/5 6142/2/5 6146/2/5
f 6150/2/5 6144/2/5 6143/2/5
f 6151/2/5 6144/2/5 6150/2/5
f 6152/2/5 6148/2/5 6147/2/5
f 6153/2/5 6148/2/5 6152/2/5
f 6156/2/5 6150/2/5 6149/2/5
f 6157/2/5 6150/2/5 6156/2/5
f 6158/2/5 6154/2/5 6153/2/5
f 6159/2/5 6154/2/5 6158/2/5
f 6162/2/5 6156/2/5 6155/2/5
f 6163/2/5 6156/2/5 6162/2/5
f 6164/2/5 6160/2/5 6159/2/5
f 6165/2/5 6160/2/5 6164/2/5
f 6168/2/5 6162/2/5 6161/2/5
f 6169/2/5 6162/2/5 6168/2/5
f 6170/2/5 6166/2/5 6165/2/5
f 6171/2/5 6166/2/5 6170/2/5
f 6179/2/5 6168/2/5 6167/2/5
f 6180/2/5 6168/2/5 6179/2/5
f 6181/2/5 6178/2/5 6177/2/5
f 6181/2/5 6179/2/5 6178/2/5
f 6181/2/5 6172/2/5 6171/2/5
f 6181/2/5 6177/2/5 6176/2/5
f 6181/2/5 6176/2/5 6175/2/5
f 6181/2/5 6175/2/5 6174/2/5
f 6181/2/5 6174/2/5 6173/2/5
f 6181/2/5 6173/2/5 6172/2/5
f 6182/2/5 6179/2/5 6181/2/5
f 6186/2/5 6184/2/5 6183/2/5
f 6187/2/5 6184/2/5 6186/2/5
f 6188/2/5 6184/2/5 6187/2/5
f 6189/2/5 6184/2/5 6188/2/5
f 6190/2/5 6184/2/5 6189/2/5
f 6191/2/5 6184/2/5 6190/2/5
f 6192/2/5 6184/2/5 6191/2/5
f 6193/2/5 6184/2/5 6192/2/5
f 6194/2/5 6184/2/5 6193/2/5
f 6195/2/5 6184/2/5 6194/2/5
f 6198/2/5 6186/2/5 6185/2/5
f 6199/2/5 6186/2/5 6198/2/5
f 6200/2/5 6196/2/5 6195/2/5
f 6201/2/5 6196/2/5 6200/2/5
f 6204/2/5 6198/2/5 6197/2/5
f 6205/7/5 6199/7/5 6198/7/5
f 6205/2/5 6198/2/5 6204/2/5
f 6206/7/5 6199/7/5 6205/7/5
f 6207/7/5 6201/7/5 6200/7/5
f 6208/2/5 6202/2/5 6201/2/5
f 6208/7/5 6201/7/5 6207/7/5
f 6209/2/5 6202/2/5 6208/2/5
f 6212/2/5 6204/2/5 6203/2/5
f 6213/2/5 6204/2/5 6212/2/5
f 6214/2/5 6210/2/5 6209/2/5
f 6215/2/5 6210/2/5 6214/2/5
f 6218/2/5 6212/2/5 6211/2/5
f 6219/7/5 6213/7/5 6212/7/5
f 6219/2/5 6212/2/5 6218/2/5
f 6220/7/5 6213/7/5 6219/7/5
f 6221/7/5 6215/7/5 6214/7/5
f 6222/2/5 6216/2/5 6215/2/5
f 6222/7/5 6215/7/5 6221/7/5
f 6223/2/5 6216/2/5 6222/2/5
f 6226/2/5 6218/2/5 6217/2/5
f 6227/2/5 6218/2/5 6226/2/5
f 6228/2/5 6224/2/5 6223/2/5
f 6229/2/5 6224/2/5 6228/2/5
f 6232/2/5 6226/2/5 6225/2/5
f 6233/7/5 6227/7/5 6226/7/5
f 6233/2/5 6226/2/5 6232/2/5
f 6234/7/5 6227/7/5 6233/7/5
f 6235/7/5 6229/7/5 6228/7/5
f 6236/2/5 6230/2/5 6229/2/5
f 6236/7/5 6229/7/5 6235/7/5
f 6237/2/5 6230/2/5 6236/2/5
f 6240/2/5 6232/2/5 6231/2/5
f 6241/2/5 6232/2/5 6240/2/5
f 6242/2/5 6238/2/5 6237/2/5
f 6243/2/5 6238/2/5 6242/2/5
f 6246/2/5 6240/2/5 6239/2/5
f 6247/7/5 6241/7/5 6240/7/5
f 6247/2/5 6240/2/5 6246/2/5
f 6248/7/5 6241/7/5 6247/7/5
f 6249/7/5 6243/7/5 6242/7/5
f 6250/2/5 6244/2/5 6243/2/5
f 6250/7/5 6243/7/5 6249/7/5
f 6251/2/5 6244/2/5 6250/2/5
f 6253/2/5 6246/2/5 6245/2/5
f 6254/2/5 6252/2/5 6251/2/5
f 6255/2/5 6253/2/5 6245/2/5
f 6256/2/5 6252/2/5 6254/2/5
f 6257/2/5 6255/2/5 6245/2/5
f 6258/2/5 6252/2/5 6256/2/5
f 6259/2/5 6257/2/5 6245/2/5
f 6260/2/5 6252/2/5 6258/2/5
f 6261/2/5 6259/2/5 6245/2/5
f 6262/2/5 6252/2/5 6260/2/5
f 6263/2/5 6261/2/5 6245/2/5
f 6264/2/5 6252/2/5 6262/2/5
f 6265/2/5 6263/2/5 6245/2/5
f 6266/2/5 6252/2/5 6264/2/5
f 6267/2/5 6265/2/5 6245/2/5
f 6268/2/5 6252/2/5 6266/2/5
f 6269/2/5 6267/2/5 6245/2/5
f 6270/2/5 6267/2/5 6269/2/5
f 6275/2/5 6252/2/5 6268/2/5
f 6276/2/5 6252/2/5 6275/2/5
f 6277/2/5 6271/2/5 6270/2/5
f 6277/2/5 6272/2/5 6271/2/5
f 6278/2/5 6272/2/5 6277/2/5
f 6279/2/5 6274/2/5 6273/2/5
f 6279/2/5 6275/2/5 6274/2/5
f 6280/2/5 6275/2/5 6279/2/5
f 6281/2/5 6272/2/5 6278/2/5
f 6282/2/5 6272/2/5 6281/2/5
f 6287/2/5 6279/2/5 6273/2/5
f 6288/2/5 6279/2/5 6287/2/5
f 6289/2/5 6283/2/5 6282/2/5
f 6290/7/5 6284/7/5 6283/7/5
f 6290/2/5 6283/2/5 6289/2/5
f 6291/7/5 6284/7/5 6290/7/5
f 6292/7/5 6286/7/5 6285/7/5
f 6293/2/5 6287/2/5 6286/2/5
f 6293/7/5 6286/7/5 6292/7/5
f 6294/2/5 6287/2/5 6293/2/5
f 6295/2/5 6291/2/5 6290/2/5
f 6296/2/5 6291/2/5 6295/2/5
f 6301/2/5 6293/2/5 6292/2/5
f 6302/2/5 6293/2/5 6301/2/5
f 6303/2/5 6297/2/5 6296/2/5
f 6304/7/5 6298/7/5 6297/7/5
f 6304/2/5 6297/2/5 6303/2/5
f 6305/7/5 6298/7/5 6304/7/5
f 6306/7/5 6300/7/5 6299/7/5
f 6307/2/5 6301/2/5 6300/2/5
f 6307/7/5 6300/7/5 6306/7/5
f 6308/2/5 6301/2/5 6307/2/5
f 6309/2/5 6305/2/5 6304/2/5
f 6310/2/5 6305/2/5 6309/2/5
f 6315/2/5 6307/2/5 6306/2/5
f 6316/2/5 6307/2/5 6315/2/5
f 6317/2/5 6311/2/5 6310/2/5
f 6318/7/5 6312/7/5 6311/7/5
f 6318/2/5 6311/2/5 6317/2/5
f 6319/7/5 6312/7/5 6318/7/5
f 6320/7/5 6314/7/5 6313/7/5
f 6321/2/5 6315/2/5 6314/2/5
f 6321/7/5 6314/7/5 6320/7/5
f 6322/2/5 6315/2/5 6321/2/5
f 6323/2/5 6319/2/5 6318/2/5
f 6324/2/5 6319/2/5 6323/2/5
f 6333/2/5 6321/2/5 6320/2/5
f 6334/2/5 6321/2/5 6333/2/5
f 6335/2/5 6332/2/5 6331/2/5
f 6335/2/5 6333/2/5 6332/2/5
f 6335/2/5 6325/2/5 6324/2/5
f 6335/2/5 6331/2/5 6330/2/5
f 6335/2/5 6330/2/5 6329/2/5
f 6335/2/5 6329/2/5 6328/2/5
f 6335/2/5 6328/2/5 6327/2/5
f 6335/2/5 6327/2/5 6326/2/5
f 6335/2/5 6326/2/5 6325/2/5
f 6336/2/5 6333/2/5 6335/2/5
f 6337/7/6 6338/7/6 6340/7/6
f 6340/7/6 6338/7/6 6341/7/6
f 6341/7/6 6338/7/6 6342/7/6
f 6342/7/6 6338/7/6 6343/7/6
f 6343/7/6 6338/7/6 6344/7/6
f 6344/7/6 6338/7/6 6345/7/6
f 6345/7/6 6338/7/6 6346/7/6
f 6346/7/6 6338/7/6 6347/7/6
f 6347/7/6 6338/7/6 6348/7/6
f 6348/7/6 6338/7/6 6349/7/6
f 6339/7/6 6340/7/6 6352/7/6
f 6352/7/6 6340/7/6 6353/7/6
f 6349/7/6 6350/7/6 6354/7/6
f 6354/7/6 6350/7/6 6355/7/6
f 6351/7/6 6352/7/6 6358/7/6
f 6352/2/6 6353/2/6 6359/2/6
f 6358/7/6 6352/7/6 6359/7/6
f 6359/2/6 6353/2/6 6360/2/6
f 6354/2/6 6355/2/6 6361/2/6
f 6355/7/6 6356/7/6 6362/7/6
f 6361/2/6 6355/2/6 6362/2/6
f 6362/7/6 6356/7/6 6363/7/6
f 6357/7/6 6358/7/6 6366/7/6
f 6366/7/6 6358/7/6 6367/7/6
f 6363/7/6 6364/7/6 6368/7/6
f 6368/7/6 6364/7/6 6369/7/6
f 6365/7/6 6366/7/6 6372/7/6
f 6366/2/6 6367/2/6 6373/2/6
f 6372/7/6 6366/7/6 6373/7/6
f 6373/2/6 6367/2/6 6374/2/6
f 6368/2/6 6369/2/6 6375/2/6
f 6369/7/6 6370/7/6 6376/7/6
f 6375/2/6 6369/2/6 6376/2/6
f 6376/7/6 6370/7/6 6377/7/6
f 6371/7/6 6372/7/6 6380/7/6
f 6380/7/6 6372/7/6 6381/7/6
f 6377/7/6 6378/7/6 6382/7/6
f 6382/7/6 6378/7/6 6383/7/6
f 6379/7/6 6380/7/6 6386/7/6
f 6380/2/6 6381/2/6 6387/2/6
f 6386/7/6 6380/7/6 6387/7/6
f 6387/2/6 6381/2/6 6388/2/6
f 6382/2/6 6383/2/6 6389/2/6
f 6383/7/6 6384/7/6 6390/7/6
f 6389/2/6 6383/2/6 6390/2/6
f 6390/7/6 6384/7/6 6391/7/6
f 6385/7/6 6386/7/6 6394/7/6
f 6394/7/6 6386/7/6 6395/7/6
f 6391/7/6 6392/7/6 6396/7/6
f 6396/7/6 6392/7/6 6397/7/6
f 6393/7/6 6394/7/6 6400/7/6
f 6394/2/6 6395/2/6 6401/2/6
f 6400/7/6 6394/7/6 6401/7/6
f 6401/2/6 6395/2/6 6402/2/6
f 6396/2/6 6397/2/6 6403/2/6
f 6397/7/6 6398/7/6 6404/7/6
f 6403/2/6 6397/2/6 6404/2/6
f 6404/7/6 6398/7/6 6405/7/6
f 6399/7/6 6400/7/6 6407/7/6
f 6405/7/6 6406/7/6 6408/7/6
f 6399/7/6 6407/7/6 6409/7/6
f 6408/7/6 6406/7/6 6410/7/6
f 6399/7/6 6409/7/6 6411/7/6
f 6410/7/6 6406/7/6 6412/7/6
f 6399/7/6 6411/7/6 6413/7/6
f 6412/7/6 6406/7/6 6414/7/6
f 6399/7/6 6413/7/6 6415/7/6
f 6414/7/6 6406/7/6 6416/7/6
f 6399/7/6 6415/7/6 6417/7/6
f 6416/7/6 6406/7/6 6418/7/6
f 6399/7/6 6417/7/6 6419/7/6
f 6418/7/6 6406/7/6 6420/7/6
f 6399/7/6 6419/7/6 6421/7/6
f 6420/7/6 6406/7/6 6422/7/6
f 6399/7/6 6421/7/6 6423/7/6
f 6423/7/6 6421/7/6 6424/7/6
f 6422/7/6 6406/7/6 6429/7/6
f 6429/7/6 6406/7/6 6430/7/6
f 6424/7/6 6425/7/6 6431/7/6
f 6425/7/6 6426/7/6 6431/7/6
f 6431/7/6 6426/7/6 6432/7/6
f 6427/7/6 6428/7/6 6433/7/6
f 6428/7/6 6429/7/6 6433/7/6
f 6433/7/6 6429/7/6 6434/7/6
f 6432/7/6 6426/7/6 6435/7/6
f 6435/7/6 6426/7/6 6436/7/6
f 6427/7/6 6433/7/6 6441/7/6
f 6441/7/6 6433/7/6 6442/7/6
f 6436/7/6 6437/7/6 6443/7/6
f 6437/7/6 6438/7/6 6443/7/6
f 6443/7/6 6438/7/6 6444/7/6
f 6444/7/6 6438/7/6 6445/7/6
f 6439/7/6 6440/7/6 6446/7/6
f 6440/7/6 6441/7/6 6446/7/6
f 6446/7/6 6441/7/6 6447/7/6
f 6447/7/6 6441/7/6 6448/7/6
f 6444/7/6 6445/7/6 6449/7/6
f 6449/7/6 6445/7/6 6450/7/6
f 6446/7/6 6447/7/6 6455/7/6
f 6455/7/6 6447/7/6 6456/7/6
f 6450/7/6 6451/7/6 6457/7/6
f 6451/2/6 6452/2/6 6458/2/6
f 6457/7/6 6451/7/6 6458/7/6
f 6458/2/6 6452/2/6 6459/2/6
f 6453/2/6 6454/2/6 6460/2/6
f 6454/7/6 6455/7/6 6461/7/6
f 6460/2/6 6454/2/6 6461/2/6
f 6461/7/6 6455/7/6 6462/7/6
f 6458/7/6 6459/7/6 6463/7/6
f 6463/7/6 6459/7/6 6464/7/6
f 6460/7/6 6461/7/6 6469/7/6
f 6469/7/6 6461/7/6 6470/7/6
f 6464/7/6 6465/7/6 6471/7/6
f 6465/7/6 6466/7/6 6471/7/6
f 6471/7/6 6466/7/6 6472/7/6
f 6472/7/6 6466/7/6 6473/7/6
f 6467/7/6 6468/7/6 6474/7/6
f 6468/7/6 6469/7/6 6474/7/6
f 6474/7/6 6469/7/6 6475/7/6
f 6475/7/6 6469/7/6 6476/7/6
f 6472/7/6 6473/7/6 6477/7/6
f 6477/7/6 6473/7/6 6478/7/6
f 6474/7/6 6475/7/6 6488/7/6
f 6488/7/6 6475/7/6 6489/7/6
f 6486/7/6 6487/7/6 6490/7/6
f 6487/7/6 6488/7/6 6490/7/6
f 6478/7/6 6479/7/6 6490/7/6
f 6485/7/6 6486/7/6 6490/7/6
f 6484/7/6 6485/7/6 6490/7/6
f 6483/7/6 6484/7/6 6490/7/6
f 6482/7/6 6483/7/6 6490/7/6
f 6481/7/6 6482/7/6 6490/7/6
f 6480/7/6 6481/7/6 6490/7/6
f 6479/7/6 6480/7/6 6490/7/6
f 6490/7/6 6488/7/6 6491/7/6
f 6492/7/6 6493/7/6 6495/7/6
f 6495/7/6 6493/7/6 6496/7/6
f 6496/7/6 6493/7/6 6497/7/6
f 6497/7/6 6493/7/6 6498/7/6
f 6498/7/6 6493/7/6 6499/7/6
f 6499/7/6 6493/7/6 6500/7/6
f 6500/7/6 6493/7/6 6501/7/6
f 6501/7/6 6493/7/6 6502/7/6
f 6494/7/6 6495/7/6 6505/7/6
f 6505/7/6 6495/7/6 6506/7/6
f 6502/7/6 6503/7/6 6507/7/6
f 6507/7/6 6503/7/6 6508/7/6
f 6504/7/6 6505/7/6 6511/7/6
f 6511/7/6 6505/7/6 6512/7/6
f 6508/7/6 6509/7/6 6513/7/6
f 6513/7/6 6509/7/6 6514/7/6
f 6510/7/6 6511/7/6 6517/7/6
f 6517/7/6 6511/7/6 6518/7/6
f 6514/7/6 6515/7/6 6519/7/6
f 6519/7/6 6515/7/6 6520/7/6
f 6516/7/6 6517/7/6 6523/7/6
f 6523/7/6 6517/7/6 6524/7/6
f 6520/7/6 6521/7/6 6525/7/6
f 6525/7/6 6521/7/6 6526/7/6
f 6522/7/6 6523/7/6 6529/7/6
f 6529/7/6 6523/7/6 6530/7/6
f 6526/7/6 6527/7/6 6531/7/6
f 6531/7/6 6527/7/6 6532/7/6
f 6528/7/6 6529/7/6 6535/7/6
f 6535/7/6 6529/7/6 6536/7/6
f 6532/7/6 6533/7/6 6537/7/6
f 6537/7/6 6533/7/6 6538/7/6
f 6534/7/6 6535/7/6 6541/7/6
f 6541/7/6 6535/7/6 6542/7/6
f 6538/7/6 6539/7/6 6543/7/6
f 6543/7/6 6539/7/6 6544/7/6
f 6540/7/6 6541/7/6 6547/7/6
f 6547/7/6 6541/7/6 6548/7/6
f 6544/7/6 6545/7/6 6549/7/6
f 6549/7/6 6545/7/6 6550/7/6
f 6546/7/6 6547/7/6 6552/7/6
f 6550/7/6 6551/7/6 6553/7/6
f 6546/7/6 6552/7/6 6554/7/6
f 6553/7/6 6551/7/6 6555/7/6
f 6546/7/6 6554/7/6 6556/7/6
f 6555/7/6 6551/7/6 6557/7/6
f 6546/7/6 6556/7/6 6558/7/6
f 6557/7/6 6551/7/6 6559/7/6
f 6546/7/6 6558/7/6 6560/7/6
f 6559/7/6 6551/7/6 6561/7/6
f 6546/7/6 6560/7/6 6562/7/6
f 6561/7/6 6551/7/6 6563/7/6
f 6546/7/6 6562/7/6 6564/7/6
f 6563/7/6 6551/7/6 6565/7/6
f 6546/7/6 6564/7/6 6566/7/6
f 6565/7/6 6551/7/6 6567/7/6
f 6546/7/6 6566/7/6 6568/7/6
f 6567/7/6 6551/7/6 6569/7/6
f 6546/7/6 6568/7/6 6570/7/6
f 6569/7/6 6551/7/6 6571/7/6
f 6546/7/6 6570/7/6 6572/7/6
f 6572/7/6 6570/7/6 6573/7/6
f 6571/7/6 6551/7/6 6576/7/6
f 6576/7/6 6551/7/6 6577/7/6
f 6573/7/6 6574/7/6 6578/7/6
f 6578/7/6 6574/7/6 6579/7/6
f 6575/7/6 6576/7/6 6582/7/6
f 6582/7/6 6576/7/6 6583/7/6
f 6579/7/6 6580/7/6 6584/7/6
f 6584/7/6 6580/7/6 6585/7/6
f 6581/7/6 6582/7/6 6588/7/6
f 6588/7/6 6582/7/6 6589/7/6
f 6585/7/6 6586/7/6 6590/7/6
f 6590/7/6 6586/7/6 6591/7/6
f 6587/7/6 6588/7/6 6594/7/6
f 6594/7/6 6588/7/6 6595/7/6
f 6591/7/6 6592/7/6 6596/7/6
f 6596/7/6 6592/7/6 6597/7/6
f 6593/7/6 6594/7/6 6600/7/6
f 6600/7/6 6594/7/6 6601/7/6
f 6597/7/6 6598/7/6 6602/7/6
f 6602/7/6 6598/7/6 6603/7/6
f 6599/7/6 6600/7/6 6606/7/6
f 6606/7/6 6600/7/6 6607/7/6
f 6603/7/6 6604/7/6 6608/7/6
f 6608/7/6 6604/7/6 6609/7/6
f 6605/7/6 6606/7/6 6612/7/6
f 6612/7/6 6606/7/6 6613/7/6
f 6609/7/6 6610/7/6 6614/7/6
f 6614/7/6 6610/7/6 6615/7/6
f 6611/7/6 6612/7/6 6618/7/6
f 6618/7/6 6612/7/6 6619/7/6
f 6615/7/6 6616/7/6 6620/7/6
f 6620/7/6 6616/7/6 6621/7/6
f 6617/7/6 6618/7/6 6629/7/6
f 6629/7/6 6618/7/6 6630/7/6
f 6627/7/6 6628/7/6 6631/7/6
f 6628/7/6 6629/7/6 6631/7/6
f 6621/7/6 6622/7/6 6631/7/6
f 6626/7/6 6627/7/6 6631/7/6
f 6625/7/6 6626/7/6 6631/7/6
f 6624/7/6 6625/7/6 6631/7/6
f 6623/7/6 6624/7/6 6631/7/6
f 6622/7/6 6623/7/6 6631/7/6
f 6631/7/6 6629/7/6 6632/7/6
f 6633/5/6 6634/5/6 6637/5/6
f 6637/5/6 6634/5/6 6638/5/6
f 6635/5/6 6636/5/6 6639/5/6
f 6639/5/6 6636/5/6 6640/5/6
f 6641/6/6 6642/6/6 6645/6/6
f 6645/6/6 6642/6/6 6646/6/6
f 6643/6/6 6644/6/6 6647/6/6
f 6647/6/6 6644/6/6 6648/6/6
f 6649/4/6 6650/4/6 6653/4/6
f 6653/4/6 6650/4/6 6654/4/6
f 6651/4/6 6652/4/6 6655/4/6
f 6655/4/6 6652/4/6 6656/4/6
f 6657/5/6 6658/5/6 6661/5/6
f 6661/5/6 6658/5/6 6662/5/6
f 6659/5/6 6660/5/6 6663/5/6
f 6663/5/6 6660/5/6 6664/5/6
f 6665/4/6 6666/4/6 6669/4/6
f 6669/4/6 6666/4/6 6670/4/6
f 6667/4/6 6668/4/6 6671/4/6
f 6671/4/6 6668/4/6 6672/4/6
f 6673/5/6 6674/5/6 6677/5/6
f 6677/5/6 6674/5/6 6678/5/6
f 6675/5/6 6676/5/6 6679/5/6
f 6679/5/6 6676/5/6 6680/5/6
f 6681/6/6 6682/6/6 6685/6/6
f 6685/6/6 6682/6/6 6686/6/6
f 6683/6/6 6684/6/6 6687/6/6
f 6687/6/6 6684/6/6 6688/6/6
f 6689/5/6 6690/5/6 6693/5/6
f 6693/5/6 6690/5/6 6694/5/6
f 6691/5/6 6692/5/6 6695/5/6
f 6695/5/6 6692/5/6 6696/5/6
f 6697/6/6 6698/6/6 6701/6/6
f 6701/6/6 6698/6/6 6702/6/6
f 6699/6/6 6700/6/6 6703/6/6
f 6703/6/6 6700/6/6 6704/6/6
f 6705/5/6 6706/5/6 6709/5/6
f 6709/5/6 6706/5/6 6710/5/6
f 6707/5/6 6708/5/6 6711/5/6
f 6711/5/6 6708/5/6 6712/5/6
f 6713/7/6 6714/7/6 6716/7/6
f 6716/7/6 6714/7/6 6717/7/6
f 6717/7/6 6714/7/6 6718/7/6
f 6718/7/6 6714/7/6 6719/7/6
f 6719/7/6 6714/7/6 6720/7/6
f 6720/7/6 6714/7/6 6721/7/6
f 6721/7/6 6714/7/6 6722/7/6
f 6722/7/6 6714/7/6 6723/7/6
f 6715/7/6 6716/7/6 6726/7/6
f 6726/7/6 6716/7/6 6727/7/6
f 6723/7/6 6724/7/6 6728/7/6
f 6728/7/6 6724/7/6 6729/7/6
f 6725/7/6 6726/7/6 6732/7/6
f 6732/7/6 6726/7/6 6733/7/6
f 6729/7/6 6730/7/6 6734/7/6
f 6734/7/6 6730/7/6 6735/7/6
f 6731/7/6 6732/7/6 6738/7/6
f 6738/7/6 6732/7/6 6739/7/6
f 6735/7/6 6736/7/6 6740/7/6
f 6740/7/6 6736/7/6 6741/7/6
f 6737/7/6 6738/7/6 6744/7/6
f 6744/7/6 6738/7/6 6745/7/6
f 6741/7/6 6742/7/6 6746/7/6
f 6746/7/6 6742/7/6 6747/7/6
f 6743/7/6 6744/7/6 6750/7/6
f 6750/7/6 6744/7/6 6751/7/6
f 6747/7/6 6748/7/6 6752/7/6
f 6752/7/6 6748/7/6 6753/7/6
f 6749/7/6 6750/7/6 6756/7/6
f 6756/7/6 6750/7/6 6757/7/6
f 6753/7/6 6754/7/6 6758/7/6
f 6758/7/6 6754/7/6 6759/7/6
f 6755/7/6 6756/7/6 6762/7/6
f 6762/7/6 6756/7/6 6763/7/6
f 6759/7/6 6760/7/6 6764/7/6
f 6764/7/6 6760/7/6 6765/7/6
f 6761/7/6 6762/7/6 6768/7/6
f 6768/7/6 6762/7/6 6769/7/6
f 6765/7/6 6766/7/6 6770/7/6
f 6770/7/6 6766/7/6 6771/7/6
f 6767/7/6 6768/7/6 6773/7/6
f 6771/7/6 6772/7/6 6774/7/6
f 6767/7/6 6773/7/6 6775/7/6
f 6774/7/6 6772/7/6 6776/7/6
f 6767/7/6 6775/7/6 6777/7/6
f 6776/7/6 6772/7/6 6778/7/6
f 6767/7/6 6777/7/6 6779/7/6
f 6778/7/6 6772/7/6 6780/7/6
f 6767/7/6 6779/7/6 6781/7/6
f 6780/7/6 6772/7/6 6782/7/6
f 6767/7/6 6781/7/6 6783/7/6
f 6782/7/6 6772/7/6 6784/7/6
f 6767/7/6 6783/7/6 6785/7/6
f 6784/7/6 6772/7/6 6786/7/6
f 6767/7/6 6785/7/6 6787/7/6
f 6786/7/6 6772/7/6 6788/7/6
f 6767/7/6 6787/7/6 6789/7/6
f 6788/7/6 6772/7/6 6790/7/6
f 6767/7/6 6789/7/6 6791/7/6
f 6790/7/6 6772/7/6 6792/7/6
f 6767/7/6 6791/7/6 6793/7/6
f 6793/7/6 6791/7/6 6794/7/6
f 6792/7/6 6772/7/6 6797/7/6
f 6797/7/6 6772/7/6 6798/7/6
f 6794/7/6 6795/7/6 6799/7/6
f 6799/7/6 6795/7/6 6800/7/6
f 6796/7/6 6797/7/6 6803/7/6
f 6803/7/6 6797/7/6 6804/7/6
f 6800/7/6 6801/7/6 6805/7/6
f 6805/7/6 6801/7/6 6806/7/6
f 6802/7/6 6803/7/6 6809/7/6
f 6809/7/6 6803/7/6 6810/7/6
f 6806/7/6 6807/7/6 6811/7/6
f 6811/7/6 6807/7/6 6812/7/6
f 6808/7/6 6809/7/6 6815/7/6
f 6815/7/6 6809/7/6 6816/7/6
f 6812/7/6 6813/7/6 6817/7/6
f 6817/7/6 6813/7/6 6818/7/6
f 6814/7/6 6815/7/6 6821/7/6
f 6821/7/6 6815/7/6 6822/7/6
f 6818/7/6 6819/7/6 6823/7/6
f 6823/7/6 6819/7/6 6824/7/6
f 6820/7/6 6821/7/6 6827/7/6
f 6827/7/6 6821/7/6 6828/7/6
f 6824/7/6 6825/7/6 6829/7/6
f 6829/7/6 6825/7/6 6830/7/6
f 6826/7/6 6827/7/6 6833/7/6
f 6833/7/6 6827/7/6 6834/7/6
f 6830/7/6 6831/7/6 6835/7/6
f 6835/7/6 6831/7/6 6836/7/6
f 6832/7/6 6833/7/6 6839/7/6
f 6839/7/6 6833/7/6 6840/7/6
f 6836/7/6 6837/7/6 6841/7/6
f 6841/7/6 6837/7/6 6842/7/6
f 6838/7/6 6839/7/6 6851/7/6
f 6851/7/6 6839/7/6 6852/7/6
f 6849/7/6 6850/7/6 6853/7/6
f 6850/7/6 6851/7/6 6853/7/6
f 6842/7/6 6843/7/6 6853/7/6
f 6848/7/6 6849/7/6 6853/7/6
f 6847/7/6 6848/7/6 6853/7/6
f 6846/7/6 6847/7/6 6853/7/6
f 6845/7/6 6846/7/6 6853/7/6
f 6844/7/6 6845/7/6 6853/7/6
f 6843/7/6 6844/7/6 6853/7/6
f 6853/7/6 6851/7/6 6854/7/6
f 6855/5/6 6856/5/6 6859/5/6
f 6859/5/6 6856/5/6 6860/5/6
f 6857/5/6 6858/5/6 6861/5/6
f 6861/5/6 6858/5/6 6862/5/6
f 6863/6/6 6864/6/6 6867/6/6
f 6867/6/6 6864/6/6 6868/6/6
f 6865/6/6 6866/6/6 6869/6/6
f 6869/6/6 6866/6/6 6870/6/6
f 6871/4/6 6872/4/6 6875/4/6
f 6875/4/6 6872/4/6 6876/4/6
f 6873/4/6 6874/4/6 6877/4/6
f 6877/4/6 6874/4/6 6878/4/6
f 6879/5/6 6880/5/6 6883/5/6
f 6883/5/6 6880/5/6 6884/5/6
f 6881/5/6 6882/5/6 6885/5/6
f 6885/5/6 6882/5/6 6886/5/6
f 6887/4/6 6888/4/6 6891/4/6
f 6891/4/6 6888/4/6 6892/4/6
f 6889/4/6 6890/4/6 6893/4/6
f 6893/4/6 6890/4/6 6894/4/6
f 6895/5/6 6896/5/6 6899/5/6
f 6899/5/6 6896/5/6 6900/5/6
f 6897/5/6 6898/5/6 6901/5/6
f 6901/5/6 6898/5/6 6902/5/6
f 6903/6/6 6904/6/6 6907/6/6
f 6907/6/6 6904/6/6 6908/6/6
f 6905/6/6 6906/6/6 6909/6/6
f 6909/6/6 6906/6/6 6910/6/6
f 6911/5/6 6912/5/6 6915/5/6
f 6915/5/6 6912/5/6 6916/5/6
f 6913/5/6 6914/5/6 6917/5/6
f 6917/5/6 6914/5/6 6918/5/6
f 6919/5/6 6920/5/6 6923/5/6
f 6923/5/6 6920/5/6 6924/5/6
f 6921/5/6 6922/5/6 6925/5/6
f 6925/5/6 6922/5/6 6926/5/6
f 6927/5/6 6928/5/6 6931/5/6
f 6931/5/6 6928/5/6 6932/5/6
f 6929/5/6 6930/5/6 6933/5/6
f 6933/5/6 6930/5/6 6934/5/6
f 6935/5/6 6936/5/6 6939/5/6
f 6939/5/6 6936/5/6 6940/5/6
f 6937/5/6 6938/5/6 6941/5/6
f 6941/5/6 6938/5/6 6942/5/6
f 6943/5/6 6944/5/6 6947/5/6
f 6945/5/6 6946/5/6 6948/5/6
f 6943/5/6 6947/5/6 6949/5/6
f 6949/5/6 6947/5/6 6950/5/6
f 6948/5/6 6946/5/6 6951/5/6
f 6951/5/6 6946/5/6 6952/5/6
f 6953/6/6 6954/6/6 6957/6/6
f 6957/6/6 6954/6/6 6958/6/6
f 6955/6/6 6956/6/6 6959/6/6
f 6959/6/6 6956/6/6 6960/6/6
f 6957/4/6 6958/4/6 6961/4/6
f 6961/4/6 6958/4/6 6962/4/6
f 6959/4/6 6960/4/6 6963/4/6
f 6963/4/6 6960/4/6 6964/4/6
f 6965/5/6 6966/5/6 6969/5/6
f 6969/5/6 6966/5/6 6970/5/6
f 6967/5/6 6968/5/6 6971/5/6
f 6971/5/6 6968/5/6 6972/5/6
f 6973/4/6 6974/4/6 6977/4/6
f 6977/4/6 6974/4/6 6978/4/6
f 6975/4/6 6976/4/6 6979/4/6
f 6979/4/6 6976/4/6 6980/4/6
f 6981/5/6 6982/5/6 6985/5/6
f 6985/5/6 6982/5/6 6986/5/6
f 6983/5/6 6984/5/6 6987/5/6
f 6987/5/6 6984/5/6 6988/5/6
f 6989/5/6 6990/5/6 6993/5/6
f 6993/5/6 6990/5/6 6994/5/6
f 6991/5/6 6992/5/6 6995/5/6
f 6995/5/6 6992/5/6 6996/5/6
f 6997/4/6 6998/4/6 7001/4/6
f 7001/4/6 6998/4/6 7002/4/6
f 6999/4/6 7000/4/6 7003/4/6
f 7003/4/6 7000/4/6 7004/4/6
f 7005/4/6 7006/4/6 7010/4/6
f 7010/4/6 7006/4/6 7011/4/6
f 7007/4/6 7008/4/6 7012/4/6
f 7012/4/6 7008/4/6 7013/4/6
f 7010/6/6 7011/6/6 7015/6/6
f 7009/6/6 7010/6/6 7015/6/6
f 7015/6/6 7011/6/6 7016/6/6
f 7013/6/6 7014/6/6 7017/6/6
f 7012/6/6 7013/6/6 7017/6/6
f 7017/6/6 7014/6/6 7018/6/6
f 7019/5/6 7020/5/6 7024/5/6
f 7024/5/6 7020/5/6 7025/5/6
f 7021/5/6 7022/5/6 7026/5/6
f 7026/5/6 7022/5/6 7027/5/6
f 7024/4/6 7025/4/6 7029/4/6
f 7023/4/6 7024/4/6 7029/4/6
f 7029/4/6 7025/4/6 7030/4/6
f 7030/4/6 7025/4/6 7031/4/6
f 7027/4/6 7028/4/6 7032/4/6
f 7026/4/6 7027/4/6 7032/4/6
f 7032/4/6 7028/4/6 7033/4/6
f 7033/4/6 7028/4/6 7034/4/6
f 7035/5/6 7036/5/6 7041/5/6
f 7036/5/6 7037/5/6 7041/5/6
f 7041/5/6 7037/5/6 7042/5/6
f 7039/5/6 7040/5/6 7043/5/6
f 7038/5/6 7039/5/6 7043/5/6
f 7043/5/6 7040/5/6 7044/5/6
f 7042/5/6 7037/5/6 7045/5/6
f 7045/5/6 7037/5/6 7046/5/6
f 7038/5/6 7043/5/6 7047/5/6
f 7047/5/6 7043/5/6 7048/5/6
f 7049/6/6 7050/6/6 7055/6/6
f 7050/5/6 7051/5/6 7056/5/6
f 7055/6/6 7050/6/6 7056/6/6
f 7056/5/6 7051/5/6 7057/5/6
f 7052/5/6 7053/5/6 7058/5/6
f 7053/6/6 7054/6/6 7059/6/6
f 7058/5/6 7053/5/6 7059/5/6
f 7059/6/6 7054/6/6 7060/6/6
f 7056/4/6 7057/4/6 7061/4/6
f 7061/4/6 7057/4/6 7062/4/6
f 7058/4/6 7059/4/6 7063/4/6
f 7063/4/6 7059/4/6 7064/4/6
f 7065/5/6 7066/5/6 7069/5/6
f 7069/5/6 7066/5/6 7070/5/6
f 7067/5/6 7068/5/6 7071/5/6
f 7071/5/6 7068/5/6 7072/5/6
f 7073/5/6 7074/5/6 7077/5/6
f 7077/5/6 7074/5/6 7078/5/6
f 7075/5/6 7076/5/6 7079/5/6
f 7079/5/6 7076/5/6 7080/5/6
f 7081/6/6 7082/6/6 7085/6/6
f 7085/6/6 7082/6/6 7086/6/6
f 7083/6/6 7084/6/6 7087/6/6
f 7087/6/6 7084/6/6 7088/6/6
f 7089/6/6 7090/6/6 7093/6/6
f 7093/6/6 7090/6/6 7094/6/6
f 7091/6/6 7092/6/6 7095/6/6
f 7095/6/6 7092/6/6 7096/6/6
f 7097/6/6 7098/6/6 7101/6/6
f 7101/6/6 7098/6/6 7102/6/6
f 7099/6/6 7100/6/6 7103/6/6
f 7103/6/6 7100/6/6 7104/6/6
f 7105/4/6 7106/4/6 7109/4/6
f 7109/4/6 7106/4/6 7110/4/6
f 7107/4/6 7108/4/6 7111/4/6
f 7111/4/6 7108/4/6 7112/4/6
f 7113/6/6 7114/6/6 7117/6/6
f 7117/6/6 7114/6/6 7118/6/6
f 7115/5/6 7116/5/6 7119/5/6
f 7119/5/6 7116/5/6 7120/5/6
f 7121/5/6 7122/5/6 7125/5/6
f 7125/5/6 7122/5/6 7126/5/6
f 7123/5/6 7124/5/6 7127/5/6
f 7127/5/6 7124/5/6 7128/5/6
f 7129/6/6 7130/6/6 7135/6/6
f 7130/4/6 7131/4/6 7136/4/6
f 7135/6/6 7130/6/6 7136/6/6
f 7131/5/6 7132/5/6 7137/5/6
f 7136/4/6 7131/4/6 7137/4/6
f 7132/6/6 7133/6/6 7138/6/6
f 7137/5/6 7132/5/6 7138/5/6
f 7133/4/6 7134/4/6 7139/4/6
f 7138/6/6 7133/6/6 7139/6/6
f 7139/4/6 7134/4/6 7140/4/6
f 7141/5/6 7142/5/6 7146/5/6
f 7146/5/6 7142/5/6 7147/5/6
f 7143/5/6 7144/5/6 7148/5/6
f 7148/5/6 7144/5/6 7149/5/6
f 7146/4/6 7147/4/6 7152/4/6
f 7145/4/6 7146/4/6 7152/4/6
f 7152/4/6 7147/4/6 7153/4/6
f 7153/4/6 7147/4/6 7154/4/6
f 7149/4/6 7150/4/6 7155/4/6
f 7148/4/6 7149/4/6 7155/4/6
f 7155/4/6 7150/4/6 7156/4/6
f 7156/4/6 7150/4/6 7157/4/6
f 7151/6/6 7152/6/6 7160/6/6
f 7157/6/6 7158/6/6 7161/6/6
f 7159/5/6 7160/5/6 7163/5/6
f 7160/6/6 7152/6/6 7164/6/6
f 7163/5/6 7160/5/6 7164/5/6
f 7164/6/6 7152/6/6 7165/6/6
f 7157/6/6 7161/6/6 7166/6/6
f 7161/5/6 7162/5/6 7167/5/6
f 7166/6/6 7161/6/6 7167/6/6
f 7167/5/6 7162/5/6 7168/5/6
f 7169/4/6 7170/4/6 7173/4/6
f 7173/4/6 7170/4/6 7174/4/6
f 7171/4/6 7172/4/6 7175/4/6
f 7175/4/6 7172/4/6 7176/4/6
f 7173/5/6 7174/5/6 7177/5/6
f 7177/5/6 7174/5/6 7178/5/6
f 7175/5/6 7176/5/6 7179/5/6
f 7179/5/6 7176/5/6 7180/5/6
f 7177/6/6 7178/6/6 7181/6/6
f 7181/6/6 7178/6/6 7182/6/6
f 7179/6/6 7180/6/6 7183/6/6
f 7183/6/6 7180/6/6 7184/6/6
f 7181/4/6 7182/4/6 7185/4/6
f 7185/4/6 7182/4/6 7186/4/6
f 7183/4/6 7184/4/6 7187/4/6
f 7187/4/6 7184/4/6 7188/4/6
f 7185/5/6 7186/5/6 7189/5/6
f 7189/5/6 7186/5/6 7190/5/6
f 7187/5/6 7188/5/6 7191/5/6
f 7191/5/6 7188/5/6 7192/5/6
f 7193/6/6 7194/6/6 7199/6/6
f 7194/6/6 7195/6/6 7199/6/6
f 7199/6/6 7195/6/6 7200/6/6
f 7200/6/6 7195/6/6 7201/6/6
f 7197/6/6 7198/6/6 7202/6/6
f 7196/6/6 7197/6/6 7202/6/6
f 7202/6/6 7198/6/6 7203/6/6
f 7203/6/6 7198/6/6 7204/6/6
f 7200/4/6 7201/4/6 7205/4/6
f 7205/4/6 7201/4/6 7206/4/6
f 7202/4/6 7203/4/6 7211/4/6
f 7211/4/6 7203/4/6 7212/4/6
f 7206/5/6 7207/5/6 7213/5/6
f 7207/5/6 7208/5/6 7213/5/6
f 7213/5/6 7208/5/6 7214/5/6
f 7214/5/6 7208/5/6 7215/5/6
f 7209/5/6 7210/5/6 7216/5/6
f 7210/5/6 7211/5/6 7216/5/6
f 7216/5/6 7211/5/6 7217/5/6
f 7217/5/6 7211/5/6 7218/5/6
f 7214/6/6 7215/6/6 7219/6/6
f 7219/6/6 7215/6/6 7220/6/6
f 7216/6/6 7217/6/6 7221/6/6
f 7221/6/6 7217/6/6 7222/6/6
f 7223/4/6 7224/4/6 7230/4/6
f 7224/6/6 7225/6/6 7231/6/6
f 7230/4/6 7224/4/6 7231/4/6
f 7225/6/6 7226/6/6 7231/6/6
f 7226/5/6 7227/5/6 7232/5/6
f 7231/6/6 7226/6/6 7232/6/6
f 7227/4/6 7228/4/6 7233/4/6
f 7232/5/6 7227/5/6 7233/5/6
f 7228/6/6 7229/6/6 7234/6/6
f 7233/4/6 7228/4/6 7234/4/6
f 7234/6/6 7229/6/6 7235/6/6
f 7236/4/6 7237/4/6 7244/4/6
f 7237/5/6 7238/5/6 7245/5/6
f 7238/6/6 7239/6/6 7246/6/6
f 7245/5/6 7238/5/6 7246/5/6
f 7241/6/6 7242/6/6 7247/6/6
f 7243/6/6 7244/6/6 7250/6/6
f 7247/4/6 7248/4/6 7251/4/6
f 7249/5/6 7250/5/6 7254/5/6
f 7237/5/6 7245/5/6 7255/5/6
f 7245/6/6 7246/6/6 7256/6/6
f 7255/5/6 7245/5/6 7256/5/6
f 7251/5/6 7252/5/6 7257/5/6
f 7253/5/6 7254/5/6 7260/5/6
f 7257/5/6 7258/5/6 7261/5/6
f 7259/5/6 7260/5/6 7264/5/6
f 7254/5/6 7250/5/6 7265/5/6
f 7260/5/6 7254/5/6 7265/5/6
f 7264/5/6 7260/5/6 7265/5/6
f 7250/6/6 7244/6/6 7266/6/6
f 7265/5/6 7250/5/6 7266/5/6
f 7237/5/6 7255/5/6 7267/5/6
f 7255/6/6 7256/6/6 7267/6/6
f 7246/6/6 7239/6/6 7268/6/6
f 7267/6/6 7256/6/6 7268/6/6
f 7256/6/6 7246/6/6 7268/6/6
f 7239/4/6 7240/4/6 7269/4/6
f 7268/6/6 7239/6/6 7269/6/6
f 7240/5/6 7241/5/6 7270/5/6
f 7269/4/6 7240/4/6 7270/4/6
f 7270/5/6 7241/5/6 7271/5/6
f 7257/5/6 7261/5/6 7272/5/6
f 7261/5/6 7262/5/6 7272/5/6
f 7251/5/6 7257/5/6 7272/5/6
f 7272/5/6 7262/5/6 7273/5/6
f 7263/4/6 7264/4/6 7276/4/6
f 7267/5/6 7268/5/6 7277/5/6
f 7277/5/6 7268/5/6 7278/5/6
f 7271/5/6 7241/5/6 7281/5/6
f 7281/5/6 7241/5/6 7282/5/6
f 7273/6/6 7274/6/6 7283/6/6
f 7272/6/6 7273/6/6 7283/6/6
f 7251/5/6 7272/5/6 7283/5/6
f 7283/6/6 7274/6/6 7284/6/6
f 7284/6/6 7274/6/6 7285/6/6
f 7275/6/6 7276/6/6 7288/6/6
f 7264/5/6 7265/5/6 7289/5/6
f 7265/6/6 7266/6/6 7289/6/6
f 7266/6/6 7244/6/6 7290/6/6
f 7289/6/6 7266/6/6 7290/6/6
f 7279/3/6 7280/3/6 7292/3/6
f 7292/3/6 7280/3/6 7293/3/6
f 7283/5/6 7284/5/6 7295/5/6
f 7284/6/6 7285/6/6 7296/6/6
f 7295/5/6 7284/5/6 7296/5/6
f 7285/4/6 7286/4/6 7297/4/6
f 7287/5/6 7288/5/6 7300/5/6
f 7293/3/6 7294/3/6 7301/3/6
f 7291/3/6 7292/3/6 7301/3/6
f 7292/3/6 7293/3/6 7301/3/6
f 7301/3/6 7294/3/6 7302/3/6
f 7302/3/6 7294/3/6 7303/3/6
f 7303/3/6 7294/3/6 7304/3/6
f 7297/5/6 7298/5/6 7305/5/6
f 7299/5/6 7300/5/6 7308/5/6
f 7267/5/6 7277/5/6 7309/5/6
f 7302/3/6 7303/3/6 7311/3/6
f 7311/3/6 7303/3/6 7312/3/6
f 7282/5/6 7241/5/6 7314/5/6
f 7283/5/6 7295/5/6 7315/5/6
f 7295/6/6 7296/6/6 7315/6/6
f 7296/6/6 7285/6/6 7316/6/6
f 7315/6/6 7296/6/6 7316/6/6
f 7305/5/6 7306/5/6 7317/5/6
f 7297/5/6 7305/5/6 7317/5/6
f 7317/5/6 7306/5/6 7318/5/6
f 7264/5/6 7289/5/6 7320/5/6
f 7289/5/6 7290/5/6 7320/5/6
f 7290/6/6 7244/6/6 7321/6/6
f 7320/5/6 7290/5/6 7321/5/6
f 7309/5/6 7310/5/6 7322/5/6
f 7313/5/6 7314/5/6 7325/5/6
f 7314/5/6 7241/5/6 7326/5/6
f 7325/5/6 7314/5/6 7326/5/6
f 7241/6/6 7247/6/6 7327/6/6
f 7326/5/6 7241/5/6 7327/5/6
f 7318/5/6 7319/5/6 7328/5/6
f 7317/6/6 7318/6/6 7328/6/6
f 7328/5/6 7319/5/6 7329/5/6
f 7264/5/6 7320/5/6 7330/5/6
f 7320/6/6 7321/6/6 7330/6/6
f 7321/6/6 7244/6/6 7331/6/6
f 7330/6/6 7321/6/6 7331/6/6
f 7237/5/6 7267/5/6 7332/5/6
f 7244/4/6 7237/4/6 7332/4/6
f 7267/5/6 7309/5/6 7332/5/6
f 7309/5/6 7322/5/6 7332/5/6
f 7332/5/6 7322/5/6 7333/5/6
f 7297/5/6 7317/5/6 7334/5/6
f 7317/6/6 7328/6/6 7334/6/6
f 7328/6/6 7329/6/6 7334/6/6
f 7334/6/6 7329/6/6 7335/6/6
f 7307/5/6 7308/5/6 7336/5/6
f 7300/5/6 7288/5/6 7336/5/6
f 7308/5/6 7300/5/6 7336/5/6
f 7288/6/6 7276/6/6 7337/6/6
f 7336/5/6 7288/5/6 7337/5/6
f 7264/5/6 7330/5/6 7338/5/6
f 7330/5/6 7331/5/6 7338/5/6
f 7331/6/6 7244/6/6 7339/6/6
f 7338/5/6 7331/5/6 7339/5/6
f 7283/5/6 7315/5/6 7340/5/6
f 7315/5/6 7316/5/6 7340/5/6
f 7316/6/6 7285/6/6 7341/6/6
f 7340/5/6 7316/5/6 7341/5/6
f 7336/6/6 7337/6/6 7342/6/6
f 7307/5/6 7336/5/6 7342/5/6
f 7337/6/6 7276/6/6 7343/6/6
f 7342/6/6 7337/6/6 7343/6/6
f 7332/6/6 7333/6/6 7344/6/6
f 7244/4/6 7332/4/6 7344/4/6
f 7333/5/6 7322/5/6 7345/5/6
f 7344/6/6 7333/6/6 7345/6/6
f 7307/5/6 7342/5/6 7346/5/6
f 7342/5/6 7343/5/6 7346/5/6
f 7346/5/6 7343/5/6 7347/5/6
f 7345/5/6 7322/5/6 7348/5/6
f 7344/5/6 7345/5/6 7348/5/6
f 7322/6/6 7323/6/6 7349/6/6
f 7348/5/6 7322/5/6 7349/5/6
f 7283/5/6 7340/5/6 7350/5/6
f 7340/6/6 7341/6/6 7350/6/6
f 7341/6/6 7285/6/6 7351/6/6
f 7350/6/6 7341/6/6 7351/6/6
f 7346/6/6 7347/6/6 7352/6/6
f 7347/5/6 7343/5/6 7353/5/6
f 7352/6/6 7347/6/6 7353/6/6
f 7348/6/6 7349/6/6 7354/6/6
f 7344/5/6 7348/5/6 7354/5/6
f 7349/6/6 7323/6/6 7355/6/6
f 7354/6/6 7349/6/6 7355/6/6
f 7326/6/6 7327/6/6 7356/6/6
f 7325/5/6 7326/5/6 7356/5/6
f 7324/5/6 7325/5/6 7356/5/6
f 7327/6/6 7247/6/6 7357/6/6
f 7356/6/6 7327/6/6 7357/6/6
f 7334/5/6 7335/5/6 7358/5/6
f 7297/5/6 7334/5/6 7358/5/6
f 7358/5/6 7335/5/6 7359/5/6
f 7324/5/6 7356/5/6 7360/5/6
f 7356/5/6 7357/5/6 7360/5/6
f 7360/5/6 7357/5/6 7361/5/6
f 7358/6/6 7359/6/6 7362/6/6
f 7297/5/6 7358/5/6 7362/5/6
f 7359/5/6 7335/5/6 7363/5/6
f 7362/6/6 7359/6/6 7363/6/6
f 7264/5/6 7338/5/6 7364/5/6
f 7338/6/6 7339/6/6 7364/6/6
f 7339/6/6 7244/6/6 7365/6/6
f 7364/6/6 7339/6/6 7365/6/6
f 7360/6/6 7361/6/6 7366/6/6
f 7324/5/6 7360/5/6 7366/5/6
f 7361/5/6 7357/5/6 7367/5/6
f 7366/6/6 7361/6/6 7367/6/6
f 7283/5/6 7350/5/6 7368/5/6
f 7251/5/6 7283/5/6 7368/5/6
f 7350/5/6 7351/5/6 7368/5/6
f 7368/5/6 7351/5/6 7369/5/6
f 7264/5/6 7364/5/6 7370/5/6
f 7364/5/6 7365/5/6 7370/5/6
f 7370/5/6 7365/5/6 7371/5/6
f 7368/6/6 7369/6/6 7372/6/6
f 7251/5/6 7368/5/6 7372/5/6
f 7369/5/6 7351/5/6 7373/5/6
f 7372/6/6 7369/6/6 7373/6/6
f 7352/5/6 7353/5/6 7374/5/6
f 7353/5/6 7343/5/6 7375/5/6
f 7374/5/6 7353/5/6 7375/5/6
f 7354/5/6 7355/5/6 7376/5/6
f 7344/5/6 7354/5/6 7376/5/6
f 7376/5/6 7355/5/6 7377/5/6
f 7251/5/6 7372/5/6 7378/5/6
f 7372/5/6 7373/5/6 7378/5/6
f 7351/6/6 7285/6/6 7379/6/6
f 7378/5/6 7373/5/6 7379/5/6
f 7373/5/6 7351/5/6 7379/5/6
f 7363/5/6 7335/5/6 7380/5/6
f 7362/5/6 7363/5/6 7380/5/6
f 7380/5/6 7335/5/6 7381/5/6
f 7375/5/6 7343/5/6 7382/5/6
f 7382/5/6 7343/5/6 7383/5/6
f 7370/6/6 7371/6/6 7384/6/6
f 7264/5/6 7370/5/6 7384/5/6
f 7371/5/6 7365/5/6 7385/5/6
f 7384/6/6 7371/6/6 7385/6/6
f 7344/5/6 7376/5/6 7386/5/6
f 7376/6/6 7377/6/6 7386/6/6
f 7377/5/6 7355/5/6 7387/5/6
f 7386/6/6 7377/6/6 7387/6/6
f 7297/5/6 7362/5/6 7388/5/6
f 7362/5/6 7380/5/6 7388/5/6
f 7388/5/6 7380/5/6 7389/5/6
f 7383/5/6 7343/5/6 7390/5/6
f 7343/6/6 7276/6/6 7391/6/6
f 7390/5/6 7343/5/6 7391/5/6
f 7323/4/6 7324/4/6 7392/4/6
f 7366/5/6 7367/5/6 7392/5/6
f 7324/5/6 7366/5/6 7392/5/6
f 7367/5/6 7357/5/6 7393/5/6
f 7392/5/6 7367/5/6 7393/5/6
f 7378/6/6 7379/6/6 7394/6/6
f 7251/5/6 7378/5/6 7394/5/6
f 7379/6/6 7285/6/6 7395/6/6
f 7394/6/6 7379/6/6 7395/6/6
f 7285/4/6 7297/4/6 7396/4/6
f 7297/5/6 7388/5/6 7396/5/6
f 7396/5/6 7388/5/6 7397/5/6
f 7391/6/6 7276/6/6 7398/6/6
f 7276/4/6 7264/4/6 7399/4/6
f 7398/6/6 7276/6/6 7399/6/6
f 7251/5/6 7394/5/6 7400/5/6
f 7394/5/6 7395/5/6 7400/5/6
f 7400/5/6 7395/5/6 7401/5/6
f 7285/4/6 7396/4/6 7402/4/6
f 7395/6/6 7285/6/6 7402/6/6
f 7402/4/6 7396/4/6 7403/4/6
f 7399/4/6 7264/4/6 7404/4/6
f 7264/5/6 7384/5/6 7405/5/6
f 7404/4/6 7264/4/6 7405/4/6
f 7384/5/6 7385/5/6 7405/5/6
f 7323/4/6 7392/4/6 7406/4/6
f 7392/6/6 7393/6/6 7406/6/6
f 7393/5/6 7357/5/6 7407/5/6
f 7406/6/6 7393/6/6 7407/6/6
f 7400/6/6 7401/6/6 7408/6/6
f 7251/5/6 7400/5/6 7408/5/6
f 7401/5/6 7395/5/6 7409/5/6
f 7408/6/6 7401/6/6 7409/6/6
f 7395/6/6 7402/6/6 7410/6/6
f 7409/5/6 7395/5/6 7410/5/6
f 7410/6/6 7402/6/6 7411/6/6
f 7405/5/6 7385/5/6 7412/5/6
f 7412/5/6 7385/5/6 7413/5/6
f 7406/5/6 7407/5/6 7414/5/6
f 7357/6/6 7247/6/6 7415/6/6
f 7414/5/6 7407/5/6 7415/5/6
f 7407/5/6 7357/5/6 7415/5/6
f 7409/5/6 7410/5/6 7416/5/6
f 7408/5/6 7409/5/6 7416/5/6
f 7416/5/6 7410/5/6 7417/5/6
f 7413/5/6 7385/5/6 7418/5/6
f 7385/5/6 7365/5/6 7419/5/6
f 7418/5/6 7385/5/6 7419/5/6
f 7251/5/6 7408/5/6 7420/5/6
f 7408/5/6 7416/5/6 7420/5/6
f 7420/5/6 7416/5/6 7421/5/6
f 7419/5/6 7365/5/6 7422/5/6
f 7365/6/6 7244/6/6 7423/6/6
f 7422/5/6 7365/5/6 7423/5/6
f 7406/5/6 7414/5/6 7424/5/6
f 7414/6/6 7415/6/6 7424/6/6
f 7415/6/6 7247/6/6 7425/6/6
f 7424/6/6 7415/6/6 7425/6/6
f 7247/4/6 7251/4/6 7426/4/6
f 7251/5/6 7420/5/6 7426/5/6
f 7426/5/6 7420/5/6 7427/5/6
f 7423/6/6 7244/6/6 7428/6/6
f 7244/4/6 7344/4/6 7429/4/6
f 7428/6/6 7244/6/6 7429/6/6
f 7425/6/6 7247/6/6 7430/6/6
f 7247/4/6 7426/4/6 7430/4/6
f 7430/4/6 7426/4/6 7431/4/6
f 7429/4/6 7344/4/6 7432/4/6
f 7344/5/6 7386/5/6 7433/5/6
f 7432/4/6 7344/4/6 7433/4/6
f 7386/5/6 7387/5/6 7433/5/6
f 7387/5/6 7355/5/6 7434/5/6
f 7433/5/6 7387/5/6 7434/5/6
f 7355/6/6 7323/6/6 7434/6/6
f 7323/4/6 7406/4/6 7435/4/6
f 7434/6/6 7323/6/6 7435/6/6
f 7424/5/6 7425/5/6 7436/5/6
f 7435/4/6 7406/4/6 7436/4/6
f 7406/5/6 7424/5/6 7436/5/6
f 7425/6/6 7430/6/6 7437/6/6
f 7436/5/6 7425/5/6 7437/5/6
f 7437/6/6 7430/6/6 7438/6/6
f 7439/7/6 7440/7/6 7442/7/6
f 7442/7/6 7440/7/6 7443/7/6
f 7443/7/6 7440/7/6 7444/7/6
f 7444/7/6 7440/7/6 7445/7/6
f 7441/7/6 7442/7/6 7448/7/6
f 7442/7/6 7443/7/6 7448/7/6
f 7448/7/6 7443/7/6 7449/7/6
f 7449/7/6 7443/7/6 7450/7/6
f 7444/7/6 7445/7/6 7451/7/6
f 7445/7/6 7446/7/6 7451/7/6
f 7451/7/6 7446/7/6 7452/7/6
f 7452/7/6 7446/7/6 7453/7/6
f 7448/7/6 7449/7/6 7456/7/6
f 7447/7/6 7448/7/6 7456/7/6
f 7456/7/6 7449/7/6 7457/7/6
f 7457/7/6 7449/7/6 7458/7/6
f 7453/7/6 7454/7/6 7459/7/6
f 7452/7/6 7453/7/6 7459/7/6
f 7459/7/6 7454/7/6 7460/7/6
f 7460/7/6 7454/7/6 7461/7/6
f 7456/7/6 7457/7/6 7464/7/6
f 7455/7/6 7456/7/6 7464/7/6
f 7464/7/6 7457/7/6 7465/7/6
f 7465/7/6 7457/7/6 7466/7/6
f 7461/7/6 7462/7/6 7467/7/6
f 7460/7/6 7461/7/6 7467/7/6
f 7467/7/6 7462/7/6 7468/7/6
f 7468/7/6 7462/7/6 7469/7/6
f 7464/7/6 7465/7/6 7472/7/6
f 7463/7/6 7464/7/6 7472/7/6
f 7472/7/6 7465/7/6 7473/7/6
f 7473/7/6 7465/7/6 7474/7/6
f 7469/7/6 7470/7/6 7475/7/6
f 7468/7/6 7469/7/6 7475/7/6
f 7475/7/6 7470/7/6 7476/7/6
f 7476/7/6 7470/7/6 7477/7/6
f 7472/7/6 7473/7/6 7480/7/6
f 7471/7/6 7472/7/6 7480/7/6
f 7480/7/6 7473/7/6 7481/7/6
f 7481/7/6 7473/7/6 7482/7/6
f 7477/7/6 7478/7/6 7485/7/6
f 7476/7/6 7477/7/6 7485/7/6
f 7485/7/6 7478/7/6 7486/7/6
f 7486/7/6 7478/7/6 7487/7/6
f 7479/7/6 7480/7/6 7490/7/6
f 7480/7/6 7481/7/6 7490/7/6
f 7490/7/6 7481/7/6 7491/7/6
f 7491/7/6 7481/7/6 7492/7/6
f 7483/1/6 7484/1/6 7494/1/6
f 7494/1/6 7484/1/6 7495/1/6
f 7495/1/6 7484/1/6 7496/1/6
f 7496/1/6 7484/1/6 7497/1/6
f 7487/7/6 7488/7/6 7499/7/6
f 7486/7/6 7487/7/6 7499/7/6
f 7499/7/6 7488/7/6 7500/7/6
f 7500/7/6 7488/7/6 7501/7/6
f 7489/7/6 7490/7/6 7504/7/6
f 7490/7/6 7491/7/6 7504/7/6
f 7504/7/6 7491/7/6 7505/7/6
f 7505/7/6 7491/7/6 7506/7/6
f 7493/1/6 7494/1/6 7507/1/6
f 7494/1/6 7495/1/6 7507/1/6
f 7507/1/6 7495/1/6 7508/1/6
f 7497/1/6 7498/1/6 7509/1/6
f 7496/1/6 7497/1/6 7509/1/6
f 7509/1/6 7498/1/6 7510/1/6
f 7501/7/6 7502/7/6 7511/7/6
f 7500/7/6 7501/7/6 7511/7/6
f 7511/7/6 7502/7/6 7512/7/6
f 7512/7/6 7502/7/6 7513/7/6
f 7504/7/6 7505/7/6 7516/7/6
f 7503/7/6 7504/7/6 7516/7/6
f 7516/7/6 7505/7/6 7517/7/6
f 7517/7/6 7505/7/6 7518/7/6
f 7493/1/6 7507/1/6 7519/1/6
f 7510/1/6 7498/1/6 7522/1/6
f 7513/7/6 7514/7/6 7523/7/6
f 7512/7/6 7513/7/6 7523/7/6
f 7523/7/6 7514/7/6 7524/7/6
f 7524/7/6 7514/7/6 7525/7/6
f 7515/7/6 7516/7/6 7527/7/6
f 7516/7/6 7517/7/6 7527/7/6
f 7527/7/6 7517/7/6 7528/7/6
f 7519/1/6 7520/1/6 7529/1/6
f 7493/1/6 7519/1/6 7529/1/6
f 7529/1/6 7520/1/6 7530/1/6
f 7530/1/6 7520/1/6 7531/1/6
f 7521/1/6 7522/1/6 7532/1/6
f 7522/1/6 7498/1/6 7533/1/6
f 7532/1/6 7522/1/6 7533/1/6
f 7533/1/6 7498/1/6 7534/1/6
f 7525/7/6 7526/7/6 7535/7/6
f 7524/7/6 7525/7/6 7535/7/6
f 7535/7/6 7526/7/6 7536/7/6
f 7530/1/6 7531/1/6 7537/1/6
f 7531/1/6 7532/1/6 7537/1/6
f 7532/1/6 7533/1/6 7537/1/6
f 7537/1/6 7533/1/6 7538/1/6
f 7515/7/6 7527/7/6 7539/7/6
f 7536/7/6 7526/7/6 7542/7/6
f 7515/7/6 7539/7/6 7543/7/6
f 7539/7/6 7540/7/6 7543/7/6
f 7543/7/6 7540/7/6 7544/7/6
f 7544/7/6 7540/7/6 7545/7/6
f 7541/7/6 7542/7/6 7548/7/6
f 7542/7/6 7526/7/6 7549/7/6
f 7548/7/6 7542/7/6 7549/7/6
f 7549/7/6 7526/7/6 7550/7/6
f 7545/7/6 7546/7/6 7551/7/6
f 7544/7/6 7545/7/6 7551/7/6
f 7551/7/6 7546/7/6 7552/7/6
f 7552/7/6 7546/7/6 7553/7/6
f 7547/7/6 7548/7/6 7556/7/6
f 7548/7/6 7549/7/6 7556/7/6
f 7556/7/6 7549/7/6 7557/7/6
f 7557/7/6 7549/7/6 7558/7/6
f 7553/7/6 7554/7/6 7559/7/6
f 7552/7/6 7553/7/6 7559/7/6
f 7559/7/6 7554/7/6 7560/7/6
f 7560/7/6 7554/7/6 7561/7/6
f 7556/7/6 7557/7/6 7564/7/6
f 7555/7/6 7556/7/6 7564/7/6
f 7564/7/6 7557/7/6 7565/7/6
f 7565/7/6 7557/7/6 7566/7/6
f 7561/7/6 7562/7/6 7567/7/6
f 7560/7/6 7561/7/6 7567/7/6
f 7567/7/6 7562/7/6 7568/7/6
f 7568/7/6 7562/7/6 7569/7/6
f 7564/7/6 7565/7/6 7572/7/6
f 7563/7/6 7564/7/6 7572/7/6
f 7572/7/6 7565/7/6 7573/7/6
f 7573/7/6 7565/7/6 7574/7/6
f 7569/7/6 7570/7/6 7575/7/6
f 7568/7/6 7569/7/6 7575/7/6
f 7575/7/6 7570/7/6 7576/7/6
f 7576/7/6 7570/7/6 7577/7/6
f 7572/7/6 7573/7/6 7580/7/6
f 7571/7/6 7572/7/6 7580/7/6
f 7580/7/6 7573/7/6 7581/7/6
f 7581/7/6 7573/7/6 7582/7/6
f 7577/7/6 7578/7/6 7583/7/6
f 7576/7/6 7577/7/6 7583/7/6
f 7583/7/6 7578/7/6 7584/7/6
f 7584/7/6 7578/7/6 7585/7/6
f 7580/7/6 7581/7/6 7588/7/6
f 7579/7/6 7580/7/6 7588/7/6
f 7588/7/6 7581/7/6 7589/7/6
f 7589/7/6 7581/7/6 7590/7/6
f 7585/7/6 7586/7/6 7591/7/6
f 7584/7/6 7585/7/6 7591/7/6
f 7591/7/6 7586/7/6 7592/7/6
f 7592/7/6 7586/7/6 7593/7/6
f 7588/7/6 7589/7/6 7596/7/6
f 7587/7/6 7588/7/6 7596/7/6
f 7596/7/6 7589/7/6 7597/7/6
f 7597/7/6 7589/7/6 7598/7/6
f 7593/7/6 7594/7/6 7599/7/6
f 7592/7/6 7593/7/6 7599/7/6
f 7599/7/6 7594/7/6 7600/7/6
f 7600/7/6 7594/7/6 7601/7/6
f 7596/7/6 7597/7/6 7604/7/6
f 7595/7/6 7596/7/6 7604/7/6
f 7604/7/6 7597/7/6 7605/7/6
f 7605/7/6 7597/7/6 7606/7/6
f 7601/7/6 7602/7/6 7607/7/6
f 7600/7/6 7601/7/6 7607/7/6
f 7607/7/6 7602/7/6 7608/7/6
f 7608/7/6 7602/7/6 7609/7/6
f 7604/7/6 7605/7/6 7610/7/6
f 7603/7/6 7604/7/6 7610/7/6
f 7610/7/6 7605/7/6 7611/7/6
f 7611/7/6 7605/7/6 7612/7/6
f 7608/7/6 7609/7/6 7613/7/6
f 7610/7/6 7611/7/6 7613/7/6
f 7609/7/6 7610/7/6 7613/7/6
f 7613/7/6 7611/7/6 7614/7/6
